timestamp_ms,x_g,y_g,z_g,beat_event
64221,-0.005421875299231438,-0.01655254049911603,0.0007546242728239672,0
64224,-0.009398455492596214,0.002754870465282444,0.010577561469273272,0
64228,-0.008983140481178653,0.01214500031399135,0.007738620204316371,0
64232,-0.005458791293080467,0.015945060547975398,0.0019138283206541207,0
64236,0.00018436844996683188,0.013512980606170455,0.0014191432828047912,0
64240,0.00480925606079019,4.270911890591478e-05,0.004488799186041004,0
64244,0.007008699180626521,-0.012614528838252426,0.00977822998962724,0
64248,0.008285992708452095,-0.01818367382558872,0.011502932413276795,0
64252,0.007519246414269265,-0.02618147312654928,0.0053315883873008285,0
64256,0.0063700220113538375,-0.03117768510987018,0.0002651850042000581,0
64260,0.00828796082494443,-0.021613118667053843,0.0005470013405665664,0
64264,0.00931658702717475,-0.012738482222113046,0.0024753309970473314,0
64267,0.005921531015730563,-0.00939056824267892,0.0057467646330431055,0
64271,0.0007982780238434684,0.000786876035784978,0.007581003137813014,0
64275,-0.003379666827469263,0.010188961009007791,0.005926883172955755,0
64279,-0.007516862355461229,0.010719821727722678,0.002063615982004441,0
64283,-0.012067776419071197,0.0035022948441509882,-0.002936662772592913,0
64287,-0.016865596789387927,-0.010667132777384403,-0.008020554159200083,0
64291,-0.01881860090262444,-0.021824467339405462,-0.01362748377694889,0
64295,-0.01748174298502958,-0.022843026743358585,-0.015211335784050262,0
64299,-0.01883560837862497,-0.02343596989230834,-0.009910915571895496,0
64303,-0.019576640780631482,-0.025273900409342076,-0.006607457312859749,0
64307,-0.014935883255172588,-0.018014370744527497,-0.009809276458817767,0
64310,-0.009907875336055194,-0.0041214026521729785,-0.013432674994235144,0
64314,-0.007917871224753625,0.0029729143604599884,-0.012866969612741197,0
64318,-0.004982046009231134,0.006777994324312253,-0.011351151058492298,0
64322,0.0011893579862103376,0.01269174674575968,-0.010970404921483073,0
64326,0.006378899270335858,0.0060496273661820865,-0.010431655711739346,0
64330,0.011653240256734532,-0.010049631137276638,-0.008945973353173098,0
64334,0.016101897582634694,-0.01951740338128305,-0.008173718690576898,0
64338,0.012402415067139683,-0.025881420230888352,-0.011054041020551686,0
64342,0.005726777843019004,-0.033175609859132926,-0.015813036791521518,0
64346,0.0034481225837127427,-0.036808001564607284,-0.01846681485094462,0
64350,0.0026284478490783414,-0.0326053442871439,-0.014769469497213944,0
64353,0.0004108613122641991,-0.020314156082755108,-0.0067934075980913555,0
64357,-0.0018262272446937233,-0.010357781749720019,-0.003777848346040197,0
64361,-0.004447837304310087,-0.007413008169121049,-0.006246420027325644,0
64365,-0.008272972363151165,-0.003995639694328368,-0.006415200809984006,0
64369,-0.010062218305306181,0.0012554123125569916,-0.0036662670580371315,0
64373,-0.008046416587460414,0.0032796535986090447,-0.0011065610132115489,0
64377,-0.002238518823414859,-0.0023448406191501903,-0.0006324167366628108,0
64381,0.008161897545705399,-0.012526923077943675,-0.0022680530254845788,0
64385,0.018720726876359173,-0.014279267694629283,-0.0008085594223807002,0
64389,0.02340042705111145,-0.0026309276376688118,0.003485181277025906,0
64392,0.02430978116317295,0.012539064962692414,0.005004318110592432,0
64396,0.023954846600552027,0.022649891269651334,0.0014299268329240056,0
64400,0.020688487659586086,0.025382368403658706,-0.005210332108351257,0
64404,0.01527132408937193,0.01790500415983498,-0.00893134898125178,0
64408,0.0099591977230854,-0.0005359612903013122,-0.008572889078175938,0
64412,0.004638491694782476,-0.009497618411295594,-0.011076002457192063,0
64416,-0.0017204959276809761,0.004597371883059864,-0.018312399255770884,0
64420,-0.008583230497645533,0.01634219930510561,-0.020141911780566707,0
64424,-0.015052593265372782,0.008633499251040622,-0.012475403293768311,0
64428,-0.02051021102177164,-0.004733354480226382,-0.004365156344893012,0
64432,-0.02279162144126723,-0.011239336894401486,0.0025172513577073063,0
64435,-0.02225869572648942,-0.014898329640422148,0.009137444837629571,0
64439,-0.019965318160274137,-0.017408732675161964,0.008967065730121793,0
64443,-0.0156387701232652,-0.012850670322328561,0.004211887004216874,0
64447,-0.012105373955184073,-0.005476609816500222,0.0005218908824215773,0
64451,-0.009324765664735724,-0.003572895291084066,-7.217643278456531e-05,0
64455,-0.0027837582722631815,-0.00774224933881662,0.00418324342810833,0
64459,0.006949034913680263,-0.012819073806692671,0.009487245794084609,0
64463,0.014009651626543107,-0.015027294329462038,0.007753650603773088,0
64467,0.017514308445021776,-0.012154552800865748,0.0008259833020957119,0
64471,0.021789098201956403,0.0007097104068369831,-0.001984577221711026,0
64475,0.021713904181738797,0.01161762589707882,-0.0013165841676920642,0
64478,0.01156587211274962,0.010927344298012898,0.000631273740412247,0
64482,0.0015425922171767859,0.01622292803018377,-0.0027229964607182466,0
64486,-0.0006926395660472595,0.02060611150195868,-0.01643376996085638,0
64490,-0.0005692296758178506,0.00945930929036809,-0.030121954388145633,0
64494,-0.0030282628519606725,-5.4557288747147936e-05,-0.029770333684643602,0
64498,-0.006173545613321618,-0.0006510692430361509,-0.00778908971002909,0
64502,-0.007324229951973238,0.0013139434242255277,0.0240687235138978,0
64506,-0.005228315582706644,0.007760849920393831,0.03928877415118853,0
64510,-0.00018827311827851467,0.012519224332521617,0.024458200348755038,0
64514,0.004055201261594643,0.0025508882161942026,-0.0076316513727472945,0
64517,0.004191038342961972,-0.010408801372261856,-0.03221047992728154,0
64521,-0.0012841275841014577,-0.013708559345204652,-0.03831355338222642,0
64525,-0.008557927638223717,-0.014677547328435736,-0.0342941932340296,0
64529,-0.009842850006234638,-0.01025032670334447,-0.02664611439362599,0
64533,-0.004791105070999557,-0.002980600016349033,-0.013835726356626776,0
64537,0.0010295112768315962,-0.00711139120660409,0.0019359625158047178,0
64541,-0.0010378278247303863,-0.01829999259548476,0.011779335190018114,0
64545,-0.00970539243167523,-0.020557290277608775,0.013018269200664345,0
64549,-0.013124998952581568,-0.008396644773415396,0.009659873570414784,0
64553,-0.013489304097323962,0.0030584091461327567,0.00165855758724473,0
64557,-0.01634925419499611,0.002690929376097717,-0.006129358712226501,0
64560,-0.013975679967794363,-0.006510232520481551,-0.00390178661420551,0
64564,-0.003511349617901671,-0.01199292125387652,0.00665409566910935,0
64568,0.0029989668959373716,-0.001974024671432595,0.014223270799876842,0
64572,-0.007924770034723583,0.003905323723173204,0.011040082257729567,0
64576,-0.028138040485655935,-0.009022877346142266,0.0005559403768287952,0
64580,-0.027415887802515693,-0.02223723000627542,0.0008314989010076157,0
64584,-0.010206136943474275,-0.021180912990781398,0.015336839095043409,0
64588,-0.007191270251711734,-0.01081187033742026,0.02056345398866835,0
64592,-0.013572503083462917,-0.004441323391836338,0.009767081806756756,0
64596,-0.011189057032292116,-0.003435709381933716,0.0009742120160001755,0
64600,-0.0036163588062155805,0.0026030287208502756,0.0015058415973838168,0
64603,-0.0026261673528311658,0.008169073292356721,0.003952475785679838,0
64607,-0.007649598268106961,0.004418701107016254,0.003684816352945236,0
64611,0.0018747188172698603,0.004671957293633344,0.006057483873272512,0
64615,0.020027803943741596,0.01227474403025175,0.009870912832165152,0
64619,0.006340357422711662,0.009952118644648067,0.004810047985971011,0
64623,-0.024331190580412998,-0.0036089599443798193,-0.0020260120945013727,0
64627,-0.032628346631156546,-0.01730031205894944,-0.0005312952131791282,0
64631,-0.03324415836900041,-0.026407466291018533,0.005228546823783042,0
64635,-0.036009665620931885,-0.03071010402122898,0.008083133749277494,0
64639,-0.023253402166798054,-0.028507418331091383,0.0040346559127126536,0
64643,-0.005317167658522637,-0.0212382156466977,-0.0015562637000538782,0
64646,0.0027129460893059454,-0.018032922519872763,-0.0010775632636033095,0
64650,0.009020818000935238,-0.019050641397821977,0.006713558148130017,0
64654,0.01834992285746284,-0.012055638114262024,0.015554753114105369,0
64658,0.024737078584120775,0.0009434377584733866,0.018948290677100493,0
64662,0.025131760252312785,0.006721463930588367,0.020954277535671806,0
64666,0.024796917651266792,0.009115543520489489,0.022740057192853352,0
64670,0.02636492119747247,0.01657786275533324,0.02103907274798955,0
64674,0.02953092144006142,0.027763304678678047,0.021485742513629086,0
64678,0.03561946997242371,0.040647677275373884,0.02788953990698176,0
64682,0.034608123989977035,0.04221406501225289,0.0313543608823543,0
64685,0.01551996549125112,0.023684746450827632,0.023996258788206604,0
64689,-0.0027734708717526146,0.00530748960513483,0.016226970821865472,0
64693,-0.002420226378308299,-0.003683818131411165,0.02025544533968132,0
64697,0.026957171242982803,0.0020045923703029267,0.03180142547691925,0
64701,0.08114293411648177,0.035405157892477224,0.037774214663321065,0
64705,0.07748455228817774,0.052056387448228936,0.0285606256859621,0
64709,0.0009700820479061623,0.018266757590771565,-0.0021006164257470483,0
64713,-0.044840067976131714,-0.01922901393105869,-0.039383457033855596,0
64717,-0.05227129518388296,-0.039650488982451826,-0.042830404143165385,0
64721,-0.06924909492066011,-0.05062240230024706,-0.007428988111183005,0
64725,-0.07372926058142404,-0.04453235098466157,0.029695814942497706,0
64728,-0.04227918914339801,-0.024231566184230502,0.04181278989863457,0
64732,9.544659511262488e-05,0.006576581567719231,0.030018924626860483,0
64736,0.02608499985450763,0.03193325759862775,0.009557443149795342,0
64740,0.03314935916880235,0.038028676598188316,-0.007046788051806807,0
64744,0.026595839032237945,0.028557754755639486,-0.012678044072834072,0
64748,0.014738334790796781,0.011377619240108494,-0.005120110268852951,0
64752,0.00831957346419998,-0.00026190309363816056,0.009885101682481662,0
64756,0.012373968401778068,0.0017715347622888622,0.01866562549350248,0
64760,0.017972074219798295,0.010292555592831931,0.013745590894461479,0
64764,0.016281731368671615,0.011196956444492923,0.00345643471701107,0
64768,0.015374622248939152,0.007206679310184594,-0.0008649518481666507,0
64771,0.02078417104289587,0.0060865474769640215,-0.0007250065474246059,0
64775,0.023989909928448405,0.006169358702144745,-0.0019651977751413974,0
64779,0.01673864322720786,0.007841062278749256,-0.0035105615835001325,0
64783,0.0036838797267412238,0.006052003383102189,-0.008464963853352547,0
64787,0.00059919225212135,-0.0017366732657806416,-0.019560737061826705,0
64791,0.00810258865529101,-0.006486329784932909,-0.02500833379168238,0
64795,0.013863899943345248,-0.004360901792046956,-0.014375375428736042,0
64799,0.018653506305093548,0.006628209588241507,0.005244534412153057,0
64803,0.02530188022578106,0.023637997842319347,0.016981189401439334,0
64807,0.025749007292801274,0.03257888931357478,0.009969597057859408,0
64810,0.02121627357257949,0.032310767758661374,-0.00616437690964719,0
64814,0.01913860182321725,0.029786142303808383,-0.01473359775932398,0
64818,0.016214178072353924,0.019975630433409552,-0.013712587948221916,0
64822,0.01126407082389247,0.006272230476759066,-0.008807023726851826,0
64826,0.0060459791197758905,0.006473424570339059,-0.004508905802784291,0
64830,-0.00034714796005297366,0.01776016881960496,0.0028369915461404216,0
64834,-0.004484986938530833,0.027284114044025642,0.012711128959182222,0
64838,-0.003156226921462557,0.032451269337170796,0.010211636063186591,0
64842,-0.0010698766660158787,0.026405293979857802,0.0006875328663263347,0
64846,-0.004412359769450536,0.01719563061387719,0.001990930900837934,0
64850,-0.008027192843562014,0.01401270059675408,0.012187149619049514,0
64853,-0.004848031856482415,0.005083574832754234,0.022231255409275202,0
64857,-0.0018499967466052425,-0.005735638856051217,0.026323640528452374,0
64861,-0.002482524705413325,-0.0056940308510582405,0.025699785892697002,0
64865,0.00010475656742026107,-0.0028993287643164223,0.024147979713141116,0
64869,0.0031081327108133383,0.0011243897635901945,0.020590458605079104,0
64873,0.0005900034951880073,0.013493114235223924,0.014697732774425987,0
64877,-0.0031020385178589516,0.015167026123740879,0.007900551648489212,0
64881,-0.0033778216740043554,0.005061538013125144,0.0010984942686652621,0
64885,-0.000293864034114133,0.00941119275013591,-0.006449256449442775,0
64889,0.0036697419905667994,0.014381955525919032,-0.011766191337995169,0
64893,0.004431824433520304,0.001677394609869154,-0.013538411468059008,0
64896,0.0031265951029447736,-0.012737435899616845,-0.016118593255493974,0
64900,0.002261141061476124,-0.01785931309952371,-0.018924168836889743,0
64904,0.0010867738783428837,-0.01784612354656545,-0.018559873253084058,0
64908,-0.0004526321216458129,-0.010562243243185332,-0.015136576845333538,0
64912,-0.0024205414470589437,0.004497435498438396,-0.013146683014616606,0
64916,-0.006239775490378019,0.013319547564551115,-0.013017988665943808,0
64920,-0.010287484667837798,0.016525115358970055,-0.007150015058341619,0
64924,-0.009459255467068606,0.026002717365802397,0.0027292486581405595,0
64928,-0.008098823044193515,0.03466442147866555,0.0015837581149416302,0
64932,-0.013017517012373414,0.028277054766989718,-0.008321957420133669,0
64936,-0.01862223115276318,0.012222554046259049,-0.010651647029356476,0
64939,-0.020000642710792382,0.0030180222653304334,-0.007294324979905925,0
64943,-0.01960918685068591,-0.0014765512567480599,-0.0035040830537084455,0
64947,-0.01780294288305484,-0.0063451276046144756,0.0033051510023517916,0
64951,-0.016288477508287547,-0.006862549931856421,0.006474565491057155,0
64955,-0.018060897008419063,-0.005964097072316044,0.0018647431779365564,0
64959,-0.02116776829696987,-0.0048829162050378905,-0.002485546327210736,0
64963,-0.023356663007195078,-0.004652545739047831,-0.0015730242201295597,0
64967,-0.022562120966135746,-0.008232521910451762,-0.00013574615647332644,0
64971,-0.019844785464378845,-0.00868748990425594,-0.0016080310432510792,0
64975,-0.016909117965784426,-0.002734061166641766,-0.004266531053563227,0
64978,-0.011088443483888155,0.004783366356310825,-0.006819907400110542,0
64982,-0.001636169143545696,0.009306455232900301,-0.007442432303045365,0
64986,0.007776662975164994,0.007743569222967928,-0.008235155726601245,0
64990,0.011045982581608937,0.000584766827650629,-0.01789674303644137,0
64994,0.008918271397960642,-0.007515064733908172,-0.029597028956730692,0
64998,0.008405971180826977,-0.0070612550486601755,-0.025837458782720896,0
65002,0.012422084623940566,0.004369904367146127,-0.01728367145247653,0
65006,0.018018758779399402,0.014289182505440312,-0.018258684647662504,0
65010,0.02116524240980766,0.011652872250757618,-0.020169741479409975,0
65014,0.022015615925611742,0.004053440385703322,-0.020735860340118095,0
65018,0.022008070705412996,0.005049780215785837,-0.026631893827409464,0
65021,0.02217594523335542,0.014164344958202957,-0.033893603852399756,0
65025,0.02202604914828754,0.023307616323688496,-0.03767311468954315,0
65029,0.019045247459955728,0.026348226435052524,-0.037942170626253435,0
65033,0.012600151692891526,0.015774450767344295,-0.03424005691015006,0
65037,0.0015074589580232889,-0.002547529591166775,-0.031041272708351636,0
65041,-0.010087651389824703,-0.008028144309424334,-0.030013089127418346,0
65045,-0.012632473060225302,0.002669499370810513,-0.027945807372074916,0
65049,-0.008679833682109783,0.013171476632334311,-0.025890071525673936,0
65053,-0.003313575248057421,0.008953299427961525,-0.029500943571774546,0
65057,-0.0001035026357726343,-0.005804515432488611,-0.035226905417604454,0
65061,-0.0029792585035576247,-0.012706977979767053,-0.03115454909340934,0
65064,-0.003972016687148305,-0.008089327219790832,-0.022931315841544703,0
65068,-0.0009676948229574434,-0.0004462447028461547,-0.021441220149405943,0
65072,-0.0002910117618470931,0.0019910111322301027,-0.02292675276313988,0
65076,0.0021916268806005945,-0.006354771495603817,-0.022210832581774698,0
65080,0.01029595951106188,-0.012053380845888029,-0.023806439349708608,0
65084,0.016818410331521094,-0.006174113349900701,-0.028058794561452632,0
65088,0.017512011326196508,0.002444819091594219,-0.025739326612452956,0
65092,0.016475260190600527,0.00962836085981511,-0.019379936882378573,0
65096,0.01539361926597993,0.01402044481815734,-0.013924092009190953,0
65100,0.015150545875789123,0.013447127383677149,-0.008383933140735517,0
65103,0.015954151104007996,0.008210443529030886,-0.00917880273234914,0
65107,0.013158338357130983,0.0011431363924110371,-0.01712709446561017,0
65111,0.00939444942861356,-0.002348016994135893,-0.020412031189926294,0
65115,0.011174917734557366,-0.0014146088241226984,-0.0172195357384968,0
65119,0.017350605866120694,0.005076454575247968,-0.01589726782983114,0
65123,0.021133925312502244,0.016620059838748702,-0.016477815599729023,0
65127,0.019204379727231102,0.022151640906869385,-0.015644380467338265,0
65131,0.015627666370699234,0.019927299590943193,-0.013720450885569002,0
65135,0.013070943559321146,0.01933936762532662,-0.013598830711785359,0
65139,0.008802292230846054,0.013999273110873123,-0.01749933548626109,0
65143,0.006112123797696545,0.002494104725107249,-0.01898581552218645,0
65146,0.014584332479947615,0.006900152002137894,-0.0120623097228659,0
65150,0.025573784628061036,0.02523341289196912,-0.006564472346100025,0
65154,0.02502216920765843,0.02888877009838664,-0.010997345920700563,0
65158,0.017993105011751998,0.015365121842835006,-0.01505991143586699,0
65162,0.015366346660851127,0.009367259054783084,-0.014136521616850084,0
65166,0.01932089506988921,0.02085373653736644,-0.015586007827486176,0
65170,0.020927123492701982,0.03289261520346809,-0.02140330749768088,0
65174,0.014221551063981153,0.030494485047920072,-0.023096652714189425,0
65178,0.007880293157450424,0.022887717765688098,-0.01306988399657208,0
65182,0.006189570940521305,0.014124550726592133,-0.00267176480019099,0
65186,0.0030087121821125162,-0.002130020761066831,-0.0016433343244967313,0
65189,0.0007802539395325159,-0.013582684961158886,-0.0021305036075780215,0
65193,-0.0005918874724554213,-0.013290385383593062,0.0018549022372448265,0
65197,-0.004876985715893678,-0.010155064374564482,0.005535115578635952,0
65201,-0.008339319125160172,-0.00587096334683368,0.0027713695536099314,0
65205,-0.010429237385932377,-0.0018463527529899437,-0.0027782058341600524,0
65209,-0.011235872142411285,-0.0015376677697300778,-0.0040807302616903685,0
65213,-0.010694559238112578,-0.004980426391105741,-0.002655775756493506,0
65217,-0.0091078472898245,-0.013837607268749164,0.001544777880363446,0
65221,-0.00784470448084118,-0.027824476290502442,0.005686433463327478,0
65225,-0.008718974464549945,-0.03286578396265405,0.0016858096926394006,0
65229,-0.010888554927254712,-0.01877040865280577,-0.005142689911867865,0
65232,-0.013555035024188866,-0.0010967349853547859,-0.006458554096140073,0
65236,-0.01379070915361058,0.00389971976653003,-0.0032997500883192032,0
65240,-0.01166962651432868,-0.0013958880296320864,-0.0001814658646015488,0
65244,-0.014886037909501049,-0.004769716596741969,-0.0017458691332213894,0
65248,-0.01757666715112094,-0.0032779058035479203,-0.003104994133812433,0
65252,-0.007057536910587414,-9.25146613575123e-05,0.0010614888350555518,0
65256,0.005168904786551964,0.003155210205951331,0.0041173222919422825,0
65260,0.006406501712249768,0.0017324823754303331,0.005158351231967451,0
65264,0.0018651672234525352,-0.003482401796084389,0.008473792534260616,0
65268,-0.00026759771722761894,-0.007202132172039466,0.009438308887666197,0
65271,-0.0009635178912569264,-0.0033356332225555896,0.004683560673262754,0
65275,0.00039396095107502305,0.009384846661079749,0.0062693186331957695,0
65279,0.008733269111762088,0.017495989827083225,0.014630286025012318,0
65283,0.01626094636996589,0.0162753142685772,0.014679684977899066,0
65287,0.01588293235205318,0.01285013160400661,0.008941913386081801,0
65291,0.011527834392096037,0.00976357722738408,0.003766349227217358,0
65295,0.012128302040952832,0.013125312192917349,0.003486132180540058,0
65299,0.013528283121184703,0.016988665286019167,0.016852571462739885,0
65303,0.006503695074201232,0.011441906619329423,0.04015663410294229,0
65307,0.0033404678504458385,0.007811649777179408,0.05397476533122128,0
65311,0.006741970703351363,0.00827602471425859,0.045429256138383944,0
65314,0.0019545906371328803,0.00470371753404919,0.021877851600096976,0
65318,-0.010958797093481798,0.006315730972501488,-0.004285381964283713,0
65322,-0.02245543375310277,0.010530626636820362,-0.022106966427865582,0
65326,-0.026727129792053272,0.0047761877907630534,-0.02394388518562529,0
65330,-0.0251240807827795,-0.0030690578215333275,-0.015992015220549688,0
65334,-0.021894088245180687,-0.004812580570877412,-0.006927637300549294,0
65338,-0.016431122636832662,0.0007141008000113303,0.001408358654771097,0
65342,-0.011404189101169027,0.011507950810610179,0.008282959247653099,0
65346,-0.00697806085089403,0.014857803714590556,0.016680562635649238,0
65350,-0.0023428642457502535,0.0024493441974997587,0.023156165245257015,0
65354,-0.002199463406061919,-0.01516778340051772,0.021402515836140473,0
65357,-0.0026023194137697603,-0.024653284085989657,0.01726159773812619,0
65361,-0.0022477590295363337,-0.020194932003091193,0.015011274785087764,0
65365,-0.005421321827634218,-0.007095135683757636,0.012638635246901953,0
65369,-0.009434673033795526,-0.0012343762126780788,0.012822749303144199,0
65373,-0.01654166784477018,-0.008310894181756012,0.017303832430014127,0
65377,-0.030146279218850047,-0.02553201893102708,0.018303769821439553,0
65381,-0.0404814435549401,-0.03989504913797148,0.012180927870796165,0
65385,-0.03748287945891193,-0.035432319051673655,0.008745738992347984,0
65389,-0.027388348371788274,-0.0203967370310969,0.01185430027022047,0
65393,-0.02316087019938251,-0.012293048814992158,0.013518260296288942,0
65396,-0.023765030178640068,-0.010021478652601612,0.011723023535390342,0
65400,-0.021080928210422067,-0.0060798806279684925,0.009410592611625579,0
65404,-0.01757618867366384,-0.004365489453421745,0.008833707606177715,0
65408,-0.015300802633764321,-0.0028448631184496698,0.009313703215382857,0
65412,-0.010603189113366551,0.008399921041075231,0.008981572902941909,0
65416,-0.0069901590598446806,0.025608043360806576,0.011655724059064315,0
65420,-0.007553457155219712,0.03191529164268436,0.015103360702934526,0
65424,-0.008194676898699127,0.023224451617239517,0.011633993141605237,0
65428,-0.007353638863506928,0.013837852716011678,0.006782458375120315,0
65432,-0.005074533048895713,0.006181074947876564,0.010360400615910897,0
65436,-0.002501065806104541,0.0008626722404381226,0.016786436837645746,0
65439,-0.0022702828870646563,0.0003398870692863376,0.016667404713219452,0
65443,-0.0018503926311859153,-0.006369793610262242,0.010412865394947235,0
65447,-0.0008830068042241512,-0.007234819548995741,0.003271937375656314,0
65451,-0.0011884736351619463,0.0026459162868603947,-0.0014790831268889082,0
65455,0.0007689584239831682,-0.0011713066303178366,-0.003948595932897148,0
65459,0.0043175887536544,-0.016573718620796374,-0.004152894064917617,0
65463,0.004528103879757994,-0.02892534630533028,-0.0028638826621562863,0
65467,0.0028070940988256243,-0.03279649552740471,-0.0039027053728351024,0
65471,0.0013849879967023915,-0.029197610489286596,-0.005991458160868324,0
65475,-0.0002923812158706074,-0.028594581475718694,-0.006761876901552416,0
65479,-0.001652267616573666,-0.022227789026244782,-0.009987845242775073,0
65482,-0.003139764080116625,-0.005497596076288858,-0.012869162747794038,0
65486,-0.003638351149903185,-0.0007912438161814528,-0.013425465292691563,0
65490,-0.001624579939529469,-0.01083365559474947,-0.01597864212453523,0
65494,0.0034656635894758647,-0.018094686334573673,-0.014198622054880095,0
65498,0.01069122156463398,-0.011548009966431128,-0.006534794951937317,0
65502,0.012778306941359396,-0.0005565115813706001,-0.006933366345576758,0
65506,0.006365929997457664,-0.005876941888740994,-0.013846481183813542,0
65510,-0.0014658421500164387,-0.024895618442840384,-0.013260929289976325,0
65514,-0.005684228962119842,-0.031518010088043,-0.008764666576474761,0
65518,-0.0059962289873828345,-0.017829203400343552,-0.009203911115063718,0
65522,-0.0020064812148171685,-0.004554537125820879,-0.008450296638094962,0
65525,0.0013636199277513583,-0.005911369002311595,-0.0035826829384229264,0
65529,-0.0006493960937477006,-0.018717851119343987,0.00043584771534349587,0
65533,-0.004102178544296176,-0.0199102621873104,0.0019987803848837693,0
65537,-0.005430455260396094,-0.0075316657344211,-0.0007852249134487621,0
65541,-0.005276812612411863,-0.011750956988449968,-0.005810736728358551,0
65545,-0.00438586743722813,-0.026882736267682894,-0.005547280910580793,0
65549,-0.003766373495079467,-0.023269121111563873,0.0014575742127561908,0
65553,-0.004402799978958871,0.0007903748587030357,0.00586225535596005,0
65557,-0.0071038464061513595,0.019804615346839416,0.004051831564454905,0
65561,-0.009179275402774523,0.014738776641689544,0.0023370889726612998,0
65564,-0.006471013886330423,-0.008431272386196564,0.003194864961274385,0
65568,-0.0023495424154662548,-0.02665832610422303,0.005541420536213176,0
65572,-0.0003160518296477788,-0.026561144903823664,0.006697366275018518,0
65576,0.0012336473679092075,-0.019224689031215103,0.005597360407511909,0
65580,0.002098297049236142,-0.019559682849157323,0.0021464718749205636,0
65584,0.0019117675384708877,-0.026390836789325967,-0.004728553317000311,0
65588,0.0035710303534347565,-0.02474226992004569,-0.010536014322918896,0
65592,0.005095636700766182,-0.013796870735442557,-0.006085222727275186,0
65596,0.0014663318912724321,-0.00970180014310662,0.009353169860709554,0
65600,-0.0035191611532654488,-0.007441861706654951,0.02196229963845092,0
65604,-0.0041680218354567256,0.0022617885798847936,0.018736826246622568,0
65607,-0.001627792774027137,0.002643548512057947,0.004703114826351246,0
65611,-0.001778849708464758,-0.004665082516765118,-0.0030811124486685992,0
65615,-0.004768365614327363,-0.004864212422456493,-0.003427476858700429,0
65619,-0.006893253804905464,-0.004123292776481158,-0.005096044986483611,0
65623,-0.008188136871032259,0.0011114063278618858,-0.007314465502823303,0
65627,-0.0057131857847535494,0.013493306935699945,-0.008802499401921654,0
65631,-0.0001763380881881771,0.016129419872209283,-0.009363530315054103,0
65635,0.0033814507699081453,0.01004041697651381,-0.007347071985924825,0
65639,0.004336045972084812,0.009419663883452056,-0.004187296918201022,0
65643,0.0019093168051190768,0.01789292876563353,-0.003094859015019019,0
65647,-0.00010007356555730151,0.02576220058864509,-0.000305103487245717,0
65650,0.004596435031730239,0.021430816529056873,0.00662369032536303,0
65654,0.011347494406524605,0.010771955131746225,0.01185865264279562,0
65658,0.009730675519797893,0.004530973764310886,0.014990508699402272,0
65662,0.0027907549040828705,0.006278996119238656,0.01725904931454622,0
65666,0.001467059226068712,0.006319944670461819,0.015783533844081654,0
65670,0.00431082286826201,-0.0009296700184773243,0.013484979295909083,0
65674,0.006509455346697668,-0.007613722006850843,0.014168520114275884,0
65678,0.009737009905619876,-0.010323974580737083,0.018374151506853592,0
65682,0.011797003366663006,-0.010388441295651862,0.020933051741360953,0
65686,0.006100173934955544,-0.0034577733153153822,0.014004762384560276,0
65689,-0.0022485703472591156,0.008190837634273418,0.006093827973761401,0
65693,-0.004510953771201587,0.004682717045886076,0.005136471168519202,0
65697,-0.003565245063521405,-0.013148520960365229,0.007025306881250609,0
65701,-0.003300958758706507,-0.025702929254613593,0.011182316831461286,0
65705,-0.0018993224245020812,-0.02728269467370481,0.012251384537695309,0
65709,0.0004190938687943513,-0.02242668906246781,0.006573553665109394,0
65713,0.00012339196676725006,-0.017701499962502254,0.001219508492191268,0
65717,-0.0009049928747034697,-0.01564715324678856,0.0001693263116671062,0
65721,0.001170119099533018,-0.011108034717818072,0.00021599966070282028,0
65725,0.0041178369102683465,-0.0016767083284765505,-0.003118682913859666,0
65729,0.005143659461493866,0.008644838371313135,-0.00558950889635923,0
65732,0.0049888567962285135,0.01464786972558585,-0.0017883830216849916,0
65736,0.0040811812844204765,0.011767428832034632,0.0006538031380324827,0
65740,0.0023582236191154182,0.0030822629835265403,-0.001959051977092202,0
65744,0.0018235628501930279,-0.007258990557038381,-0.000423540881762996,0
65748,-0.002192865732662308,-0.015516836457118988,0.005502505783065714,0
65752,-0.01036205657155409,-0.01763202188879731,0.007020108860881558,0
65756,-0.011070484929304625,-0.009518084405961247,0.005645249709733929,0
65760,-0.006240691481502747,0.003428328734872199,0.007378089513907504,0
65764,-0.0020884251535980836,-9.832649830610052e-05,0.01052582016761583,0
65768,0.0028416724614527267,-0.016309402262411954,0.013055979097949921,0
65772,0.0038869691327790834,-0.014319664610515481,0.013200043140483675,0
65775,0.00016671502665710491,0.005213493230910249,0.00942433225583178,0
65779,-0.002047534843988452,0.011376298808307261,0.006738372782204544,0
65783,-0.0019868382989383093,0.0027314832427376423,0.006285695972424982,0
65787,-0.0012291318668399276,-0.0021144990806756248,0.004235434125702653,0
65791,0.0022711329726375906,0.0007977992175920434,0.004225710787513437,0
65795,0.0072382293738501025,0.0014921464020960507,0.005413132509089813,0
65799,0.006890299764795937,-0.005407604514599207,0.0026509888902996603,0
65803,0.002546357820873313,-0.00831437386217626,0.0011146384503753215,0
65807,0.0010143049714831376,-0.0026679495930257424,0.0022533363964980235,0
65811,0.0015704211958071923,0.000551456492325908,0.0021579049434937436,0
65815,0.0030994559134657207,-0.003973252247548853,-0.0006974994519228228,0
65818,0.005571276987843099,-0.005970982946643666,-0.005880656336874568,0
65822,0.005536107026530734,-0.003323246290976911,-0.00823478651910467,0
65826,0.002336429422095887,-0.003946743956182441,-0.004873317975570168,0
65830,-0.002536145405288237,-0.001983815846240411,-0.0017820631078637184,0
65834,-0.007718471542413674,0.006778997090050254,-0.0021735468727938634,0
65838,-0.012058676055024753,0.013456347228501642,-0.001275649831599307,0
65842,-0.011554739211899867,0.011883560268282967,0.0014724986706299292,0
65846,-0.004923224853906727,0.00038282604674355625,0.0018227508378728663,0
65850,-0.0008185086664173058,-0.015384653405265514,0.00011430670819284616,0
65854,-0.002571988849221496,-0.016473345792204608,-0.0004528851647606358,0
65857,-0.00491977189817927,-0.0019506036649388214,0.0017827685175889618,0
65861,-0.003101884650567155,0.005766403952987886,0.0037271602836610185,0
65865,0.0016464776068131348,0.005106023039755936,0.0005823611005103257,0
65869,0.004094551994027307,0.005211096708640728,-0.0014001971098304422,0
65873,0.0043749369165949625,0.0039410133329891295,0.00039152496298222594,0
65877,0.006000294244013826,0.00196596870555954,0.0018008454930749929,0
65881,0.006919298316698574,0.0012885672932538839,0.002958466546992694,0
65885,0.005255141430335675,-0.0012015925827997265,0.00016034101905121334,0
65889,0.003941712785182072,-0.007298631247247833,-0.003652200509560971,0
65893,0.0019656612131012663,-0.011766400490658135,-0.00147034803736118,0
65897,-0.0008540458231601766,-0.012664583720262357,0.0006276964443040212,0
65900,-0.002565917418915986,-0.007640289968601888,-0.0037819698320099293,0
65904,-0.0016206279929704692,0.007188500605233017,-0.00648710730360208,0
65908,0.001464607604953816,0.016069563446861945,-0.0011144981016179,0
65912,-0.001595296967075277,0.009668287980606927,0.003319637516634222,0
65916,-0.008730047762017246,-0.002230225617991799,0.00034071667416685214,0
65920,-0.009983718663937768,-0.009843600603618441,-0.005888957225496233,0
65924,-0.007312187882288268,-0.008749807863844605,-0.009271092053038277,0
65928,-0.006191955459997511,-0.005609397663638216,-0.006991810945198795,0
65932,-0.006126675095466938,-0.004321539930047358,-0.004533434790373686,0
65936,-0.004668792756665763,0.003104773790461035,-0.007490391553045095,0
65940,-0.0025082945873964313,0.016524296256849258,-0.010700356056157656,0
65943,0.00022213255832215228,0.019900793034309583,-0.007642466032993983,0
65947,0.0035338951503492977,0.010969921601546417,0.0019546647632238123,0
65951,0.004424733018883686,-0.0003154557743876296,0.009423786792391309,0
65955,0.002773543460853678,-0.010414778140127812,0.005181841240555235,0
65959,0.002265375400498759,-0.01753485295496615,-0.0013243420599257372,0
65963,0.002585815230421118,-0.020116030324153655,1.4428729397331086e-05,0
65967,0.0020574497144321136,-0.01938784420367279,0.0026582754660843255,0
65971,-9.984314461775057e-05,-0.008720084052878718,0.0015816938355680543,0
65975,-0.002463642411815292,0.008746269517203142,0.0008926836121822823,0
65979,-0.0033658236509601647,0.013571718475020589,0.00326470485782418,0
65982,-0.0033482051569746485,0.01069106358055949,0.0033992395348950988,0
65986,-0.0009129451530422994,0.009407536146583517,0.00018022943285034287,0
65990,0.0003913707679322753,0.013090632656580947,0.000714138630147021,0
65994,-0.002731389204449264,0.0289680161141046,0.0028749332944805472,0
65998,-0.005662874325930378,0.03489598573459629,-0.0013003825694122562,0
66002,-0.0056040412857661925,0.012856815465954519,-0.006024066405176942,0
66006,-0.0038259935130096068,-0.012008350151399672,-0.004625031367877869,0
66010,-0.001838254937431616,-0.019069335437964963,-0.0021236194103750328,0
66014,-0.00040267707243779594,-0.014506451631341566,-0.0011998439992582377,0
66018,0.00018435084321732909,-0.009582029218132782,-0.0017210644792974017,0
66022,0.0012492658869567297,-0.008970673318114741,-0.0038915999523283507,0
66025,0.0035235549369866392,-0.00765161036023887,-0.0032943734053791363,0
66029,0.004622144629099378,-0.0007107856174841665,0.0015980937016115415,0
66033,0.004285006556490223,0.006006190195938288,0.0055273544058746515,0
66037,0.002875368252593824,0.0052819230281522245,0.00928568081791492,0
66041,-0.0004748966913161734,0.007992400745158168,0.01354420875355175,0
66045,-0.0035722624947976955,0.015397873302025467,0.01134084259642762,0
66049,-0.0038272821698279724,0.007462311846823333,0.004626612520745366,0
66053,-0.0029257881860140778,-0.01115735109770899,-0.0008676002029790464,0
66057,0.00033034241548746124,-0.02048663869350209,-0.003554135088496002,0
66061,0.005757569398872064,-0.016260141950500184,-0.003748742562952656,0
66065,0.004917036918843487,-0.012104677180844625,-0.00476558140401917,0
66068,-0.0015989244696555938,-0.007526768144848983,-0.00651344090443523,0
66072,-0.00465349140496929,0.0033608946708043597,-0.005838904208004536,0
66076,-0.003839318289303728,0.007011010947902463,-0.0034346635648865864,0
66080,-0.002768706386330977,0.0063822514434579425,-0.002222586281097394,0
66084,4.238149601576424e-05,0.008590407746608797,-0.0005860663932590326,0
66088,0.003513151794151903,0.009416650939880089,0.0025630297984674255,0
66092,0.005210787916887005,0.0069153929332177455,0.005351012118357451,0
66096,0.005165387771762231,0.00128485337149975,0.007316058386922231,0
66100,0.0016701323369266996,0.003173537974539453,0.006718526400993491,0
66104,-0.002681144420863979,0.013997462525888515,0.0043186490194407345,0
66108,-0.003140004351978809,0.014989621850534984,-0.0006397962085000486,0
66111,-0.0012231036655996341,0.0029347560448989007,-0.006646823974741672,0
66115,-0.0006883826334697085,-0.011219654072326612,-0.004624603967618129,0
66119,-0.0008503112301461169,-0.016657602034020336,0.002403967099742943,0
66123,0.0004303625349144635,-0.012905410539727935,0.005857399707715177,0
66127,0.0017385438524022412,-0.00853253721327496,0.010228122491456826,0
66131,0.001333387325594848,-0.005431449425360668,0.014654484757383679,0
66135,-0.0023101193039847256,0.0012864340476861358,0.010995902114021239,0
66139,-0.005640783718201536,0.010252699003417742,0.004504066586535155,0
66143,-0.0035357596018711357,0.008699142354172906,0.004491883148787346,0
66147,-0.00023670772530204331,-0.00232699538906056,0.008677070443800894,0
66150,0.00046679842158992013,-0.011617626872022058,0.007957652497764478,0
66154,0.0007700567353221555,-0.012455179443945141,0.00381621123052997,0
66158,0.0007728278095888719,-0.01001775968027152,0.0024396741913190467,0
66162,0.00027242927944559625,-0.009490063506063517,0.0029146034435812984,0
66166,0.0008163610612348382,-0.0047299320882694396,0.004900250149223961,0
66170,0.0008327069368689877,-0.0023427128869837333,0.005493781805533088,0
66174,9.072991492420357e-05,-0.011327783245499656,-0.0023323204937851227,0
66178,-9.019835547185995e-05,-0.020249510934172044,-0.016428091837143943,0
66182,-0.0007058975470795037,-0.017309610699566047,-0.02568077075712974,0
66186,0.0009262345472794697,-0.006508167602933046,-0.019600018439964145,0
66190,0.005589248117312873,0.00557245316542776,0.0012723853006730013,0
66193,0.0073963510280623534,0.01158651345219086,0.019747685708929624,0
66197,0.006630386953807688,0.005846432865626028,0.016782492325573994,0
66201,0.005491810529271279,-0.005566108536514847,-0.0017592189465666375,0
66205,0.001414806299410376,-0.018124399794849033,-0.012449126067287375,0
66209,-0.004300993474316783,-0.022497705897548848,-0.010054165494579048,0
66213,-0.005578112006446978,-0.007517560389441957,-0.004648559652547735,0
66217,-0.0004338519993870582,0.008804549076397272,-0.00036734303344032604,0
66221,0.007635523640251551,0.011994651416096236,0.00133492393953355,0
66225,0.015135362219396709,0.012154382187836266,-0.002786445635361956,0
66229,0.018414897434335775,0.014645914556153272,-0.006918888070142071,0
66233,0.01617671365893736,0.01690111130510097,-0.005147982555912839,0
66236,0.009787219344175035,0.015330488812498988,-0.0027421223678885387,0
66240,0.0033854475890721103,0.012415592430223832,-0.004494210782007763,0
66244,0.0009984673353761186,0.011306549715511593,-0.008721407711641316,0
66248,0.004542693772940254,0.012477501411105152,-0.010567179828538609,0
66252,0.009338666828788478,0.017492779735650554,-0.006200775942524606,0
66256,0.006179028497023453,0.01829731169019011,0.002222300037301339,0
66260,-0.0010946040498347465,0.008188301261727204,0.008278221034343142,0
66264,-0.005259387332726129,0.00394622826242097,0.009427344165337692,0
66268,-0.007317606126941212,0.018960341836328,0.0069792844520208674,0
66272,-0.0053275880127005015,0.031335988307194196,0.004405643333050657,0
66275,-0.0009723747225159896,0.031937373850353445,0.0034979279134856323,0
66279,-0.001159822112353992,0.03475548682535301,0.003281043536030648,0
66283,-0.0032352873359260403,0.02968351737202246,0.0057101839946880895,0
66287,-0.002968233075929194,0.009565258468646753,0.003596442502142305,0
66291,-0.0016853793331980116,-0.005605216287913439,-0.005665691008448492,0
66295,-0.0035676624360124753,-0.0003512342819433911,-0.007715319731881443,0
66299,-0.008643979404174496,0.01895124967611972,-0.0013029587375105733,0
66303,-0.008569078740049862,0.031445946248654266,0.0038558704395231513,0
66307,-0.0035208568507030247,0.0205190461840985,0.004968637839435575,0
66311,-0.001417208393164504,-0.0036935166872513747,0.005935565313170965,0
66315,-0.002451584948092833,-0.017710557473138433,0.00830678316880687,0
66318,-0.0021282962052125987,-0.014642763404073555,0.009509877265141936,0
66322,0.0011953042425172367,-0.006545260315927504,0.009732127024822818,0
66326,0.003658423315512138,-0.004487975644307252,0.00840174883321923,0
66330,0.0033487914938823415,-0.006657170454173578,0.004904726710004803,0
66334,0.0027986581146793865,-0.006977430644528937,0.0020937303175385114,0
66338,0.00041682098232886933,0.00425805549419378,0.0007004501477756442,0
66342,-0.0011257399018660408,0.019791756924612436,-0.00016324295575709247,0
66346,0.0017533256312641798,0.01658311624458708,0.0010202475672593248,0
66350,0.003416194784318871,0.002159236636097628,0.0026275392703703493,0
66354,0.003658322869666941,-0.002035810349303002,0.0015056090226961416,0
66358,0.004413088431093337,0.0011370174378471098,0.00040523650280144263,0
66361,0.001841528030606443,-0.0020074011308679474,0.0003425371370207042,0
66365,-0.0014789924260769638,-0.009041087708085094,-0.0006774587012380318,0
66369,0.0006434643010743146,-0.007748730731261588,-0.0030118207244245743,0
66373,0.005525885353413917,-0.001431998253991651,-0.005924522467090965,0
66377,0.008039548144368469,-0.0005088974076423725,-0.008604185410864884,0
66381,0.008226092592125367,-0.003891618736847846,-0.010901533355117565,0
66385,0.0074045686774262265,-0.004422012865780367,-0.006412995343177574,0
66389,0.00523582459249583,-0.004803801689656773,0.002476358351525043,0
66393,0.002252052691908646,-0.011320626023917146,0.0037557729332707845,0
66397,0.0017125147711987143,-0.017542621767947075,0.0005622335008407253,0
66401,0.003404730728943872,-0.01474838333179651,0.0004669603781368159,0
66404,0.0017482195936718847,-0.0005415623077285048,0.0007476613406721677,0
66408,-0.002737637318641739,0.01535882096898833,-0.001027508236787933,0
66412,-0.0025512738220205833,0.01258652214822975,-0.002715031938754331,0
66416,3.282156811412751e-05,-0.003973792951992738,-0.0030383196769557808,0
66420,-0.00030480891440509694,-0.012829430471569037,-0.0023850586351030767,0
66424,-0.0017028929002314008,-0.014441802353226674,-0.0017133942381474254,0
66428,-0.0021039761972007076,-0.014773316983514917,-0.0022605962801607316,0
66432,-0.000985621432744499,-0.011928915905726978,-0.0021549334867025927,0
66436,0.00027834079222843755,-0.005409296937849639,0.001162389786633744,0
66440,-0.00023584469212012404,-0.001988253165799314,0.003947979198287904,0
66443,-0.002393031282871383,-0.009909355197025072,0.004081860666133669,0
66447,-0.0031267775648469165,-0.01923362016818464,0.002867064047753276,0
66451,-0.0008915896826605652,-0.01828778205777848,0.002242520915228613,0
66455,0.0014585020303957696,-0.010008760504219616,0.0031952442779587253,0
66459,0.0013800718087328967,-0.0015933338543434594,0.0009814333522781271,0
66463,0.000969360505567507,0.0009030043961884004,-0.002925444158273116,0
66467,0.0016103271181067136,-0.0012714279879069146,-0.0037428578279500857,0
66471,0.0001449971733819,-0.007790455904464366,-0.00017010305269643533,0
66475,-0.006031846730796486,-0.01424040567911744,0.0038784851911873863,0
66479,-0.011237138957783999,-0.013015444383748687,-0.0009456903819153317,0
66483,-0.01018024893559899,-0.006421407484398678,-0.008995607183226229,0
66486,-0.00849663777739973,0.009191094928449495,-0.005447577451312913,0
66490,-0.007517760397925177,0.02695366420578038,0.00746437595317162,0
66494,-0.005587487243032596,0.024980306695796095,0.014404772123103454,0
66498,-0.0019311260293238819,0.011274006468072528,0.00814214516709072,0
66502,0.003739580589927405,0.007543686122344795,-0.002363318830443495,0
66506,0.005339970547584061,0.012029635514933634,-0.008244363965707824,0
66510,0.0030238183603777946,0.015776041908467153,-0.011476179538903397,0
66514,0.0011675024127341116,0.013552348358367272,-0.011154599998376813,0
66518,0.0026878090261589493,0.0062852231806278525,-0.00796906755430249,0
66522,0.007655471457863383,0.0052539192740264085,-0.009200938904050382,0
66526,0.008751790796829417,0.01414201546346927,-0.009395408177262421,0
66529,0.005860930894180938,0.02346035987874595,-0.0009620914879114872,0
66533,0.0048478267465202896,0.025520097190012248,0.005570420885236793,0
66537,0.004542142644745173,0.01697298279317483,0.004547702509214935,0
66541,0.002539278622850083,0.001794543911276314,0.002356892087559237,0
66545,-0.0011672460795194572,-0.008825669142489723,-0.00036493806494797276,0
66549,-0.0035037016846591884,-0.009664834260369126,0.0007174723779440617,0
66553,-0.0005570074261175284,-0.0028478714275492756,0.006617133971917294,0
66557,0.003426216357276468,0.003666126564831451,0.006479626830137669,0
66561,0.0012184493024156584,0.011702330734119748,0.0016294439100683622,0
66565,-0.002733592233743809,0.023999676826489402,0.001126554248539302,0
66568,-0.001983858519124193,0.023859999888478978,0.0027193180684367824,0
66572,0.00019161874566597792,0.01043063757627083,0.0013120725913414177,0
66576,0.002070039809279889,0.0007741589376251135,0.001551545624045414,0
66580,0.003313835356367978,-0.000357990310368983,0.004422711869335766,0
66584,0.0030894156485321567,0.0021270817612553117,0.003762191120538827,0
66588,0.0016022238928395938,0.0027611004076746326,0.006317614432968355,0
66592,-0.0015015478342566002,-0.0027798608792797275,0.010451091890950504,0
66596,-0.0031640809693807004,-0.013176175268725832,0.0056456842987316624,0
66600,-0.0021390474446346674,-0.019113044993240624,0.000618495614982173,0
66604,-0.00047718309840860673,-0.018659079620318764,-0.00232305386580145,0
66608,0.0032801987918188447,-0.017368436411682175,-0.008825560454205128,0
66611,0.007358494205682464,-0.015104267755440048,-0.011472066037517215,0
66615,0.00513522780306952,-0.009184591885190496,-0.006113992236926713,0
66619,-0.0001471264689640872,0.00013475263568940576,-0.0010090078763305144,0
66623,-0.0010318548752137335,0.002850231211071641,-0.001976113649897804,0
66627,0.0019088915371877624,-0.00015080999749583768,-0.007419038956295587,0
66631,0.0048687787827896845,0.003206810194976928,-0.011656629350926762,0
66635,0.004717877626625899,0.007666344891730681,-0.008807354829486413,0
66639,0.0019346550512202576,0.010044871932183952,-0.002827274853347217,0
66643,0.0009388355650207236,0.014597708554488609,-0.00039706335600303566,0
66647,0.003298483264537966,0.019812689252091786,-0.0003603186205232145,0
66651,0.0046065845031338926,0.022286841107823196,-0.00012979213170710713,0
66654,0.0028094739546208336,0.017377214481806735,-0.0010143912525950594,0
66658,-0.0006872975512506319,0.002811096156690951,-0.0037010037971019205,0
66662,-0.00427271311363453,-0.011834744619853677,-0.006965543213955261,0
66666,-0.004771109405308005,-0.016330238279699927,-0.007788333512408929,0
66670,-0.0032488889438822,-0.016531851916886442,-0.005634204770129325,0
66674,-0.002658695475962869,-0.015636920376924657,-0.004684857396556441,0
66678,-0.005040460617006914,-0.008692641333316597,-0.003959959669041391,0
66682,-0.008621920354444312,0.002401255006501568,-0.0023690906447743076,0
66686,-0.008131694053708838,0.007972965277220911,-0.003883271040973968,0
66690,-0.006088177070372014,0.0018009071932278964,-0.005285546940991814,0
66694,-0.005342759721732038,-0.007117809033254652,-0.003229865995223513,0
66697,-0.0009182778491972909,-0.007823992867089125,-0.0033844808175177987,0
66701,0.0037780664721797086,-0.004645022374177632,-0.006266566351314062,0
66705,0.0002449809215483434,-0.006506545411003817,-0.006396814848033394,0
66709,-0.00451504527869051,-0.010614459619952221,-0.0027658664748815287,0
66713,-0.004527542656434291,-0.012957081803704806,0.0011826674333407228,0
66717,-0.0045380337507495705,-0.014182134741411723,0.0030642202213456704,0
66721,-0.004588944971614217,-0.010879596373005285,0.0034447878276093746,0
66725,-0.003800621324050346,-0.006771310755478321,0.0030286004122219157,0
66729,-0.00460892629707943,-0.010637995403772749,0.0004891117224433139,0
66733,-0.00633230933023099,-0.017044673645200348,-0.0031894866056667026,0
66736,-0.005782643239682139,-0.015687839409458615,-0.00455431186436267,0
66740,-0.0029009396310250013,-0.006786362175143168,-0.004682914882665201,0
66744,-0.0018603462707070806,0.0008320191785755604,-0.00434159772200754,0
66748,-0.0037423109777311447,0.00020407520953824587,-0.003995726559936352,0
66752,-0.00415972656819108,-0.0037826639417959385,-0.005358940209605589,0
66756,-0.0018621521083164172,-0.003085167312494974,-0.006783153843830436,0
66760,-8.954651047765605e-05,-4.8941500994104103e-05,-0.007503972966204475,0
66764,-6.160158929802151e-05,-0.00032907766560175133,-0.0071226562217711065,0
66768,-0.0025866388104244242,0.0011387268697764519,-0.0030798285277841564,0
66772,-0.004525304257354534,0.005952267031207548,0.0016671568099426715,0
66776,-0.00035014213549156015,0.007941572855297618,0.0007008780135828729,0
66779,0.005049985464170126,0.009836732664492587,-0.002420014456252506,0
66783,0.007338828458858249,0.01503423584112884,-0.0013137227565998555,0
66787,0.009282267894006768,0.01801996654279625,0.0036662254176983433,0
66791,0.009713609577749582,0.014975237409130315,0.008198483790481936,0
66795,0.005737285048127205,0.010065777514364882,0.006896695318774293,0
66799,-2.3734103174688492e-05,0.006334309942377381,0.003233298514265237,0
66803,-0.002884002819239173,0.005259278858059435,0.006965883752116486,0
66807,-0.001747337844671737,0.009033017374332708,0.013284825652588789,0
66811,-0.0005870034226801435,0.012536015197398331,0.010728725470200207,0
66815,-0.0014599748953326719,0.009863392969273743,0.005669615025620245,0
66819,-0.002341211622701178,0.002796312976253823,0.005229182059289017,0
66822,-0.004281144413232574,-0.007067986912264512,0.005264188172457995,0
66826,-0.007845463863799473,-0.013342328798070291,0.00712247940620192,0
66830,-0.010203439153790073,-0.01416195269928977,0.01217453018226769,0
66834,-0.009037908405582495,-0.01844827103645086,0.01336675527979031,0
66838,-0.005989555435206961,-0.021656700062099965,0.009803950710862847,0
66842,-0.0034140968494251744,-0.016436766377557088,0.008565284796962613,0
66846,-0.001515672381957267,-0.010202652040854243,0.009790395388141776,0
66850,-0.001174259300768088,-0.010703988966399791,0.00914065609703077,0
66854,-0.001933464713270161,-0.013815995620420907,0.006503122031555175,0
66858,-0.005878243445841647,-0.010838517786250446,0.004974736531852986,0
66861,-0.010693421238053391,-0.001869402634661288,0.005214530575137488,0
66865,-0.008281113066954893,0.004330864234608267,0.00509891221864428,0
66869,-0.0034042749904216185,0.004637435851489791,0.0045450333434361445,0
66873,-0.002102146218858736,0.0014941509293255884,0.0031990450974986318,0
66877,-0.002165118445473402,-0.0032467584562811957,0.0017650692585266525,0
66881,-0.00278794990726694,-0.004494067403393753,0.0010338402483802134,0
66885,-0.001974559371466844,-0.00021153353620917414,-0.0002023717404560088,0
66889,-0.004577586578349613,0.005122069946811969,-0.0005226097562970877,0
66893,-0.011079688604393456,0.0049913525717717455,0.0008581404041115848,0
66897,-0.010019468228978146,-0.005429514246135803,0.002767912880359269,0
66901,-0.005296459644147711,-0.018608988916136493,0.004294172162358334,0
66904,-0.0032925613415127897,-0.021678678967811393,0.0043170744106063585,0
66908,-0.0009093466161096408,-0.015671443491680925,0.0036660232682199645,0
66912,0.0011297623342130247,-0.009896358500997682,0.0030177139080959647,0
66916,0.0009820090244666568,-0.009489422944867876,0.0021210226233540075,0
66920,-0.00029098948938310887,-0.011678889890959887,0.0004756575346248626,0
66924,0.0005051139474545607,-0.012206781028400115,-0.002359163587719759,0
66928,0.002601149656385693,-0.0114491920096782,-0.0026322204395899385,0
66932,0.0020876153850587498,-0.011066966540896228,-0.0006838214389593422,0
66936,0.0013602566712160868,-0.008374352658211404,2.2406269403418833e-05,0
66940,0.003780431728173217,-0.001499409678872965,0.0015655465763393384,0
66944,0.005205254426774442,0.0035111462316237407,0.002927811279133552,0
66947,0.0013522383462736265,0.011901433448750609,0.001363150137260405,0
66951,-0.0025136210024168104,0.023919824985778604,0.0006565361560387784,0
66955,-0.0013480904240662506,0.018098959653789493,0.004293820632951528,0
66959,0.0009892402993946225,-0.000991891089983099,0.007227533586815993,0
66963,0.0026255496406260015,-0.006116927194339095,0.004608691147417465,0
66967,0.0035813054864658467,0.004409508018763386,0.0053063412512519,0
66971,0.0033001636547401736,0.013639612085873942,0.011281554896458212,0
66975,0.0025193385359583154,0.016173365914498472,0.010783057625291831,0
66979,0.0016293716158156668,0.014300316600684315,0.005533290119389966,0
66983,0.0008076808467807339,0.007882661409545744,0.0025050097815511596,0
66987,-0.00044596806134944433,-0.0002494346865620223,0.001758089124118234,0
66990,-0.0018414291125794513,-0.006838799218140235,0.0036810005142654534,0
66994,-0.0025965575374469196,-0.01176251683562457,0.00647768119318487,0
66998,-0.0025223574134605187,-0.011245740913493396,0.005864105807998621,0
67002,-0.002237052161811137,-0.005476628882545853,0.0015055149958977387,0
67006,-0.0025627534063024093,0.0005846205408182037,-0.0025600135018952197,0
67010,-0.0019285597172562507,0.005980338526490048,-0.00437428515345234,0
67014,-0.0004216453814144261,0.004029461553500813,-0.004045628336352636,0
67018,0.0008021823728328048,-0.004963630296851207,-0.0010254793330697898,0
67022,0.002537826523084874,-0.0057738974268519705,0.0008521107891090729,0
67026,0.004452050945926711,0.005823588203755392,-0.0016997739259370648,0
67029,0.00667123652026036,0.015157127348657262,-0.004034018561949959,0
67033,0.00812669668785393,0.013546431491093802,-0.0007768779222305233,0
67037,0.006948617901067489,0.00915602708695884,0.00272225593828912,0
67041,0.004428118685312232,0.00935154161101348,0.0012586694621527506,0
67045,0.001461968229417021,0.012456684901230641,0.00022060913551402717,0
67049,-0.000947857366281335,0.012531049319449039,0.0011347359439597415,0
67053,-0.001360897616184853,0.00816619731098811,-0.0006330557290220029,0
67057,-0.000828136636429222,0.002579713115982152,-0.0005559646976532329,0
67061,-0.0001533708572980519,-0.0018106460947313607,0.004079834402965776,0
67065,0.0015957407596747242,-0.001421288085771355,0.004894205978982713,0
67069,0.004293752090842706,0.0018076631525891784,0.0023759382225622683,0
67072,0.004858437998664256,0.0030554196589389626,-0.0004432937879301213,0
67076,0.004540867114983915,0.007037489704645239,-0.0018501246434658447,0
67080,0.004888177403475469,0.01423578818105442,3.3499293100591743e-06,0
67084,0.002460125492146248,0.016218301008385172,0.0015729049788235638,0
67088,-0.0011476457354934189,0.009681515157962561,0.0030334106857388132,0
67092,-0.0025575562940700625,-0.0015545207822653673,0.005045409514195021,0
67096,-0.0023757507331676475,-0.011201569479659224,0.005798859766367459,0
67100,-0.0014599025722106251,-0.014011052444944383,0.005911033198753912,0
67104,-0.001267329799226946,-0.01287182391935282,0.006110661328149525,0
67108,-0.004122092627890095,-0.008612343799774713,0.0057822976217191124,0
67112,-0.007651655915339117,-0.0011954677542349579,0.003939873830736185,0
67115,-0.008325833005678351,0.007479310649124216,0.002822150419110825,0
67119,-0.0070189089988692555,0.01782056057587722,0.0039034436608638146,0
67123,-0.0037159209100366963,0.013947508240347961,0.003262054061637265,0
67127,0.0008839976332841726,0.0005442147217418203,-0.00204551401440467,0
67131,0.0012755174812510983,0.00627446267670706,-0.007340885420072607,0
67135,-0.001716450850533735,0.024931267730366358,-0.0051005303419980885,0
67139,-0.00034080628678501146,0.030865658955186337,0.0008368923812523965,0
67143,0.0035674456299663593,0.024610512891440006,7.819412146958804e-05,0
67147,0.0033702993261249814,0.01560102049840939,-0.006151776715296375,0
67151,0.00018122693369770904,0.003050639041085379,-0.012863538777774353,0
67154,-0.0006678645465262312,-0.005493959240618906,-0.019689572385421406,0
67158,0.0018084177328443474,2.2740187628933484e-05,-0.014300410509490435,0
67162,0.003732134784589891,0.010247694781806427,0.010509933959438167,0
67166,0.00397084651245172,0.008304883656427009,0.032448333267832086,0
67170,0.0038867969662723656,-7.344673763354237e-05,0.029066461116655562,0
67174,0.004834321390578489,-0.001845620761029565,0.0070316184686815,0
67178,0.004121191296260429,-0.0014084564226446439,-0.011729317115923288,0
67182,-0.0010607162165851003,-0.003971691898420282,-0.015795342915468802,0
67186,-0.005768869732186488,-0.008085062130953613,-0.01086235964248411,0
67190,-0.006416872512815086,-0.014703946164714488,-0.009312816085450093,0
67194,0.00014492936674681545,-0.016160870884347478,-0.014751120703927922,0
67197,0.012908090850205278,-0.002628871317677639,-0.01645258994496146,0
67201,0.020866589178301753,0.014795334830317142,-0.007575578305808017,0
67205,0.017288587962354218,0.021467969158813993,0.0026442867560568795,0
67209,0.006821623671942945,0.0176653629248813,0.005147483411400866,0
67213,-0.00035199179763345523,0.009836802839976233,0.003112227959868541,0
67217,-0.00013584255639675913,0.0074135434823139335,-0.0027852233577632113,0
67221,0.0021579634645547685,0.010762344257930323,-0.009305797005202066,0
67225,-0.001056641796555069,0.012254784203914237,-0.0068897622270004955,0
67229,-0.008595288523515987,0.01484859852093301,0.0003546608602216783,0
67233,-0.01225503797758365,0.025437701456266115,0.006460631254579741,0
67237,-0.010724829233592859,0.042962421000822815,0.012119861300403878,0
67240,-0.006284047512533308,0.048785365394004465,0.012551410541927543,0
67244,-0.001262997938881627,0.026722315915491013,0.0014740474018932193,0
67248,-0.002383529057954692,0.00018175847015333702,-0.010766290355223473,0
67252,-0.010510315340304444,0.0006687128279065924,-0.010657689461394393,0
67256,-0.015331948719109367,0.01171181461702453,-0.004568219811063423,0
67260,-0.011877421730657645,0.0013447004000242124,-0.00017984934567161215,0
67264,-0.006649935380135807,-0.017507864816240115,0.004504344103394342,0
67268,-0.0021775702067153846,-0.018122034593762937,0.0064669053558229495,0
67272,0.0022542110851330177,-0.004952732977051788,0.005411993308770957,0
67276,0.0018288747973502772,0.012221347245954473,0.006310493364999392,0
67280,-0.0021622470509223835,0.027916427588261072,0.009204653562513931,0
67283,0.0005206244780785463,0.030989127955984408,0.01054407158033105,0
67287,0.0076590770461231195,0.021321984982301867,0.008385178458682752,0
67291,0.007913765992255906,0.007582154477357772,0.008811995254761562,0
67295,0.0024842200271240067,-0.0011525400195560032,0.013374463472674292,0
67299,-0.0008578005784574128,-0.004085025901634065,0.014909004357769096,0
67303,-0.0008589591685931319,-0.008364221447496156,0.01160518508654973,0
67307,-0.0022748002245565058,-0.015598239225550703,0.0044662679632223035,0
67311,-0.0043723561244078946,-0.02206477381333194,-0.0013661279483860866,0
67315,-0.001863593789230511,-0.01953387631909287,0.002747452673337758,0
67319,0.002943198210559772,-0.009373129658817092,0.007940631624278216,0
67322,0.00450688069364813,-0.0018784499137600719,0.005044273370599983,0
67326,0.002668088797778023,0.001323223447238675,0.00603453019505884,0
67330,0.0004387806859601495,0.0024639449879009234,0.014922172752306562,0
67334,-0.0003432141915957754,0.004564082957365656,0.018128202637471225,0
67338,0.0013039100396394776,0.007579856805136842,0.011229329379005004,0
67342,0.0040961282951789135,0.004356372600867964,0.0038457258466990663,0
67346,0.006302842166349798,-0.0016128001147079907,0.002160640321641649,0
67350,0.008991951729305891,0.0007564893436469156,0.004226753886227508,0
67354,0.010119231577809917,0.005539861902160492,0.005799010246829717,0
67358,0.00772622815855073,0.004365016959798407,0.004674916021795039,0
67362,0.004823247494917804,-0.0007251806169006336,0.004100529261348629,0
67365,0.003022025845914378,-0.003256807748005741,0.0057208479632617215,0
67369,0.002065351718599784,-0.0013074986213688078,0.0046251621249187025,0
67373,0.0033506884040440665,0.0007587312439381044,0.0010589978075789541,0
67377,0.005666512335917306,0.003350362441057353,0.00023131751088778518,0
67381,0.004697154055672281,0.004257438994962115,0.0016360120282333246,0
67385,0.0013887412731361515,0.0038249355786232897,0.0026293629757080383,0
67389,-0.00023196699740668514,0.004568825708189284,0.002394758713965439,0
67393,-3.2356234033192877e-06,0.002407946097188418,0.001510377962660403,0
67397,-0.0006405133720027711,-0.0019154875022886486,-0.0013540237720605641,0
67401,-0.0018035545299914801,-0.0001675332510848726,-0.004830373985735714,0
67405,-0.0032875233667016834,0.010613392182312609,-0.0027489327669339425,0
67408,-0.005861764934148139,0.016271326677903097,0.0032968701035526737,0
67412,-0.0061863399287827026,0.00560841434380599,0.008319198233273789,0
67416,-0.0039766107404041184,-0.008490340835701993,0.00967879920722936,0
67420,-0.001142820232435282,-0.012675085599444191,0.007744140786246162,0
67424,-0.0013338538568073988,-0.005442965761985885,0.005911089427440008,0
67428,-0.004243193410930712,0.007804668554706851,0.005634330412993105,0
67432,-0.004626251872323683,0.011069578877428654,0.0069020357258833265,0
67436,-0.004069253981219156,-0.0022581190535455598,0.006893798529410744,0
67440,-0.004663851364629323,-0.020018338977538797,0.004072787809660805,0
67444,-0.005618889939585592,-0.029911850567787113,2.7853187102133692e-05,0
67447,-0.007823573012137097,-0.025562793458588917,-0.0034025951285454603,0
67451,-0.012675347785706559,-0.010189974339872343,0.0011806258181209506,0
67455,-0.01652086431249844,0.0036355865320487624,0.015948821289942516,0
67459,-0.01679557886954508,0.0072304408611212345,0.026869565341757523,0
67463,-0.01369276837951694,0.004276438176921804,0.02310260985193427,0
67467,-0.004997306623511388,0.0030737569056684677,0.01237034459505268,0
67471,0.004673421009795509,0.003213117892495454,0.005311747163866953,0
67475,0.006211775009793086,0.00035794143865697237,0.0018335628314556374,0
67479,-0.0005553396100902441,0.0007056066527932892,-7.819368339617716e-05,0
67483,-0.005352437762815798,0.006296767335665532,-0.0029326185781036185,0
67487,-0.0015366413093046427,0.005034412860858151,-0.008032439420681547,0
67490,0.004981624916202909,-0.0001968710888764491,-0.010638713126055188,0
67494,0.007061195632703687,-0.0002417517415831405,-0.00781212761871708,0
67498,0.004926190388972906,0.0024911240200164997,-0.0007911206559681472,0
67502,0.0024767456177462455,0.002911316390628471,0.0045902495261916365,0
67506,0.0023311234984079165,-0.004471967161830737,0.003866331895578168,0
67510,0.003989369515155605,-0.011935012305976045,0.002481835878214933,0
67514,0.00622940704853725,-0.006169435877199536,0.004844298242503597,0
67518,0.008081900271955988,0.005477840825188984,0.00812816752752174,0
67522,0.009071513525177655,0.010885607594168345,0.009177385095722246,0
67526,0.009407928284779765,0.010514909248334092,0.007426534718062927,0
67530,0.007375346564833185,0.005645392216326428,0.005623051215473823,0
67533,0.00245415959137818,-0.0026026351616108556,0.004027815350000408,0
67537,-0.0018603305160520556,-0.010921740520328793,-0.0007055089117408708,0
67541,-0.004622454677396859,-0.007585087620490594,-0.004999324673998273,0
67545,-0.004527889403449392,0.009172589445344048,-0.0051938126835888165,0
67549,-0.0014014667909511003,0.01488994196101423,-0.005462540528457349,0
67553,-0.0011007389132955403,0.001023906837558819,-0.005536481134683691,0
67557,-0.004556121132881286,-0.009340244611027337,-0.0028825237771899492,0
67561,-0.00762290640525809,-0.00799848481652976,0.00045826458136971615,0
67565,-0.007784958088039251,-0.01140806706798081,0.002200749607720043,0
67569,-0.005017227571091465,-0.018903893030392638,0.0014771937181733974,0
67573,-0.001471267535798737,-0.019385730188389516,0.0020446615040238814,0
67576,0.0014900272547371252,-0.014101453891017357,0.004030769570475712,0
67580,0.00230207831752538,-0.010433596424354263,0.005489857082503463,0
67584,0.0004613983085042239,-0.011510749480904803,0.009054555154200727,0
67588,-0.0017153423702296333,-0.014462007089184326,0.011998355176787656,0
67592,-0.0029365850653533254,-0.01754298265843568,0.012146026645034752,0
67596,-0.002528041115891444,-0.014333756465892744,0.011231312941284322,0
67600,-0.0009893492971538853,-0.002629146641906832,0.0110818868787034,0
67604,0.00013743842349200897,0.004004517384728512,0.011661205742182157,0
67608,0.00012650035139649685,-0.0012229787451567553,0.011389681419762682,0
67612,5.9373724141775774e-05,-0.0066856767475718115,0.011016808632590969,0
67615,0.0022396915590138233,-0.0014116470231999578,0.011534864969576841,0
67619,0.0062153153801914884,0.013589435890983825,0.012333426048498769,0
67623,0.007756174217253831,0.020316023331072408,0.009864538242542853,0
67627,0.005638829611563256,0.007294445363635216,0.006288135696551511,0
67631,0.003917490074758834,-0.006516665716935766,0.006451933329780696,0
67635,0.004636870766041357,-0.0062648315748865535,0.006668102944581311,0
67639,0.005514736671186071,-0.003843886053827461,0.005551669432447337,0
67643,0.003648277294708846,-0.00791908070654701,0.0057646630428695445,0
67647,0.0010715489741780493,-0.011633841394974365,0.004193965259047583,0
67651,0.0015561183943447743,-0.013534849211024547,0.0010806171444744939,0
67655,0.002945836357515441,-0.012563729643265464,0.0014518429627314866,0
67658,0.001371698547347866,-0.007533100312947738,0.004388413754910975,0
67662,-0.001092496178626945,-0.005229067598723436,0.007240103221599764,0
67666,-0.000822192591442672,-0.005954645453377427,0.008181476144885458,0
67670,0.0003240577447607418,-0.005687628698952896,0.006925145525052023,0
67674,-0.0005806294783964328,-0.003643863638928213,0.0058576777659754,0
67678,-0.0016075814476227412,0.0005475612833172327,0.005524827038777574,0
67682,-0.000906482180158763,0.002937220710216515,0.004473589758094282,0
67686,-0.0012210831692965884,-0.002526872513934908,0.002760973591312721,0
67690,-0.0022672522764605185,-0.01210199943800383,0.002588855509091853,0
67694,-0.0024077384781953093,-0.01927859282425093,0.004305683702630708,0
67698,-0.0039648538673696665,-0.02357972608570469,0.005412079510408951,0
67701,-0.005708528346668018,-0.0222540929621573,0.0020533905336137803,0
67705,-0.0039616110896141254,-0.01253286052480762,-0.002186313495212755,0
67709,-5.706910101710427e-06,0.0006250918649226556,-0.0017805233837481227,0
67713,0.0014676622660108052,0.007726592916042829,-0.0007345422116085132,0
67717,0.0004635055822507228,0.008644498886833496,0.00044114321330679385,0
67721,0.0012577592838388663,0.010992041947756714,0.004681504049981244,0
67725,0.003514591826322855,0.010676723950997502,0.007501868494803526,0
67729,0.0036760970247994296,0.0035840592273221894,0.004735450206662051,0
67733,0.0005703973012435304,-0.003855922217400831,0.001965612524365279,0
67737,-0.0034800062966249268,-0.00789109615105632,0.001877535199985375,0
67740,-0.005162572687273603,-0.00793080927678469,0.0007583247751950517,0
67744,-0.005161261041088494,-0.010071901626737212,0.0001326116624544016,0
67748,-0.006129718992235911,-0.009682038712008012,0.0019338875210427875,0
67752,-0.007430629931893362,0.010884971510050967,0.005695477627917084,0
67756,-0.006219652439730328,0.03364261005191427,0.0085696272953589,0
67760,-0.002639561085393649,0.028660033395406348,0.007713612441757722,0
67764,-0.0010748162556756258,0.004338158019284055,0.004459162943150657,0
67768,-0.002650699344210139,-0.015483792897995396,0.0019047208480774958,0
67772,-0.0041034093143957895,-0.020971161365620716,0.0013763649298355052,0
67776,-0.004420706085988546,-0.01806684597736785,0.0013175718945190873,0
67780,-0.00409304997664417,-0.01300527334945567,0.0014695222906374317,0
67783,-0.0034379252054109743,-0.00964616291352094,0.0012161893017004766,0
67787,-0.002392540176254121,-0.008687233930813498,0.0003946989001990253,0
67791,0.002548124638997784,-0.0040428571040216355,-0.000863525259073461,0
67795,0.009538872205176907,0.0019519394434857062,-0.0013470762006306536,0
67799,0.011620843711437012,0.005996718700153725,0.0015107287006536907,0
67803,0.009788046495055713,0.011572357076836681,0.0020958640880078816,0
67807,0.00851268876562672,0.017110301900237435,-0.0023613002937513117,0
67811,0.008342962001675613,0.018660262036023223,-0.006236373199220935,0
67815,0.008911632134718794,0.017828076886665656,-0.007841938344921084,0
67819,0.010899836940219454,0.016832405833987707,-0.005746649819607458,0
67823,0.011551780615924434,0.012679347030108534,-0.001726797775769645,0
67826,0.01050003955601686,0.009878780571208168,-0.0011721230611188571,0
67830,0.011233842139861339,0.015317441545144916,-0.004613226367754436,0
67834,0.012708547039728235,0.02383328627912018,-0.007470543738810287,0
67838,0.012855121875518405,0.025348682358603547,-0.0027915212532361178,0
67842,0.012399409505472248,0.015110726798879703,0.005205256678247228,0
67846,0.011114559759107467,0.0023769858509226083,0.004643772826829928,0
67850,0.007357230431876638,0.0016293430448448554,-0.003562349227290984,0
67854,0.002536562688911337,0.011400336772819486,-0.009025268916800305,0
67858,0.0008700440746276517,0.017973968508012028,-0.007161166717448847,0
67862,0.0020566258143962513,0.017059315240842476,-0.0026619632034450835,0
67866,0.002348481113315648,0.012929163161062185,-0.0010246042687056534,0
67869,0.0024123970067067013,0.008883043714289052,-0.001714743260237378,0
67873,0.0032204215472205755,0.007846755552815665,-0.0008006177441338136,0
67877,0.002100678056731975,0.005612958537625445,0.0024837782851527823,0
67881,-0.0012975338689090732,-0.004173496451609804,0.003743449671688992,0
67885,-0.003947426549184896,-0.014129879563265835,0.004065364420715284,0
67889,-0.004277677644426325,-0.01446322331593386,0.00568924932926565,0
67893,-0.002911097253630812,-0.010265168856732565,0.005188673378721614,0
67897,-0.0009723477223078092,-0.008937194832071338,0.002338220327842422,0
67901,0.0012592932438114657,-0.008379199555331951,-0.0006163817593927423,0
67905,0.006457740359495534,-0.001972260561994066,-0.002603798345026054,0
67908,0.012352932690557372,0.008985409477351602,-0.0022039849936160427,0
67912,0.011011459486344188,0.01275331234685062,0.0005894459942662744,0
67916,0.005281691256491916,0.0065982077179307375,0.0008212587730822007,0
67920,0.003399689388710714,-0.0014791694345928086,-0.005095032817257206,0
67924,0.00421529978075641,-0.006581815101457611,-0.01478530260962696,0
67928,0.004034912392809731,-0.008683462292751187,-0.02162445072721339,0
67932,0.004115914322483372,-0.005649815068474506,-0.017417137296283247,0
67936,0.005195604166069345,0.0026651426833903535,-0.0009061668139683787,0
67940,0.006421095930402743,0.012329945448696922,0.018965448785468825,0
67944,0.0076511231924513146,0.022662380716211405,0.02531881255871457,0
67948,0.010052605348534582,0.029728653266136718,0.007310158812486006,0
67951,0.01352675604212239,0.03123499609065883,-0.02435986905894999,0
67955,0.013505978108372618,0.03135197155446123,-0.04957515203673482,0
67959,0.007912998765629342,0.0273817033633188,-0.053061927501185824,0
67963,0.0013673263186967377,0.016535101945704955,-0.03431634589168883,0
67967,-0.000306931435451574,0.007315971801927557,-0.008963969284363327,0
67971,0.0035632754052435933,0.004857526504333798,0.008831710881204186,0
67975,0.006243128546430277,0.003999215889881391,0.015485532087584186,0
67979,0.0036206067469839454,0.0021772185211714756,0.014253561177968666,0
67983,-0.0005479983711650371,-0.00011156493311537119,0.010008366502942567,0
67987,-0.0049779078640006524,-0.005227213413364407,0.006868114200972997,0
67991,-0.00887799516884269,-0.011342602631158272,0.007795804969951137,0
67994,-0.0063686937768496765,-0.009746814718315289,0.011279915620256986,0
67998,-0.0018858562045838134,0.0025746024401200884,0.0111944628251055,0
68002,-0.007092938915918667,0.01672804165055597,0.007343951782999597,0
68006,-0.015239364989788284,0.015026782577148623,0.004197578940982355,0
68010,-0.01758609174967396,-0.004672104759514184,0.0022457662893428376,0
68014,-0.017998621365339362,-0.0143909301298355,0.0009326625239706732,0
68018,-0.01671080751211096,-0.0021719527696908436,0.00011860561778398448,0
68022,-0.013518795124481842,0.01758573869082225,-0.00037811590823652597,0
68026,-0.01121147567817038,0.022640735385543564,-0.0008713897877799803,0
68030,-0.009783480329220828,0.0017204754147854828,-0.0025389251983988226,0
68033,-0.0094445231547442,-0.013184515565181965,-0.004602171690156642,0
68037,-0.010333092332821203,-0.005965379571451379,-0.005279121959394728,0
68041,-0.010111966394449445,-0.004103521203608462,-0.0040451714201704125,0
68045,-0.009350964225583014,-0.004487585741283162,-0.005938917901750773,0
68049,-0.009062220328426851,0.002760497609398005,-0.009844003392206896,0
68053,-0.009409222996853095,0.0011440576477643738,-0.004483597968107739,0
68057,-0.010705796934639689,-0.008642934582293371,0.0038126991586515113,0
68061,-0.008989960551329168,-0.017397725110066986,0.0058342083174371395,0
68065,-0.005665449932482303,-0.014379203883675196,0.008231706773341035,0
68069,-0.00476723229709175,0.001659972520057007,0.009951127640051377,0
68073,-0.0014245105241804668,0.011676791842757606,0.004877489571781191,0
68076,0.005772749783510167,0.009034939803219011,0.0006971626437544121,0
68080,0.01037905427433461,0.001381750172730456,0.0006541520829747294,0
68084,0.011395163234018457,-0.001718620944744842,-0.0013509980011030265,0
68088,0.011245105250063392,0.003410035040653625,-0.002410933578075203,0
68092,0.00910707740812422,0.009883064434624167,-0.001188955909591588,0
68096,0.0073682333148638035,0.011139784829452992,-0.0006491600401434261,0
68100,0.009080882202329499,0.010548399523536034,-0.00010403364153660499,0
68104,0.011386631349272758,0.011312603404749488,0.0011332989720641007,0
68108,0.01080334556033824,0.012373463165075815,0.00250621317398228,0
68112,0.008258469404493929,0.015567780423809907,0.0030192458955471124,0
68116,0.004045058296638038,0.016444224878120917,0.0028143255049633,0
68119,-0.00010515952425116382,0.012400352970916906,0.004364983058045113,0
68123,-0.0016640065312785168,0.007379158669000407,0.007157518941096508,0
68127,-0.0012587416994467304,0.005223932331429371,0.009211774261125072,0
68131,0.0002141031527830295,0.0060548550439700755,0.011305829936138129,0
68135,-0.0013829308095586468,0.002162276210858405,0.012253584712679316,0
68139,-0.005754758542017124,-0.006202357233445088,0.008464290154423626,0
68143,-0.008975602466355204,-0.009417402928343144,0.002315798471864916,0
68147,-0.011542202280621638,-0.00018651092110255618,0.002487793729067378,0
68151,-0.012819580292626753,0.01612623937450941,0.0064300960350872904,0
68155,-0.01631051265373551,0.018796474392159368,0.006972030362299375,0
68159,-0.021780435185767444,0.0032230348037538548,0.01079946052487843,0
68162,-0.021685950340595617,-0.007384176414849453,0.01415016328062732,0
68166,-0.01869908987615687,-0.0038460704230711684,0.006724957003085258,0
68170,-0.016739795377743394,0.001702359609658366,0.0015687067735455085,0
68174,-0.01311832506152888,0.0013528291976179219,0.006212616578235602,0
68178,-0.010328587061348538,-0.006236414912707211,0.010061807848229243,0
68182,-0.011576823744574138,-0.008898040795626283,0.008549967111933038,0
68186,-0.01390694342882548,0.0031572525767442627,0.004747103316696616,0
68190,-0.0166855968506866,0.012942706141178206,0.00028366124854187214,0
68194,-0.018008608117222047,0.009202598052166167,-0.0028085090346647856,0
68198,-0.015956999874986777,0.005859488533261459,-0.0037452700451615084,0
68201,-0.012869187469357835,0.010828074357467354,-0.009287902198225173,0
68205,-0.009520205483438349,0.009567298253672085,-0.019423595293137225,0
68209,-0.0076336286112578255,-0.003855039060641552,-0.02495102904642707,0
68213,-0.008268882949171052,-0.008739142893514629,-0.021354793758550983,0
68217,-0.0077952335403025375,-0.0015865905820189319,-0.005871094011326905,0
68221,-0.0025440003765259123,0.002020260639060467,0.01882988261204202,0
68225,0.006484239733765662,0.0011828326863509986,0.03468042977570082,0
68229,0.014561977976585316,0.0031582434008372573,0.027300215207172213,0
68233,0.01798325666237144,0.009830307376520686,0.00826205061283325,0
68237,0.015420757828830345,0.010704334916805003,1.2364105480167087e-05,0
68241,0.008509233373416358,0.0018112064986275378,0.0030575406636292324,0
68244,-0.00013724369228040878,-0.0023768872606324543,0.0004033818191895855,0
68248,-0.007808303730711286,-0.005088044454894636,-0.007379413642016053,0
68252,-0.008306190179225958,-0.016065935857795477,-0.008941971102292251,0
68256,-0.004328821599855037,-0.015108246329668784,-0.003163376351575403,0
68260,-0.00429123093798256,0.006573070279856541,0.003379164368914278,0
68264,-0.006422529738874805,0.02957050208432177,0.004744821427838414,0
68268,-0.005987727538346754,0.031687545303363596,0.0006136540570693405,0
68272,-0.0003449300142848166,0.01230727818553845,-0.006813769263643327,0
68276,0.00595842176498218,-0.0049871729519948005,-0.010699337183709579,0
68280,0.004254942050372024,-0.012157133415311883,-0.006187594935406104,0
68284,-0.00020074341024212128,-0.018176728082905047,0.006167965662794234,0
68287,0.00033374881076952967,-0.024836450255675935,0.01837053620202611,0
68291,0.002027891076940569,-0.02443436627807527,0.019049713498377446,0
68295,0.0007309286285135386,-0.018792294803728016,0.01128482329799027,0
68299,-0.0018514858115706856,-0.020489448323524506,0.0053433907320593055,0
68303,-0.0030061004177351913,-0.02917418563977936,0.0025048059273510004,0
68307,-0.003624614563512485,-0.034096056164599986,-0.001261481295826733,0
68311,-0.0047633764007195545,-0.023943170879884512,-0.006579773488478602,0
68315,-0.007491700483650776,-0.0012430643285519238,-0.009349300448627917,0
68319,-0.010270968307578676,0.005501861525647911,-0.007262179412189151,0
68323,-0.009092319324188525,-0.0054808824148326885,-0.004442111625036271,0
68326,-0.007208526061558862,-0.0055824847701773095,-0.004677739281586463,0
68330,-0.007736149071543852,0.005289793121221464,-0.007205052331837297,0
68334,-0.007649127615275808,0.020136719830483152,-0.009199417981879898,0
68338,-0.006754363366724303,0.03346785110599182,-0.009428886962839889,0
68342,-0.007307157195355463,0.03275203059612197,-0.007686732029933613,0
68346,-0.006671413965692596,0.01649908004551115,-0.005447215516181353,0
68350,-0.004405262230050666,-0.004073750591598202,-0.006457993176326504,0
68354,-0.004369659604634868,-0.017601787110089084,-0.004717566673093004,0
68358,-0.00416946507475946,-0.025126412415936716,0.0015219062848308706,0
68362,-0.003352688565699702,-0.021075989723533084,0.0006516247782354934,0
68366,-0.0040689649728227195,-0.007936184378035893,-0.004574514689301201,0
68369,-0.004051737690927815,0.0035949240357560086,-0.0051487631502485365,0
68373,-0.004670869532420574,0.012594315785702914,-0.002289930320084399,0
68377,-0.005626160721520446,0.007828597606692522,0.0024154075310161838,0
68381,-0.0025650662999833207,-0.009200025137011458,0.005673970297651154,0
68385,0.00010568311862102497,-0.015628105123949076,0.0023920963422438546,0
68389,0.00035067136492916706,-0.008436906310780312,-0.0020297496378238744,0
68393,0.0018754821299812319,-0.006530516883413995,0.00018774990115388857,0
68397,0.0010440829494492432,-0.016132793680919022,0.003828727446220509,0
68401,-5.26679031596089e-05,-0.02348410515212329,0.007251722023823098,0
68405,0.0028515249097077477,-0.02119007282653973,0.011465618469852251,0
68409,0.003701807706628646,-0.021294193860778687,0.008065205341771436,0
68412,0.0022577137479390386,-0.025555122694235877,0.0011167759653435971,0
68416,0.0025734437004650834,-0.023515971644408662,0.0005606869194097197,0
68420,0.0007533176263935237,-0.014281317000467642,0.0030362403046515773,0
68424,-0.0022789465873069847,-0.004864993877335522,0.0011551666571928132,0
68428,-0.0019815084506512592,-0.006464713375077036,-0.0036033857483459553,0
68432,-0.0009911252458084663,-0.01886555327243089,-0.0028764967102107297,0
68436,-0.0019495176698859362,-0.021801038570351317,-0.00046676771782003246,0
68440,-0.0033118323754257606,-0.009330078954945087,-0.00219215777703205,0
68444,-0.0014995297910550542,-0.004044508438475702,0.003960189760075256,0
68448,0.002862004625538539,-0.009486089279667098,0.016480237664436903,0
68452,0.00490650643211199,-0.015414019227097953,0.01650189807995911,0
68455,0.0025241795477024542,-0.01596292195990401,0.006562043148636065,0
68459,-0.0015087966850725332,-0.0072487103146468,-0.0004717454361888307,0
68463,-0.0020461661693138566,-0.005825620705883772,-0.0027454572875088568,0
68467,-0.00017628546255243904,-0.01785395272786694,-0.0032873264128179536,0
68471,-2.2153103265254437e-05,-0.029307087887693317,-0.0035470669196355775,0
68475,-0.0012295676486215878,-0.02629026825120029,-0.004004934000208571,0
68479,-0.00243608184705435,-0.009738322391634302,-0.0033781273074517115,0
68483,-0.0027245683045048485,-0.004811091772378262,-0.001581782205587745,0
68487,-0.0016441824661037607,-0.014554842770864163,-0.0025404934119225286,0
68491,2.9689819096345715e-05,-0.02173415513731225,-0.005482899904973582,0
68494,0.00010203233559236136,-0.016658592045334597,-0.0058149224216123285,0
68498,-0.0016262536591951093,0.0071185108460789515,-0.004795579289869956,0
68502,-0.0029257174232618643,0.032995453161092314,-0.004222566078757428,0
68506,-0.0026787419326499418,0.03447589199192125,-0.0019771369679311424,0
68510,-0.0029041490415726567,0.017398192743792507,-0.0007912599858491687,0
68514,-0.0034041515660204746,0.0033445834179448575,-0.00713882371296895,0
68518,-0.0016779914822436792,0.0006736762564343302,-0.01355835836709307,0
68522,-0.000515072628459512,0.00645620563005922,-0.008722240383672836,0
68526,-0.0006104697833900774,0.0014286980722553189,-0.0008448400965247738,0
68530,0.0006343127281868144,-0.017821363221977915,0.0011273641964242853,0
68534,0.003425779825261599,-0.028471072883590853,0.00212779051812928,0
68537,0.006248313191325239,-0.021758359174489428,0.004141731709935342,0
68541,0.006132813652570457,-0.012948350698743116,0.00046106695286171617,0
68545,0.002696703717639526,-0.016384848131959284,-0.006313135893120547,0
68549,0.0005079860411728587,-0.024552626857629267,-0.008378434605674029,0
68553,0.002167189640139844,-0.023685995335718246,-0.007880214714750672,0
68557,0.00408349578888767,-0.019166345887858593,-0.007220862808113071,0
68561,0.0037860619063848633,-0.019078048371582668,-0.00626669733530133,0
68565,0.001409925162079717,-0.013004578137092881,-0.006058139932323653,0
68569,-0.0007166715292322712,-0.0017732172840911886,-0.004936075923015398,0
68573,0.0022813202188758375,0.0001535115720443514,-0.00366288459643474,0
68577,0.0063122798855128615,-0.005982373464109347,-0.004700072385507764,0
68580,0.004708125186797529,-0.011495614860563386,-0.004074137975245418,0
68584,0.0018438907650013547,-0.012048269725714711,-0.0010857301804488295,0
68588,0.0016809845910970012,-0.012779313219713817,-0.001579748823530791,0
68592,0.002724081077222773,-0.019116679048975183,-0.005098774233998321,0
68596,0.003899023268631452,-0.022771851649821873,-0.0056233814561150175,0
68600,0.0028283012706156185,-0.016075451387813633,-0.002287018243311373,0
68604,0.00022794269799120137,-0.004728018280074853,-0.002748027934396602,0
68608,0.0003821650265593002,-0.0017746439954895443,-0.00873983900856129,0
68612,0.0008611255361604675,0.0005193693039449165,-0.00967895045426806,0
68616,-0.0009658852459262235,0.02006403669864598,-0.00305990102789111,0
68619,-0.0017448287199737234,0.035728511558012155,0.002434421592557079,0
68623,0.0007213887918159356,0.022104508962569547,0.004311962960802163,0
68627,0.0032588901392950342,-0.0036685627492931694,0.004704180504203015,0
68631,0.0025347267911982607,-0.019079667602243777,0.0011340972235265312,0
68635,0.0025008839487254964,-0.023698517089131066,-0.0038502824567583083,0
68639,0.005188909140188769,-0.022716847160326736,-0.002625966975514704,0
68643,0.006453278875134805,-0.015214207360874532,0.0015253257864790148,0
68647,0.005640367044821737,-0.005373086298496865,-0.0012736477560872372,0
68651,0.005257340965676982,-0.0021081738504293845,-0.01081286490671729,0
68655,0.004194675818594451,-0.00904284126822752,-0.019385020910141243,0
68659,0.0003780684081082786,-0.013422889185720877,-0.022521239853359964,0
68662,-0.004218981192302351,0.0021841095204608862,-0.014459147697430341,0
68666,-0.004865641938730736,0.019605374505491824,0.008582193156873807,0
68670,0.0008869350005102916,0.015525519283591471,0.03132870792606254,0
68674,0.007475582834100769,-0.001344141415247968,0.03172608028303639,0
68678,0.008087470845852485,-0.014519164670221407,0.008299264704506398,0
68682,0.005992449349967455,-0.01573491206537181,-0.018612857638896835,0
68686,0.005008646552773222,-0.012326988583111653,-0.03031672378777822,0
68690,0.001953022907536961,-0.017048228411673083,-0.02771623611006435,0
68694,0.00019477871821205195,-0.023523394225131167,-0.023851590975254078,0
68698,0.005203097252413413,-0.015136483397268474,-0.019884373765149538,0
68702,0.01329209606660453,0.0032342281763346747,-0.009013561193063374,0
68705,0.014358936569305758,0.007918043440710676,-0.0003662858922864054,0
68709,0.00866894888401104,-0.0020323039143277377,0.0016379049452995842,0
68713,0.0059051550629434235,-0.00582643690608986,0.005012041812066381,0
68717,0.0033532786621528476,-0.0023213709981213526,0.008705565197947712,0
68721,-3.214595076717064e-05,-0.004570261828634514,0.00841962109775507,0
68725,-4.172007535474531e-05,-0.012315949799527104,0.004755118094530969,0
68729,-0.00013567328962293956,-0.008292535750620278,-3.6964000310196754e-05,0
68733,-0.002296036564614523,0.01663673508266683,-0.0038855289435191787,0
68737,-0.00387971037951107,0.03143527952861325,-0.005024944920323432,0
68741,-0.004521652631841677,0.017324606108763074,-0.002132151245647279,0
68745,-0.0050477282305124715,0.010747893123589591,0.003083032974927208,0
68748,-0.0047226863633762495,0.02611723383723108,0.0009007452504983804,0
68752,-0.004008579953150959,0.040927987110841446,-0.00957196356097706,0
68756,-0.0025596271385766034,0.04138046083070179,-0.012706838229965517,0
68760,-0.0005444802803006299,0.023194034175622047,-0.007245569351567782,0
68764,0.0025470460953047613,0.003740858285069759,-0.0031916492503597793,0
68768,0.0054973191424537715,-0.0048565485270559705,-0.0016141635205798588,0
68772,0.0027369372386847335,-0.006831338900989525,-0.0025357652521691976,0
68776,-0.0021787036138588567,-0.002726591810318091,-0.004202103592526485,0
68780,-0.0020871832017163028,-0.0044876670384850215,-0.003145917417950256,0
68784,-0.00022025178360651765,-0.006617950988418109,-0.0013572564776433982,0
68787,-0.0013264750379136103,0.010899866880813125,0.0010119493722416106,0
68791,-0.0024896248364565388,0.02730377622244129,0.004919337124027284,0
68795,-0.0016101697958896821,0.015524041687797308,0.006033189049251181,0
68799,-0.0012706650547270604,-0.010639605824714238,0.002971663837601557,0
68803,-0.0020327073672288254,-0.018963618495467127,-0.0011364647936930317,0
68807,-0.0020103143948529967,-0.0034879520754995674,-0.0035562272493998293,0
68811,-0.0005863797608294252,0.005500871234124016,-0.003916696455209062,0
68815,0.0025191617164077584,0.00025777291021311655,-0.0029765174226993596,0
68819,0.0063524789769559,-0.0045946012363198285,-0.0014701247203286194,0
68823,0.008151402202472569,-0.008536744554941134,-0.0009353598379407413,0
68827,0.008281435533878723,-0.008280759253252779,-0.002008124819353002,0
68830,0.009021653707448007,-0.0014177817647387236,-0.003301081590945054,0
68834,0.010735178455917982,0.0022896326174133286,-0.004702529438510378,0
68838,0.010826815627549613,-0.0022842302439709528,-0.00634748671082333,0
68842,0.008044265959888497,-0.009435848130563862,-0.005811342609324838,0
68846,0.003818553578053163,-0.012780335106003182,-0.004070752366775482,0
68850,0.00078919442971781,-0.011750311809142655,-0.003121613674659879,0
68854,0.0014147185132831197,-0.009636963803939746,-0.0011767669380432222,0
68858,0.00395241802057511,-0.006709433224739492,0.0027266004606035232,0
68862,0.004199664853537954,-0.004198475797871026,0.003958615547449029,0
68866,0.0023552645686074625,-0.001663255284237497,0.0016696089670812653,0
68870,0.001322353896727635,-0.0011396958990235184,0.0011664882043168068,0
68873,0.0018839807682133891,-0.009645552379936362,0.0010674794847903846,0
68877,0.0026341153276547846,-0.021872721857002286,-0.0003770169509375587,0
68881,-0.000522373524637465,-0.022813299621293304,-0.0003333443307072248,0
68885,-0.004691581707268799,-0.011493462145530042,0.0013849980312319876,0
68889,-0.003495527232811435,-0.003154718389512645,0.0021853669902313355,0
68893,-0.0010834942688376925,0.0016196294280299561,0.0016319495948757257,0
68897,-0.0016261545913928144,0.008819361497330203,-9.214270774521305e-06,0
68901,-0.0017505646665566532,0.01073596926941578,-0.0031171091974107057,0
68905,-0.0010686895625870996,0.0006828336024762294,-0.004066657043479138,0
68909,-0.001957366156079665,-0.006121604061212427,-0.002106068689032403,0
68912,-0.0036113749254348404,0.010204512409945021,-0.0022060315728787416,0
68916,-0.0034962724359900443,0.028337425264641336,-0.0024608471102720852,0
68920,-0.0017418868338274773,0.018891655594702517,0.0017200969563627988,0
68924,0.0013249180489363077,-0.003932003565151998,0.004874565091670502,0
68928,0.0044594481762300076,-0.015773976757837982,0.0038348810393160904,0
68932,0.0006037077232219357,-0.017190294263362826,0.0003025418084494358,0
68936,-0.006619421259984826,-0.018490324849961493,-0.010198574537919614,0
68940,-0.008221183638097207,-0.016081631774945482,-0.023710412628050237,0
68944,-0.008445742662766653,-0.0002616187806250281,-0.02558268542080419,0
68948,-0.010850260799615263,0.013933660398177672,-0.01123383668822478,0
68952,-0.00854434647840474,0.016191957391899603,0.010992614377915516,0
68955,0.002592554077334497,0.017315274265460534,0.02468258906128057,0
68959,0.012149790185366882,0.01567158627056875,0.018368761848671533,0
68963,0.011570037345663753,0.007942515311468057,0.0019453025294990378,0
68967,0.005759668773818394,-0.0009048028094089666,-0.008805537662709417,0
68971,2.708906767112662e-05,-0.0009326515972203353,-0.012358145890376732,0
68975,-0.0021669224162338407,0.007635853566291484,-0.012927651508249843,0
68979,0.0003669736481928254,0.00682290521318496,-0.01092326777227487,0
68983,0.004655637206102403,-0.0025478158946152796,-0.009475991292732189,0
68987,0.007465642747267465,-0.003942591379206384,-0.010278634366024525,0
68991,0.006410376249052163,-0.0017764595943394745,-0.010271626400494865,0
68995,0.002760681730946679,-0.006400209278009328,-0.008388401015373526,0
68998,-0.00017099890256611072,-0.012802492876196059,-0.0035202932531483155,0
69002,-7.033922222687838e-05,-0.013144327995143534,0.0011446554434199896,0
69006,0.003763534920355749,-0.006380126091384941,0.0044979418225010726,0
69010,0.009388706402600477,0.0015967293071046385,0.009640847536147662,0
69014,0.015344679124536742,0.010825502008064092,0.009105727939437092,0
69018,0.017669283231725785,0.01832276743464467,0.002849088208612266,0
69022,0.012608986930024324,0.01623102396875087,7.563280769612435e-05,0
69026,0.005079787629558075,0.008527486773274529,-0.0006239103658221556,0
69030,-0.0005516953071351693,0.00799269299885319,-0.0002449937785184153,0
69034,-0.0024890831053396845,0.018067139131122012,0.00219149511132094,0
69038,-0.0007962840786489567,0.01983664148325559,0.002296651723513038,0
69041,0.0008307368607228804,0.008936167932243055,-9.575642151263275e-05,0
69045,0.0017380323210400839,-0.0032150787679214865,0.00047419221853778337,0
69049,0.001231464208619193,-0.013343918972136048,0.002993448847927821,0
69053,0.00019645151109071168,-0.017576670473373746,0.002753510568702905,0
69057,0.0010861509060678953,-0.017922047409707265,0.0005898353877694107,0
69061,0.0017455797492013092,-0.017065459288559737,-0.0007251096434396087,0
69065,0.00108848484292412,-0.009506779280318511,-0.0013151940045084964,0
69069,-0.0001541455049497431,-0.0005518784959992473,-0.0016390368009681078,0
69073,-0.0004003945530877129,-0.00016518708480894873,0.001424613298406402,0
69077,0.0023195873300764225,-0.0003410237543572947,0.007103467282562087,0
69080,0.0052987569574213245,0.006220343090709957,0.008950977289433476,0
69084,0.0036312053598280825,0.015088080136563597,0.004059396216715527,0
69088,-0.0013951325352611343,0.018484339796149385,-0.0015487347938877016,0
69092,-0.003045304690570516,0.011612211932420013,-0.0003853769817093178,0
69096,-0.0010549596785550674,0.0025664240201335176,0.004256291536083867,0
69100,-0.00044691449733103017,-0.004183204065636215,0.008959879277302435,0
69104,0.0013116627550843196,-0.009618193418844179,0.011340000883454104,0
69108,0.004458207630950395,-0.0030629870446094998,0.00962527857457085,0
69112,0.0005333280679106212,0.014653841673073043,0.006881347289850237,0
69116,-0.0062698813814804355,0.0175555265169276,0.002903082966020293,0
69120,-0.006351601888709313,-0.0008100010704565896,0.001243925641125243,0
69123,-0.0047229681567326764,-0.013830324820312434,0.002884771371301137,0
69127,-0.006569706188041091,-0.00664061134212357,0.0019062135919598877,0
69131,-0.007176484026914731,0.013449392219277101,-0.0017613229809676778,0
69135,-0.00488132109359829,0.02639066200090001,-0.006218466431441638,0
69139,-0.0031197134658212944,0.02375847927267527,-0.00888145916039182,0
69143,-0.003045042737629511,0.015502404179443374,-0.005247381634574194,0
69147,-0.0027685254753176958,0.0021468734024456815,-0.00041828005848465466,0
69151,-0.001478226086816914,-0.009093637920050135,-0.00048452214628355583,0
69155,-0.0004863061169309013,-0.010447708310346915,-0.0002108830482057955,0
69159,-6.653677185697315e-05,-0.009124613119018576,0.0025730517619463322,0
69163,0.0007313978134361188,-0.006516969494212432,0.0033900589297437,0
69166,0.0014942359220569967,-0.001984516786522228,0.001034502390241887,0
69170,0.0007741364578625065,-0.0005327349904238332,0.0029001236437141975,0
69174,-0.0009347211988566251,0.0026929489368781034,0.00985200761367891,0
69178,-0.0013784957333311532,0.011538117355836874,0.009857475249028469,0
69182,-0.001324576473849648,0.015836979049695277,0.0025811476211398954,0
69186,-0.002473769658886127,0.015648785835881807,-0.0035897548527648315,0
69190,-0.002559292125429158,0.022526087201431455,-0.005705233303291091,0
69194,0.001557706812864379,0.035923267109947865,-0.005489627927474872,0
69198,0.007397259675176016,0.03509489779581987,-0.005434323823095333,0
69202,0.006995681190214098,0.016961731184605977,-0.004668194571204376,0
69205,0.0026258255965819766,0.002885980647034714,-0.0016462661117604416,0
69209,0.0009056824257720475,-0.0003586744372960915,0.001955516953861841,0
69213,0.00041456467643241623,-0.0009392726442594146,0.0017706472638537307,0
69217,-0.0007915478334865611,-0.008793451960699805,-0.0008788057772809443,0
69221,-0.0017356817144038583,-0.019649029723135314,-0.0022925639660151265,0
69225,-0.0014601317484350673,-0.02084208477146854,-0.0020530982446042567,0
69229,-0.0012978693577998524,-0.016900818475836576,-0.0014519120285774456,0
69233,-0.0012672386186433071,-0.01663732830557807,-0.001965790129392575,0
69237,-0.0019916320054169656,-0.01041416666143391,-0.0016239437332158102,0
69241,-0.00443730160762057,0.010009447883265743,-0.00014881513704084748,0
69245,-0.00549777066126611,0.03499310480700624,0.0007774583693329895,0
69248,-0.0036831170856025386,0.0452139521121393,0.0008404654657312161,0
69252,-0.0011535538532853051,0.03078801727006031,-0.0006901777680768661,0
69256,0.0005928087809980997,0.006895047214317884,-0.0019579019312446766,0
69260,0.0016832760921864365,-0.010708630708935463,-0.0012967584000702082,0
69264,-0.0007071065932646725,-0.01593103078881164,-0.00010043690839423025,0
69268,-0.004990761585308534,-0.008375716508046693,0.00021833186213748856,0
69272,-0.0037976018428699243,-0.0019178992470756384,-0.0006608273259830211,0
69276,0.0008093306051297766,-0.00148505580206848,-0.0009884594788481527,0
69280,0.002689466620662162,-0.0018705078349352533,-0.0016306474194199838,0
69284,0.004471030698058764,-0.0017933250568478165,-0.0036563693896543847,0
69288,0.007299259301201122,-0.001327551379605385,-0.004483082930109655,0
69291,0.004553984808873701,-0.007839402302791232,-0.0035368832711067666,0
69295,0.00029079548473265326,-0.01609703326093692,-0.0016883498727090218,0
69299,0.0012274689266995598,-0.013349809456519868,4.8795094610226686e-05,0
69303,0.003384502993171279,-0.0073619987754391936,0.0011059070329869358,0
69307,0.0037432650637629905,-0.010605906485338323,0.0023184633276932265,0
69311,0.0024835260914196633,-0.016456089361940318,0.0019732065159346612,0
69315,0.0014318076698506266,-0.013073159355282193,-0.0019020291232184905,0
69319,0.0015316437646654135,-0.005172093195205729,-0.00587609596580646,0
69323,0.00120711830203446,-0.0025849651179461475,-0.00458192887871009,0
69327,-0.00113293224694766,-0.0023160159814628045,-0.0001277772803802979,0
69331,-0.004382634503664384,-0.0010728147815388667,0.0013093057505307315,0
69334,-0.004100548962715167,-0.007196553736883882,-0.0004067872012083751,0
69338,-0.001129948855390861,-0.017553984052561145,-0.0029182412132667257,0
69342,-1.1621706075604088e-05,-0.018547344711684843,-0.002649816261139054,0
69346,-0.0017295884474238798,-0.0063567749445909705,0.0008292379001226535,0
69350,-0.003723549403060966,0.008905314821651356,0.003638612508108763,0
69354,-0.0069056849774933315,0.014032950735523464,0.0060085432937831695,0
69358,-0.01120074773066193,0.00626679011621345,0.007050593979371356,0
69362,-0.006708456525073014,-0.006690245073261547,0.005153191365137644,0
69366,0.0021613889361490335,-0.015113411613608463,0.0030298858638825588,0
69370,0.0031047944739882594,-0.020762772104751637,0.0009777125060791425,0
69373,0.0023811229833385905,-0.022590622642689517,0.0007385499871325196,0
69377,0.005448752161122727,-0.015946663960187735,0.004425042915765842,0
69381,0.005441023563039105,-0.00986591827307759,0.006186263587679708,0
69385,0.0011277512081864227,-0.010651055896776729,0.003571057416731749,0
69389,0.0004585372832766055,-0.012790266484569823,0.001058322643716525,0
69393,0.004244622629708816,-0.012551570781136334,0.0038503786247133798,0
69397,0.004734181555717809,-0.011191920320005266,0.007584759371951605,0
69401,0.002165642922598243,-0.008916118165535725,0.0037066003094939903,0
69405,0.0018686597444044217,-0.0053690544423536934,-0.0012102674504899658,0
69409,0.003295911232094384,-0.001531645069986265,-0.001260989897233472,0
69413,0.003440268743773345,-0.00018648765447304427,0.0011347217773406693,0
69416,0.001585922679686158,-0.0032996644994809365,0.0040449631456794255,0
69420,-5.0264728796323155e-05,-0.007931637863752172,0.00327656764976747,0
69424,-0.0026817771687531744,-0.008833943748378204,-0.0006801852178713041,0
69428,-0.006323427072416177,-0.008075695084197587,-0.0032760451504572907,0
69432,-0.004439725480267831,-0.007530567647908715,-0.004168564017079518,0
69436,0.0006235647484339468,-0.005541964044123215,-0.0021890762755825965,0
69440,0.0005126073144321452,0.0004454727121543378,0.0020156542759104112,0
69444,-0.005662027901458644,0.014151892160690238,0.0025180149845941413,0
69448,-0.01099741323207748,0.0165229423605191,-0.001462692846341096,0
69452,-0.007185363470416983,0.0010484256403602288,-0.004775100623060302,0
69456,0.00017405282991966864,-0.009205733211045342,-0.003075476879855127,0
69459,0.0016792619385510577,-0.013286626564298576,0.00155020496008762,0
69463,0.0007232335050375571,-0.018686942286163077,0.0046575346034094245,0
69467,0.0007097182460930052,-0.019788783241076136,0.0027540679861054462,0
69471,0.0009588697064594198,-0.013474308153350822,-0.0044320178716514,0
69475,0.001746441163844592,-0.004073834386788988,-0.009621561976569548,0
69479,0.0020339108430049713,0.0007243071646225729,-0.009458251491317793,0
69483,0.0029228317905097834,0.0027707949874886673,-0.005522455163215284,0
69487,0.004806243577008318,0.008304987725642032,-0.0012037436201104146,0
69491,0.004353163742533583,0.011614077018501145,-0.0003133713496812074,0
69495,0.0015904363672241129,0.00670837036416394,0.00016013181265742138,0
69498,-0.0004944675749741778,-0.0025115127716253127,0.0011177856780893725,0
69502,7.120307091179612e-05,-0.007704992421903256,0.0023133906629860257,0
69506,0.0013206012800193179,-0.009010666405690149,0.007438691437964162,0
69510,0.0012775319592726042,-0.011584180929509191,0.011729138978539583,0
69514,0.001550368987283668,-0.011386992067613733,0.009491352485177601,0
69518,0.001553825716713697,-0.005385743245623242,0.0043680344363669354,0
69522,0.0004940700572581003,-0.0008919675609635469,0.0007644294058247736,0
69526,-0.0010991562773687846,-0.005031893217950056,-0.0005924087705145853,0
69530,-0.0024774298021267294,-0.014174861759108204,-0.001510606434209305,0
69534,-0.0044620844779441615,-0.015411987354230217,-0.0033158932727344603,0
69538,-0.006548183530440954,-0.008576873541350949,-0.0067016712640971254,0
69541,-0.005268178570188464,-0.009056485588707197,-0.01435955452590526,0
69545,-0.0014137008801176076,-0.011482277538600094,-0.023219516158162645,0
69549,0.0018457082473161135,-0.003687904616264781,-0.023133225088102782,0
69553,0.00116910607095988,0.008704713175187173,-0.004678701425604115,0
69557,-0.0016570411410152808,0.01752666689008331,0.02315908557194321,0
69561,-0.0006513145641153795,0.015732916553931275,0.03372101698258201,0
69565,0.004229902326105761,0.008602233901670253,0.018540303309115602,0
69569,0.008022121487181288,0.00652033141270536,-0.00774765693656157,0
69573,0.005890236245611802,0.01430420250484632,-0.02379158061938466,0
69577,0.0003500744216554663,0.026205037396004993,-0.019625287623494636,0
69581,-0.0021933338542294845,0.023100411920938146,-0.008475259428491422,0
69584,-0.00021096868217662657,0.006210914740703011,-0.00629396865546919,0
69588,0.00645435167174957,-0.005620456262406037,-0.010601103665140083,0
69592,0.014533027618552907,-0.0006704446149301546,-0.009191154547356695,0
69596,0.017660117843825374,0.015888174708014624,-0.00047776040612620974,0
69600,0.013351464902151555,0.026955962451762794,0.006184711764613743,0
69604,0.0040479089902819565,0.03318797797936268,0.003984050220055657,0
69608,-0.004133814171729311,0.04358280778612089,-0.0034945198969549562,0
69612,-0.006190323403562958,0.046693585668474924,-0.006479420732248886,0
69616,-0.0031268051352308923,0.03134265030074346,-0.0031140229438363642,0
69620,-0.0017038702570058017,0.014376195972603867,0.003094799146751509,0
69624,-0.003691480064520025,0.009136049965593696,0.008773580878673332,0
69627,-0.004125949443874122,0.0026131376451474786,0.00844878286656131,0
69631,-0.0031567519209961814,-0.0008411437046120795,0.003623905512685821,0
69635,-0.0017726078465314377,0.007207738778268524,-0.0007856478851169524,0
69639,-0.0005207792053443239,0.014461607155493716,-0.004511862604392208,0
69643,-0.0016608581947926693,0.015633266279480473,-0.0030236895328999425,0
69647,-0.0015075274393463456,0.009739819627828439,0.0021972321263439842,0
69651,0.0003853178612663877,-0.0003828141332498092,0.0013157214021491948,0
69655,-0.0005819329810027307,-0.013439784541697808,-0.000555824245946579,0
69659,-0.0032643334201858387,-0.01792097049453778,0.002111093149577553,0
69663,-0.005181409565685913,0.0025733387062785162,0.004805923019004593,0
69666,-0.005619397538466742,0.02291990322577986,0.006456001805348166,0
69670,-0.003787842294628141,0.015301125379277192,0.008304518326796184,0
69674,-0.0028913549098965596,0.0015548307005799344,0.005816397193368683,0
69678,-0.0050884701020389445,0.009163868676458797,-0.00228026303616341,0
69682,-0.006136565401216654,0.03012905552723355,-0.004232442953915755,0
69686,-0.005509870087488378,0.04352539759046792,0.0008985069832355697,0
69690,-0.003743453194328006,0.03949596439389236,0.006579240847243928,0
69694,0.0013521775575900952,0.027175751314083563,0.01116934148378701,0
69698,0.0053153791626199265,0.019413269043839332,0.008228686491903892,0
69702,0.0036426825956688003,0.011169311555725425,0.000998694660593824,0
69706,0.00042626332776951603,0.00046650469373865633,-0.0014400405139536332,0
69709,0.0010162392286923172,-0.0006139927498454156,-0.0009688131621909957,0
69713,0.003906799403975647,0.007814736678112943,-0.0031049062557419183,0
69717,0.005058928939760343,0.013391384500827108,-0.006382549584285913,0
69721,0.005899983414544452,0.012432763189599516,-0.005248260722864856,0
69725,0.009288217659124132,0.009766314465680104,-0.0020138794451357855,0
69729,0.012722235681786431,0.008940583343074682,-0.0038843987218237785,0
69733,0.01136797039981896,0.0077168959857472075,-0.006515011669974036,0
69737,0.005944066964035044,0.00462334563794542,-0.003026467722620413,0
69741,0.0021896989262519817,0.004137443122099516,-0.0009549539569952692,0
69745,0.00154489857269835,0.0052426847301996204,-0.002939596722286053,0
69749,0.0022787144777282053,0.0002763010559085899,-0.003649655840060745,0
69752,0.003992012018275259,-0.006723111409251192,-0.0014234104812732296,0
69756,0.005213523201211934,-0.006918590044740824,0.0038944578395108953,0
69760,0.005753466313928035,-0.0019878059776790025,0.006496212533902562,0
69764,0.004328439728459865,-0.00037098987410244533,0.003172161126748535,0
69768,0.0011657103307421979,-0.007758273890529299,-0.0015042611367917513,0
69772,-0.001219189965369516,-0.010747899741434974,-0.002249461774015332,0
69776,-0.0035892845671494644,-0.006834997779414653,0.0013431746925269272,0
69780,-0.004499795370812576,-0.012269810474530463,0.0031799657723677044,0
69784,-0.0030231938872339326,-0.0214330499357418,0.0019742251183328396,0
69788,-0.0024574197150876165,-0.016856200807057853,-0.0010006766918350674,0
69791,-0.0042711535225837816,0.0034497996484530447,-0.004836130512113568,0
69795,-0.006164685648886392,0.022535896239733066,-0.0034185205737364,0
69799,-0.007318962470644341,0.030629664278006175,0.0019303202584272372,0
69803,-0.009878908531025798,0.030645162528795122,0.00019657856768273696,0
69807,-0.011191563377257685,0.029919599399684582,-0.008089825208375312,0
69811,-0.007871266371976327,0.03924814887957728,-0.009402843352047718,0
69815,-0.006425422339625397,0.047278295208001975,-0.003765583944776496,0
69819,-0.008321668795500559,0.03423616226587134,-0.0009319160540970373,0
69823,-0.004972312442470761,0.011798259315128234,0.004790902041741735,0
69827,0.00044740350506422555,-0.004934703221624925,0.01022092662813237,0
69831,0.0013730537842268076,-0.017183795783424216,0.002306688385155742,0
69834,0.0008039184412782507,-0.019201213541231166,-0.009853098516173137,0
69838,-0.0019614118361331867,-0.011371412309356899,-0.015890533209050872,0
69842,-0.0062442600107029955,-0.009064267899946188,-0.010239070304852327,0
69846,-0.005484733688299159,-0.01819594076114006,0.009861988830106139,0
69850,0.0003140195330993967,-0.024611152921353963,0.02695676228409008,0
69854,0.005541699918827803,-0.01944013492539476,0.023565491293378538,0
69858,0.008256515898817263,-0.011495948612670226,0.006993965363559396,0
69862,0.008665630663111545,-0.010127380946757913,-0.004676130434892067,0
69866,0.004878762060838593,-0.014678520858712574,-0.00577255557646858,0
69870,0.00027637391067136807,-0.015634305844397733,-0.005135548272194035,0
69874,0.0007240533964304463,-0.011854573793232959,-0.009192469215318827,0
69877,0.0050228960600855466,-0.010224544716880946,-0.011466269936597606,0
69881,0.007523093483365884,-0.005627087440730705,-0.006956743962780482,0
69885,0.006131451772512397,0.0006656322344507082,-0.0004693737616455196,0
69889,0.0029274402677451627,-0.0025677725363757453,0.0031327612765386648,0
69893,0.0014206703956541888,-0.011077601079507726,-1.6316032946384063e-06,0
69897,0.0009023233137556153,-0.011655107859648517,-0.007158128599642738,0
69901,0.0008485791920253005,-0.000913454635643518,-0.007107866015610115,0
69905,0.006673119255348525,0.013164376946763312,-8.276215051292168e-05,0
69909,0.010075255531368565,0.014387661122777118,0.003391607708305322,0
69913,0.003675959843219556,-0.0027779915387164955,0.0035464140878957717,0
69917,-0.0009216262197430103,-0.01658879892489029,0.00456394067748736,0
69920,-0.0002601676953906118,-0.016219163693713234,0.002484861658817533,0
69924,-0.001785706407668175,-0.010625135076656633,0.00010121824037204186,0
69928,-0.005586631267002651,-0.00013987662733283557,0.0009491706973774883,0
69932,-0.006573325572733935,0.007442226581824585,-0.00017584188461455819,0
69936,-0.0024390057064110904,0.005957746499387628,-0.000747610803149612,0
69940,0.002586462841189685,0.0056214928929354535,0.0027695990566585504,0
69944,0.003517477565138538,0.002536277814180199,0.006166688224267275,0
69948,0.0019759061875453954,-0.00835129282395819,0.0067964893674870575,0
69952,-0.0002594520951363366,-0.018129192663756122,0.003999146835233197,0
69956,-0.0016897107112214815,-0.022443860155019202,0.0014410138643237425,0
69959,0.00029896704164178445,-0.019771351093717637,0.002276196157939281,0
69963,0.003242728449516563,-0.013652047374567378,0.004186115606634316,0
69967,0.0024588904673170653,-0.014024144618818735,0.00562686936797413,0
69971,-0.0014251893707288854,-0.020656808743412025,0.003972307566974059,0
69975,-0.003607065416666999,-0.024217232861725613,0.0014556915185572061,0
69979,-0.0029160780687678134,-0.02190238302112668,0.0034880497940439625,0
69983,-0.001297114076556527,-0.01624037126464062,0.002608259889884751,0
69987,-0.0005251440131686103,-0.0017838657739317476,-0.003473447232733712,0
69991,-0.0015504280261620096,0.015913893333652673,-0.002802900284711085,0
69995,-0.0021107643097881823,0.015425267453721414,0.0038660608635610882,0
69999,-0.0019098906931794835,-0.001627214565349533,0.007796703422010193,0
70002,-0.003300965507396336,-0.012769880601010808,0.006565924440586984,0
70006,-0.005515825201314994,-0.004219161107155589,0.003977330149941949,0
70010,-0.005447274115481182,0.008960040314607731,0.004673237225045007,0
70014,-0.0036134981862627757,0.013919634695633842,0.005047307668142126,0
70018,-0.002329328463141267,0.01701745094803231,0.003959294945086261,0
70022,-0.0010547851871286484,0.010776112565910712,0.001559246829518135,0
70026,0.00037581231278926985,-0.004836959350277503,-0.004998763636315684,0
70030,0.0010309864516373501,-0.013752303411127098,-0.008671533570792422,0
70034,0.0001749925078383674,-0.01420161989495572,-0.0043418745161915295,0
70038,-0.001627997468438891,-0.004061698635646316,0.0014243403954110612,0
70042,-0.001845631803367609,0.015558443751521711,0.0020359184508134676,0
70045,0.0007582831700873038,0.019895961607949708,-0.0009270144901200872,0
70049,0.0021944185642978065,0.004212981642775393,-0.002435195177750732,0
70053,-0.00017211171652686819,-0.01446571793636231,-0.0016117679192249879,0
70057,-0.003671801118438567,-0.019736441272142802,0.0008856969926918368,0
70061,-0.00297141293234493,-0.0026873973826164743,0.0035988110930703643,0
70065,0.0020148865050262366,0.014686741828518368,0.006484365927405145,0
70069,0.002749672515754087,0.009507317575154328,0.009028339977381311,0
70073,0.0004917057476861997,-0.005420717912371753,0.007118570713927019,0
70077,0.0016755650965805113,-0.010083400439395263,0.0017253585402531024,0
70081,0.0023686054445076765,-0.00808078025325587,-0.0003446763554733334,0
70084,-0.0006107142916724762,0.0005122729284212646,0.002056805035487025,0
70088,-0.004765518057466944,0.016205645181938788,0.002995594935198298,0
70092,-0.007353101886986568,0.02560975285373379,0.0008990933487504071,0
70096,-0.005172843957292228,0.026313611932644143,0.0011658005872923483,0
70100,-0.0004872533649611377,0.029003971047135924,0.003215181021556962,0
70104,-0.00014109229552428104,0.030783897029171392,0.0022686038836616795,0
70108,-0.0024242981018596232,0.015972449022420232,-0.0011819746696346556,0
70112,-0.0019196123198348403,-0.004402186393335672,-0.00514106577728235,0
70116,-0.00043041430677226433,-0.004944260941117662,-0.006576885669332372,0
70120,-0.0006668497988464583,0.010035938151549573,-0.004350354507717841,0
70124,-1.8031423369979649e-06,0.014095305370530387,-0.001123586149082506,0
70127,-0.00010436176329287061,0.007655483653216777,0.0009066488702030029,0
70131,-0.0003756968811053918,0.00856421066285451,0.0018845111302663586,0
70135,0.0026657169413740744,0.007479754742525824,0.0015397964147323417,0
70139,0.002394560937005741,0.003966233778534889,-0.0010721820070724308,0
70143,-0.0028037145120889395,0.013354101238427507,-0.002834467384875361,0
70147,-0.0061319478529830995,0.017534916351351626,-0.0031706490407895638,0
70151,-0.0029418068402861097,0.003378907754048921,-0.003349756617861216,0
70155,0.003958506323761823,-0.005836196958606266,-0.0009551594723130052,0
70159,0.007814024021839727,-0.0028569541986263047,0.0017119363325312498,0
70163,0.007142892754846031,-0.0019142949612684923,0.0014663984868802382,0
70167,0.002766117878956753,0.003497949091086472,0.0016460361803580237,0
70170,-0.0013050894577975036,0.01941083121250964,0.004298953508574288,0
70174,-0.0012205259278484926,0.023692757300022294,0.005184176936018081,0
70178,-0.0007365343071501496,0.013724532493431418,0.0024262084979199683,0
70182,-0.0021869246641922357,0.006626587528614891,-0.0008121383242045144,0
70186,-0.0014368001904917493,-0.0003812461277443724,-0.0027090497427729177,0
70190,0.0022464620052466966,-0.010732680847711507,-0.004127096431224164,0
70194,0.0034515063342058783,-0.019805536663982437,-0.0053370178196995854,0
70198,0.0023991150952019646,-0.024160498883104786,-0.00177265880570035,0
70202,0.0038930857121396434,-0.020520498181105573,0.005016476226497701,0
70206,0.004702590916266569,-0.013044870177592038,0.005397054565518589,0
70210,0.0025645304220729415,-0.01100520054485532,0.0008662250821752648,0
70213,0.0007280610905169294,-0.014804635783535858,-0.00038049159868849824,0
70217,-0.0004273011068217647,-0.016236314642227523,0.0012649527884324996,0
70221,0.0001324380695441052,-0.013941319138718544,0.0012428708320938453,0
70225,0.0020422872517951163,-0.012396589005688075,-8.543640538696828e-05,0
70229,0.001437626296822092,-0.013679197265890508,-0.0008392528115870046,0
70233,-0.0009948821416631004,-0.017205061050963533,-0.00022609654642413712,0
70237,-0.00475544158985175,-0.012941624243768768,0.0005952026426189472,0
70241,-0.0073252768256397705,-0.0019464628981649135,-0.0004305275612183912,0
70245,-0.00334426390763809,-0.0011540922747363958,-0.0014232367669338164,0
70249,0.0007053978955993134,-0.011498649955474782,-0.001685242137977605,0
70252,0.0016567347562232992,-0.020931608907341914,0.0005871415244814715,0
70256,0.008013425949621733,-0.015201494922423286,0.006881589355758055,0
70260,0.013224399440054269,0.005985827157952706,0.011667499423096528,0
70264,0.006797228924294907,0.02221880873357085,0.010411446421445508,0
70268,-0.0023626748250459295,0.02453505159321434,0.005639639272864039,0
70272,-0.0051317801385298845,0.018865266843047124,0.0027478660835903446,0
70276,-0.0024392767071821364,0.006455351905886975,0.004539700250732359,0
70280,-0.0006377962887900157,0.0009160451367460354,0.0062105803625122635,0
70284,-0.0012233271988012495,0.008693150711704511,0.0036354813959225962,0
70288,-0.0008933516169699063,0.004900869073941827,0.0009159151793277087,0
70292,-0.0010219847376872204,-0.010089164323597188,-0.0006034896311137294,0
70295,-0.0018850912104976247,-0.01615705640635623,0.00042766007885336466,0
70299,-0.0004793260153739265,-0.015832191265377382,0.0034031534853415923,0
70303,0.0018266146929062366,-0.006628294801574786,0.003168477453716456,0
70307,-0.0010199241596822173,0.013264630262554977,0.0012855698468531573,0
70311,-0.005508037323260329,0.021314351058592695,-0.0011589949219220907,0
70315,-0.0048630838595498105,0.010234538560752071,-0.0032042229118558196,0
70319,-0.0027981927088623904,0.0029674031488280406,-0.0016870631503978495,0
70323,-0.002598243366009001,0.004274358246027177,0.0010976487357619025,0
70327,-0.0008589304681222432,-0.0010175957871783048,0.002756199413962851,0
70331,0.0010470437530519794,-0.004347705723554363,0.0028158082853540767,0
70335,-0.001131379562819057,0.00895163363221263,0.0015230914006251206,0
70338,-0.004075695047533356,0.03204099972463892,0.0006068545849480245,0
70342,-0.0038029151112997095,0.042351714049612355,0.00039544058663437687,0
70346,-0.0021842451840795585,0.0349079832114656,0.0010914968130739111,0
70350,-0.0020335988239703617,0.024515471630531138,0.0016142422387132038,0
70354,-0.0027953722645839285,0.017271823259795926,0.0003285886626774037,0
70358,-0.00434814772371217,0.023069752301894564,-0.001090421875353187,0
70362,-0.005132189482694005,0.03118539094160333,-0.0007312057278952011,0
70366,-0.0030271229873196637,0.019014788406817473,0.0005472795619226867,0
70370,-0.0015274078127536228,-0.0061939773153896205,0.0010700296095361717,0
70374,-0.0018040079621797211,-0.026232687158671997,0.0037844720186471226,0
70377,-0.0005480468042078357,-0.029579883553622732,0.010148650758280808,0
70381,0.00171538764407686,-0.021919602998287768,0.012419678079315377,0
70385,0.002111791445450595,-0.015776082282727977,0.007759330419260135,0
70389,0.0009042228470522717,-0.011683381118972491,0.003470861615347348,0
70393,-0.0011940586305115852,-0.004433181944500486,0.002476346425992565,0
70397,-0.003173794280003639,0.013841201822828442,0.0015598811124393486,0
70401,-0.0008188229378378598,0.031951943610728506,-0.0007365278543792764,0
70405,0.003890825928133612,0.0266923106981114,-0.0017771891669384199,0
70409,0.0019510164967467825,0.007861062658859996,-0.0022036209615024227,0
70413,-0.002192987527585233,-0.001076095600810234,-0.0024940475768779335,0
70417,-0.0004794852698669638,-0.0036880590779224676,0.0004399011983738932,0
70420,-0.0005331912667769778,-0.006355265374898611,0.003516541462211531,0
70424,-0.004442312167988627,-0.006180066579744015,0.0035222195352951347,0
70428,-0.004232969269161391,-0.008737796111025542,0.002858135692700381,0
70432,-0.0015802896202714578,-0.005430990557185211,0.0025824646100199022,0
70436,-0.0012914644895464233,0.004813925397698426,0.001093290965114041,0
70440,-0.0019824584155152536,-0.0019271325406018391,-0.0011517823868089916,0
70444,-0.001831720169421236,-0.018592554556506435,-0.002971096793506073,0
70448,-0.001992388256341071,-0.018802289506960612,-0.00331847378605285,0
70452,-0.00231807421744612,-0.005742383018468189,-0.003962825370707773,0
70456,-0.000407599941884218,0.002298368478406143,-0.006268469287652456,0
70460,0.0014121693300852556,-0.00035018887258431164,-0.006699702286363574,0
70463,0.0004470038686750222,-0.010985605585617009,-0.00331845608976461,0
70467,0.0002733936362504519,-0.020821889114149172,0.0022930004548408767,0
70471,-0.0006842380034425277,-0.015714355688531967,0.005868781100775017,0
70475,-0.005565370741101305,0.003410158413845288,0.005111625069228104,0
70479,-0.005917271820701675,0.014494667674572526,0.0029918951915475778,0
70483,-0.0012342475148248155,0.012234124402955349,0.0030596146266618773,0
70487,0.00023288356731121507,0.00922676585251292,0.005783439894008424,0
70491,-0.0006987716128951105,-0.0009121941203784623,0.007574517742724218,0
70495,-0.0015262385363538078,-0.007681522411780328,0.0062140195546668,0
70499,-0.001484025828718205,0.0018614094531148595,0.005932563930311524,0
70503,-0.00071040983612769,0.013332015044589252,0.007198289918155271,0
70506,-0.0025847419813853634,0.022821799113985186,0.006924214278838686,0
70510,-0.005672490030001254,0.03156475838334449,0.00465254528795489,0
70514,-0.005687804086972337,0.03873336335334843,0.0010454577148721333,0
70518,-0.0050454308913214785,0.03793607844873881,0.00036779853445675914,0
70522,-0.003480723412575215,0.02270516734462502,-0.0010264148380569327,0
70526,-0.00021037638133547532,0.006208888998628481,-0.015458833196163008,0
70530,-0.0015991410157313313,0.002635432069590049,-0.03584006789880745,0
70534,-0.005398599122996006,0.0025860482491375514,-0.03910594537292067,0
70538,-0.0022221092763230477,-0.004650008439831321,-0.01854273226718728,0
70542,0.006609195344786101,-0.008918069610899249,0.011838313521797095,0
70545,0.014195623776609434,-0.000942652086461937,0.030065902626637386,0
70549,0.01564364345376923,0.008998735782817402,0.02272622760846066,0
70553,0.010617057301951949,0.009007917225712259,0.0008378004760699331,0
70557,0.004925599923312318,-0.00030896534588276126,-0.011169821157527599,0
70561,-0.002149335634017091,-0.013431800384086756,-0.0036264048632845547,0
70565,-0.010220650471778892,-0.019802818003572753,0.007070351568290667,0
70569,-0.009563066466326542,-0.015625213412029382,0.00400387669851926,0
70573,0.0001796300676369933,-0.008295753690279906,-0.00447594302153026,0
70577,0.009197366628699744,-0.0034513273085834406,-0.007674889651279104,0
70581,0.013352260647510383,0.0008485917799849751,-0.008312412012465936,0
70585,0.01250133494281136,0.0042842877161457515,-0.007772013689160279,0
70588,0.005223827333649456,0.005980112199945431,-0.0065815713330759085,0
70592,-0.003752233664536364,0.011089893903138304,-0.005147391982066929,0
70596,-0.005852487299170206,0.01117929602650447,-0.0019218628351772848,0
70600,-0.0016221154656200776,0.00771625423823874,0.0004029281566898246,0
70604,-0.0004777257355609299,0.015397125710075787,0.002257675449801738,0
70608,-0.003581211042069765,0.025520664237320023,0.007660573243041702,0
70612,-0.004346075857822873,0.022246292530650358,0.014118622343839732,0
70616,-0.000644198695927134,0.005763743805661026,0.016025712840239403,0
70620,0.0035511911070090774,-0.007892197333879025,0.010587107333659945,0
70624,0.0037637106883807725,-0.010151863823338214,0.002394325086898408,0
70628,0.0011795823171053543,-0.0010885041963875075,-0.002405428766337231,0
70631,-0.0012207090417025723,0.010172602629562544,-0.0027496305207786453,0
70635,-0.0022218304029838487,0.01262060966639078,0.00032786491023192865,0
70639,-0.004116929855394358,0.015824525710576687,0.0032447366300213387,0
70643,-0.00657202551978342,0.02420582532610327,0.0016453019645019662,0
70647,-0.0053590616153130766,0.03520629136429454,-0.0007082534668386153,0
70651,-0.00641784148106006,0.0376959517751021,0.0008312419613331068,0
70655,-0.012298318509728179,0.022560553214754364,0.0009493713140180382,0
70659,-0.011664536926592639,0.002389058298589486,-0.003499264317182671,0
70663,-0.004679746182172373,-0.009135634123789593,-0.006290145207208969,0
70667,-0.0015913668551131854,-0.006612017182639818,-0.0019411986168249296,0
70670,-0.00028693856781847327,-0.004889265758627026,0.0033755515979601858,0
70674,0.0033241642374428615,-0.017253621206709813,0.00336092344866476,0
70678,0.003889684550469563,-0.03058345151576569,0.0026306307445965738,0
70682,0.0006855926567559401,-0.02887109085818418,0.0014136986230852688,0
70686,-0.0008123454770539995,-0.015852725033899784,-0.0008945756378784253,0
70690,0.0003285596308847394,-0.012024472406683806,0.0009503003119240294,0
70694,0.0010769177540850272,-0.02040974180537214,0.003189510746560126,0
70698,0.00115099923369133,-0.02602562148154819,0.0030080161789118043,0
70702,0.0009599796410655337,-0.029128184347664288,0.0048098326540835235,0
70706,0.00017411996852612077,-0.03483544938438854,0.005197846760035263,0
70710,0.0003586561792815468,-0.037603980863449404,0.0037402547510354822,0
70713,0.0016858942604779381,-0.034316184030633856,0.00271633248623937,0
70717,0.0032359718716670205,-0.02696645843194645,-0.0012928016108258444,0
70721,0.0036709431896968514,-0.021603147515965038,-0.004854938228586236,0
70725,0.003825173966482631,-0.0242993759811041,-0.004026767261332748,0
70729,0.005304124887547057,-0.02484189897338629,-0.0015241993540075771,0
70733,0.0052931584148738775,-0.01548578739495765,-0.0007029954403746652,0
70737,0.005616052382393488,-0.007941420654438147,-0.002931194386113195,0
70741,0.0049265575058394795,-0.00466658966182365,-0.0044655025055629904,0
70745,0.0009328192653039746,0.0004284798500595599,-0.0025089947677907898,0
70749,0.003664314234047561,0.002663125667620392,-0.0013203372829680149,0
70753,0.009831826011053035,-0.004639047779704253,-0.002882033617520874,0
70756,0.009980665184241233,-0.01384189094494337,-0.0026370453499617585,0
70760,0.0081009540071173,-0.015715828279622812,0.0024587376401039307,0
70764,0.0048876649161258,-0.01961676897352227,0.005039026953953196,0
70768,-6.486731099086818e-05,-0.018318369849044558,0.00033462720177565575,0
70772,-0.0028967466836484768,0.005611325489216057,-0.0034424127507705904,0
70776,-0.0025230890236114245,0.024526797577692605,-0.00330226407919465,0
70780,-0.0011978760373742015,0.020083597113583096,-0.002592939469148181,0
70784,-0.0012667212772340397,0.02294331077463241,-0.0021897424837494517,0
70788,-0.002003107150707173,0.02916592749258662,-0.0008165058889583188,0
70792,-0.004201440804694201,0.012118523874105502,0.002742853734678613,0
70796,-0.007033608693578497,-0.0025360663055407073,0.00593790934714572,0
70799,-0.0060091136672281165,0.011010792341928255,0.005469820980888912,0
70803,-0.005977130984244461,0.027678218797784204,0.0007110544900032212,0
70807,-0.010161419340999234,0.02642894294354159,-0.00622468761901096,0
70811,-0.007568791403176789,0.015929680194925133,-0.007008091251894832,0
70815,0.0017277841069648359,0.001973662983138169,0.0019378458842087554,0
70819,0.0036690133376148237,-0.009630964807682219,0.00793179817201653,0
70823,7.551152118789872e-05,-0.011514108020548086,0.002465343326696512,0
70827,-0.0006073048990090646,-0.002080831548468165,-0.006490787846305857,0
70831,-0.002116335604649744,0.012381569126539205,-0.007498863910934073,0
70835,-0.004798324300815615,0.01251178608581549,0.0032181124825984286,0
70838,-0.002332662152696452,-0.0022771126979685974,0.01473843776469147,0
70842,0.004431523357627198,-0.013527191394240301,0.01201705028465011,0
70846,0.009166365070040539,-0.016094202691739667,-0.0023225544225103367,0
70850,0.011634660095169336,-0.010798905550742699,-0.008795216889645657,0
70854,0.011638332014293762,-0.006003504002980886,-0.0037936726000708243,0
70858,0.004671943928524658,-0.005177697182061181,-0.004475745892080996,0
70862,-0.001546401300679845,-0.00014136598540703815,-0.009323103009105299,0
70866,0.0010136088962384715,0.00147943432682629,-0.0067082838264705125,0
70870,0.005852443800919427,-0.0044448178166791585,-0.0004394913870795214,0
70874,0.006363212954797026,-0.013164128931760555,0.002644848660598692,0
70878,0.0028123158778349255,-0.022996140276699606,0.0014306028646945412,0
70881,-0.0017493391994786167,-0.023671003578776162,-0.0007280112615046797,0
70885,-0.0031776699279973952,-0.015764423058786114,-0.0007959672976731724,0
70889,-0.0005909801240306933,-0.014342314006742463,-0.000500705712352667,0
70893,0.00334104093653953,-0.01754684723361777,0.0006015266477134851,0
70897,0.00741962860418921,-0.01508121096814774,0.0029340887542081973,0
70901,0.008138077157969437,-0.01197110653685618,0.0026837791700622393,0
70905,0.004175981645009541,-0.018665587839838516,0.0005310067193017853,0
70909,6.994613583222176e-06,-0.03180457520932345,-0.0017867656906947471,0
70913,-0.0013339318144817147,-0.03714033904951686,-0.0036891996924953985,0
70917,-0.0011863125408887454,-0.03205650258627202,-0.004209715365237232,0
70921,-0.001099476082532358,-0.024196192988560572,-0.004138893025213614,0
70924,-0.0008801823318548285,-0.02069769879398331,-0.004170932636607894,0
70928,-0.0007613024794066447,-0.025885650259152015,-0.0070939142660456644,0
70932,-0.001205475852211202,-0.024880423493222725,-0.011146433894263758,0
70936,-0.001986612007888966,-0.012008983298108067,-0.007885201943573394,0
70940,-0.002222452945237152,-0.010707620406714025,0.0028829258797893886,0
70944,-0.002753794278429811,-0.015247307885250194,0.011035829615400755,0
70948,-0.0035427854977206907,-0.008108768052895954,0.009735028384997513,0
70952,-0.002426534863571028,-0.004213116879812073,0.0023567909211786586,0
70956,-0.001704809977156052,-0.006606451849523687,-0.0029757553223347666,0
70960,-0.0030214938556587523,-0.007315102951583441,-0.0028057562706693406,0
70963,-0.003501125741487865,-0.005418987500114714,-0.003285029979481352,0
70967,-0.003018275455682562,0.009515913705265167,-0.004548787487052619,0
70971,-0.0036303171291108827,0.031556504760295034,6.479163669137478e-05,0
70975,-0.0038603700078673198,0.03677174031619046,0.004597997294613937,0
70979,-0.0033456725166001178,0.024791152159588492,0.0028123671330358424,0
70983,-0.005403573433511721,0.012850014033705115,-0.0005167549638175339,0
70987,-0.007065164782398936,0.011018924852399081,-0.0036154269742666445,0
70991,-0.004828341205339037,0.013796061593474462,-0.005441408664574876,0
70995,-0.0016876248366678448,0.015428317450361106,-0.003738751598299922,0
70999,0.00013734627607697725,0.01750487880972118,-0.002408839527818979,0
71003,0.0013107790817146192,0.009574160609478799,-0.0021960723933756587,0
71006,0.0018087657703186322,-0.0069024083792981195,-0.0013839887226888559,0
71010,0.0011012497473363858,-0.018429806743901267,-0.005634271683241515,0
71014,0.00047108333417644754,-0.023263761873778765,-0.013217106460617772,0
71018,0.00019153622710177398,-0.015389824370241278,-0.012359504754984096,0
71022,-0.0006789741857915477,-0.0012437517974546175,-0.0058790994664164875,0
71026,-0.0014574911901219512,0.004922889003011299,-0.0026961429934956593,0
71030,-0.0011137930311725386,0.005294749967135637,0.0015626333782812751,0
71034,-0.00023230336983970368,0.0062401027092517936,0.006546341383640963,0
71038,-0.0005198213720895017,0.018778076089877693,0.0044055873259058465,0
71042,0.0034074047546547304,0.03392833933013284,0.00039520339251725156,0
71046,0.010240851221131608,0.026941038203365686,-0.0006827512719499995,0
71049,0.007292313827081398,0.008981470086410592,-0.002427892889593497,0
71053,-0.0004336361599410754,0.0013631208731879063,-0.0027493730547251405,0
71057,-0.002152248896615361,-0.0046650927218525595,-0.0007657788973386148,0
71061,-0.0013901147635370092,-0.00981647945384978,4.310223005818403e-05,0
71065,-0.001426359831309565,-0.00860941075761934,-0.00047218078992253276,0
71069,0.0008302927819889838,-0.008955265760019593,-0.00013667458038332803,0
71073,0.002715672976409955,-0.005173426488738642,0.0014381649385177275,0
71077,0.00024096777283011406,0.009781270913367113,0.0022113152060207197,0
71081,-0.0019807707257744056,0.019187733355642056,0.0009779580076937355,0
71085,-0.0002896325967302049,0.010560503451047865,-0.0012645554799637637,0
71089,0.0021828688886432746,-0.005241606341189531,-0.0007885675394468383,0
71092,0.0022095803035806494,-0.01680543741156315,0.002025135752856816,0
71096,0.0012340298392016225,-0.0225095102560533,-0.0006087936023517759,0
71100,0.0009137460292376609,-0.02440817964440445,-0.009970245753786577,0
71104,0.0007091622275298137,-0.025109381364011085,-0.014588703980530526,0
71108,0.00015896685567695634,-0.026898566195565188,-0.008589259612920425,0
71112,0.0005356443575380565,-0.025437747411163336,-0.0030069425735548827,0
71116,0.0005369090356860395,-0.016218619666401146,-0.004363599704482579,0
71120,-0.00306030013861891,0.00041300379727093883,-0.003706847315521955,0
71124,-0.006107158454712214,0.011524210083637243,0.002236511822758358,0
71128,-0.003781459753099181,0.00522194141300103,0.006185137712300642,0
71131,0.0012067891652549623,-0.006753737445731822,0.006179371042941251,0
71135,0.005542494498898098,-0.011517936874708923,0.00570472238204911,0
71139,0.005819792872257756,-0.003774166891010733,0.004627789356502515,0
71143,0.0018562785876179433,0.00837748205489719,-0.0010606657610366665,0
71147,-0.0006427183004008574,0.005402415795451532,-0.007561396397807202,0
71151,-0.0016114131441369306,-0.0046585921269399755,-0.011234639523091616,0
71155,-0.003285649207031671,0.001483203270566058,-0.013395441536669384,0
71159,-0.0019201984579553244,0.013811808593557018,-0.01159492987451713,0
71163,0.002992786087032351,0.009218365864187561,-0.007374106705422934,0
71167,0.005197699665645428,-0.007782220097006576,-0.004265698785814037,0
71171,0.002544248422091111,-0.023040478179672252,-0.0023454843830998107,0
71174,0.0003487475574377452,-0.02942829776182254,-0.002425127331310728,0
71178,0.0016261377746096262,-0.026241932196398476,-0.004599119312709288,0
71182,0.002678178056913838,-0.011577578425190804,-0.007726447540592374,0
71186,0.0013728084211567237,0.008076552963315109,-0.010021960107313654,0
71190,0.00044210121564824956,0.009661909812669567,-0.01260407964407495,0
71194,0.0010114648874640642,-0.002361583104028231,-0.014778595689295126,0
71198,0.0012599310421747,0.0013977989636080324,-0.009066036249303466,0
71202,0.0008711429741369292,0.018347111892151435,-0.0005594186970545589,0
71206,0.001473994378230814,0.020689318821768943,0.0022858124616428055,0
71210,0.002869325244612142,0.008944063395870838,0.0013709286788420871,0
71214,0.0045351546516102514,0.0008630527055943915,0.0002975243013061679,0
71217,0.005043257728047257,-0.0042216418679807965,-0.00022853737721581502,0
71221,0.004091208152681602,-0.010192340855637472,-0.0019038984190465902,0
71225,0.003311026644935655,-0.015606241409273025,-0.0019044414304499047,0
71229,0.0013951896379390538,-0.023758451980332218,0.0018136649412706374,0
71233,-0.0019511862498167165,-0.026526431602762912,0.0040424233145295585,0
71237,-0.002914166291431375,-0.01802824300018413,0.0016826985463183897,0
71241,-0.0008158170467887915,-0.004022080096325542,0.0003645756415396606,0
71245,-0.0011251494443038634,0.014941740041408025,0.0007857108055336903,0
71249,-0.0029770898471828122,0.023685867426499474,-0.001648095822236878,0
71253,-0.0026486897314785818,0.018278964795352515,-0.0033083106068930723,0
71256,-0.002165727307489318,0.022702327561838764,-0.00043036641404672893,0
71260,-0.0017057994006405286,0.031384325524815626,0.0025755634942893346,0
71264,-0.0005692516085590293,0.018098978481668748,0.0016471656463554474,0
71268,7.893955405924302e-05,-0.00906523532329917,-0.0009485011105482555,0
71272,-0.00027783077184406757,-0.016238943014889262,-0.0011614956091085538,0
71276,-0.0012077954078957287,0.009179067068600943,0.0009019730523303349,0
71280,-0.0015982412145024716,0.03224469295662358,0.0004979195579767337,0
71284,-0.0011184909437724766,0.020644628492766604,-0.002332620556977083,0
71288,0.0001301454386651857,-0.005591205056585391,-0.0028611794996455386,0
71292,0.0011074409415023911,-0.009290310229548737,-0.0009551727573199331,0
71296,0.00038947958222668166,0.004148983216253566,0.0013296449864090287,0
71299,-0.00046884859169571413,0.0002621127548203539,0.00160125267741007,0
71303,0.0017329792597426952,-0.01737544018538051,0.0004036842978354105,0
71307,0.005160948072298721,-0.02646447970653476,0.0008669954669806301,0
71311,0.004940268987668972,-0.023427026442744747,0.0010892810313047618,0
71315,0.002016473835308674,-0.006148791493440164,-0.0005089319703499018,0
71319,-0.0006166631183002202,0.010455197821776174,-0.0015038988925965557,0
71323,-0.0020855875516105904,0.010314478999921661,-0.001439921854981402,0
71327,-0.0018639065190420023,0.006800026334195852,-0.0020164232352260225,0
71331,-0.0005268853410446139,0.0010301963337688846,-0.004017159199530551,0
71335,0.0015335143740304868,-0.011286274805839991,-0.004243671880247407,0
71339,0.0025193985179213785,-0.012222977313629091,-0.0008487928049634441,0
71342,-5.759037877073325e-05,-0.0060115100221116435,0.0009683411864942482,0
71346,-0.0032246018001621524,-0.006251466708590225,-0.0015506424843829691,0
71350,-0.004125720742546135,0.004500084467331522,-0.004646561752500805,0
71354,-0.00274413588105471,0.020382346499679294,-0.004789001011469701,0
71358,-0.0008343184825136962,0.02113195621878816,-0.0020494929507905157,0
71362,-0.0012346347403633384,0.021993519325731903,0.0005178563377910839,0
71366,-0.0018002668461553073,0.026284481630975076,0.0021317727998125535,0
71370,-0.00044483962259900256,0.01611851593403868,0.0029709624889844855,0
71374,-9.159520741963689e-05,0.00266037178846501,0.0016007062516223414,0
71378,-0.0009731211280284979,0.0034901623663832204,-0.00017537553951568752,0
71382,-0.0010298622638443833,0.011783014106713008,-0.0009557969422258061,0
71385,-0.0013176776041883276,0.02378921519738153,-0.002318256882165304,0
71389,-0.002028309609989898,0.03673089322806744,-0.0016371148041721961,0
71393,-0.0015409020724695965,0.037416888648857505,0.0013103735596349253,0
71397,-0.0006450616958861843,0.025779670641280727,0.0009220363378865948,0
71401,-0.0002635399678918571,0.015224946217216928,-0.0008017144719917046,0
71405,0.0005416137118202657,0.0036132476781731704,-0.0011588065544546333,0
71409,0.0017790106920927418,-0.010337571483178376,-0.001992520694444333,0
71413,0.0023022528581579937,-0.020275494779498526,-0.0011834214352763606,0
71417,0.0014496339502189093,-0.02758648582030432,0.0031507437435495667,0
71421,0.0021925166103385907,-0.027258340758827604,0.005552007348028659,0
71424,0.004223108620769689,-0.017904069106959408,0.0011140436961026012,0
71428,0.0023874838723695335,-0.007031642718273723,-0.005590670116156021,0
71432,-0.00045523089560750574,0.004100219388078585,-0.009974563277368759,0
71436,-2.8961113434311514e-05,0.00826900108962958,-0.009790492427475483,0
71440,0.0002981664724720501,0.010445437792005574,-0.004940721506832058,0
71444,-0.0001816169248358701,0.02025287623316485,-0.0010679157529414618,0
71448,5.230552828472401e-05,0.027651408338722927,-0.0016876435183347804,0
71452,0.0007078193958753864,0.026420721413350723,-0.0032279413230293097,0
71456,0.0035537979847698464,0.009738825531829587,-0.0023734627987905543,0
71460,0.00599365434871213,-0.012385349244911747,-0.0009489995695542153,0
71464,0.004104791859925405,-0.0202270069191961,-0.00012348067271331087,0
71467,0.0005401470507379047,-0.013407941285456193,3.2506233617862756e-05,0
71471,-0.0010785382590859927,-0.0027472068762288693,0.0005910671598750306,0
71475,0.001952423100631595,-0.0012512031080804675,0.0012133812732353644,0
71479,0.0057722375479692944,-0.007322798732356084,0.00025893063297907637,0
71483,0.003955618384401838,-0.016444626069574753,0.002173769934576464,0
71487,0.0008979739435309719,-0.027365796161588296,0.008030634816145216,0
71491,-0.0010918080131413488,-0.02789860642273556,0.009455643022934723,0
71495,-0.004631962467239403,-0.01229874404826381,0.0056697459650986715,0
71499,-0.0059531212465062655,0.009701914118285693,0.004731668454603544,0
71503,-0.0035934111930899792,0.020901632465210263,0.006397499605563017,0
71507,-0.0020076796559908017,0.013932051799991463,0.004983398342873424,0
71510,-0.0004562156000365025,0.004259951063124934,0.00014668901934780654,0
71514,0.003256006579368309,-0.0032032117197422494,-0.0030418784100812724,0
71518,0.0026512937415253957,-0.010586295953359137,-0.0017223031549120082,0
71522,-0.002332691343354343,-0.0037139125100704717,-0.0018901170703700954,0
71526,-0.004099404374157789,0.019939142582307223,-0.013481257377913336,0
71530,-0.0027730211013028416,0.04436357952529324,-0.030468688211324313,0
71534,0.0005716300075330194,0.04836296172306209,-0.03505865143480025,0
71538,0.005094434010329496,0.025873635771297643,-0.021343690740086768,0
71542,0.005421719029843675,-0.003017892910277542,0.00471255994481351,0
71546,0.002559717488917146,-0.022138908794441914,0.02744509064899192,0
71549,0.0021014763792679414,-0.029754071717657204,0.02931965145051621,0
71553,0.004733280256080219,-0.025492387211013767,0.011374142941213472,0
71557,0.006009550530695074,-0.006689412030948638,-0.006021910099062611,0
71561,0.0027940006913599325,0.011428640768247345,-0.0075561871205029885,0
71565,-0.0010000815256698825,0.012913255801996648,0.0017942765121846393,0
71569,-0.0015047297794195114,0.007892615983699613,0.007746649668097988,0
71573,0.0019366541285050776,0.0028102445064925874,0.0040902844875081446,0
71577,0.006454042302681762,0.0015898160594804978,-0.004364883449395035,0
71581,0.007756926535732567,0.0010027541939727769,-0.008095957718557673,0
71585,0.006084526955138947,-0.005853825196965978,-0.0054357326328419164,0
71589,0.0038273778822990323,-0.012137795528488038,-0.0027802932846587025,0
71592,0.0008447837119563983,-0.00791527811488768,-0.0016560278650896432,0
71596,-0.002244744506099239,0.0017785452558403136,-0.003873391549961691,0
71600,-0.0002559403965215479,-0.0006713939199940455,-0.008967947898751522,0
71604,0.004444536668895216,-0.01301526961839583,-0.009764159905256975,0
71608,0.0022616813648308476,-0.020488911243551566,-0.005300059441148086,0
71612,-0.0037378549869953037,-0.010526554936248544,0.0005309745102084484,0
71616,-0.005984125309565602,0.01421211301979941,0.004956873852212967,0
71620,-0.005780211939069413,0.032120450300768155,0.005078579332132432,0
71624,-0.004343488884143931,0.026771236687838762,0.0030848901679615126,0
71628,-0.0019939469787314534,0.012341380388459555,0.0015468286647300766,0
71632,-0.001983668104485581,0.014637044098421814,-0.00024174386930370106,0
71635,-0.004766455417349547,0.026651234925679113,-0.0010834207129666318,0
71639,-0.007496503990920389,0.03128385087948615,-0.0005189079650191331,0
71643,-0.00759430426258656,0.0296867904555147,0.0033193027555308285,0
71647,-0.005497985523004734,0.027038314664907137,0.0089577175368096,0
71651,-0.004868146724657629,0.020944639463472914,0.011077274552972444,0
71655,-0.00588735368989346,0.014185611274927457,0.010529750661068649,0
71659,-0.005991397251959629,0.016031445869325367,0.0120039418074534,0
71663,-0.00557918576369254,0.02613431037355962,0.014665971377427228,0
71667,-0.005539450641980914,0.03199820486623128,0.012041789171298861,0
71671,-0.006481238905115427,0.02153192899827694,0.007723782285977754,0
71675,-0.007409405162306704,0.008395820258422226,0.007718369071755271,0
71678,-0.004764972921403543,0.0035686509632046892,0.008648374193055586,0
71682,-0.0009170708723673648,0.0008638084519758671,0.009437258788037889,0
71686,-0.0004743050646427438,0.0062972770384299714,0.008881190729237542,0
71690,0.0011109572238837684,0.011914695241774798,0.004517490861918466,0
71694,0.004559244865300238,0.009631239314809914,-0.0003598133071106291,0
71698,0.002872322051836851,0.00448003116763962,-0.0031302821827115246,0
71702,9.583298374438165e-05,-0.007843441975984966,-0.004199951622674336,0
71706,0.0006134047893029404,-0.024509248534854144,-0.003336796221349164,0
71710,-0.00042232294089794564,-0.030789103285389974,-0.0006194838996068097,0
71714,-0.0029491649400070763,-0.012976480921952582,0.001840898786307249,0
71717,-0.001629777196647364,0.01254637065843811,0.0007272911023870898,0
71721,0.0036635483954685633,0.017265945307249453,-0.004685577154829451,0
71725,0.006452977965758722,0.004517263114436343,-0.010182752543653056,0
71729,0.004899771298293332,-0.011562567636929089,-0.00953785605955293,0
71733,0.0037301258122952596,-0.022818651927614564,-0.003919484031563669,0
71737,0.004930070612210957,-0.023100230362196772,-0.0006649880777917228,0
71741,0.006353808429485519,-0.01644484671709634,-0.001640518818191411,0
71745,0.006448260801931616,-0.013257824715570798,-0.002188675387186062,0
71749,0.005322789642074888,-0.017815411765101707,0.0009356921327310364,0
71753,0.002170212145868655,-0.01999469117237007,0.004292755531809883,0
71757,-0.0007710907983267123,-0.011337053786769857,0.005211766180653221,0
71760,-0.0041936593212485995,-0.002727033512567534,0.006348613510862883,0
71764,-0.008796885825903988,0.0031543204173059003,0.007856076721309169,0
71768,-0.007115059480655717,0.005407203717213704,0.00856266670877645,0
71772,-0.0010150801154835687,-0.006565984423620552,0.0093139295638551,0
71776,0.0006147010925122709,-0.019850138199898115,0.007241994130863627,0
71780,-0.00012070705790112601,-0.02051022382061163,0.0020849073847774846,0
71784,0.0009934326060230259,-0.013225683446286496,-0.0004450146064062799,0
71788,-0.000513813478119185,-0.002464541017014099,-0.00024590051165102045,0
71792,-0.004672326229096968,0.007577079163330502,-0.0005760706823970119,0
71796,-0.00729542138174244,0.014046156022885281,-0.0009825419865351626,0
71800,-0.007462062061655117,0.018606364466995817,0.0003039739691496346,0
71803,-0.004853051056391666,0.013996582113028122,0.0032724990511925067,0
71807,-0.0021268803358984734,-0.0008162069377455339,0.006352564724060761,0
71811,-0.0012347192103338012,-0.00869456266788804,0.006365247089055115,0
71815,-0.0008378960682409176,-0.0025278888011683875,0.0019664556429299374,0
71819,-0.0007060417747064562,0.017077679425916426,-0.0043574133927806735,0
71823,-0.0012094516021636803,0.03818203829477351,-0.008750242109586887,0
71827,-0.001617871901595791,0.04744850794718891,-0.003740472885168905,0
71831,-0.0004384616039982969,0.042161230451581044,0.010669026869432552,0
71835,0.0014913949220919376,0.01792180434613888,0.018987094354305595,0
71839,0.002230964221511589,-0.010583499184495526,0.012085896923878209,0
71842,0.003402906413276563,-0.02178211301759836,-0.0021254360305420494,0
71846,0.005569966348928923,-0.017069510341215732,-0.01064222547301541,0
71850,0.002833093484915894,-0.007400333409372628,-0.009820045392784527,0
71854,-0.0033386990233083003,-0.002137770603666045,-0.010195833569514312,0
71858,-0.0021184454489049376,-0.006475962785001066,-0.015057424353092208,0
71862,0.004340181064159343,-0.011777085692068479,-0.0161614647162035,0
71866,0.007686201178821461,-0.011080538527966866,-0.011041770236265458,0
71870,0.005812922767261752,-0.006870900543389791,-0.0003734984047377432,0
71874,0.0010970485605009683,-0.00409809240471537,0.009529164762293874,0
71878,-0.0009050054050101508,-0.010987169215774362,0.010061267151348502,0
71882,0.0002617761357710524,-0.023640849504967143,0.006616623593787119,0
71885,0.0019047162676497642,-0.029957821543898255,0.006834400176100208,0
71889,0.003933686763529232,-0.02753847121764119,0.007949559207637374,0
71893,0.0041554171707558485,-0.01431695766345964,0.005880234190069777,0
71897,0.0011500874106933345,0.013507305053989782,0.002015562875327115,0
71901,-0.0010673901281503806,0.032181387568860575,0.00027986751978434365,0
71905,-0.0001379559103196204,0.02012254305575345,-0.0011776783404897628,0
71909,0.0037243032966673972,-0.0027448571472139527,-0.003623022609104326,0
71913,0.005801619477623143,-0.013096388750919452,-0.003439581130072644,0
71917,0.004086271323696766,-0.010202263044903237,-0.002336654148976547,0
71921,0.0038899359274227052,-0.008472508598027062,-0.002060465487350671,0
71925,0.0033806227662624977,-0.017100331264434665,-0.0010980453128752454,0
71928,0.000993839838410504,-0.029672610942677924,-0.0011781100713671722,0
71932,-0.00016318733200548774,-0.03718813628301021,-0.0027135241003649335,0
71936,-0.00031843130052844337,-0.04056277250754858,-0.002609814700816143,0
71940,-0.0017880913030284828,-0.03745100196681683,-0.0030166817515794864,0
71944,-0.004080871054008228,-0.020146305309565626,-0.005637613146606046,0
71948,-0.004441338693927266,0.002476721769435919,-0.005873717025674685,0
71952,-0.0031756471089203764,0.009930485679769951,-0.0028985403739330284,0
71956,-0.003227257226964264,-0.0009645736916481518,0.00048123557379731174,0
71960,-0.00510395833724675,-0.0071506517753907595,0.005172098290676247,0
71964,-0.0047425845592063975,-0.003973233066069337,0.007954570727904231,0
71968,-0.002139695482395343,0.0004197350925845278,0.0033977065221152125,0
71971,-0.0007466856383954168,0.0036179400365186076,-0.0009388727175387301,0
71975,-0.0007530614057394969,0.002679064178003454,0.0006708873980791341,0
71979,-0.0011561964092926535,0.014563299450127687,0.0028550026084287194,0
71983,-0.0009400840864737248,0.028295135617961265,0.0021981774427867473,0
71987,-0.0001281300486678516,0.014411825554392355,0.0033544776808488996,0
71991,0.00026650697256036526,-0.01195672764074418,0.005587528609903136,0
71995,0.0003629874550820089,-0.027313910094787452,0.0017814365472622051,0
71999,-0.0006653497512452144,-0.026149473913370525,-0.0007988408887709963,0
72003,-0.0025429691114822184,-0.005493704832991053,0.002332152940502319,0
72007,-0.002576221480435681,0.02511917442876266,0.005058125353136378,0
72010,-3.2318569538447584e-05,0.03757182566514938,0.006158265368238769,0
72014,0.001323051872100467,0.02752400693924173,0.003662353972992999,0
72018,-0.0010162558541250144,0.012055463538808375,-0.0007082310714041085,0
72022,-0.0020724629574068176,-0.008800118059792084,-0.0019381409397621618,0
72026,-6.0323645312831964e-05,-0.024505699747061627,-0.00045754962111727027,0
72030,0.001185358743659104,-0.02559916671740181,-0.0001287162316608581,0
72034,0.0012128661253160145,-0.024395886534783973,-0.0036238619833981744,0
72038,0.001452494346031008,-0.025782114158215297,-0.006242352132309031,0
72042,0.0014969286482553468,-0.0264755733141242,-0.0051884676485367265,0
72046,-0.0010822309144536968,-0.021281356641420057,-0.0032077723517007495,0
72050,-0.003911070498874514,-0.010647241865330503,0.0018365565300363929,0
72053,-0.0007139588411193554,-0.005818189487634573,0.0055184262733573575,0
72057,0.003756145768814556,-0.0008984347035432272,0.0004030676473465167,0
72061,0.002501566714410597,0.019047222391685992,-0.005754451307002056,0
72065,-0.0013199595600538183,0.03673539670965198,-0.00534257421361059,0
72069,-0.004032250618985156,0.03481051931672141,-0.0003077676870587298,0
72073,-0.0051376741063031695,0.025877247189905805,0.0037839185235432893,0
72077,-0.004968230779604399,0.019500768571236726,0.002415531807556437,0
72081,-0.005554846783893841,0.010783163349589842,-0.002045077561342923,0
72085,-0.0063739634483934715,0.005764371095902998,-0.0034214498424201822,0
72089,-0.005676628404716055,0.014157597412257417,-0.0012695356756784737,0
72093,-0.004645067314847373,0.01553561355130162,-0.0004233559704807377,0
72096,-0.0013960898768642371,0.0007264835274125581,-0.0014669189100744995,0
72100,0.0030492535161970036,-0.010313846536449844,-0.0035689245951288084,0
72104,0.0037279066073697686,-0.00607401114937689,-0.006155155757496283,0
72108,0.0017474242931149186,0.006303513278292705,-0.006355374495268046,0
72112,0.0005143846916543238,0.0011057213035403635,-0.004911853497118868,0
72116,0.00024389333304131178,-0.020344768810593994,-0.0038531249878696605,0
72120,9.047940036188695e-05,-0.02328933093916108,-0.0062928718309206155,0
72124,0.000318362861644661,-0.00856224481922796,-0.010226375530097032,0
72128,0.0008408853112311654,0.0020935842233198443,-0.006808931514382277,0
72132,0.0013344878486113432,0.00849433423864232,0.000288839443657235,0
72135,0.0023743964387280547,0.003849225540777379,0.002349675573806609,0
72139,0.0016905004686967873,-0.007446489638062825,0.0047507495231557395,0
72143,-0.0013509207738793272,-0.003630898913384417,0.009760108007134949,0
72147,-0.0025059984455856332,0.015008260283601249,0.005905529018374461,0
72151,0.0008330351965103455,0.025286109696540215,-0.001518948357304234,0
72155,0.005463950055103806,0.010981420952398402,-0.0012475257042755261,0
72159,0.004554668197343292,-0.005806750743381439,0.0005798977111483583,0
72163,-0.0004986571514032923,0.0001441108746571551,-0.0016614492397983016,0
72167,-0.003172927414144766,0.014997695490127416,-0.0055679213004989625,0
72171,-0.003003352237811341,0.021435975636018068,-0.006683438926634339,0
72175,-0.0017848201635611849,0.014125726379909942,-0.005210240098267399,0
72178,-0.0005956606925749952,0.0019690673845040862,-0.0032888257025611156,0
72182,-0.0002722681643284597,-0.003607417388839629,-0.004726139795050932,0
72186,0.0014061386066853698,-0.012747625335890689,-0.008209912352885929,0
72190,0.005867207491382809,-0.019368489925608134,-0.00677564896715413,0
72194,0.00758676015068116,-0.01936782110065627,-0.0028531783762252017,0
72198,0.0046613661816055085,-0.027309752655461317,-0.0007976095260473492,0
72202,0.00268671164605927,-0.035940513850188704,2.216067112775777e-05,0
72206,0.0024668692702231043,-0.03240164779981969,0.0007660210490534614,0
72210,0.0032731615270229497,-0.02003753207235137,-0.00318108768179845,0
72214,0.0050229154449678015,-0.010814964148056827,-0.0096490438094681,0
72218,0.004133505271852855,-0.0027943874964639903,-0.009439146734340514,0
72221,0.0010233815920686062,0.008186224371752093,-0.006198840543287898,0
72225,-0.00025373775785086927,0.0052861428913497654,-0.004028433084126121,0
72229,0.00015245452124146297,-0.013398155058433225,1.7412265056193643e-05,0
72233,0.00021714311126497243,-0.02979232706440227,0.004241443039189358,0
72237,0.0004894902060097461,-0.03543556791563596,0.004417305585342035,0
72241,0.001044425286418904,-0.03565183212882195,0.003182333076880428,0
72245,0.0007451725789097141,-0.03580527259493049,0.0035847105665607615,0
72249,0.0018165610561756695,-0.032685962806428215,0.005106275161770035,0
72253,0.0050909503181709725,-0.02402722617476538,0.0037757823637073196,0
72257,0.0052665335945846214,-0.008931951003692706,-0.0015041657564905386,0
72261,0.00233447104249751,0.007323018925051716,-0.0033540397701324887,0
72264,0.001026421255849952,0.006578543058354036,-0.001714630688414348,0
72268,0.0009037543652011815,-0.01142557224444074,-0.0017561122613188318,0
72272,-4.493303559371942e-05,-0.01771888244548503,-0.0034271113382093044,0
72276,-0.0012654208379508924,-0.005996894218236903,-0.005635632930887646,0
72280,-0.0007035221963170857,-0.0023438571769491823,-0.005566809221288965,0
72284,0.001429518889621395,-0.012821297287152866,-0.002773817347847485,0
72288,0.0035561082194641713,-0.022900144305269432,-0.0008379026234680564,0
72292,0.003654860503738866,-0.02902013064887221,0.00010047437663227021,0
72296,0.0020626640675511787,-0.02906357600149656,0.0018084035322255554,0
72300,0.0014890446356291553,-0.021548553975041962,-0.0020060219896768094,0
72303,0.0005674467675603756,-0.012119955617462264,-0.009186071289608994,0
72307,-0.001250674095183868,-0.006489483063699453,-0.006865393399954733,0
72311,-0.0018628026147486931,-0.015154296074889828,-0.0016231700407507155,0
72315,-0.0010642280488813993,-0.030068246449158842,-0.0031275691655421045,0
72319,0.0006192983606493341,-0.03221749177852207,-0.006305842797858674,0
72323,0.0013388721423412964,-0.017678526787141102,-0.0059333310266978245,0
72327,5.778847100079698e-05,0.00045812568486303107,-0.0033024679537790036,0
72331,-0.0015057585981682609,0.0068760042061919435,-0.0014503776617799946,0
72335,-0.002594078949346601,0.014455823724587091,-0.0005994343022518722,0
72339,-0.001243708978194591,0.025739684160614562,-0.0008366786978460661,0
72343,0.0018189231074055012,0.019148907644183755,-0.0010199025651132787,0
72346,0.0015974634087068118,0.0073257208130739215,-0.0006287160418200488,0
72350,0.0008296469738252599,0.010417810541770045,-0.0016285258213339926,0
72354,0.0025191518990141937,0.010148753804167132,-0.001593986588934393,0
72358,0.0023487450242494212,-0.003340866210707727,-0.0009172874879423976,0
72362,0.0004553953799167898,-0.017037673725588398,-0.003713744028571969,0
72366,-0.0010542807586968461,-0.01653885223378726,-0.0069804391495146,0
72370,-0.0016083089640644976,-0.004103397979987378,-0.007356322507251517,0
72374,0.0010881947433836192,0.0039209648883256065,-0.005486188185633845,0
72378,0.004334172359440669,0.00417759666055284,-0.0031044326527978894,0
72382,0.0053267985896480186,0.001499787113624862,-0.0009007350657329882,0
72386,0.004706452725417254,-0.004162793392445963,0.0011617629463219203,0
72389,0.0015843712437730861,-0.018176550644223077,8.267112824872358e-05,0
72393,-0.000817765708187479,-0.03039305614993415,-0.0024775921976791515,0
72397,-0.0004428946744313711,-0.02889012530254398,-0.0007992670058463991,0
72401,0.0004317008985381676,-0.020110444651327608,0.002278057673675088,0
72405,0.0018907815688330443,-0.013402594201007645,0.003385734656577266,0
72409,0.0024497624096387893,-0.015394909389688571,0.0039418538711319395,0
72413,0.0006040763627256363,-0.022758692651700052,0.0035439908990237134,0
72417,-0.0009394607615449413,-0.025896966262620058,0.002277986973441476,0
72421,-0.001126262838539116,-0.01251142218718293,0.0013580308136721397,0
72425,-0.001437561320467684,0.01996317630681599,0.002018728390683955,0
72428,-0.0009198478624453665,0.04371420846003149,0.002757918469864451,0
72432,0.00097719934732321,0.03622382730980167,0.001521303780823463,0
72436,0.002294756450289537,0.014999671017102756,-2.3957203172109143e-06,0
72440,0.002516592205647483,0.003816543631594893,-0.002604202725861038,0
72444,0.002368324226294627,0.0031270368225873035,-0.005589134749612118,0
72448,0.0032123399292600663,0.00437168932570664,-0.005117577523003014,0
72452,0.0029826755577953,0.008674501757396591,-0.0053206389022422695,0
72456,4.0364602100328995e-05,0.013884073744132586,-0.011958340985900706,0
72460,-0.0008019615128264102,0.00779041168619754,-0.021577523481659117,0
72464,0.0007362244024290421,-0.005265274007882237,-0.0250671200211251,0
72468,0.0015914589285025427,-0.012404542900408266,-0.01383319033066538,0
72471,0.002098287035801505,-0.010728738188078069,0.008222137707087934,0
72475,0.003086228781519429,-0.003452622176645548,0.02608837204826625,0
72479,0.00452654426870025,0.0016464939457385697,0.03064571172935074,0
72483,0.005575117043694289,0.0024072025264483266,0.020046000708886957,0
72487,0.006487177782005027,0.0006932803150738742,-0.0014226437498846833,0
72491,0.007179050584358526,-0.0024196919070349487,-0.021832654461798967,0
72495,0.007139890753193323,-0.00520282623273971,-0.02925890190140895,0
72499,0.00783048514475626,-0.0050942762155425925,-0.020067538578323885,0
72503,0.009124068896034232,-1.4441718128477277e-05,-0.0030037251396781706,0
72507,0.00957856990018413,0.0028733219075096628,0.010215759596542195,0
72511,0.00850540428781088,0.0016397326479822283,0.0137926434055749,0
72514,0.004191249842712574,0.008114491593795403,0.009324840301838472,0
72518,-0.0009914906699928228,0.018281452954572064,0.0035578843482622358,0
72522,-0.002745766423755236,0.012315881256359962,-0.00027850151518879485,0
72526,-0.0013087035664041125,-0.004187912516516512,-0.00135953794324295,0
72530,0.00201104532171148,-0.010026421908591931,-0.0025371172280667653,0
72534,0.003144678467291051,0.0009743247345572748,-0.005086187323715519,0
72538,0.0025525656998051094,0.018342899064644147,-0.006468208782847484,0
72542,0.0041670466138127304,0.023598823192983343,-0.006019361753723307,0
72546,0.0016575956470992192,0.017434409956283314,-0.004466328073921166,0
72550,-0.0057268417206887134,0.0144636633283719,-0.004757684142416813,0
72554,-0.008690191922695711,0.022727157868054793,-0.006324252846036549,0
72557,-0.0061712731042719016,0.04090727035331332,-0.006408647553638569,0
72561,-0.0036722043960474293,0.05475573234308051,-0.005917878114615027,0
72565,-0.0030172366308059972,0.04705229666296917,-0.007371223165394292,0
72569,-0.001745283532577191,0.018687511806652957,-0.008175819133460577,0
72573,3.907195042884837e-05,-0.0069565643465558935,-0.004393470206911332,0
72577,0.00024080552064031924,-0.013719810693121559,0.0005699384565230892,0
72581,0.00017714813399571927,-0.008098139404528304,0.0034435949552201195,0
72585,0.0007863537397950759,-0.00019325281624471558,0.006657206908963986,0
72589,0.00046851406072789814,0.0021526102558375726,0.009699531254580923,0
72593,-0.0008896170023552363,-0.005160193120423706,0.01006042728848533,0
72596,-0.001844905402220709,-0.016671761438924904,0.008292882424414089,0
72600,-0.002738920316685989,-0.01750237365577023,0.004801159473512423,0
72604,-0.0036111233184222824,-0.00685223417424341,0.0018669336428335792,0
72608,-0.0029945746871770096,-0.006081880226918468,0.0019524352337901008,0
72612,-0.0008892052530519168,-0.01211436548566569,0.002871566717415841,0
72616,1.919682834961023e-05,-0.0014983356382631818,0.0029169569762573233,0
72620,-0.0003402147340948458,0.017869598759176597,0.002366591139286417,0
72624,0.0020841751363546157,0.01796275039516404,0.0008672383746015089,0
72628,0.008871983727946398,0.005048221580335799,-0.0007833139311053949,0
72632,0.013938378282376984,0.00039571522506687273,-0.001228797936295406,0
72636,0.010861491545176571,0.00247290294314384,0.0009309011640253329,0
72639,0.005444226953686737,0.004434646436125789,0.0037913559149031217,0
72643,0.004536257858919424,0.002095761395053408,0.0029197498727780713,0
72647,0.004985836546686162,-0.002782082033478517,0.0012021767254726812,0
72651,0.004382918009182446,-0.005432167838568258,0.003566536647567786,0
72655,0.003407633950722966,-0.007566600874353568,0.004890402906956831,0
72659,0.0010253415578251879,-0.008430532173940186,0.002012331424326358,0
72663,-0.0004804681097412278,-0.007086977729626298,-0.0006697266545823977,0
72667,0.0027586135756464403,-0.004418438970024585,-0.0010011205656818567,0
72671,0.0067437613034617705,0.003607275842084867,0.0006202686772092958,0
72675,0.0030470883493325385,0.014382567319916273,-0.001201726114709506,0
72679,-0.003882823965410731,0.016900088638249766,-0.0061617508549431654,0
72682,-0.005131725698178657,0.004536279479712135,-0.006123145133185404,0
72686,-0.0038601974474054,-0.015010109929931126,-0.003257090675179014,0
72690,-0.003640020674777089,-0.028014549052209237,-0.0013637142246787914,0
72694,-0.003972018033002622,-0.021657890285269765,0.0005165663803759213,0
72698,-0.006253607955942098,0.002084287078341518,0.0012147181711471555,0
72702,-0.010970502002485394,0.022721249090704276,0.001681965314165701,0
72706,-0.013335839103690739,0.033304015395997144,0.0032409631804704853,0
72710,-0.011047645788759164,0.03341893071667279,0.0028413660853598977,0
72714,-0.009782574302587999,0.020862496873788938,-0.000949265012380851,0
72718,-0.008089973461560818,0.007876185299963812,-0.0028927148731122676,0
72721,-0.004128389045015224,0.008310656041887299,-0.0005653568473246717,0
72725,-0.005521902643903176,0.017412913691027487,0.0009447897086753698,0
72729,-0.009101702004731593,0.02289757583968921,-0.0038001151433208202,0
72733,-0.008236975296323945,0.027227280255286423,-0.014179904443282487,0
72737,-0.003957583412009025,0.030272730933071923,-0.0184978454914648,0
72741,7.891834393114472e-05,0.030150011868007365,-0.0035265564324197807,0
72745,-0.00031665386703405574,0.03878075109565815,0.020852999785056392,0
72749,-0.0007075959925488817,0.050156921825109446,0.030195375124011326,0
72753,0.0016820912433939128,0.04356149374292295,0.019234788012395726,0
72757,0.0030460682651896054,0.023170302128541653,0.0047174390416442336,0
72761,0.0031415776872182333,0.008150980785862849,-0.00034087233782850723,0
72764,0.0009147553649594409,0.0067975568008114,0.0015241386177694272,0
72768,-0.002277384527192061,0.011186322959688244,0.0016667232184425784,0
72772,-0.002984743927420652,0.006031697255215018,-0.004581675246996514,0
72776,-0.00114722856245697,-0.005037617627873914,-0.009016032274560104,0
72780,0.0017361582372403817,-0.007248945131624662,-0.004209231591089213,0
72784,0.0017982200407165028,0.005712910056016707,0.0047283715609540145,0
72788,-0.0048099308821176745,0.02413639768541964,0.010806469050282569,0
72792,-0.012615531583869077,0.029837652601208742,0.009786099629244205,0
72796,-0.015507728625952066,0.02154501990202773,0.0013693735603955426,0
72800,-0.012441271476731242,0.007053147577441798,-0.007258095484458882,0
72804,0.0005939159192155374,-0.0001181774756258136,-0.006987667522526914,0
72807,0.013653579106500557,0.007571916501991183,0.00011262034415238098,0
72811,0.013735700427050523,0.014368264095173,0.005757828729099412,0
72815,0.00810187512453353,0.00966415904776552,0.007959832273584877,0
72819,0.0049582161417423,-0.0008163933841771609,0.00617923919014382,0
72823,0.001377946835337096,-0.005644052647606035,0.001342005227209897,0
72827,-0.00290442396080115,0.007038806631682881,0.0018081412768630456,0
72831,-0.004402008088534526,0.03176569960693687,0.008098016018535992,0
72835,-0.0039641988587080235,0.04940749940735856,0.011382780235762974,0
72839,-0.0029703934371699825,0.045689431064554586,0.010788335549083261,0
72843,-0.003337086535254996,0.027845924147158474,0.007567613550118618,0
72847,-0.008482457114215691,0.01460779218950048,0.0013649050629311876,0
72850,-0.01383551855035825,0.009532670512085062,-0.0030488131911201866,0
72854,-0.009121026360991324,0.008006852221615901,0.0001551698057258577,0
72858,0.0003450145035078789,0.007952000011639537,0.00717634798682254,0
72862,0.00029129411861028576,0.011926881894419594,0.008373820017947897,0
72866,-0.005140535975758476,0.01997060237584991,0.00457190498327853,0
72870,-0.005290955001574726,0.020408415241999656,0.0013237446097462968,0
72874,-0.0028299632489811044,0.010499237950698515,0.00015084805822579428,0
72878,-0.006119543489088497,0.0019496383728196953,0.00660984170362236,0
72882,-0.0111441862230095,-0.008659838441820611,0.017117641038724568,0
72886,-0.006176465375012596,-0.01939326033723221,0.01651803856192069,0
72889,0.0026667381690151926,-0.020830995990017254,0.0077650668366775755,0
72893,0.003691666717454578,-0.025692733944597368,0.003811719242067191,0
72897,0.0002678133690007245,-0.03654343070298394,0.008212346789437386,0
72901,-0.0008903355515083033,-0.03743905446172491,0.013277481116899525,0
72905,-0.0002956898155679344,-0.032377373303717594,0.011392610712757573,0
72909,-0.002899536197728425,-0.026714964388038,0.00558029142973665,0
72913,-0.00677902795783536,-0.01646336432154527,-0.0003622670987285803,0
72917,-0.00646969287625998,-0.011091931490445628,-5.487959263786313e-05,0
72921,-0.0038176407173782234,-0.01320596491338577,0.007026178479112022,0
72925,-0.0013814890857020146,-0.022579927181395565,0.01089624905767722,0
72929,-0.0012524353377378894,-0.029942198368137607,0.008727220262362029,0
72932,-0.0038404379356739016,-0.018752419008158938,0.005571991189772946,0
72936,-0.005959032106415796,0.0002131248165602173,0.004461307123395514,0
72940,-0.0055278402043278385,0.002905263841511907,0.006906872286620208,0
72944,-0.004278130881995135,-0.009396677419414523,0.009283570625047893,0
72948,-0.00332342791712692,-0.015791023360550493,0.006306049682666737,0
72952,-0.001188940389410642,-0.008992352986794128,0.0020972359720702327,0
72956,-0.00044489087809529426,0.009417401353857269,6.960596527189056e-05,0
72960,-0.0015753576221942955,0.031558250361903184,-0.0007163858163485859,0
72964,-0.001865088667697412,0.04445369519714859,0.0004521347451619806,0
72968,-0.002246318322822849,0.04204628822037826,0.002388336758022025,0
72972,-0.003192034477905281,0.032836302730137934,0.002376180599935801,0
72975,-0.0038452072877227517,0.026613561291073395,-0.00033744303992677693,0
72979,-0.004221153411633427,0.022194505516301533,-0.001758760628192052,0
72983,-0.0034513370360000906,0.022442750188409466,9.02128778225153e-05,0
72987,-0.0008945312956062379,0.020492910272790876,0.003755638422509311,0
72991,0.0015723853232451068,0.0030671592850191054,0.007784776732398024,0
72995,0.001402743306476939,-0.011304115412985816,0.006310699138392217,0
72999,-0.00032603408594500394,0.0017743424797771468,0.000574643256369689,0
73003,-9.995156639508451e-05,0.021779343060109202,-0.002138669037546642,0
73007,0.0015405858108905601,0.01508545282233209,-0.0015213080214545593,0
73011,0.0007139970396853323,-0.0030352728435643073,0.0010309332914391067,0
73014,-0.001141584065314949,-0.006127033013055616,0.00399889993976435,0
73018,-0.0007906616110698872,0.0019309009232486574,0.0032847104900458057,0
73022,-0.0001488787180291551,0.019613444356468612,5.774325644225531e-05,0
73026,-7.87129101365025e-06,0.0303711289017925,-0.001637967415984154,0
73030,0.0004907711289475758,0.011476372497850384,-0.001676705770483622,0
73034,0.0004750726701182595,-0.02175658551093651,-0.0010466260332192556,0
73038,-0.00015375735259415269,-0.03246048067859819,-0.001274748703773726,0
73042,-0.0008565360339781725,-0.007410523373431399,-0.0012324161261347277,0
73046,-0.00046918428499498344,0.016312187282161883,0.0006077277165797978,0
73050,0.0013965446149565297,0.008826558588457267,0.002253533508817518,0
73054,0.0025723504966493893,-0.012955079714740414,0.0021494649168485314,0
73057,0.002457202349872789,-0.024396899716695675,-0.00031216048507284877,0
73061,0.0013594328053554428,-0.01638614509792191,-0.0011203850008790484,0
73065,-0.00039277831859896306,0.005393379279433397,0.002234451051715991,0
73069,-0.001073316256540835,0.01653428733838691,0.003371436938382266,0
73073,-0.0009729288840302219,0.00824436585411803,-0.0011459978252706948,0
73077,-4.588778228298285e-05,-0.0006840379988846124,-0.0029761330968103017,0
73081,0.0024648701934967265,-0.010319018157618931,0.0042145000125763665,0
73085,0.004242086053422023,-0.019490030489311305,0.0098412222740063,0
73089,0.004351769942015249,-0.0185637754404282,0.003708368290929215,0
73093,0.0035923430015523117,-0.01578552213138229,-0.00611266889210535,0
73097,0.001803436862853447,-0.009394833024836569,-0.007172880631357348,0
73100,-0.0003407759803362165,0.009204167246386952,-0.003169992531392579,0
73104,0.0003033035394086614,0.021585480473546248,-0.0007535467667587614,0
73108,0.0014687377433257875,0.013795130835262626,0.001232366287378689,0
73112,-0.0011855981419337525,-0.003834327670935167,0.0018226863088817713,0
73116,-0.0015695787531703198,-0.02325825920357616,0.0010620625650123172,0
73120,0.002458502043490962,-0.03773900831910648,-0.0005538465627070721,0
73124,0.004105472651383502,-0.03179337456787801,-0.0034429127266628334,0
73128,0.0020779825451499034,-0.009961495909639684,-0.0054594237911078924,0
73132,0.000592557479851985,-0.003814487322438609,-0.005481845043804889,0
73136,0.0004903709941589396,-0.006118581855066196,-0.004529862511975152,0
73140,-0.0010250798717378329,0.006600728224512409,-0.002771071131114883,0
73143,-0.0026919213512542894,0.01149403775807567,-0.0012628333104172107,0
73147,-0.003322263392902536,0.00021557601091215517,-0.005796940083168445,0
73151,-0.0035516903190992988,-0.007697474460845566,-0.012542753534950574,0
73155,0.0010446143507216732,-0.014157544836879143,-0.007699723209810216,0
73159,0.006662909505917192,-0.02376904024582016,0.0019723623504612486,0
73163,0.004674462389598122,-0.025302825368346493,0.0037854217402071566,0
73167,0.0007197844232252892,-0.014953015954454862,0.005368487976971981,0
73171,0.0007084537970750704,-0.010232308640409471,0.008691460949757895,0
73175,0.0011090590020215174,-0.007146427546411704,0.005430824347196522,0
73179,0.000907000711369288,0.003930267852975788,-0.00275867819286138,0
73182,0.001197924174807019,0.01242828166311849,-0.008637933637116929,0
73186,0.0001328455357590963,0.02157948014444111,-0.006927057919859397,0
73190,-0.0008857611110034691,0.02343710821189582,-0.0012975739496423888,0
73194,0.0004426897734478574,0.006212313148445947,0.0017984029943806934,0
73198,0.001164863778292835,-0.006736386381737791,0.0018626166982648185,0
73202,0.00019762977119208713,-0.0049316110827728465,0.0006314149390074242,0
73206,0.00011748402916833545,-0.010765589949927712,-0.0008308501062975482,0
73210,0.0009766784669094086,-0.02347996892408899,-0.0015136631452181415,0
73214,0.0005512687689687157,-0.024083707642174268,0.0007790048951390183,0
73218,-0.0006539132153505767,-0.01549637991437125,0.0035819791694865766,0
73222,-0.0005879055242520304,-0.004410825978596655,0.0018095278039884921,0
73225,-0.00033418972194754204,0.016147751781932396,-0.001795948892992838,0
73229,-3.413335668156492e-05,0.02985620853095261,-0.0016935071270780533,0
73233,0.000801943107141323,0.012322242390703675,-0.0012715063858899922,0
73237,0.000621180542441313,-0.022014602866693878,-0.007394954061842429,0
73241,-0.0016633682384449289,-0.03910441610948778,-0.015241904339403062,0
73245,-0.004807358792514149,-0.027257951611662,-0.014075571918344992,0
73249,-0.0049414356766057654,-0.0011933049337065071,-0.007610935821979609,0
73253,-0.0018500290181255874,0.015068093628651802,-0.0027528747501911477,0
73257,0.00047098980942905655,0.014943341299445745,0.0008950762392880285,0
73261,0.0005720983236980892,0.011305456848471618,0.0018540732201060561,0
73265,0.0004725076390261762,0.0017643304847454466,0.0021018463689045086,0
73268,0.0028464488762521833,-0.008182897173374393,0.0025325119273492402,0
73272,0.0053266781114929,-0.01114310868464008,0.0008416484972964267,0
73276,0.0032696657022546205,-0.009357880586908784,5.555880562724269e-06,0
73280,0.0009608800293203767,-0.0001186362000575869,0.0014431037438923378,0
73284,0.001505848626114692,0.009985374731337426,0.0022759277921031162,0
73288,0.0012638866652029401,0.015112122788921045,-0.00044129975461260074,0
73292,0.0006483336714637744,0.007154647356616639,-0.003047306704585001,0
73296,0.00014540595534895395,-0.004254362904401177,-0.0019248600982339492,0
73300,-0.0007218369579250483,-0.006778144302888478,0.0006302652068581049,0
73304,-0.0009279633926890796,-0.005827146950197815,0.003806860489703523,0
73307,-0.0006204965381577665,-0.00167406483014787,0.004636118884455476,0
73311,-0.0003053895864990608,-0.009459622742332918,0.004228915102950981,0
73315,0.0007595138444885796,-0.024975139486338005,0.006029651341034559,0
73319,0.001985646544088171,-0.017723587194861334,0.005907089361102957,0
73323,0.0011689283437342768,0.011691543680568905,0.001881566178548122,0
73327,-0.0007742204059180136,0.035846474273853346,-0.005839602837850788,0
73331,-0.001260744939402314,0.033044761821479085,-0.012180013896254338,0
73335,0.0011269930904067582,0.00810322336044944,-0.009879397757199565,0
73339,0.004009110761524104,-0.017589458684860393,-0.005611552090540289,0
73343,0.0034138960404140883,-0.022011016955447715,-0.00924912491133531,0
73347,0.001293525729711531,-0.0058781634699838214,-0.018991287156099046,0
73350,0.0011532146961633627,0.001956545736245374,-0.02625470378166872,0
73354,0.0009557873527133998,0.0005189938862892873,-0.024119308216449004,0
73358,-0.00015743742527807303,0.0008443673291407272,-0.010254551374839854,0
73362,-4.265379603851649e-05,-0.010139175464744188,0.010624357191933165,0
73366,0.0022749835845440325,-0.02240401216044674,0.028275992100359026,0
73370,0.007981793925568526,-0.015698625408883338,0.0293171431725594,0
73374,0.01219174122797717,-0.003605436698991049,0.007774416276758289,0
73378,0.009711373570637893,-0.003498465510318738,-0.02036555427483841,0
73382,0.0038900385413365157,-0.007943294281559155,-0.03290651253903221,0
73386,-0.0018722553364410865,-0.0024314755701517754,-0.027544006948381994,0
73390,-0.005111121178188349,0.009609210709202287,-0.01853193486180199,0
73393,-0.0007332735123112277,0.01771592205630812,-0.011997541967650016,0
73397,0.009302645286070166,0.020858116278624994,-0.0074758654716322315,0
73401,0.01613961998718183,0.01655778661949947,-0.004361016776479376,0
73405,0.016568636822738014,0.0053544646343191005,0.0006781955157136865,0
73409,0.01098644867857268,-0.004039050745684225,0.0025831710510671735,0
73413,0.003183714715284891,0.0003843274388484197,-0.001461919755183727,0
73417,0.00019772508212645423,0.014150675031006088,-0.0034197927714516574,0
73421,0.0014300124870770814,0.020126077111477514,-0.0010149437413840834,0
73425,0.0021238363577441577,0.016079094244129788,0.0011857276046907395,0
73429,0.0019280223382863726,0.009437495823911846,0.002157280226144642,0
73433,-0.0004958686554360492,0.010656140183464391,0.0029134873863936595,0
73436,-0.003558467884445027,0.008254756894332083,0.0034249578438263484,0
73440,-0.00441709135820445,-0.006836077626239057,0.003543038918145669,0
73444,-0.004291764760632311,-0.017499571641598877,0.00180366389530906,0
73448,-0.003091065802263482,-0.013127841129877194,-0.001321230064113027,0
73452,-0.0017614925410865956,-0.0012484634820508766,-0.0019337806088912113,0
73456,-0.0028510594625417163,0.0003186353779351947,0.000258129161888887,0
73460,-0.005244211285543421,-0.0009796352429303212,0.0022439269588983013,0
73464,-0.0039015850567936106,0.0021037286513783116,0.0028910814090381542,0
73468,0.00271263790317533,-0.0015784612730311842,0.002065682551993242,0
73472,0.006145316989076388,-0.004150535214904938,0.0007516345357221899,0
73475,0.00021174699455550616,0.0015879754373573363,0.0011641178581948686,0
73479,-0.0029021811537388587,0.003606501157804587,0.003992679215399808,0
73483,0.0002447260341865709,-0.0011395886109513143,0.008216812745463126,0
73487,-0.0011880920821817353,0.002144028016914934,0.010329866654138153,0
73491,-0.0006602547812505355,0.013581457039650413,0.006623207833016204,0
73495,0.00514870612651297,0.015049352970205376,1.008522254672406e-05,0
73499,0.005092238185706144,0.00928771519911642,-0.003011444852285078,0
73503,-0.0003917748926626219,0.010473649765078363,-0.0009297777297438414,0
73507,-0.0029671118646736883,0.008702604179231521,0.003056821693922268,0
73511,-0.0017282000996651226,0.0038999571366682417,0.0037460623943149918,0
73515,-0.0009385199212281758,0.0022290389799515253,0.0002800169001097863,0
73518,-0.0018086553295739716,-0.004913907874825263,-0.0034915144158278455,0
73522,-0.0031279001255510863,-0.004423520965222583,-0.006001228823433596,0
73526,-0.003455089421718127,0.0003151747609910771,-0.00694058686341012,0
73530,-0.0007782550693231638,-0.007568363352318475,-0.0063571253130319805,0
73534,0.005200735578998472,-0.013479715278991833,-0.004386665939886875,0
73538,0.008724785349670583,-0.013667698103786208,-0.0017523565511884387,0
73542,0.004796565931386443,-0.021891032732657578,0.0005096891081658173,0
73546,-0.00010546565193259028,-0.03187289444487673,0.0005783865039358238,0
73550,0.00011564044887535374,-0.02693201519441546,-0.003076056124120291,0
73554,0.0028391464249781784,-0.013445904752904969,-0.0057305195087511696,0
73558,0.007523354625322942,-0.0031662188589072215,-0.004221411416876347,0
73561,0.010996242504936693,0.0012234600530467432,-0.002601043246534901,0
73565,0.0068808406732054905,-0.006450748365882664,-0.002820383954689004,0
73569,0.0008937313005189518,-0.019933046770236995,-0.0033564734759429227,0
73573,-0.0005939107345148686,-0.02508584109495482,-0.003971150517854599,0
73577,-0.001636759678355304,-0.01891305141024313,-0.00500554446643689,0
73581,-0.003920621083233211,-0.0021826378188629647,-0.005195649227040106,0
73585,-0.005360297376057144,0.017951822098547066,-0.004423415803280373,0
73589,-0.005325246006976592,0.021516336583953688,-0.0034687929760273684,0
73593,-0.0034724344432731646,0.013500859115573416,-0.0020876793986723263,0
73597,-0.00017510731249803513,0.013193230880941709,-0.0007508144565193109,0
73600,0.0025474860798920806,0.007822521111298553,-0.0009837683571713718,0
73604,0.0015459216182894808,0.00015752981730310367,-0.001949853234615967,0
73608,-0.0014189983984836951,0.0012288294502815766,-5.800915746467794e-05,0
73612,-0.0032460254611158534,-0.0008852083941013333,0.002969755201768426,0
73616,-0.0036875763342436585,-0.005100610852239118,0.0038712002894689956,0
73620,-0.0024671856212166166,-0.01470678586492058,0.002436765477260766,0
73624,-0.0021419514648671756,-0.022127556551408745,-6.865602329184095e-05,0
73628,-0.005815350929235463,-0.01258647781075739,-0.0007974193163161614,0
73632,-0.008568964763755349,-0.005409633362013722,-0.0014878670146562245,0
73636,-0.004931089089847962,-0.002348842412305263,-0.003598507114141669,0
73640,-0.0012961883028559384,0.010898842204804637,-0.0011425647299796449,0
73643,-0.0029543205992180743,0.020314464852369873,0.008678408224975537,0
73647,-0.0009486373755734911,0.015793101514085084,0.01695407134301702,0
73651,0.007526173435510541,0.0039331063052951976,0.015125056689143934,0
73655,0.010506149566868683,-0.005299298832325494,0.0065755539017237075,0
73659,0.007204887248129399,-0.0051259202487194955,0.0011381700948301654,0
73663,0.002967529984773676,0.005458449416837485,0.0011820558023124261,0
73667,-6.132878928677421e-05,0.016175155802002905,0.0009448354332806663,0
73671,-5.9219161302914713e-05,0.008671672246456374,-0.0027858076243883756,0
73675,0.0008478290844695646,-0.009749930020851671,-0.00853820121296689,0
73679,0.002224103593434834,-0.021224805154364645,-0.013480761790186924,0
73683,0.002374387141952372,-0.016842705079171516,-0.014190651050338038,0
73686,0.0004422101567195247,-0.0024283220819660833,-0.006567896701695497,0
73690,0.0004921025502042653,-0.002058334273193907,0.005861432758796803,0
73694,0.00197745093040258,-0.015301609195031318,0.01166968001915028,0
73698,0.001921688978275049,-0.019974669266597633,0.008498979239832172,0
73702,0.0028807591406578847,-0.008819051612317441,0.004921369691204963,0
73706,0.004787257384888277,0.0037132338125722697,0.0046564846360624135,0
73710,0.00481280474456558,0.003960533088813278,0.0056117249840411665,0
73714,0.004232137614410547,-0.0042605519157143945,0.007732520760178524,0
73718,0.0020804526470415974,-0.008565374445013152,0.010977118729882968,0
73722,-0.0017504229597988807,-0.00744092218365866,0.011640415627961892,0
73726,-0.003501467481742293,-0.005184290159339078,0.00735154865858495,0
73729,-0.004524203287331496,0.005484383240792923,0.001998052201122341,0
73733,-0.00496359235421262,0.013093489699500527,0.0008345280239601127,0
73737,0.0008788937276572595,0.0068114927737248365,0.0028127194095634023,0
73741,0.008157798516158277,0.0013984336415533427,0.0021498465333263106,0
73745,0.006761814167934421,-7.557363596166766e-05,-0.0009200600547309146,0
73749,0.0008940014747016445,-0.006923335840419043,0.0011865508024341553,0
73753,-0.0020831972262402854,-0.021261036004179612,0.005983764735339181,0
73757,-0.002658842292560304,-0.023946516366815995,0.0043279659732799736,0
73761,-0.0028889155524051136,0.0011030175526025587,0.0018907544388937214,0
73765,-0.0031641799204042975,0.03161920329776269,0.002117482046162966,0
73768,-0.0011561854846898756,0.04157211978355191,-8.64733978394594e-05,0
73772,0.0019060004894210225,0.025426962903096317,-0.00044762661094380207,0
73776,0.0008854283764737625,-0.0073111585824530145,0.001993969711466592,0
73780,-0.0016554054889136305,-0.030063838882035565,0.0018615441387557496,0
73784,-0.0021182024375536734,-0.03469837803670828,3.6108690515540554e-05,0
73788,-0.0028241702486407894,-0.031491452070695036,0.0010526789670844139,0
73792,-0.0041075590968678855,-0.015185905699920621,0.0029117376005922124,0
73796,-0.00256889506858593,0.00776430660946037,0.002378288295841108,0
73800,0.0007879417442159253,0.012986966106385722,0.0030302433533803963,0
73804,0.0005267204483430099,0.006033098373204648,0.0018511511410782278,0
73808,-0.0048789370393858,0.009261908935117802,-0.0013921240467892337,0
73811,-0.009326998779691564,0.012105192799720665,0.000257423078895036,0
73815,-0.0069480652018255595,0.005317976143440539,0.002246985731422818,0
73819,-0.0021795911790444267,0.0020996461491007423,0.0014825419630212777,0
73823,0.0015652001193257048,0.0006051351659510651,0.0027476564115760382,0
73827,0.003497507048901727,-0.008841230281559476,0.006705318450583364,0
73831,0.0014109147768980312,-0.02378969951538501,0.008971095876577906,0
73835,-0.0006530344339464866,-0.034483399786649827,0.004732972477500652,0
73839,0.0005690977772724315,-0.035055367059370734,-0.0014884634704764033,0
73843,-3.336731045422425e-05,-0.024218150156741558,-0.001927174550049482,0
73847,-0.0038215911947969694,-0.015120051250622879,0.0005564141923506682,0
73851,-0.003731733237638424,-0.022328662256925647,0.0013601799015366123,0
73854,-0.0005109828204572509,-0.023436534986378987,0.0026769428305334075,0
73858,0.0007358367530442278,-0.008379916706961588,0.0035079891414324937,0
73862,0.00038592931728409496,0.0029829087230059947,0.00037276791600268644,0
73866,-0.0015651345215262902,0.014685783244710038,-0.0012298099326065737,0
73870,-0.003101808915611959,0.02257854110655133,0.0015850865662577207,0
73874,-0.002937874513990857,0.01517333490184214,0.002647721629412847,0
73878,-0.004165317309894889,0.010789098873703828,0.0009926104556715332,0
73882,-0.005635920182592846,0.02245190449530865,-0.0009768923272139018,0
73886,-0.0045689167474762815,0.038241691482322704,-0.0023334448240372174,0
73890,-0.0031117451596431867,0.04499022546613096,-0.0016120013532647248,0
73893,-0.0030473657321642422,0.043692538711742834,-0.00010261550688589471,0
73897,-0.0031760069382366085,0.043655457898423844,-0.00120990885829117,0
73901,-0.0019814483872407918,0.0390229413111296,-0.0036384589176925997,0
73905,-0.0017314079700666563,0.023256083858571586,-0.0028243483384415846,0
73909,-0.003325930551184908,0.010491451003163288,0.0002077181440351683,0
73913,-0.0023096373510210766,-0.0009409759395913042,-9.706097749623277e-05,0
73917,-0.00018609421948156957,-0.008364283290853258,0.0008362760714767936,0
73921,-0.0014204675718701987,0.0036848313538593302,0.005508729583324212,0
73925,-0.002897462141541296,0.01570821355198815,0.005651180292901542,0
73929,-0.000879001864927953,0.006439959564399356,0.002377214631176988,0
73933,0.0031933214737872584,-0.012225872598827348,-0.001966195401474774,0
73936,0.005176660000593469,-0.027000204191881316,-0.0054061046442305805,0
73940,0.0028626033986953736,-0.036153965911625896,-0.0029147470473446513,0
73944,-0.00024094376328365197,-0.02960993827106906,0.001178561694959751,0
73948,-0.0009472686475376912,-0.01157557100446871,0.0022724968613900554,0
73952,-6.864268874684498e-05,-0.008842413370855784,0.0019880613702515926,0
73956,0.0005373453870737288,-0.021290810662004223,0.002109396139752001,0
73960,7.644721652544373e-05,-0.02070310653918872,0.0022479922826421916,0
73964,-6.046072579590778e-06,-0.004469476833386832,-0.00019011982957911622,0
73968,0.0011398835334718305,0.00018536789512246798,-0.0031339116043920257,0
73972,0.0013182015359973764,-0.010236794022425055,-0.0030592726857807673,0
73976,-0.00014040903768086643,-0.011750859709708461,-0.0009157022649183555,0
73979,-0.0017613408318578605,0.005586757415716015,0.00038669682413225437,0
73983,-0.0018781302358162888,0.018551720920415793,-0.0010350766143020218,0
73987,-0.0006827833838279895,0.017952497329682515,-0.005263638933832859,0
73991,-0.0010439416971996796,0.02268825222115156,-0.010202386226433019,0
73995,-0.00178121379565499,0.0225052738196152,-0.009731595617162636,0
73999,0.0005793537708140839,0.00786792274346082,-0.0046571228835449174,0
74003,0.0032078910809374417,-0.006003760022954108,-0.00158108325973777,0
74007,0.0019280467876997553,-0.016866917347008403,0.002985066186573987,0
74011,-0.0005716067281958948,-0.028173336909313562,0.00808038543139633,0
74015,-0.0008397226527210311,-0.036234698222540995,0.004109002602632167,0
74019,-0.0004306777066618306,-0.02979798092062591,-0.004539390461567594,0
74022,-0.0015490540373084283,-0.0037589854606996376,-0.008783877649621463,0
74026,-0.0023991368517550793,0.015551638523630729,-0.0068852684317786406,0
74030,-0.000679464843138744,0.008316024824879698,-0.0016638068843972675,0
74034,0.0008372590593992424,-0.0019813144083511425,0.0006502236901795855,0
74038,0.0006761495436994336,-0.0006826772688501848,-0.00041883566299347197,0
74042,0.0003603736488805298,0.002313266446349438,0.0017346972705792885,0
74046,-0.001582039612090469,0.009107927758428502,0.00600397700513855,0
74050,-0.0036433199456311627,0.023936046059556126,0.004841883247138412,0
74054,-0.003126057861102205,0.04014516403101309,-0.0004515438318374587,0
74058,-0.0018250260557288733,0.03652081155187892,-0.004694949954771016,0
74061,-0.0007085939284230403,0.004396673008679741,-0.006129798342562887,0
74065,0.0007497038343878826,-0.02596650571917758,-0.005284803698688334,0
74069,0.002201920885898323,-0.030531728462977803,-0.0037521071843491516,0
74073,0.002937444872166628,-0.01821568086078873,-0.002089955008646338,0
74077,0.0028752851120660283,-0.007992250333058948,-0.004811537337727961,0
74081,0.003123634528125141,-0.006960946979245097,-0.012813755307714503,0
74085,0.004249875236989942,-0.010752433819836593,-0.015645015056384937,0
74089,0.005231465814864111,-0.015468911829696008,-0.010170169593983258,0
74093,0.004645993931130743,-0.020245943062138227,-0.003908038682324255,0
74097,0.004142282787801932,-0.025647986734903316,0.002816748285548759,0
74101,0.004456807156124509,-0.030001885982867016,0.00875717845659163,0
74104,0.0029494074252314206,-0.029788018412093553,0.007259738329200599,0
74108,0.0008087238861901325,-0.02833174116436421,0.0035014577335591435,0
74112,-0.0012601430872566377,-0.023951897599436833,0.002311098293009184,0
74116,-0.002221885277017499,-0.013184197905699246,0.0013704823499950392,0
74120,-0.00065687978001161,-0.013151017932011566,-4.114133341318049e-05,0
74124,0.00028924693061749274,-0.028503145477215774,-0.00184268406339394,0
74128,-0.00043283340275201976,-0.030111624497418887,-0.0018429777090898936,0
74132,-0.0023974199370085936,-0.005943058941372925,-0.0004628270770435927,0
74136,-0.004673018387903349,0.020468142761929098,0.0010362697965811962,0
74140,-0.005971101966927517,0.03511072739102428,0.0018235023529917238,0
74144,-0.005831317795398028,0.04365478203129092,0.0005723142762084354,0
74147,-0.003292516268747825,0.04294058318710192,-0.002607038948818391,0
74151,-0.0006501651915042927,0.03402987100235144,-0.005794959029768676,0
74155,0.0002956831475480204,0.026039033596865213,-0.002993511300990348,0
74159,0.0022188109824584634,0.013025634577132017,0.002568285218681826,0
74163,0.004500417728262152,-0.0043043475813182575,0.0022544789736992643,0
74167,0.003970369766644666,-0.016764519321290194,-0.004850564918386757,0
74171,0.0021502441298559827,-0.02067953116387855,-0.012741206691800733,0
74175,0.0016101135277259981,-0.01575750241911944,-0.012102855054483552,0
74179,0.0021949480094350937,-0.007249754953322807,-0.005430828524233988,0
74183,0.0029096805620629773,0.0006309924921334975,-0.0004605912528931888,0
74186,0.002913539711282165,0.004459225406043821,0.0017939197735067913,0
74190,0.002499130216793155,0.0038971006790968765,0.0013364199573543123,0
74194,0.003739112404839151,0.0015988459829530122,-0.0015232282380148454,0
74198,0.004511372691327398,0.003190030337317129,-0.006000262111596905,0
74202,0.0014557450139249806,0.005990121970961493,-0.01049621614286192,0
74206,-0.0009030285749987987,-0.0038059743095497645,-0.011518227077003063,0
74210,0.00033311711028050084,-0.017390106112242343,-0.006255605626860339,0
74214,0.001214908282793914,-0.022722972928887142,0.001445680567782548,0
74218,-0.0016186879322244163,-0.022037182177503833,0.004398344249447295,0
74222,-0.005247504073425557,-0.006870996682899477,0.005056770630906177,0
74226,-0.004980297962110969,0.021681295808623435,0.007433538843402143,0
74229,-0.002555149361999298,0.03341250347610725,0.008417994275207064,0
74233,-0.0008530099240567912,0.012775461199044713,0.004716914915851911,0
74237,-0.0005013528521395916,-0.003825468782362229,0.0008317398789204344,0
74241,-0.001386331481833425,0.012198256154152709,0.0010965317183875556,0
74245,-0.0021987288326219545,0.03924349985246778,0.0023811152061674334,0
74249,-0.0018640814202459666,0.04450352311644634,0.0033251551986153705,0
74253,-0.0010759230706810508,0.03074821536871397,0.0037773082662983237,0
74257,-0.0008045410887704829,0.020534882435502055,0.0004388634320462992,0
74261,-0.0013349204877222132,0.012024289215898598,-0.004316121173636112,0
74265,-0.0025767345261442642,0.010780482018725834,-0.0022434877587666213,0
74269,-0.002583505869664049,0.01680487048785695,0.0015529684773642471,0
74272,-0.0011146275884327261,0.005257573531779247,-0.005275653543443198,0
74276,0.00023147413112623028,-0.016359159951512936,-0.020256503570809825,0
74280,0.0021302328412632354,-0.021953192594149407,-0.027059684515248983,0
74284,0.004946108855937825,-0.012544174646912154,-0.016083540557995407,0
74288,0.006212976594276998,-0.0019413986428520325,0.007317757704278505,0
74292,0.005223604635858026,0.00159280417023,0.02783536270940845,0
74296,0.005012900743450066,-0.0022191402320763665,0.02910347226787316,0
74300,0.004398884911125056,0.0009456377432877083,0.012711764020734456,0
74304,0.0004101799155064034,0.016751547832867253,-0.005777986226746856,0
74308,-0.0034515990208076053,0.030279715419750275,-0.013866291953054388,0
74312,-0.004747917002091984,0.03192960567874126,-0.008910652362078109,0
74315,-0.0041398086888639885,0.01734815090861508,-0.0022038543923360576,0
74319,0.0010987659250187853,-0.007399225100132689,-0.0032669175485825486,0
74323,0.008313593425440802,-0.01994570302902643,-0.009976001959151909,0
74327,0.01083187715523315,-0.01612150107439314,-0.014120132846764638,0
74331,0.009696392526164277,-0.0105437405043447,-0.00922990478489083,0
74335,0.0055229547728467,-0.0036587086732695617,-0.002617393268482343,0
74339,-0.0028869544376068923,0.004565768855151031,-0.003070856822531498,0
74343,-0.007641506763189976,0.0036576622377220147,-0.007731785805512509,0
74347,-0.005624402770303849,-0.0023578422816563638,-0.010228139930067909,0
74351,-0.004709780142261311,-0.00025596346883860477,-0.005912675137924678,0
74354,-0.004614980246590461,0.00014615435976317315,0.0035075257216708455,0
74358,-0.003681380850230176,-0.010682982769061322,0.009804662826237903,0
74362,-0.004385842839240928,-0.011307349082558371,0.009549438981033359,0
74366,-0.006122462809968865,0.004425844371443333,0.004928381416753752,0
74370,-0.007861996394944337,0.019253529900644217,-0.0020077030725605127,0
74374,-0.007790259461424864,0.025681552638257443,-0.00878604971728733,0
74378,-0.006840221488813247,0.02278974877801021,-0.012009793721148992,0
74382,-0.00531579462724685,0.010826404107660448,-0.010894688249127676,0
74386,0.0011471567727209253,-0.0027570510065282328,-0.009976460962435457,0
74390,0.008354894912700583,-0.009425419379177402,-0.011280203806739386,0
74394,0.00829029243896462,-0.015817225762068787,-0.01258528728974967,0
74397,0.004190553896219806,-0.02590795742416452,-0.013782816676448234,0
74401,0.0032142208155654384,-0.028854904476055765,-0.01435874979562729,0
74405,0.005934400877670831,-0.021981098859157555,-0.01304652440051407,0
74409,0.0056915143244176125,-0.008490086785444273,-0.010309476546659757,0
74413,0.0012446224641788906,0.0023959258650720905,-0.0066150462497826246,0
74417,-0.0014447675935116422,-0.005363048255997427,-0.002634384522325006,0
74421,-0.0013040149561265313,-0.023227354163028124,0.0016108634322536397,0
74425,0.00099287938751913,-0.03044124329228204,0.0031524396408213473,0
74429,0.0046251388760905066,-0.0239470784364868,0.00038093834056701636,0
74433,0.0068404400937699394,-0.01201179145680209,-0.00282513547769489,0
74437,0.008992396669727065,-0.0016306952019142784,-0.003976181660045541,0
74440,0.010980616047222558,0.0024917871225969,-0.0013480974244272081,0
74444,0.008577726259481833,-0.0019537803080487137,0.002680560576503843,0
74448,0.004759516644962547,-0.006658999271025312,0.004853292693959815,0
74452,0.002582640400977665,-0.010556803812416415,0.00443448395352633,0
74456,0.0006089926632740772,-0.022960175641315583,0.002408722798685703,0
74460,-0.0008306164882279088,-0.02725098409247728,0.0013261070605993797,0
74464,-0.002565044715545528,-0.006648288642499001,0.0007093957257333083,0
74468,-0.004308013017775836,0.01672758407686281,0.00026610054239351033,0
74472,-0.006562447206218902,0.021605050442423224,0.0005950421437171116,0
74476,-0.009454823220216402,0.018789338116415255,0.0011037561069896507,0
74479,-0.009473145564296459,0.021590316200850612,0.0006020544156848662,0
74483,-0.0064665637109582175,0.029013946264826007,0.0017591177552696013,0
74487,-0.002573643962228922,0.031178959050167876,0.007307372019749764,0
74491,0.00262980567427884,0.01711806400823379,0.011982806474277186,0
74495,0.013515729544317456,0.004731531904355268,0.010936334986986262,0
74499,0.023926543657685206,0.011818308099308172,0.007163411435431477,0
74503,0.021038523299599654,0.018597537591024338,0.00492506552286498,0
74507,0.010601375363047394,0.006999618055233636,0.005743332068929602,0
74511,0.0048247050848990725,-0.011423830959280235,0.00979989661994915,0
74515,0.005174974349703265,-0.01799244382711862,0.012278078878436655,0
74519,0.00469820077023575,-0.016820228238044965,0.01140804309120702,0
74522,0.0007367135381258771,-0.02033610874282843,0.011199260469004435,0
74526,-0.0031563154182231434,-0.022633003526572715,0.010529262260644906,0
74530,-0.005734958191185524,-0.009762233967935963,0.008227542805044619,0
74534,-0.005711258171581801,0.005450225671124631,0.006561353577590273,0
74538,-0.004059468417784151,0.009365951660048832,0.0058386271740248075,0
74542,-0.002056446390328537,0.01043335739698481,0.005154629507274078,0
74546,9.58690766069692e-05,0.003920377117496265,0.00506033569421474,0
74550,-5.999381266885706e-05,-0.00945662767982558,0.005432013687791559,0
74554,-0.0011620376351552109,-0.01552219069884897,0.005048203657361833,0
74558,0.00039447064324216186,-0.011705877823462885,0.0030793520223933724,0
74562,0.0014410305840979465,-0.0032797917824907152,-0.0017307188537396268,0
74565,-0.0040640686330892795,0.0069004449014311575,-0.005186621919437806,0
74569,-0.010576751119521388,0.0062055449021913844,0.00030038990115277553,0
74573,-0.009640302799860723,-0.004085244694767898,0.010865396325609816,0
74577,-0.005113359019245478,-0.004834951556146105,0.016598011052433775,0
74581,-0.002224453442917884,0.0037230018992802094,0.013540676174239874,0
74585,0.0008339107429681247,0.013702063286597177,0.0028174687131304055,0
74589,0.005699579378258934,0.016124807641895167,-0.0072284573441847855,0
74593,0.006505814056025239,0.00636361483456227,-0.010041434519727999,0
74597,0.0013478982234611525,-0.011915929265466474,-0.012110101575464605,0
74601,0.00044701085856657663,-0.021381127067427563,-0.01889395205593994,0
74605,0.00620489750744746,-0.01193854149908713,-0.023960578201728033,0
74608,0.009455568870392228,-0.003527004905037767,-0.022095682781145903,0
74612,0.008731964342931997,-0.002382571307011805,-0.015904453531647766,0
74616,0.007578896874733898,0.0008289922402857641,-0.009122839448058168,0
74620,0.005984365266751723,-0.00041964884882350617,-0.00540142888750797,0
74624,0.004809318120683526,-0.0075912535252071756,-0.005708484013670079,0
74628,0.005655005856818329,-0.0137335549781481,-0.006392003412519276,0
74632,0.007729241287729782,-0.017573531110016916,-0.007686190972253565,0
74636,0.009081406727309949,-0.01693610124492473,-0.009597503029370819,0
74640,0.006578819601434693,-0.015716882052281278,-0.008257642038805857,0
74644,0.0014181466217714211,-0.019916315610691626,-0.006489935774784461,0
74647,-0.0019140165837783218,-0.027458958676068956,-0.008089669310145653,0
74651,-0.0038425129938369773,-0.022216888761838582,-0.009496420789319698,0
74655,-0.008661066490794123,-0.0024164015118630644,-0.007127830229675225,0
74659,-0.013868851455807962,0.011607935511919631,-0.00679323607674584,0
74663,-0.011409147824910537,0.0241860960825786,-0.011190167967209924,0
74667,-0.006434374886140293,0.03877727706469303,-0.01347812778633134,0
74671,-0.005564098611983148,0.04557300247073037,-0.014069419765416757,0
74675,0.00023039322286644293,0.04450733904070647,-0.01533338076442245,0
74679,0.00897150512697209,0.0290000860891646,-0.01565383558294911,0
74683,0.008303793390295078,0.0020440517487831933,-0.015475822768155706,0
74687,0.0044529619473112625,-0.017783114562801572,-0.015218576264457523,0
74690,0.0059862862804751504,-0.018662110834887446,-0.012992476900684252,0
74694,0.010756339405310844,-0.0058326495531808575,-0.008618802520601487,0
74698,0.011919871179585595,0.0015245843208222531,-0.005100667011140786,0
74702,0.008391692853462529,-0.0010542622078255626,-0.0032070192641766304,0
74706,0.004399600012235161,-0.005496379097027937,-0.0018673860315680801,0
74710,0.0012873639294922468,-0.01251070691173739,0.00037760506973286145,0
74714,0.0014692191777013752,-0.018531415379912097,0.0034062192337083463,0
74718,0.0022351331011389863,-0.01659797655554618,0.005348553119804922,0
74722,0.0007542072756239193,-0.013257730461905926,0.004980177043095141,0
74726,-0.0009943674519311552,-0.016453948400283025,0.0023717578973551923,0
74730,-0.0035575819808791875,-0.01797877025676531,-0.0016423223824467703,0
74733,-0.006827255546258848,-0.009277825367790093,-0.004608307511941634,0
74737,-0.00787542351537085,-0.004153960093442599,-0.004086966794106334,0
74741,-0.005350535936262224,-0.015472416099080455,-0.003170232109997617,0
74745,-0.004797617363911599,-0.023869952899951308,-0.0033360758221225584,0
74749,-0.007367190227774212,-0.018503117515829004,-0.0031703940649960016,0
74753,-0.005591354628234457,-0.017304117415537945,-0.003768608827441039,0
74757,-0.0022706230451574605,-0.0216800691376986,-0.00506903932008132,0
74761,-0.0010811786688322833,-0.02080237395575235,-0.006715765593597489,0
74765,0.0026828357513445367,-0.016573404511769585,-0.0054455347043056435,0
74769,0.007033156599658641,-0.012216251115885424,-0.0010783308055902219,0
74772,0.006175699420025049,-0.009036990801023936,-0.0005915014698122667,0
74776,0.002604362149561168,-0.008680318991705072,-0.0019432529565908685,0
74780,0.0011898311215644553,-0.007376900694867405,0.00023903967964103434,0
74784,0.0012004182708147404,-0.006772216158259514,0.004023100364689169,0
74788,0.002051070731503457,-0.011258914595705605,0.002074830622283419,0
74792,0.00251946888703225,-0.015238360530264838,-0.0053289665396902,0
74796,-0.0006024131453062909,-0.018019045845465875,-0.005593537923703734,0
74800,-0.00574109236799869,-0.01908617444668881,-0.0007539301972374346,0
74804,-0.006110553150903808,-0.011550668963614452,-9.35680181405052e-05,0
74808,-0.0008775699642208368,-0.003024402577409102,-0.000982215331564562,0
74812,0.0027641433989864517,-0.004303290441252106,-0.0015835283100117947,0
74815,0.0035777015545311874,-0.010462425798986708,-0.002368815845450567,0
74819,0.0031097971065119356,-0.011033748609787786,-0.0018301923801684883,0
74823,0.0024303814963168024,-0.007482082819183056,-0.001636767386832716,0
74827,0.00433336441298493,-0.0037412687727362837,-0.005769967981633567,0
74831,0.006363018928607467,0.0013614465851778945,-0.011394299227563826,0
74835,0.003420230834551452,0.011718748654509614,-0.01102118971103419,0
74839,-0.0005376859929210331,0.025466694236206955,-0.005938321361919352,0
74843,0.0008183410295810045,0.02498445906158464,-0.00250184160366021,0
74847,0.003926070327878395,0.012068971906684212,-0.0023237299505217412,0
74851,0.006076029684555784,0.006299461754648572,-0.0038468824728290496,0
74855,0.007347547537283505,0.00640187445819862,-0.00351443801632495,0
74858,0.006723117050414507,0.0029995162860778635,-0.0026685837286703484,0
74862,0.005207443931263933,0.001217887307977783,-0.005386013412921498,0
74866,0.0036632963263021345,0.005804655402575687,-0.007171455522732961,0
74870,0.0023087161173455106,0.008742699581993918,-0.0050627204588634955,0
74874,0.00046419637318317886,0.0042098717553553655,-0.0034741610526186906,0
74878,-0.0022861963850863143,-0.001624065023586585,-0.004851103340213214,0
74882,-0.004319040901372917,-0.006662551913923398,-0.007127650758486259,0
74886,-0.004956463602620809,-0.01610467706915575,-0.005326778483204564,0
74890,-0.005517002645415214,-0.028214122489720772,0.0008118578991848369,0
74894,-0.005695715777367494,-0.032632997093558824,0.003782058216866252,0
74898,-0.0036906353912566914,-0.02377438092015627,0.0005142597621225209,0
74901,-0.001350550204420875,-0.01319479249942912,-0.0041761314378770675,0
74905,-0.0016819151570154345,-0.010364669737171095,-0.006478964403505927,0
74909,-0.0036374981885908264,-0.01085031137851944,-0.007543359946624861,0
74913,-0.0048712780817269374,-0.010793676986610379,-0.00952004949865859,0
74917,-0.0040468260150768876,-0.010498433133169005,-0.011273536500552656,0
74921,-0.0027288492979261614,-0.010875341894217794,-0.012067129280976002,0
74925,-0.0016425408903005811,-0.005914631606305676,-0.013945295235402555,0
74929,0.0009766522382937959,0.005556972817132078,-0.013773909435028098,0
74933,0.002923137807310572,0.010381716479737513,-0.008756934265704702,0
74937,0.0008674868216628218,0.0024646008634627847,-0.005909791010696913,0
74940,-0.0027055697096649567,-0.01141708460840496,-0.006720216197499351,0
74944,-0.003215000071475571,-0.01807575205203671,-0.0025345016868321135,0
74948,-0.001259314723465188,-0.012300530160269219,0.002947603031224433,0
74952,0.001195765795703907,0.0009359589069402041,-0.0003459354257236702,0
74956,0.004079537515085385,0.014117174848758296,-0.004348685040503453,0
74960,0.0054861541247887,0.015222302187294812,-0.0033559380370838943,0
74964,0.003447906146341717,0.00532845531179138,-0.0053047345063045315,0
74968,-0.00011021370261588004,-0.0009231629050439061,-0.007313657806259033,0
74972,-0.002889760585597534,-0.0033915127028181224,-0.003921194291189478,0
74976,-0.004969297202633061,-0.00017154864080914933,0.00018315134702467928,0
74980,-0.005343784199757562,0.011092425307113185,0.0039886484176679116,0
74983,-0.0032117422516828587,0.008971375885043376,0.005369685959161902,0
74987,-0.0017369085083854818,-0.006811919698203273,0.004642045215216883,0
74991,-0.0018831469890340236,-0.01526351102494683,0.006440689918318476,0
74995,-0.0026932867559331664,-0.007316421556946118,0.0057032213482682,0
74999,-0.004949639016674334,0.0058583240553065075,0.0017078652172620723,0
75003,-0.005892895515518526,0.003309923363822076,-0.0007591734593025423,0
75007,-0.004903112581385316,-0.010556770878343613,-0.0034808162044047686,0
75011,-0.004316940540564196,-0.018242721160436126,-0.005264382674828372,0
75015,-0.0016655810991562658,-0.012133877689695538,-0.004480220840379301,0
75019,0.00323092677512804,-6.546947165508854e-05,-0.005962794198543231,0
75023,0.005935675165837817,0.00488635326144049,-0.006774306256807139,0
75026,0.00592920746298331,0.0018149731690129123,-0.002562578805768323,0
75030,0.005578489020938715,0.0005733534104095384,0.00033555708161392417,0
75034,0.004784807760146115,0.006662392165008857,0.00294985642123885,0
75038,0.0035926877495251475,0.012455695657608068,0.009328101938664263,0
75042,0.004019245250104664,0.014028013226748737,0.011044028421317409,0
75046,0.0057791360568058,0.01679229552092698,0.006992771318002217,0
75050,0.00658441760890871,0.020107616129063643,0.005577458698837745,0
75054,0.005102848015551609,0.01760557921537087,0.005614048761489104,0
75058,0.003089589340198984,0.011870696933486524,0.003016375220118883,0
75062,0.0018413495133573488,0.006158896707142869,-7.097184400933765e-05,0
75065,-0.0018282709717775125,0.005234191033620661,-0.0013697266087693283,0
75069,-0.006468910373196746,0.013227993395390936,-0.00020304893136557922,0
75073,-0.007074046036891102,0.01447515237424879,0.0015678919388555923,0
75077,-0.005580441899094568,0.004636893342599091,0.0012218859597815657,0
75081,-0.004619283608496616,-0.0030708270325154885,0.0002804025404509747,0
75085,-0.0037894207890132314,-0.004653566886492211,0.0005551484281268726,0
75089,-0.0018312490851392083,-0.0004396237210730902,0.002039866354612674,0
75093,0.0019074357140556053,0.005191937754472686,0.0017499073575276691,0
75097,0.003995023601651493,0.00676747663264754,-0.0036894100221031567,0
75101,0.0023157526246984084,0.0035340567971111625,-0.010026561090878128,0
75105,0.00019839838719126757,0.0016849082469465593,-0.014878454593355184,0
75108,0.0014885809122349158,0.008970118983677722,-0.022617670397119705,0
75112,0.004977211314258989,0.018190596501346246,-0.025556948225354925,0
75116,0.00807341721831989,0.02014438809999497,-0.014511439060445386,0
75120,0.010486158746662255,0.021511258292904678,-0.0024110095067303994,0
75124,0.012695719456866872,0.028890212502705737,0.0004477721327483808,0
75128,0.01486282449424925,0.03668935288312847,-0.0010496474810359202,0
75132,0.016134445150001953,0.03744522659605254,-0.005505557324785748,0
75136,0.015480854274800393,0.03079264186030084,-0.010498726897883948,0
75140,0.013532127210673206,0.025102408466049386,-0.011163493423088366,0
75144,0.012089972260359239,0.026055282114605838,-0.009004894847028044,0
75148,0.009427218408054605,0.027001460524233245,-0.009384528416182536,0
75151,0.004648291926360737,0.022339238753298574,-0.01196807964410046,0
75155,0.003124355072183338,0.013915782499664076,-0.014184784817890594,0
75159,0.005824501015686212,0.005094351139296016,-0.016034661144811724,0
75163,0.006443146642468589,8.241274590981007e-05,-0.01393299268801429,0
75167,0.004845165651133132,0.0010640173381424312,-0.008331481927120965,0
75171,0.0034678628394235744,0.0037288200898863977,-0.005223086216448458,0
75175,0.003241261430912634,0.00734771445316218,-0.00547174170006226,0
75179,0.0044661480250461905,0.013336064140331061,-0.004258862647096295,0
75183,0.003539089790400518,0.0121641613423904,-0.0021079325764216117,0
75187,0.0008513539079375576,-0.0002835219153762836,-0.0045658242459266085,0
75191,-0.001858687445565499,-0.01141418383345627,-0.009407565916644822,0
75194,-0.0032958485481690003,-0.01245937676375286,-0.016137209933036634,0
75198,-0.002506930615138292,-0.0077264113350978825,-0.025172475328445965,0
75202,-0.0023849367355712747,0.0002710143572519641,-0.026229887108054906,0
75206,-0.0027274110046692224,0.008102554441587806,-0.019963757203681654,0
75210,-0.001772655444254645,0.0062497769072296094,-0.02010949462217515,0
75214,0.0009489771835956562,-0.0028890673242467635,-0.0304286601981808,0
75218,0.003966780504166434,-0.0043247956082486105,-0.043659211877610404,0
75222,0.004240279403018077,0.0023965644517249807,-0.047323298457452645,0
75226,0.004864562526716298,0.00812793945964252,-0.03035165019975139,0
75230,0.008548638758161808,0.015960711344544354,0.0019323166756096688,0
75233,0.010904521824633195,0.02438977060588643,0.027514479340454256,0
75237,0.012388231987379594,0.030284483488957736,0.024614996398389044,0
75241,0.01290525378558216,0.03108264103037417,-0.006710358783341308,0
75245,0.008226439026041366,0.020940703057077847,-0.041570666452276306,0
75249,0.0006462543793002151,0.009269407227463944,-0.05641717492855913,0
75253,-0.0043416160968396955,0.003718145350601443,-0.04923423164332935,0
75257,-0.0021784945914572473,0.004658034716822801,-0.037915318907060236,0
75261,0.006552413668320933,0.017541399922010203,-0.031318014221326296,0
75265,0.01602477268586955,0.037929465868319134,-0.01956629809345828,0
75269,0.02220231865129041,0.05380532112644065,-0.0032796195726967348,0
75273,0.022378628313090898,0.05762612174019477,0.0027892981812241424,0
75276,0.014957600324235432,0.047700892462775535,-0.005068744130485803,0
75280,0.006018749555673497,0.032417351187026267,-0.014906276211211766,0
75284,0.0006154956049003735,0.019660843300285613,-0.01720606271334718,0
75288,-0.0030486120607912115,0.004993698922802103,-0.013532088151076538,0
75292,-0.0042951845286147705,-0.008044574774201063,-0.010749862041230351,0
75296,-0.002480280343427399,-0.007151820448165314,-0.011457527231239328,0
75300,-0.0017604031915485763,0.000881596623901082,-0.01367420390985069,0
75304,-0.006430211984250533,0.005567922349860144,-0.016134801171579727,0
75308,-0.011192458596568255,0.0036137804456402023,-0.01835446929363166,0
75312,-0.009111430399479148,-0.003988704398534715,-0.017860756187145,0
75316,-0.008856589811927384,-0.0069427329548954475,-0.01475694935367905,0
75319,-0.014032913025558091,-0.005381130369711329,-0.014950486735892887,0
75323,-0.013670632841036423,-0.004369454210793933,-0.019296506409244518,0
75327,-0.009468049351482377,-0.005269692379993085,-0.021696254365841272,0
75331,-0.006868627241887748,-0.00933257793463138,-0.019292626016930825,0
75335,-0.0018623698612706407,-0.008137406943438119,-0.015795584616422054,0
75339,0.00297857035288962,-0.00023645238719627315,-0.014281951786954739,0
75343,0.004566194657897316,0.003827137050019136,-0.01313542870510237,0
75347,0.005482637875499741,0.00426936767567776,-0.011225760043282018,0
75351,0.00512486289435754,0.007049783481784644,-0.0089189838640778,0
75355,0.004316724959570917,0.012311361412697064,-0.006798103323985782,0
75358,0.004446971047081361,0.01735730121376111,-0.008019476083084343,0
75362,0.004427990543274585,0.020721046796797093,-0.012305498310521912,0
75366,0.004321394807128565,0.021742927882942187,-0.01392654157737877,0
75370,0.0041770095726313405,0.020447422035029028,-0.012620550786872742,0
75374,0.004957108972337143,0.019279235267724015,-0.010796913591005597,0
75378,0.0019050553178143748,0.019502070369899815,-0.008620710391258946,0
75382,-0.004253192260966654,0.017734519360500745,-0.005446198503333055,0
75386,-0.0030685014340442462,0.01024979222516098,-0.00240195009558003,0
75390,0.0004729093561050002,0.004597208585459089,-0.001956990625206767,0
75394,-0.000597116304592693,0.003796280565358412,-0.002003210708524772,0
75398,-0.00018252420066200425,0.002758490109442846,-0.0012633917630325842,0
75401,0.0033846815392859497,0.003941682307021743,-0.0005046840375798611,0
75405,0.0014549397655373442,0.0007437174386697443,-0.000894451543634156,0
75409,-0.006279578630599025,-0.013414000805804793,-0.0031370227216654945,0
75413,-0.010218984404553266,-0.024459843794711222,-0.004037482934036607,0
75417,-0.009356841078622447,-0.023363216243785345,-0.003273053885069599,0
75421,-0.007362555502285484,-0.015769700236380135,-0.0028284032380141433,0
75425,-0.001889645541682028,-0.0057942093515603865,-0.005588411101825008,0
75429,0.003956192381104673,0.001408051109821784,-0.012821378425751762,0
75433,0.0018036618309246188,0.0011314837807496758,-0.015457941646745466,0
75437,-0.001388530282032896,0.0006747603637369259,-0.008415690019881905,0
75441,0.0015566395114502418,0.010118432444960135,-0.0023921321788805683,0
75444,0.005885396739939597,0.024008138604461493,-0.006462352757105216,0
75448,0.008888017565514605,0.033123203772876586,-0.014822910967265512,0
75452,0.010133876433131572,0.0373671176732695,-0.017855588716096993,0
75456,0.009591292532576179,0.03699140875864648,-0.01488584388761749,0
75460,0.009463670201367624,0.035010392677732316,-0.010693829696378776,0
75464,0.010528013817544646,0.03339335635778928,-0.007764536031101332,0
75468,0.008892194396465825,0.0245414572882221,-0.005543570440346979,0
75472,0.004114666748041951,0.009398159451572408,-0.0030261412257592823,0
75476,0.0013186890653400507,0.0014579232954523569,-0.0003425818444171558,0
75480,0.001197963586239581,0.0011903945024709373,0.0012933582647902675,0
75484,0.00046357857135648217,0.0004890051067332202,0.00043552697490345516,0
75487,-0.0009575464877387141,-0.0005234816611299209,-0.0031659270160932507,0
75491,-0.0006431715213817135,-0.0005757203626188812,-0.00905271536850466,0
75495,-0.001813687044584067,-0.0037531242346222626,-0.016690483258003652,0
75499,-0.005049894152100443,-0.010736922940184801,-0.022276885529015245,0
75503,-0.004614784102008107,-0.011751324626393611,-0.017869494158256505,0
75507,-0.0025167230508286176,-0.003106475261704489,0.0004090415280426085,0
75511,-0.0014929038058095756,0.006447040102540935,0.018246262676379355,0
75515,0.002650872927926984,0.012345075094916336,0.017979207180820578,0
75519,0.009918387188461608,0.01854301286927207,0.004030334264701341,0
75523,0.01237956827385056,0.02252660238049975,-0.010247515371519633,0
75526,0.0055820198414010536,0.0160088980123807,-0.012712889676121553,0
75530,-0.0012667603044306253,0.0033986061853896743,-0.0034353801698685515,0
75534,0.0002471232993914718,-0.00254773372991135,0.00046324993512530943,0
75538,0.0035516838740683454,0.00020503916132685873,-0.004432242660347863,0
75542,0.005194985384296635,0.006797127373686429,-0.007813543244790833,0
75546,0.007642309360178401,0.01423449208318317,-0.005780940499103382,0
75550,0.007665108885567484,0.016962055033230783,-0.0020492630533621714,0
75554,0.004255605657104478,0.010501010891971863,-0.0012982694908644787,0
75558,0.0023703208190773983,0.0009344314279631227,-0.005155431310283065,0
75562,0.002788089099600599,-0.0008146930374062222,-0.011371657910610511,0
75566,0.003543570825514597,0.006670974629278348,-0.013527201722939641,0
75569,0.005604770405569837,0.014234282970148282,-0.01044204327830306,0
75573,0.008238250505254952,0.01682670054880786,-0.00507541169410336,0
75577,0.009983738141673859,0.018699429144522828,0.003088662002488418,0
75581,0.010400235375460976,0.020433834484929747,0.009989500386698769,0
75585,0.005542284801454911,0.016870648685598066,0.010347050379937495,0
75589,-0.0011208216271657578,0.012416260478167462,0.00937711826051485,0
75593,0.00045975803970710327,0.013924189751599592,0.012191956609952481,0
75597,0.0048602505700496845,0.014232170355319873,0.015315595981125696,0
75601,0.0055331936694087425,0.007930697515151852,0.012131011580293671,0
75605,0.009449304032130512,0.0027532278337876193,0.0056033066999504055,0
75609,0.014284902692858314,0.003329864031488494,0.005018138251850657,0
75612,0.009664565003757786,0.005185835178874498,0.009309464503868825,0
75616,0.002437925467950075,0.009237245346432221,0.013029758643871181,0
75620,0.0009874482202449908,0.011805625019373878,0.012382388499853125,0
75624,0.0018399243094785467,0.006737038375111304,0.005750615821283389,0
75628,0.002063357012267786,-0.0009116181363464371,0.0017065646321016703,0
75632,0.002708361012381033,-0.0022809842865294527,0.005653468220673585,0
75636,0.004204581096784343,0.003260648167377145,0.013267052422212322,0
75640,0.0037088521046048095,0.004413619641282285,0.020040742067443107,0
75644,0.0003845143830286668,-0.003447176862451773,0.019316088539525766,0
75648,-0.003721803338737395,-0.013629499307568516,0.013608287712339906,0
75651,-0.0038041851027412754,-0.017143711998694133,0.010831450031616008,0
75655,-0.0018055443813772554,-0.015351201312233442,0.009421174444565139,0
75659,-0.0031469819810058253,-0.012319682272830423,0.00835932025228625,0
75663,-0.006136303317834102,-0.011373523180530754,0.009216285414419656,0
75667,-0.007770320958320753,-0.012305640374534743,0.01031993118132385,0
75671,-0.007206073378912992,-0.009365039262244412,0.01253395538335017,0
75675,-0.009438042329359853,-0.01060383300862,0.014827809191903074,0
75679,-0.012249693566120157,-0.014726316238855564,0.01489031661194734,0
75683,-0.007491245615013575,-0.012817215136153859,0.013126793675273418,0
75687,-0.0010402419216235526,-0.008520602650404552,0.010329502157136294,0
75691,-0.00028325785315963525,-0.004159203509414233,0.00948662198348077,0
75694,-0.0035739316931723275,-0.005378628919388895,0.012562896967758919,0
75698,-0.007957113039576025,-0.013826121590167162,0.015169763783451529,0
75702,-0.010264654656122585,-0.01791911050563577,0.011094709146943604,0
75706,-0.0074178634059086646,-0.013038041500446962,0.006060460202863827,0
75710,-0.0015251143448539173,-0.006131237550336177,0.006230414845494414,0
75714,0.0018334740472364386,-0.004150665809849574,0.007025743719772548,0
75718,6.424794162263048e-05,-0.0067086877664821465,0.004906945248751737,0
75722,-0.004693686156745036,-0.011844903707119325,0.00030508195913431235,0
75726,-0.007177031674614698,-0.015374397264668271,-0.0010816027575488163,0
75730,-0.006306700359852591,-0.011651030768075277,0.004180266626781559,0
75734,-0.002619654188217746,-0.003012657071169933,0.009582582723472066,0
75737,0.003175101559062643,0.00698346972807018,0.01079161921555094,0
75741,0.005668925511043366,0.009795247431296339,0.00845102051775598,0
75745,0.003972981196725289,0.0031169118312885935,0.006811805267923854,0
75749,0.0014402528015428073,-0.0037861361417395045,0.009294192558485181,0
75753,-0.0012439064583447124,-0.008697131424323601,0.013429022608826502,0
75757,-0.004639152965448479,-0.013134447268632332,0.01550929999408357,0
75761,-0.008710318743075263,-0.021566385348291472,0.013681191512887159,0
75765,-0.011445206336846647,-0.03135971312902086,0.011735149226001385,0
75769,-0.01079012336157481,-0.0337291413495624,0.013221976820814108,0
75773,-0.008786839995074791,-0.031642472652524845,0.013790232385532841,0
75777,-0.008092804720781777,-0.025862757354876198,0.00781534740293749,0
75780,-0.007989816189849841,-0.015364156990069322,0.00013493947545101248,0
75784,-0.0073390780936992694,-0.007132884478511681,0.0024243513028537333,0
75788,-0.005758831219276117,-0.0037648774532050844,0.012555748530087396,0
75792,-0.003368455764213185,-0.003235680261823859,0.017672762361231165,0
75796,-0.0005689493197819084,-0.0038831880668919183,0.016891441067404922,0
75800,0.0015719708699234447,-0.0017338162818041347,0.013850555508246043,0
75804,0.002441355310751958,0.00013308165769165825,0.009667597428164698,0
75808,0.001724416803549067,-0.000813723372237618,0.008849623279482355,0
75812,-0.0020753488454777758,0.0009653856148972295,0.009692500460770193,0
75816,-0.006607116802318624,0.0022761670249535904,0.00861717442911003,0
75819,-0.00483327381713905,-0.0017481159313028627,0.007776723222280013,0
75823,-0.00027098526310476156,-0.008511029578023965,0.007761392763985575,0
75827,-0.002116218488980026,-0.0128923446065774,0.006491971894647008,0
75831,-0.007075559353598604,-0.015445777582371534,0.0040288665897008635,0
75835,-0.00918768249530122,-0.016705949625972494,0.004255341221918452,0
75839,-0.007492276310021917,-0.013608266987528594,0.008163286689607308,0
75843,-0.004466049476225198,-0.00799851940139007,0.012560836632082573,0
75847,-0.002362041916023294,-0.0026417941118572763,0.01437900962025157,0
75851,-0.0009032938873092533,-0.0005364240206628956,0.011884569633681008,0
75855,-0.0009572142128456695,0.001797866472228904,0.005373645146824202,0
75859,-0.0015683926180934948,0.006070651627019696,0.00011079341840308787,0
75862,-0.0008770897493262098,0.006268238136836857,0.00022746815727087144,0
75866,0.001704205967339556,0.004620587251950248,0.0010888755796057414,0
75870,0.0076587090572810546,0.00825708349572496,0.0010556686814084948,0
75874,0.013879987658995896,0.014492939209288735,0.005830820778772172,0
75878,0.01440918965186655,0.014787734338192138,0.012702684766767114,0
75882,0.010261180042883566,0.01127986491808608,0.012527862228272069,0
75886,0.006744098357428063,0.013211678330840027,0.007743060958441517,0
75890,0.0056663849400842015,0.01996945529706684,0.006794569147975715,0
75894,0.005085030117874423,0.0234729465142256,0.010050715445649006,0
75898,0.00310263493455587,0.022633415801910584,0.009808818758214433,0
75902,0.0003703146887092945,0.018700102673800068,0.006222882603161339,0
75905,-0.000902713417285872,0.011332861173089626,0.0058972857945812085,0
75909,-0.0011090648062627162,0.0027509642910192866,0.006774576391336162,0
75913,-0.0017938051335663063,-0.003907140133789344,0.006552692563960627,0
75917,-0.0014682938299713788,-0.005719156000342451,0.0068201842410438585,0
75921,0.0006816433445927528,-0.0038605192350926743,0.005731859986005394,0
75925,0.0023624142095424183,-0.0014972141479185908,0.004493140086573422,0
75929,0.004838012138564829,0.004507141538237391,0.007232783076094984,0
75933,0.010069784226538925,0.01758212790268532,0.009959465619676977,0
75937,0.012322876124737259,0.02979061164557839,0.009270598315392842,0
75941,0.008975810698603981,0.03043575383048447,0.00853383152338083,0
75944,0.0052855605134837225,0.021251378867868542,0.0033815556909830846,0
75948,0.004941203984389686,0.013937854872511757,-0.0060426943693761,0
75952,0.0070684507450649026,0.012577554750804243,-0.008770212166663072,0
75956,0.007631110778318129,0.013044358986581628,-0.0077028061824098715,0
75960,0.0067434271005608615,0.013476237347335829,-0.005029484734218381,0
75964,0.0054223487770490575,0.011279427973040157,0.0027948398978163147,0
75968,0.0029186931883816714,0.007410418793327711,0.007342976302098014,0
75972,0.0021541711076914494,0.006002458157418733,0.003942020545705915,0
75976,0.0033098000495624946,0.008728402456199547,0.0012321461845071768,0
75980,0.004098415627656005,0.012685995188455923,0.004171878700122089,0
75984,0.004729860018192644,0.011061254101461415,0.0077128284676366565,0
75987,0.004572546847111503,0.008223177035089346,0.007083806358370914,0
75991,0.0031371496108892893,0.010363032128821281,0.004293764057932303,0
75995,0.0001703930621914651,0.006186002330212048,0.0018911330830778117,0
75999,-0.004508970412700042,-0.0056247913734250865,0.00015168096301132472,0
76003,-0.007348646211750465,-0.009535332764491145,0.0012943310375714834,0
76007,-0.007728141778946873,-0.008950500477189038,0.0063681771794858455,0
76011,-0.009598705471999147,-0.014140893055841985,0.01197982548707055,0
76015,-0.012062567293192328,-0.019458546543130506,0.011906418792498263,0
76019,-0.012197233992752965,-0.019800847102013908,0.004185325132360251,0
76023,-0.01144602999511235,-0.017534384535851988,-0.005988128177280283,0
76027,-0.012323830849694462,-0.01907857345397357,-0.01209461220586222,0
76030,-0.012361759834159436,-0.023421912321673677,-0.013444391335025785,0
76034,-0.00784071822332899,-0.016803699018361318,-0.008476096433514158,0
76038,-0.002461625033776116,-0.002197241747820211,0.008686288475930004,0
76042,3.729601957658257e-05,0.00555055189511533,0.026791501793447248,0
76046,0.0009114453175933512,0.005655398567149472,0.021350991804083785,0
76050,0.000899022116958248,0.0023230760960877284,-0.007689072879024206,0
76054,-0.00023435511308511625,0.00018916546799951917,-0.03164511339851228,0
76058,-0.002423585697141184,-0.0015800470774571806,-0.03168486623459432,0
76062,-0.005152170250007804,-0.007133966823889892,-0.015433032838985616,0
76066,-0.006239667643049285,-0.010890237151847781,0.002954672970564176,0
76070,-0.004224097550069916,-0.00838323540379271,0.017188177683690464,0
76073,-0.001388495672003276,-0.002871376948917259,0.028489493183207815,0
76077,0.0008212869202970374,0.00453973708526334,0.0343680195469645,0
76081,7.741852722054077e-05,0.011167549815773281,0.027867773516536687,0
76085,-0.004344308321396428,0.011734172549808797,0.01626858474906523,0
76089,-0.007911495409485547,0.006434586966249434,0.013127629457348022,0
76093,-0.009015863201065621,-0.003533032143106407,0.01313232521444585,0
76097,-0.008177536827627563,-0.01399950922833515,0.009262974953103909,0
76101,-0.0077393386971754685,-0.021640525421505075,0.005414604642051957,0
76105,-0.009871056166963044,-0.027284979946178733,0.004056519537931347,0
76109,-0.011634739133783989,-0.02829168804454696,0.007059648731875701,0
76112,-0.011812321020537975,-0.02665739803651368,0.012858469113513626,0
76116,-0.007296445202310764,-0.020915322842854245,0.017758966296823997,0
76120,0.00021784939927360636,-0.0087973525741325,0.0177072610912144,0
76124,-1.2252217213015726e-05,-0.0030408674865936014,0.012211471069626167,0
76128,-0.0061096512332671216,-0.007360092562807008,0.0100558395429578,0
76132,-0.009747205675413428,-0.011159064904524119,0.0128420094999952,0
76136,-0.01021005196906244,-0.011858150062873829,0.014217717773179761,0
76140,-0.00850795286295103,-0.011341832911039518,0.014022659721695974,0
76144,-0.006415442440141694,-0.009808057731682585,0.01369768416687217,0
76148,-0.007095304218055043,-0.00854879308112011,0.013969363500408727,0
76152,-0.009709899999485572,-0.009927111431318192,0.015987719521178112,0
76155,-0.011240047998170355,-0.015835310064884922,0.018246434286932567,0
76159,-0.010593456174363025,-0.018947536427324607,0.02028282133478232,0
76163,-0.006942588481059664,-0.010374671259201218,0.023595746581460075,0
76167,-0.0034650936492547357,0.0028889157119662556,0.02568878344268266,0
76171,-0.003872255888921483,0.007904917408121825,0.023897493291146765,0
76175,-0.002122470557422984,0.0055100076940246545,0.01988688402270644,0
76179,0.0012801611401020985,0.003180536114884891,0.017051520186799174,0
76183,-0.0002833021687005388,0.0038920883326976075,0.01568020454323993,0
76187,-0.0013125562132346724,0.006490791449577316,0.01403275209315874,0
76191,-0.002218632666001197,0.0005978655223550788,0.012916185869670138,0
76195,-0.004715373470030593,-0.01425923476831592,0.011232916081158506,0
76198,-0.0034839769379262364,-0.0213793532181481,0.009854907034773097,0
76202,-0.002383618874065019,-0.014745575306735148,0.011004311907279019,0
76206,-0.005429501078259791,-0.0062076791708185475,0.011965067894102954,0
76210,-0.007944378885097358,-0.008439040249506924,0.01205797012852361,0
76214,-0.006602043444039807,-0.018520325996000953,0.011730220367545008,0
76218,-0.004683704316356674,-0.02158669848298178,0.009369247074537956,0
76222,-0.002612298430842319,-0.009372982266863339,0.005727849504115534,0
76226,-6.342903948064471e-05,0.007745559807136093,0.004486595157886741,0
76230,-0.00014602548623066092,0.01246958605867432,0.007963237640586207,0
76234,0.00013725482036752723,0.006324159753523517,0.01353919766174766,0
76237,0.001298356831301084,0.0026381056966156002,0.01430881354790181,0
76241,-0.00019594545692802612,8.168191569257743e-05,0.009108663342042356,0
76245,-0.0016593080804659932,-0.0029666363859117695,0.005124341949860056,0
76249,-0.002321122818051524,-0.00212961573240511,0.004549435312554695,0
76253,-0.003241669352571086,0.0003309301950458199,0.005337165807074107,0
76257,-0.0040566929560064136,0.0005999482038854254,0.008450009486365706,0
76261,-0.00831594983332773,-0.00569448449208565,0.012562817345355304,0
76265,-0.010043126374602918,-0.012813849687083323,0.014585435479757936,0
76269,-0.004248836356875452,-0.010358958415051411,0.014791391268520138,0
76273,0.0007965835853600556,-0.0006345424249367682,0.01595079180199349,0
76277,0.0013414409991626686,0.0038283256986835212,0.01759061690030439,0
76280,-0.0036383823835222096,-0.0028112791045113994,0.01733606659742165,0
76284,-0.010110730262753331,-0.009907431750053153,0.015382865079211105,0
76288,-0.014048056806875375,-0.015171347193239537,0.010080287939602917,0
76292,-0.017240830781701133,-0.026354822455868288,0.00019570198370177927,0
76296,-0.018063185613442667,-0.03549054043238087,-0.00925014912925115,0
76300,-0.017553315535535075,-0.03732337178836964,-0.009629476170980478,0
76304,-0.017243217131107103,-0.038506622176695426,0.00472651861378981,0
76308,-0.013242684870667265,-0.03351591594730463,0.030518181993084204,0
76312,-0.007766969553037573,-0.021540252990670083,0.048766182203342334,0
76316,-0.004511520975061578,-0.012703376050486437,0.044561113661281904,0
76320,-0.001987478964338152,-0.005872600262856853,0.02699812768039833,0
76323,-0.0012889068425465666,-0.0013629418889973266,0.011286041739063835,0
76327,-0.0030779454044695953,-0.003778103097576757,0.003927591260889651,0
76331,-0.006647962628172688,-0.009166978463222453,0.0028591427801197278,0
76335,-0.009345514329471616,-0.01637412306649466,0.003392798982801648,0
76339,-0.0075355835233660295,-0.022476290974431823,0.005539548929883065,0
76343,-0.004727039427522395,-0.021387476890161405,0.011876714902910313,0
76347,-0.003248075400512862,-0.01586235418063664,0.018473131443953017,0
76351,-0.001980033441836948,-0.01115922273734471,0.019630519606072372,0
76355,-0.004821519745392688,-0.013775244460229263,0.015878435898090626,0
76359,-0.008024353818438468,-0.017985867520569077,0.009118243953720073,0
76363,-0.0031644522043962064,-0.009075944865001517,0.0010541964470333065,0
76366,0.0032159192187231067,0.006001705511558875,-0.0017300249479666463,0
76370,0.002449346936741814,0.012630821911306267,0.0070401013734775475,0
76374,-0.0006061065764479956,0.012858330393403339,0.019741287799539042,0
76378,-0.003146447303013833,0.009098717743243778,0.025657050782907143,0
76382,-0.005008364871442295,-0.000348663647284031,0.024575098559991182,0
76386,-0.0036108726351735676,-0.005611478733603459,0.022458441046139255,0
76390,-0.0016186844662722244,-0.0024654924512081955,0.022478817536253526,0
76394,-0.0021741152373687678,-0.0004625298284643975,0.021415945300912675,0
76398,-0.0037603469105241816,-0.0018468028773899192,0.020800771968928156,0
76402,-0.0055614504485685945,-0.005592500866653971,0.020233830792774354,0
76405,-0.007348420362630059,-0.008322846407962992,0.01604950396693966,0
76409,-0.005969470438157876,-0.00511912155849048,0.012689267313413632,0
76413,-0.0029124962366239293,-0.0029424347009232577,0.011367114271213286,0
76417,2.0991881853782424e-05,-0.003144999137634219,0.01024080790174603,0
76421,0.0015697067270601384,0.0018032230326552323,0.00991411188739616,0
76425,-0.002381268042445539,0.0070192592484961125,0.009880374474164677,0
76429,-0.007572534159864808,0.004882203368159033,0.009903107294954472,0
76433,-0.007319417954983809,-0.002513395675258767,0.013801695914958945,0
76437,-0.003258916032724213,-0.008411514143928489,0.019625557047026787,0
76441,0.0016058752058804027,-0.007842308784520302,0.01718627977867687,0
76445,0.003661493715133024,-0.004327225032379811,0.01052304163444362,0
76448,0.0016058228976322253,-0.004574830446023359,0.011415699548033731,0
76452,0.002761970840448491,-0.00453245857752993,0.017448208267944743,0
76456,0.004414668027829416,0.00020722637918657583,0.02072604059541233,0
76460,-0.003676412132343043,-0.0006406661050455398,0.020069517060558095,0
76464,-0.012088629992490607,-0.012755802254511561,0.018028402533534604,0
76468,-0.010944535996292859,-0.02476028674803521,0.015944336909184176,0
76472,-0.008015971002838018,-0.030814950590940526,0.013788037684717869,0
76476,-0.007545851329442521,-0.03599913392217502,0.01660423067462974,0
76480,-0.006745819982254542,-0.034754281954916255,0.022923227699207738,0
76484,-0.006735513364169887,-0.027925868082759653,0.021662568484747347,0
76488,-0.010964516862376539,-0.02157165541786199,0.01664923512170252,0
76491,-0.015010938056117418,-0.009426779654247763,0.017053664888993958,0
76495,-0.011882934025290282,-2.869201343180805e-05,0.01800995113478271,0
76499,-0.007357260792079323,0.0001281464660563003,0.015679026813178676,0
76503,-0.006961355153653703,-0.0016847564369051327,0.013490305741985564,0
76507,-0.006581614538775482,-0.006027765168291399,0.013929469022175067,0
76511,-0.005474086331424433,-0.011874705888581971,0.015546325798027949,0
76515,-0.006938983217092187,-0.01435988494160867,0.013441189120239838,0
76519,-0.009327402258238138,-0.015119581307990515,0.0064995280350367834,0
76523,-0.012626277602032832,-0.013404399257079369,0.0009131231760399761,0
76527,-0.016231006912759804,-0.010679500351158389,0.002795536675075594,0
76530,-0.01679922825356439,-0.015377096806825197,0.006632003998646108,0
76534,-0.016340682726645128,-0.020870904196877316,0.007140759729269586,0
76538,-0.012132797175364751,-0.01846720389369727,0.011235035953974848,0
76542,-0.004703952457724592,-0.009784896092159379,0.01916725100875366,0
76546,-0.0031231689337798407,-0.0006619232301581235,0.019687447837707206,0
76550,-0.006664933042461296,0.002345248580164494,0.011959516281865534,0
76554,-0.007727738589812239,0.0007291053547118231,0.005794728197236476,0
76558,-0.006057344409905019,-0.004719612990426114,0.0066996117530330745,0
76562,-0.0049037770933800795,-0.009715542370367203,0.010186941862964094,0
76566,-0.005880849695388601,-0.007463044843376565,0.007994012515446569,0
76570,-0.006498753229358445,-0.00648962027567368,0.005037960768704941,0
76573,-0.004225368368762306,-0.011636343068054167,0.008549740446334886,0
76577,-0.001357383163653525,-0.012955411248252613,0.011280342212933725,0
76581,0.0010646185543864428,-0.009726858781162306,0.00770199795804527,0
76585,0.0004525383429070384,-0.008765285842754267,0.002487056249250219,0
76589,-0.0030866790253220033,-0.011086024421091967,-0.0016903463801041796,0
76593,-0.004372663050948744,-0.013181127805854231,-0.0026506796271998923,0
76597,-0.0021784435859715234,-0.009061290489520868,0.002220102144217695,0
76601,0.001719416295982712,0.00024784811943634466,0.006768188534891528,0
76605,0.004047381029030905,0.005868201737729617,0.004150127392512859,0
76609,0.0036737367621593187,0.006241326102089495,0.0009494912712711412,0
76613,0.0011617417868982072,0.005392254910757455,0.0035438415157977854,0
76616,-0.0023728220657741605,0.0020890965099775727,0.005122055236575551,0
76620,-0.00390635785732496,-0.0015708142078119103,0.00271655755700273,0
76624,-0.004649911137656115,-0.003744808109703346,0.0010130514415847558,0
76628,-0.004377872312697484,-0.006980145778482605,0.0026659459302167954,0
76632,-0.0006936986740430084,-0.006633971272681727,0.010699633570571965,0
76636,0.0027918731060165847,-0.001476749729376614,0.018564788855120862,0
76640,0.002759234048564263,-0.001842603666236453,0.01377591182443072,0
76644,0.00042961922260331686,-0.008249642521580558,0.003970164800808751,0
76648,-0.0016736781146738933,-0.010839937523618115,0.0032484397024955536,0
76652,-0.0018078876382299214,-0.009872680402838618,0.006144908255978854,0
76656,-0.0014049344568733968,-0.009409677687061357,0.004703313551488508,0
76659,-0.0025336563212337015,-0.007644739313586779,0.0035551919021584166,0
76663,-0.0048470824873709795,-0.005889104554506641,0.003949069899903956,0
76667,-0.005266957300347541,-0.005443978083256251,0.0022819488610500427,0
76671,-0.0030815846863370133,-0.0076470052394408405,-0.00029435677171157915,0
76675,-0.002636974072565912,-0.013110863548364993,-0.003811681170887926,0
76679,-0.004232848745424622,-0.0125963455478173,-0.007319580260260139,0
76683,-0.004649805947337549,-0.0083382389790021,-0.0059471721552267764,0
76687,-0.0027798174204058945,-0.011634130525830955,-0.0009397195556833937,0
76691,-0.0010539949797847559,-0.01665030797472644,0.00118607289686401,0
76695,-0.0021767434919446327,-0.01107156289659228,0.0002403304814594942,0
76698,-0.0039020887294300977,-0.0011824938194862078,0.001027110785076335,0
76702,-0.002708939067805227,0.0028717956158832436,0.0002456926432963802,0
76706,0.0008452352163407229,0.004513522599799202,-0.003824589647793253,0
76710,0.00279150628463698,0.0066505635869158475,-0.005521547738593646,0
76714,0.0018925402853233741,0.008036923588027989,-0.004859433655781342,0
76718,0.00015946705327685162,0.003304379602575125,-0.0048990604540899985,0
76722,0.000952473667885867,-0.007383224381898312,-0.0009036249513118544,0
76726,0.005378024455293784,-0.0119678054624619,0.007769144772625691,0
76730,0.007175251747145506,-0.005794698410114485,0.008223472847586344,0
76734,0.0041679230310467386,0.0048377853774344,0.00038990608832334406,0
76738,0.0033063727700358703,0.017545826237335138,-0.0026720888483251493,0
76741,0.005728601375203035,0.028845762815654208,-0.00023685931075523303,0
76745,0.0065355193135181455,0.02849672133871728,-0.001207509915578664,0
76749,0.003697224082866546,0.013637919537189624,-0.0036632686125298575,0
76753,-0.001000592958522173,-0.002037781002525829,-0.00011964313929724302,0
76757,-0.0023726044649272637,-0.005093929939066655,0.005589511050631379,0
76761,0.0005867349859247639,0.0003151889791772611,0.007015258039891226,0
76765,0.0011297571899069325,0.004112579054093679,0.0032242738548224903,0
76769,-0.0014253748937866906,0.0030106552199096193,-0.002552468578404521,0
76773,-0.0007855611533814644,0.0001331315608528172,-0.004952066834724322,0
76777,0.002579448985893129,-0.0003385015387409318,-0.0002954674796202261,0
76781,0.0026899022535910033,-0.002182012176740855,0.007802552278840302,0
76784,-0.0009694559657595914,-0.008572125433399247,0.011599756010604534,0
76788,-0.0027095407008318473,-0.012457034220102692,0.010309036984931796,0
76792,-0.0017194197855505688,-0.012393200259535497,0.0032723459785176656,0
76796,-0.0018157461174230782,-0.013150290272603726,-0.004905800730655163,0
76800,-0.0034708702727827,-0.013751901827416368,-0.003693758969662786,0
76804,-0.003946380374825087,-0.01519840519829918,0.0007801080091745516,0
76808,-0.0031853378902779728,-0.01848291058330931,0.0016727944461852329,0
76812,-0.0033479623842894712,-0.01681434948828242,0.003178770432869127,0
76816,-0.004237925378944851,-0.011536374194453636,0.001992369170082886,0
76820,-0.005392043618950071,-0.012982619509929627,-0.006462830901093841,0
76823,-0.006392485617999211,-0.018600442915628346,-0.015738069939319477,0
76827,-0.00637373626213944,-0.02107440826689544,-0.017928135232258502,0
76831,-0.005110705642908608,-0.022522062147467103,-0.01052237573627729,0
76835,-0.00349253300163499,-0.019886799087281748,0.00785088340857959,0
76839,-0.00173887596427591,-0.010483422833206024,0.032393451414051255,0
76843,0.0005668932125689752,-0.0004631503442458218,0.041788018408986466,0
76847,0.0020875066602431547,0.005276962262310114,0.020274384404072976,0
76851,0.0012772235277229704,0.0027357183262299856,-0.011663068503218577,0
76855,-0.0017373697725608928,-0.007313805221886849,-0.02316937948242126,0
76859,-0.005902585570598307,-0.02048127336025507,-0.015467748137120207,0
76863,-0.00905086107511055,-0.029381375170617563,-0.009525295246146814,0
76866,-0.0063068612948067315,-0.02287501580319473,-0.01150535146323678,0
76870,0.0064817225573698956,0.0015900012950296194,-0.013536006511718712,0
76874,0.01937502679641101,0.02545801280735338,-0.01112340265025491,0
76878,0.019046948720905066,0.028568588833885578,-0.006506851160763272,0
76882,0.012036085038251265,0.021196803568325873,-0.009673723275606783,0
76886,0.007349209140061652,0.0202923106557944,-0.01595660492312162,0
76890,0.005037840247072434,0.02093202972086816,-0.008472607511259056,0
76894,0.0046787972908748365,0.01684015874191047,0.0006100545126266899,0
76898,0.004383566717243492,0.012775739218643611,-0.001180355401060651,0
76902,0.0028671492273179,0.00884796351151218,-0.0008437606249949159,0
76906,0.0008549691769877965,0.0009782284662978036,0.005759597452583254,0
76909,-0.0011194296453866937,-0.008008774083187564,0.006530111072991895,0
76913,-0.0017997095360806625,-0.010054826570414566,6.376295712806623e-05,0
76917,-0.0005966851353162994,-0.0021453482587694417,-0.002719828547367409,0
76921,-0.00031062889203981037,0.007265451628464259,-0.0029079703745654717,0
76925,-0.0015116188248348594,0.011003293269428838,-0.0046124133453238625,0
76929,-0.001116690350770666,0.011225220934651059,-0.00504341980099926,0
76933,0.00026493108754799266,0.00808627973876419,-0.005326455046570311,0
76937,-3.240036933560564e-05,-0.0012732611719479259,-0.0060653743635217805,0
76941,-0.0005926242769762613,-0.006762946187810481,-0.004248866483297975,0
76945,-0.0028532926554145632,0.0028795365728098155,0.00020145634722035233,0
76949,-0.0064536087770424855,0.01619554834403969,0.004566123975488612,0
76952,-0.005870227417079765,0.01853212401640114,0.006755808420468745,0
76956,-0.002246444797068925,0.014546962639737426,0.008562408767272323,0
76960,-7.627837731083442e-05,0.011091423460908967,0.011021293175363434,0
76964,-0.0009926913465441167,0.007438750195075006,0.010503168431825693,0
76968,-0.0033666417969896445,0.0040408843268728845,0.007842811497861202,0
76972,-0.0038407949748030523,0.0012612248327643627,0.003491846660931386,0
76976,-0.001552572741025382,-0.0001596224679003555,-0.0016543853946044407,0
76980,-0.000285497334894913,-0.00017298160172352084,-0.0029990367144780983,0
76984,-0.001003093745009398,-0.004354409996546238,-0.0032224419389634273,0
76988,-0.00011797254893763931,-0.013111947834118176,-0.006546777109521396,0
76991,0.0025742739401097836,-0.014632943885715566,-0.009225266971101653,0
76995,0.0049255687926329506,-0.0078482911786808,-0.007879966896810309,0
76999,0.00456684569595911,-0.003870625964297325,-0.006011872393611839,0
77003,0.0021785302907892934,-0.00222825622699796,-0.005624123992245378,0
77007,0.001706369463552404,-0.0010665878389573002,-0.006187068194713041,0
77011,0.0035266793938926178,-0.003131026226393274,-0.006602870013793838,0
77015,0.004989739198144272,-0.005773769218547997,-0.0036674760150336994,0
77019,0.005590022197951572,-0.006779981235117916,-0.00017717606206041348,0
77023,0.006950840914295764,-0.004415052226131255,-0.0035981880892178575,0
77027,0.00920812920433245,0.0027242706290113716,-0.006676310257237306,0
77031,0.010300357375251812,0.011444110764593063,-0.0024138011762463996,0
77034,0.00933348217754526,0.017293305817657867,-0.0005161796518549089,0
77038,0.008292779616608348,0.02076843312022758,0.00014248447650067053,0
77042,0.0076852752526879176,0.0212985006959987,0.002570088577016738,0
77046,0.006489273023506215,0.016581483271242092,-0.0007644755268926273,0
77050,0.00698454059161735,0.015854232286602432,-0.008331875646144848,0
77054,0.009307824705047762,0.022249526356328264,-0.011437686437454464,0
77058,0.008917184176062354,0.02189969977488504,-0.007922808234364642,0
77062,0.007107775030055996,0.015684439974647635,-0.004934035039982243,0
77066,0.006241690623805196,0.012022112516412609,-0.004498391820172198,0
77070,0.0022152530288385153,0.005716381556051253,-0.0021521479589038384,0
77074,-0.0035459607065323473,-0.0028345130543296904,0.0013357754366448704,0
77077,-0.006572604176298791,-0.011591892386618063,0.0025569343814915158,0
77081,-0.005349328185407565,-0.01663565569379921,0.0017407466273464678,0
77085,-0.001400052673301011,-0.015038262811450487,0.0013121792416199152,0
77089,-0.0020445540133493534,-0.014634976280017309,0.0030735715989672063,0
77093,-0.005454254477611609,-0.014594237145903577,0.004943630124653486,0
77097,-0.003762699935745739,-0.010414460666221093,0.004513789995045869,0
77101,-0.001503188595719851,-0.008425067269799413,0.003415688243777415,0
77105,-0.0022123587214400997,-0.012445835720029219,0.0003855761281385539,0
77109,-0.002210860360824851,-0.012884460687189403,-0.008459873083164149,0
77113,-0.002629775943962853,-0.008417599540152754,-0.021786033656519377,0
77116,-0.0030311312918911426,-0.004426056171698889,-0.02605788397556358,0
77120,-0.0001441776231153602,0.002366164681521621,-0.009120626834935586,0
77124,0.0035284936422949054,0.007520571925912378,0.014094277402682709,0
77128,0.005196205958945099,0.00961828685810806,0.019820294056656,0
77132,0.007137850904500476,0.01608678042825007,0.007582404115341057,0
77136,0.009538786248257436,0.018242816935635453,-0.007785020112539731,0
77140,0.009573095925640707,0.012080743471657218,-0.01660959903676129,0
77144,0.00916249524763968,0.014235466848359746,-0.02030479355763526,0
77148,0.012440331143949712,0.02722750003378671,-0.023358248098800383,0
77152,0.016196614201631987,0.03722700539210155,-0.024216275966702006,0
77156,0.016027447765707525,0.04082722359125057,-0.020602102896465246,0
77159,0.013979999743961469,0.038266131103804835,-0.01369706947352356,0
77163,0.009876216886813283,0.023674995328101467,-0.006501240375950179,0
77167,0.003354717964692444,0.003928487567912864,-0.003172939407172559,0
77171,-0.00040175585408497305,-0.005894451420353608,-0.0019035857519508759,0
77175,0.0014358318642663237,-0.0024250034284993838,0.0019486025010952979,0
77179,0.005584120161587602,0.008144601059084433,0.006111628630769805,0
77183,0.0057766675782051635,0.014556633455900414,0.007848388199302614,0
77187,0.003144129080475122,0.014602805578931122,0.007314063426823558,0
77191,0.0043619262376659584,0.017208144385417956,0.0038431383611165493,0
77195,0.005945919870075311,0.018043311190994782,0.0002945452056108966,0
77199,0.003720596758905792,0.010546094226512981,-0.0003402407663581908,0
77202,0.0049131186119681924,0.008757844587687913,-0.0012958445381537897,0
77206,0.009650640079463146,0.016230645449931913,-0.004605687854535856,0
77210,0.007887765975722383,0.01533914621004806,-0.00420356659728871,0
77214,0.0017644082536619754,0.005713758287488879,0.00033788398248890683,0
77218,-0.0006103723660173532,0.0009268316910966412,0.000935761903139487,0
77222,-0.0005570663524334662,-0.0005896727800087653,-0.003240749010578692,0
77226,-0.0003300518435530586,-0.005665721980512739,-0.005435951845365716,0
77230,0.0006569995989175181,-0.010499660947637768,-0.0018697982272770086,0
77234,-0.00036073265386771247,-0.012142944757206564,0.00033118278014032665,0
77238,-0.003429891643489724,-0.012464150671349206,-0.0015964178323629175,0
77242,-0.0041659016242401314,-0.012355675989794701,-0.002455158536756652,0
77245,-0.0026920188480000773,-0.012634258484746752,-0.0048854667827754605,0
77249,0.0022249887532230783,-0.004307647118934721,-0.009363143048060019,0
77253,0.009393546590023671,0.01200244625481739,-0.009995426378044348,0
77257,0.009720881555435823,0.02088540350134771,-0.0075990197797623504,0
77261,0.0048601473135245765,0.022499744347848516,-0.006114700788563299,0
77265,0.002998203294071078,0.0184902548280772,-0.00406123354442961,0
77269,0.003843393886305946,0.012374732608000816,-0.0015171079088803774,0
77273,0.000776981378251218,0.018979068756908912,0.00048736158612588953,0
77277,-0.006217057117324787,0.027935807316851413,0.0015507239864417932,0
77281,-0.008020500840272282,0.021180247088118165,-0.0003755377788278169,0
77284,-0.004462833881096806,0.011839105325311738,-0.003480799672426038,0
77288,0.0015842692990282181,0.012769023939828372,-0.003956369922905212,0
77292,0.00955919464348931,0.019394257502528323,-0.0014910891072954513,0
77296,0.011465444811961212,0.02326361201585403,-0.0010117957248421683,0
77300,0.005684733603068426,0.02182743287418365,-0.003532016806230054,0
77304,-0.0005729874069292373,0.017136942225741247,-0.004975996215330014,0
77308,-0.0025549532414186338,0.009283610117472474,-0.0063017845845824705,0
77312,-8.625317401045329e-05,0.0017808375535608434,-0.0061011303008237094,0
77316,0.002230115395949639,0.0009208624336394244,-0.0010223278194592123,0
77320,0.002595687341935049,0.0062240448140489235,0.0021688010913374356,0
77324,0.002084521547001339,0.011232213905691069,-0.0011205498492463106,0
77327,0.0013184866642593773,0.013319648808422624,-0.0037251372769134816,0
77331,0.002181174444605971,0.01176714871237694,-0.002494160422532754,0
77335,0.0037545502917877283,0.005709556096530566,-0.0021403802753605095,0
77339,0.003328266321051987,0.001674263685839339,-0.004015616183524251,0
77343,0.002926039322613483,0.006905638518718504,-0.005914665217380766,0
77347,0.003503427598648079,0.01534104558406435,-0.007377846675251543,0
77351,0.0004590844942681249,0.013103160093858701,-0.00863584417783475,0
77355,-0.0031822699011497813,0.002394136588817375,-0.008169452630392926,0
77359,-0.001549552565618062,-0.0030492298002346985,-0.005066429059361499,0
77363,-0.0036303365061759463,-0.003873254107324531,-0.0024852598382588686,0
77367,-0.01035365404380284,-0.009145101723762039,-0.00453630377626546,0
77370,-0.008771173965813284,-0.01885630450696274,-0.007407739907044686,0
77374,-0.003602281075679281,-0.023210312791236642,-0.0071055783727357325,0
77378,-0.003412854437421342,-0.0192975888339193,-0.006056355666723301,0
77382,-0.0018606140424404227,-0.012458712289694418,-0.004830296479127638,0
77386,0.0012419801034577738,-0.007234635334839368,-0.007283611479380558,0
77390,-0.0012878938022105046,-0.004819297569648384,-0.012010757574885178,0
77394,-0.005332800419574624,-0.002641059428079462,-0.01123919054908612,0
77398,-0.005482454713945595,-0.004525679476026667,-0.008243602655919502,0
77402,-0.003684533910445431,-0.0108052071896374,-0.007098051980694575,0
77406,-0.0015693236280991396,-0.008940921489914544,-0.008495878604278473,0
77409,-0.00020734060320026781,0.0031636435099562377,-0.01173023313957483,0
77413,0.0036226160579522215,0.014743568070947344,-0.011608275348656771,0
77417,0.008668205285593311,0.020352581613495513,-0.00805420844661675,0
77421,0.008086631672743483,0.019582983683334998,-0.005655836844374762,0
77425,0.006295557091422488,0.016615224003851292,-0.003310500276785866,0
77429,0.008032068591549257,0.01650737043758932,0.0002682203277339923,0
77433,0.008449885886002373,0.017759895822880623,0.0024425835352061,0
77437,0.004938557700449153,0.013350134566251004,0.0031664376625253343,0
77441,0.0009781417526126823,0.0022135433833518903,0.002679342894414516,0
77445,-0.0005737564819928709,-0.0040477851021023525,-0.0016237030496106808,0
77449,-0.0005278522604543756,-0.0034963939594767623,-0.006898567964846336,0
77452,-0.003732876991192069,-0.0033374503831953284,-0.006695744927798564,0
77456,-0.008261215225608853,-0.0011717608655801293,-0.0038766789824114523,0
77460,-0.006397329263083673,0.003449488788247468,-0.0022137384504065105,0
77464,-0.002642808567680177,0.004895976803618307,-0.001908865118019687,0
77468,-0.0020873472683961003,0.003266615184310151,-0.002820887771921632,0
77472,-0.0013331173070275648,0.00363369085955334,-0.0022688834408454706,0
77476,0.0005691696096038479,0.00478385086029931,-0.00209099355764919,0
77480,0.0008721014588282117,-0.0012679484475222047,-0.002892475824030405,0
77484,-8.265912570226686e-05,-0.011086641942473108,-0.0017082639942967992,0
77488,0.0003603238551356247,-0.009581756139769304,-0.0008716311156967693,0
77492,0.0012006024295723172,0.00012813074987105821,-0.003453279005505905,0
77495,0.0008242788105415899,0.0026669176357474456,-0.0073700567900892855,0
77499,6.851217066305981e-05,-0.00434748203616353,-0.007537776399373974,0
77503,-0.0013100934454031155,-0.012925260306447584,-0.00434135857228346,0
77507,-0.0020930489370797334,-0.012363254575293414,-0.002568298682531278,0
77511,-0.0010463946115290002,-0.0028248803237755915,-0.0024822947636688464,0
77515,-0.0014856226983551712,0.004646747353441505,-0.004086123463607982,0
77519,-0.0023756938248638004,0.0031617392866301053,-0.010264066447630893,0
77523,-0.002151190618612353,-0.006441480646090625,-0.01513603202961017,0
77527,-0.0010500095959822264,-0.011686365078441341,-0.010877497792704527,0
77531,0.002835277023682581,-0.0036493623005231512,-0.0019291625553361502,0
77535,0.0038546341415787166,0.002815657442309938,0.0019794516822293495,0
77538,-0.0012595402092555608,-0.004672362546816355,-0.0005141808005534876,0
77542,-0.004204655190034434,-0.012521671242418986,-0.004655182889978071,0
77546,-0.0007951843755504839,-0.009163047735820662,-0.007725025452262169,0
77550,0.003562178213094014,0.0010779710545580912,-0.008365379531782846,0
77554,0.004856964844079492,0.008650761448484534,-0.007916366018781928,0
77558,0.004844051644101066,0.006784170536764389,-0.008502988764295338,0
77562,0.0058996488727628416,0.00527772024046147,-0.005551593577168168,0
77566,0.006034132571233086,0.0077282536928433565,-0.0015311405303060632,0
77570,0.0034651597987105376,0.004532418884933165,-0.005702122186930336,0
77574,0.0019440466271721801,-0.0029659188492661137,-0.010644707399983355,0
77577,0.0018508467063637069,-0.01016725432212473,-0.01138016478755749,0
77581,0.0012465274906162671,-0.010354975258819454,-0.011891746875389464,0
77585,0.002419311371524513,-0.001888753092632811,-0.012366602817244943,0
77589,0.00480627052843241,0.005514146518252883,-0.011482549353894866,0
77593,0.005359713471395411,0.007958875729813464,-0.010911797701210757,0
77597,0.004738959544266841,0.007226910711179535,-0.013054205302527822,0
77601,0.003652404975349799,0.0049182030222252315,-0.010695193179517448,0
77605,0.0012122855670025912,-0.00029197505734535056,-0.00218033606709761,0
77609,0.0001507900255818262,-0.005451796838926715,0.0030078743259989715,0
77613,0.002412659268262063,-0.005097323325160108,0.00323712847143115,0
77617,0.003661203190593487,-0.0037023034821435097,0.002291828365230786,0
77620,0.0008740053345214216,-0.0047912553749265285,0.0003680714646280836,0
77624,-0.0025761421543734064,-0.009631441290154807,-0.0006421084220379347,0
77628,-0.001947787649624444,-0.0165315937041961,0.002323639331770544,0
77632,0.002953440169193411,-0.014577372901841912,0.0020316107049023757,0
77636,0.004708738173147986,-0.007826037748426273,-0.005009223689755482,0
77640,0.0003306544722382343,-0.009272282034005208,-0.00677259179277756,0
77644,-0.0003189477930016782,-0.009588612283073505,-0.000989089709451163,0
77648,0.002445017846623432,-0.0021151035508539806,0.0043540729691096125,0
77652,0.0008225532129007007,0.0022188803492402265,0.008865899890270368,0
77656,0.00043888135610969936,0.0024366075325703562,0.010990248671993164,0
77660,0.0035650000967634154,0.006623583377959541,0.005856505611412932,0
77663,0.005277762098687577,0.01397919242040535,0.00045637983403984395,0
77667,0.004718857550059519,0.016767688077101273,-8.80179393431546e-05,0
77671,0.0017747401655530126,0.010710789720703495,0.0015610196096814688,0
77675,-0.0025723521544332995,-0.004001192209879267,0.0033694813209075303,0
77679,-0.004356267735571517,-0.016831444234080006,0.003162370000959591,0
77683,-0.001354711685196297,-0.014161894370245065,0.005054783271739194,0
77687,0.0021370793731171345,-0.00035978180662832315,0.010365062127307145,0
77691,0.0019515058319214962,0.006739253400729783,0.01451233885782427,0
77695,0.0008773165073103772,0.003558627449995022,0.014896955828836766,0
77699,0.001150989261704427,-0.0011064877650932559,0.0126119167464821,0
77702,-0.0013954524612520558,-0.00778671792357688,0.008375308951821259,0
77706,-0.005342252865568442,-0.012733784448973662,0.002913213689218541,0
77710,-0.004602749967645203,-0.011556380347005124,0.0027764533267780056,0
77714,-0.0027433729161084885,-0.009570272842848837,0.0074186047585731996,0
77718,-0.003634219248465742,-0.008255758061670448,0.008544578128802771,0
77722,-0.0037679063360975817,-0.006445100058465325,0.002763929270964749,0
77726,-0.0022403907205881257,-0.005731822945908238,-0.002012307009542913,0
77730,-0.0033596566157160224,-0.008934697317511286,0.0005831133132467858,0
77734,-0.00832419436550158,-0.0183509752605171,-0.004021072323580288,0
77738,-0.010978978291933061,-0.026179721346827556,-0.019074267588293337,0
77742,-0.0051232368709510645,-0.021954393219145718,-0.021111181603823803,0
77745,0.003625455604940764,-0.012251881922233032,-0.004652355100782601,0
77749,0.0038936944053509226,-0.006222273134023126,0.011860649369530463,0
77753,-0.001566937812854996,-0.0023387355804782572,0.018795579369417337,0
77757,-0.0022001247217839914,0.0004979108985798675,0.014113078536206303,0
77761,0.002825510196718617,0.0031682785280024994,5.708715667018804e-06,0
77765,0.004300476191200664,0.0008154413179486397,-0.011424554148988186,0
77769,-0.002643526559864773,-0.014821310494584683,-0.013994416791906161,0
77773,-0.009281363435873269,-0.032099589679309926,-0.014143752339751847,0
77777,-0.005641192711257181,-0.030678146601201828,-0.016305768513740937,0
77781,-0.0012978283362593546,-0.0124219908673191,-0.021926975376641622,0
77785,-0.0029845647743861337,0.005080340163818864,-0.025032963590631396,0
77788,-0.00033581103017765734,0.01549529570759578,-0.01428662735302344,0
77792,0.005121504371901953,0.023821924859702026,0.005392667839880183,0
77796,0.00808514873034849,0.025933386064603603,0.017058433523119365,0
77800,0.005694443102729929,0.013675085135575138,0.011085214909771102,0
77804,-0.00046935020792249205,-0.003406644934295322,-0.0016009250452100887,0
77808,-0.0037949853739726036,-0.011304402864873442,-0.007613498839351862,0
77812,-0.005896914496205108,-0.012720198494256874,-0.010813929950194756,0
77816,-0.00797518761002769,-0.01774689733118695,-0.007948775220917026,0
77820,-0.009769349194187038,-0.01843458747353033,0.005719231197888308,0
77824,-0.011162592021628615,-0.009125626282969979,0.014692803698333867,0
77828,-0.008942015844373263,-0.004826669174596621,0.010834442767280461,0
77831,-0.005967900356995237,-0.006222517326474719,0.002824318107177648,0
77835,-0.00638283148015073,-0.005837447489436265,-0.0038894519420514806,0
77839,-0.006992028491578095,-0.004390520883751581,-0.009990479409121789,0
77843,-0.0050116709059755404,-0.0021958219773337007,-0.011972734041656274,0
77847,-0.003562851681600865,-0.002240037438811626,-0.007815660318293116,0
77851,-0.00297609108706709,-0.0071064748398317334,-0.004486661595647812,0
77855,-0.00044091268439105935,-0.011169316065177348,-0.003610717067163649,0
77859,0.0010641683966352566,-0.011038344606997263,-0.001648624514765662,0
77863,-0.0005400208554078301,-0.012302821110717233,-0.0018923151206150512,0
77867,-0.004213866453557591,-0.01589480825417411,-0.006780320856627664,0
77870,-0.0055599802306453006,-0.016921935071296357,-0.008101204137533236,0
77874,-1.6380632503865122e-05,-0.011833163340168262,0.0012956652645672029,0
77878,0.007193345734408996,-0.0009978575735010153,0.012053272108000002,0
77882,0.008068441675868732,0.007627396949608123,0.010723866679025251,0
77886,0.005687081603519939,0.012019616660595034,0.00188655113344266,0
77890,0.006404669039534183,0.01627171763351365,-0.002046467453212353,0
77894,0.008095097292477038,0.016200199628123357,-0.002349857911376485,0
77898,0.006738554358480586,0.009540563744468766,-0.00366084240783221,0
77902,0.004144402272324488,0.005276696628072397,-0.0059402877377209284,0
77906,0.003929352324138158,0.009542991358614028,-0.007494733336758597,0
77910,0.00517807581544083,0.015627484188948326,-0.004552784566487389,0
77913,0.004655241483727091,0.018673366547219405,-0.0015234640485886075,0
77917,0.00202701910984715,0.01739121222714024,-0.002403673093519243,0
77921,0.0008336022917820873,0.010780962939774152,-0.003354313028102962,0
77925,0.003634169638206508,0.0064608151147456105,-0.0018506035178846303,0
77929,0.007717791610277636,0.008201885694188782,0.00032943204710156326,0
77933,0.007944729388593696,0.008530766648572996,-0.0010608534683599902,0
77937,0.006055471714812355,0.006056599256769601,-0.006901279655659176,0
77941,0.0076860923117157975,0.007351057610232914,-0.012849948481855167,0
77945,0.01015338784198938,0.010057435155577998,-0.013221305930073812,0
77949,0.006658970080648086,0.006426332082087871,-0.010509952472251893,0
77953,0.0019338622937301597,0.0031694968204147855,-0.009964406611007115,0
77956,0.003927220509181595,0.006361822664710637,-0.007423635675812279,0
77960,0.008515791560709585,0.008966758765296845,-0.0021096659576670396,0
77964,0.00896570154346632,0.00985381594523238,0.0010419215373573265,0
77968,0.0052367840687248535,0.010895404233004502,0.002499964720864667,0
77972,0.0019911155356032717,0.010952316542781393,0.0026592028194721284,0
77976,0.0027956598526188703,0.00849828401142716,0.0019336949430146522,0
77980,0.0048306609434499714,0.00267668639373575,0.0035832040931064735,0
77984,0.0021161792238217902,-0.004009991700572257,0.0070912260431670315,0
77988,-0.0037215563155519327,-0.008568623157789279,0.009157503373120879,0
77992,-0.004080744446663731,-0.006651576104576673,0.006244447065847258,0
77995,-0.0004917765149421438,-0.0022933091421855067,0.0013810518264182337,0
77999,-0.0018951782692913088,-0.005602339938371337,0.002347733469119817,0
78003,-0.004952748326500833,-0.014328269744486644,0.005473517284948659,0
78007,-0.004578760133317483,-0.017296362026397727,0.005172007936040113,0
78011,-0.005025281256696323,-0.014482231925849742,0.004109417006287308,0
78015,-0.0075843041135253975,-0.016015067882406253,0.004922155972170272,0
78019,-0.008969876360188755,-0.01805496740576018,0.007110597156044174,0
78023,-0.006858541953142394,-0.012190171115148196,0.006527974923184909,0
78027,-0.0034079836170720634,-0.004885934117258017,0.0010130337529689615,0
78031,-0.0024305303652170096,-0.007240944092016921,-0.0036279085274171785,0
78035,-0.003545805148724601,-0.014590749784904933,0.0021001482150398987,0
78038,-0.006025602199315361,-0.01661015215379802,0.014343985266263515,0
78042,-0.0068986134104689345,-0.01095149787673444,0.018056045275353094,0
78046,-0.0018872656088748663,0.004639399155485613,0.013228791600235046,0
78050,0.006831748879120636,0.024361271166102316,0.007960339564546115,0
78054,0.012148015551832647,0.0350807215003206,0.00046479625239109756,0
78058,0.01073131845291353,0.030974577928343905,-0.0092367925216007,0
78062,0.006360877620291916,0.018922173332972747,-0.014559751551079303,0
78066,0.002394943341702538,0.007685060284363221,-0.016143175539527987,0
78070,-0.0002255114952781634,-0.0020118956719779035,-0.01599809613823794,0
78074,9.558404620435557e-05,-0.006273221676597718,-0.006888393375441226,0
78078,0.0026996524510021214,-0.0030896380698526293,0.008663821352278833,0
78081,0.003934778623566504,-0.0014701159579511014,0.0167824911686541,0
78085,0.0021853852329274392,0.00020971839808492376,0.015684115663989584,0
78089,-0.0005910841194289862,0.002406024913166771,0.011453981977395389,0
78093,-0.0016019499563800776,-0.0027583050337232073,0.008648204887699185,0
78097,0.002513389556901058,-0.0032937687187990505,0.00930484665884418,0
78101,0.007734332213952366,0.006089648449147056,0.010003777526498725,0
78105,0.00641257756289082,0.010862699201608095,0.0088233583920867,0
78109,0.0006427066038239282,0.0070216895311450145,0.007828817205768002,0
78113,-0.005291397529168518,-0.0020127085397705358,0.007830740849415874,0
78117,-0.007777512862834346,-0.010231437527840725,0.007711226848624575,0
78121,-0.006768999504024209,-0.014152585639989113,0.0057946401670452286,0
78124,-0.008058464011020172,-0.014275977536451823,0.002825944675256098,0
78128,-0.010590181268631316,-0.007618884212749588,0.0005846625794863614,0
78132,-0.00790300213606654,-0.001461763716697373,-0.0037112064540017475,0
78136,-0.0029152055345225136,-0.004105593786034145,-0.007396491899147706,0
78140,-0.001065230213656898,-0.007507797904402924,-0.005002058066905568,0
78144,-0.0016901653363260438,-0.006266281397672824,-0.002067459668527616,0
78148,-0.005813906043826922,-0.0013296672400358034,-0.0014654804211469696,0
78152,-0.009998238802628734,0.008560241186451378,0.001050634429595465,0
78156,-0.007914954147143272,0.014311189496334364,0.005221543688538111,0
78160,-0.0036592828974181257,0.009050916017856458,0.006833309500080431,0
78163,-0.0008236928016081002,0.001512411024724436,0.005157910229677987,0
78167,0.0025264000306575163,0.0017177587485646129,0.003820439634002748,0
78171,0.0047849010190506025,0.005506638278228948,0.004326012085539455,0
78175,0.0041560021332643915,0.0022102122896519028,0.005120314569554696,0
78179,0.001218628764441343,-0.003996727607777029,0.003543656789656624,0
78183,-0.0015511428910552905,-0.0023828629187918615,-0.0001983476388083827,0
78187,-0.0019699959070899054,0.002396721413154612,-0.001044930107040376,0
78191,-0.001448376430241205,-0.00010983549315035646,0.001330646031444449,0
78195,-0.0011545155659076212,-0.004515898847183841,0.00313146919438978,0
78199,-0.0014450430645608359,-0.005963082761393679,0.003326594035199193,0
78203,-0.001695807463363952,-0.0067064933469982435,0.0011978339501870772,0
78206,0.000329558667904295,-0.003934243385642855,0.0009983794491147946,0
78210,0.0033227638347371746,0.0009614803807673766,0.005586474291817745,0
78214,0.004403248004955618,0.0030912513488896565,0.008371073304064558,0
78218,0.002609705514773575,0.0034900033850377987,0.006377356266395129,0
78222,-2.1682577651005452e-05,0.0025796528208017477,0.002675614925097991,0
78226,-0.00017622602243183572,0.001657520799004164,-0.0006449948292612251,0
78230,0.0025059949945730464,0.007059477809345793,-0.004206250187620664,0
78234,0.0050285593093089,0.013909634654566183,-0.00805942734024756,0
78238,0.004211353247427052,0.010442008354015542,-0.0077212155180881314,0
78242,0.0017652416397839765,-0.0014375925358334207,-0.004252367650053823,0
78246,0.0010684912017249193,-0.01028627408131122,-0.0014427821295845966,0
78249,0.0023529389716122617,-0.008264708282772038,0.0024612619261319413,0
78253,0.005199232171216095,0.006374724388950703,0.005252169679386798,0
78257,0.007261268298577206,0.02380817411521763,0.0055480790902912025,0
78261,0.0061880696519092115,0.02864271021013387,0.0053988989918681285,0
78265,0.0050484861065713815,0.023211286851053448,0.004652872953724352,0
78269,0.004762450908568194,0.01732757697638121,0.004648744394278981,0
78273,0.003167625590044465,0.011213927094825937,0.00530100025065644,0
78277,-0.00040074964698688653,0.0057710295099639985,0.004057634168635915,0
78281,-0.005586334153900974,0.0030922644184472325,0.0016206487930936486,0
78285,-0.008171397822580584,0.0023731247675589096,0.0017073222954261946,0
78288,-0.006821628762916698,2.8419633411047585e-06,0.004751574050694485,0
78292,-0.005152087071223388,-0.006668601489696169,0.005665174973507325,0
78296,-0.005223214335133175,-0.011725862941151632,0.00189812117446575,0
78300,-0.007192854308897045,-0.01261053518253119,-0.0021960322975246305,0
78304,-0.008708944153227427,-0.010807411228518138,-0.005452685514721833,0
78308,-0.006770382993256607,-0.0029783322837837467,-0.00884498308831172,0
78312,-0.0026710598598335134,0.0016833656552130982,-0.0077459098291892126,0
78316,-0.0007067293361405769,-0.0024610038902492803,-0.004256815520374824,0
78320,0.0019521810232504544,-0.002792557791048811,-0.004522793008685133,0
78324,0.006017306946159762,0.0015527865434807886,-0.0067834064786655435,0
78328,0.003920472211321746,0.0028487120323297255,-0.007461268011718147,0
78331,-0.001037849278584524,0.0031387431603944194,-0.005428132007464503,0
78335,-0.0013853148960399908,0.007936579873683236,-0.0023958874039146094,0
78339,0.0006533090092056826,0.014597765993039413,-0.0003320297322141341,0
78343,0.002218803970669092,0.0170737291728722,0.0007075937756870765,0
78347,0.003116829508243213,0.019023315153484877,-0.0007946477770476856,0
78351,0.0024419951324706757,0.0219377230300859,-0.004694403429041594,0
78355,0.0012634189092951553,0.016960903647666115,-0.005559722121426025,0
78359,0.0010014297046377907,0.005314410664473357,-0.00043392183728796496,0
78363,0.0021434752972276927,-0.003802943132317438,0.003613937460302641,0
78367,0.0049777482545012575,-0.00497505178121882,0.0009156301898631258,0
78371,0.0057517042992661915,0.0032399557528397516,-0.003122847988723476,0
78374,0.0006525780624490052,0.010145814112928253,-0.006322967131288493,0
78378,-0.0038138897818281725,0.008067796387005277,-0.008664321923303742,0
78382,-0.002031836035796597,-0.0002139609428679634,-0.00904602385997938,0
78386,-0.0010835874058299222,-0.011616383113296713,-0.008360738308274995,0
78390,-0.005277622347560573,-0.011116521730903273,-0.0043858257363729725,0
78394,-0.008600930319013655,0.004944599236948122,-0.0001806207230208301,0
78398,-0.005740810443900846,0.014852160140198745,-0.0007156402762490965,0
78402,-0.0005151534302727523,0.011006704104401077,-0.0041308044129653165,0
78406,0.001235872973731622,0.005721076733824049,-0.007263891187384297,0
78410,0.003255151497692954,0.01102262305307633,-0.008600844564028653,0
78414,0.008067793460469264,0.022022620786408265,-0.009696227702199911,0
78417,0.0077935169143402705,0.022909068668929944,-0.009560371797751877,0
78421,0.0020973950000401365,0.010434231309226494,-0.005974284009631126,0
78425,-0.001204743937335384,-0.006739928287284425,-0.0024155466201142284,0
78429,-0.0014881166934582746,-0.01747987675274576,-0.0011944209036705011,0
78433,-0.0005817446174001262,-0.013286487848467754,-0.0028217922355858183,0
78437,0.0014400278851479653,-0.0002560847428529911,-0.005455027468419527,0
78441,0.003290627908619337,0.00646768510410034,-0.005586477725668282,0
78445,0.00425987840516473,0.006965975332227092,-0.0039217363886150935,0
78449,0.0038675669094052623,0.010281639226313644,-0.0020136282176558273,0
78453,0.002637511214611421,0.015579503208690948,-0.001348930640817425,0
78456,0.0025058786340806938,0.018056047720800716,-0.002668843996290471,0
78460,0.003951859014331149,0.019392856490592525,-0.0032862592440413563,0
78464,0.005147158358537629,0.019266079067408626,-0.002775481288634918,0
78468,0.0044882591310208,0.0151493542973129,-0.0028369234517661712,0
78472,0.004012665910112956,0.013784878468841466,-0.0017173917384628035,0
78476,0.004915416196268785,0.014544731314523052,0.0008118600330702663,0
78480,0.0008439185125489468,0.012583984570458284,0.004141194792398328,0
78484,-0.0074085218370018024,0.011365943184311611,0.006350344824834653,0
78488,-0.007612390866440499,0.009409354754728483,0.003925671272931419,0
78492,-0.002826713998208108,0.005740792753254009,0.0005422512463162943,0
78496,-0.003634849800748352,0.00011890432496075576,-0.00037596588314919854,0
78499,-0.00327535242752075,-0.005094812279926586,-0.002406558871414055,0
78503,0.0021481528868755317,-0.0001685165546811973,-0.005203008393908193,0
78507,0.003032892383345809,0.011383524564756442,-0.004137234961425873,0
78511,-0.002313116946683791,0.010986432246186784,-0.0016678649403654155,0
78515,-0.005023169094864777,-0.0008361935878404836,-0.00131138812154874,0
78519,-0.001399873515266048,-0.009026662761770332,-0.003331507782636245,0
78523,0.0016838106728708224,-0.012502003002786477,-0.007551595116166154,0
78527,0.0018703465029780153,-0.011302411928334255,-0.008881994989415498,0
78531,0.0021867895213808497,-0.006451299472815197,-0.006287438611350782,0
78535,0.0022846512256623486,-0.0011419671954189248,-0.0041105445145201425,0
78539,0.0012450296537255268,0.004431506401810115,-0.0033583047739537686,0
78542,2.531238096259436e-05,0.007478049045606117,-0.004499356209113181,0
78546,0.0009518507343747595,0.0052439460829547535,-0.005687909702344174,0
78550,0.003378363181209987,-0.001320168886401074,-0.005508644691636533,0
78554,0.0052635637973922345,-0.0019305379296086222,-0.005744608294916742,0
78558,0.005740250796982926,0.006948313952193086,-0.004978111267010865,0
78562,0.0052459631039780685,0.015447764302936484,-0.0033624926841716585,0
78566,0.0053339996538803724,0.016355726674512017,-0.0036937677032548577,0
78570,0.0018119626583747994,0.013080644413985265,-0.0031856053645068494,0
78574,-0.0043858933441008885,0.011473460667450475,-0.0004963206166098133,0
78578,-0.00300932736012538,0.0071798163247591695,-0.0007656160540859269,0
78581,0.0017489147065337107,0.0004134527278818467,-0.003974915612330654,0
78585,0.0014979429794965693,-0.002656914377836106,-0.004627108864481644,0
78589,0.0004410496719520207,-0.0036610861786554594,-0.0008906127124720942,0
78593,0.0012004240729452942,-0.0022473907293676376,0.002604760830132502,0
78597,0.0008878296638039629,0.0039010408600206326,0.0015112079377605503,0
78601,-0.0008225288687507826,0.004059077283022905,-0.0011462007125552787,0
78605,-0.002144484233429944,-0.006711732500748191,-0.004928016284447501,0
78609,-0.003037620512089889,-0.01575567881475637,-0.011303275927704859,0
78613,-0.0027679754711048554,-0.0175375417556225,-0.014056979191397367,0
78617,-0.0013860815576751673,-0.015007108542107517,-0.011760934503977416,0
78621,-0.0012474042301983124,-0.00898252310253378,-0.00847760548584131,0
78624,-0.0007300531188699777,-0.002901306207280463,-0.00559212803079151,0
78628,0.001997228362940362,0.0007350814714217613,-0.004556351397814962,0
78632,0.004534231032480962,0.00494754910830375,-0.003689285847305046,0
78636,0.0059505664221468635,0.007335873500838197,-0.0027581779196658718,0
78640,0.006463408192587172,0.0045472503495411765,-0.0057580780425329214,0
78644,0.005475191878220764,0.0024009716717894314,-0.011927516133358462,0
78648,0.0027491141565765265,0.0074518742265579085,-0.015428881355000978,0
78652,0.0003388417897925988,0.015399550392397376,-0.014113265888116344,0
78656,0.0012391958136952486,0.015736120842162915,-0.010416710085496939,0
78660,0.0006316618201308577,0.004812153238776595,-0.0062718283042728085,0
78664,-0.003726759644787192,-0.008829239222260199,-0.0042894616243746575,0
78667,-0.004792380946495145,-0.012076213168594307,-0.005650312673519786,0
78671,-0.0023116019843992808,-0.007879079474652606,-0.005990463083399289,0
78675,0.00046858999592436223,-0.005936281688349698,-0.0024972018322831913,0
78679,0.002417765270808725,-0.00517495741477747,0.00324196364582624,0
78683,0.0020296403505268845,-0.007083871818927001,0.007406234584754312,0
78687,0.0002930854697893448,-0.013312433992769268,0.005705928807608451,0
78691,-0.0011725596710345787,-0.016746395806967573,0.0010105374048301474,0
78695,-0.002430390163704166,-0.013763314534985582,-0.0005744020947784367,0
78699,-0.002061589621666804,-0.0071965241360549825,0.0006390368926753598,0
78703,-0.0008393581570094177,-0.0027464940450387942,-0.0007991155216603985,0
78707,-0.001716660445013729,-0.008374420119008352,-0.005719143263624549,0
78710,-0.003488308696703024,-0.022218662814065482,-0.008936039262916196,0
78714,-0.003369365232034127,-0.02731431039824983,-0.007872118206042833,0
78718,-0.000383966707122374,-0.01552376367934638,-0.005600818410790909,0
78722,0.0024375714276906324,-0.00041921189347782217,-0.00507878540828216,0
78726,0.002993087377134218,0.00594222623884777,-0.007469054764657701,0
78730,0.0015879963734632963,0.002647670286531234,-0.015406648998641914,0
78734,-0.0004094647087498071,-0.0023141272714375383,-0.02729705214966721,0
78738,-0.0008449234254148674,-0.003108633116386539,-0.0347245403148701,0
78742,0.00027855767867623893,-0.005421657911744759,-0.026482202941569,0
78746,0.001975305879266087,-0.008153776440305016,0.0005208498265805717,0
78749,0.005344647047720974,-0.002556606579461995,0.02762993953609086,0
78753,0.010720232787135742,0.007829565572928132,0.03133465512682246,0
78757,0.013713402364101346,0.015134509768242488,0.01078576877497478,0
78761,0.012217412916039061,0.020130601005224236,-0.01466490472851778,0
78765,0.008880702482851333,0.01825132139393748,-0.027364457454030044,0
78769,0.008239711548737594,0.012485454347732627,-0.023478828802420637,0
78773,0.010833296171190221,0.0160280256252876,-0.01184456511088261,0
78777,0.013617138836877207,0.027596616949131292,-0.0031691032785710616,0
78781,0.016836290618500893,0.039995898285368536,0.002269560551992733,0
78785,0.018571837206523445,0.0462664613879995,0.00808442551219235,0
78789,0.01520814681490179,0.041695621489238555,0.013183604536834925,0
78792,0.007786408661448974,0.02836765737474156,0.011131852515864071,0
78796,0.001339713692951161,0.011637846017942266,0.003510419795245079,0
78800,-0.00267668436646451,-0.003537728679674057,-0.0005111907706803476,0
78804,-0.005374223147426527,-0.014216508964606245,7.479586078035227e-05,0
78808,-0.0036100179659424025,-0.016403428130711717,0.001853906803813199,0
78812,-0.0001342534232733339,-0.012518994390206206,0.0019489553059007236,0
78816,0.0002005589458139445,-0.0077093809241688405,-0.00034028355846593694,0
78820,7.361596510591095e-05,-0.0015780357078809537,-0.0018907581397630269,0
78824,6.625002821092352e-05,0.000781967128316019,-0.0013494744852198814,0
78828,-0.0032840948502671496,-0.006571854453125692,-0.003227669219998952,0
78832,-0.007726868429784206,-0.015779380052991065,-0.006862645827479141,0
78835,-0.007901144712109343,-0.016155451258321296,-0.007062944804419158,0
78839,-0.00526987494728115,-0.01247729864642011,-0.00940189811754838,0
78843,-0.00481715540058103,-0.013572481777729184,-0.011180772732281186,0
78847,-0.006592861043434706,-0.013460538364408414,-0.0013513344603606203,0
78851,-0.006846701837853741,-0.007936813629179529,0.010711310058200751,0
78855,-0.005129450393340118,-0.004810660773764575,0.014169735422165985,0
78859,-0.002799967002858783,-0.00502846113055222,0.014568391593513308,0
78863,-0.0003533459406548367,-0.0006420703021339236,0.014490468958653469,0
78867,1.0950864436920504e-05,0.005799277825626614,0.009080874090632851,0
78871,-0.00195834335482703,0.004073796303692312,0.003288205281373524,0
78874,-0.0045055023168061314,-0.0049288504545876854,0.0012597968204453025,0
78878,-0.007834681349495942,-0.014788578978576439,0.00045977757802972974,0
78882,-0.009645414332031477,-0.02171256764283358,0.0008603024722156349,0
78886,-0.007587758244056997,-0.023999396712464982,0.001073242627890214,0
78890,-0.0032190431477002734,-0.018655842936166955,0.0033960215681602124,0
78894,0.0014884755518944637,-0.005588837103068123,0.008041056811433356,0
78898,0.005671159154882699,0.0073899658418996594,0.008908445989573521,0
78902,0.008689182047853294,0.01533300085660727,0.005663873787245199,0
78906,0.01079843205241926,0.021109421068306045,0.004593235434516674,0
78910,0.011950208410064556,0.025223252194274792,0.0070090778885043,0
78914,0.01060554514437595,0.021929026934235818,0.008939711441274478,0
78917,0.006634825226997987,0.012081560577689832,0.009475677271083616,0
78921,0.0009577766808760435,0.004293298180613636,0.009592811849582605,0
78925,-0.004417963306984185,0.0007609291582761912,0.00971881863054952,0
78929,-0.00737536253693416,-0.002440110568110221,0.006345900799000881,0
78933,-0.009356451379050834,0.001141369045356555,-0.00033260393814271705,0
78937,-0.012680247053720284,0.014307234710637218,-0.001685819922220999,0
78941,-0.013584243696010967,0.01914441929692945,0.001882785126713138,0
78945,-0.010607082181475214,0.005975985961310215,0.0012529725515800227,0
78949,-0.007942135913934889,-0.00994764189477415,-0.0005505159093772694,0
78953,-0.0045838453759219355,-0.011265149238295358,0.0014257796193298256,0
78957,-0.00013244591900340996,0.0008531512108063133,-0.0008480144378578136,0
78960,0.0021345540365103055,0.012880415086767627,-0.006890807991513925,0
78964,0.0025582485481258077,0.016027912530163668,-0.0077863036956227205,0
78968,0.001311100252119335,0.012794169819962509,-0.006342860827515284,0
78972,-0.0028975979869030333,0.004894067734793062,-0.008056973371959486,0
78976,-0.006186980015634891,-0.005434970677551831,-0.008068877289748033,0
78980,-0.006511258557972077,-0.008442201371930302,-0.005587023066226993,0
78984,-0.006617379640615595,-0.006385742912486503,-0.0047252446589523545,0
78988,-0.004766192544167214,-0.010102261327402218,-0.004324264171793657,0
78992,-0.0016184117783175633,-0.018652125715242107,-0.0025398304382485137,0
78996,-0.0008096111824629215,-0.0215568821284724,0.0009692928274959711,0
79000,1.142821967581309e-05,-0.01364847257911661,0.0029860208195833238,0
79003,0.0010046874316482768,-0.005725971869549706,-0.00013333114094221665,0
79007,0.0002769118228969081,-0.004405686856820967,-0.00630612429955113,0
79011,-0.0007574269294492453,-0.005069265718625093,-0.008335350848393264,0
79015,-0.0011273678397772935,-0.009772877152354198,-0.008864756374347083,0
79019,-0.000597184634973269,-0.017679515308145266,-0.019572907282094487,0
79023,0.0009183472910310186,-0.02071493713599004,-0.030092293607959897,0
79027,0.0021103761437950563,-0.014801760447187284,-0.017736082350847282,0
79031,-0.00020426650547389347,-0.009491326039616332,0.007983875263940787,0
79035,-0.0035704927744591997,-0.01279364438053987,0.019650913438360618,0
79039,-0.0003970549907379439,-0.012470711461928907,0.013745103968213601,0
79042,0.006429996821002093,-0.0022017003125829326,0.0029690777078750785,0
79046,0.007751729955919551,0.004778767229413283,-0.0060048821219086945,0
79050,0.003151546063105415,0.0005964796491402247,-0.010823957297378839,0
79054,-0.0011311644645016772,-0.004007832005860301,-0.012026510849336869,0
79058,-0.0010639947122628168,-0.0014604377814824154,-0.014175351523546209,0
79062,0.0004011987498970804,0.0009601922228070769,-0.018403108662687018,0
79066,0.000718089304765912,0.003259377260500962,-0.01846717324062558,0
79070,0.003924407729931745,0.012145656677976735,-0.012740804412203877,0
79074,0.010548858917239445,0.02085262539498789,-0.008048996002602948,0
79078,0.014122235742340394,0.022602707185254367,-0.009460184599408838,0
79082,0.011518579001448148,0.021069022981856644,-0.017956981412627082,0
79085,0.006661127401472067,0.02013780914462293,-0.02709671397977581,0
79089,0.005284412362184909,0.02213704552688034,-0.028293774561554963,0
79093,0.006606102218621346,0.023251230694994796,-0.020806717942886632,0
79097,0.005026187959279227,0.018554254395781733,-0.010596981700523977,0
79101,0.0006064048744253148,0.010125787611918291,-0.004025344498296557,0
79105,-0.0024932345296743152,0.0019451991139112224,-0.0017311838466838592,0
79109,-0.005680333855905273,0.003449411469066632,-0.006116070230635762,0
79113,-0.009916425649793337,0.012522816985214291,-0.015087239785199325,0
79117,-0.009739587389171689,0.009142173981994794,-0.015787526638512517,0
79121,-0.006020445568189592,-0.00516748848116011,-0.010231490724443681,0
79125,-0.003463931002028575,-0.013102984297818754,-0.008947003805648723,0
79128,-0.0009880679478274645,-0.012830878633368847,-0.010345673782211628,0
79132,0.0008346199009310329,-0.012741377737773618,-0.012127679439306704,0
79136,0.0007353510923771012,-0.015081841159147125,-0.015865627828933193,0
79140,0.002937787662311897,-0.01022974419275302,-0.01971982792823007,0
79144,0.006382151551062254,-0.0003750171166436722,-0.02165770198604111,0
79148,0.005712964295797374,0.0034365692935001135,-0.020813251784252862,0
79152,0.005572138186319853,0.006092487272563396,-0.01760870349515886,0
79156,0.008720709481509048,0.010250214030246507,-0.012590539428883663,0
79160,0.009653221300232828,0.011289732925283236,-0.00799539696421897,0
79164,0.008958974415988585,0.011974258662417192,-0.009430134763731168,0
79167,0.009038898999903844,0.015534850222682195,-0.01567622478235331,0
79171,0.006937241919658166,0.01869057321988743,-0.019404847991428498,0
79175,0.003051186221354696,0.019636970239419238,-0.018272228522662914,0
79179,0.0008980839035872545,0.017997059207981447,-0.018094218309332888,0
79183,0.0004419156176069805,0.013523535231620087,-0.018933800039666104,0
79187,7.647804961019578e-05,0.005934061167894633,-0.017321517048723367,0
79191,-0.0007880621712843539,-0.0025908379237948864,-0.016091162923949742,0
79195,-0.0002533269841810126,-0.0015118449971587289,-0.017470479901195712,0
79199,0.0029250433619211202,0.00649430113080518,-0.0239374328174064,0
79203,0.006240347963003545,0.007535799494180484,-0.029676930931762435,0
79207,0.008536820830741254,0.004715702553308887,-0.025255555049925216,0
79210,0.011307238369727468,0.008365069239817835,-0.018266865451337877,0
79214,0.01417739003474705,0.014030937148559186,-0.018523680044004176,0
79218,0.014024875300975626,0.011375635635722858,-0.02349719792558569,0
79222,0.010634059472421242,0.006628113719061801,-0.02522369483331277,0
79226,0.009033437305734138,0.011320381858241024,-0.021340816406394514,0
79230,0.011741736832972194,0.020458061921015958,-0.02013096469276282,0
79234,0.01335744515431303,0.021230243544431815,-0.02581091533827462,0
79238,0.009843684700088895,0.013399113618310476,-0.029365869732295158,0
79242,0.006063425730185701,0.006094131532031977,-0.02497270134845958,0
79246,0.004217984133135788,-0.00020315830153139203,-0.018910905217993712,0
79250,0.0021959123423106464,-0.0029163298852998842,-0.01638592092776009,0
79253,0.001413161020060949,-0.001195799762387928,-0.017365997523851928,0
79257,0.002042328558552353,-0.002542472033687737,-0.020570213284572036,0
79261,0.0024010918760994926,-0.006329238696838768,-0.021533160350317715,0
79265,0.0036066505545520045,-0.003803921728223081,-0.019395933298329504,0
79269,0.0073038152804904,0.014049459343838056,-0.018172851368441267,0
79273,0.009601183288531101,0.03179302514622773,-0.01839704333372033,0
79277,0.006706257430142748,0.027228035041209964,-0.01866508884411533,0
79281,0.0043953729337661285,0.012336691520955068,-0.016843058553119405,0
79285,0.008111732162260465,0.008143870516615692,-0.013812075806504787,0
79289,0.014042565650353334,0.01715183433792289,-0.011009538136783237,0
79293,0.015503157072693452,0.02782419345056386,-0.0076293649745718395,0
79296,0.009521000519002287,0.025405523944727726,-0.006048915373255748,0
79300,0.0016566596072941087,0.011761015468710223,-0.008439156986835505,0
79304,-0.002538767938310982,1.3913633953421822e-05,-0.014105711171272628,0
79308,-0.007217230145937559,-0.009764912983566187,-0.01879103949091504,0
79312,-0.012839990453321737,-0.018424384647129255,-0.017803390113477036,0
79316,-0.014466329869217143,-0.02081785337394182,-0.009821666940333484,0
79320,-0.011665727153556849,-0.016743874726715458,-0.0028801590468485183,0
79324,-0.006244122746072778,-0.006528102793959878,-0.0062985572915185695,0
79328,-0.0019631465984816243,0.002301759663865255,-0.011950940428869294,0
79332,-0.00022148547671396734,0.0002825284437304454,-0.009536947729404333,0
79335,0.0010105465279354187,-0.004089052481664357,-0.0001226699756624039,0
79339,0.0034186321923422858,0.0029264721969646246,0.006300933567596034,0
79343,0.006414298240901117,0.013600380962055514,0.0038020514781477166,0
79347,0.006182031201704907,0.011453403490703895,-0.0005158842819811271,0
79351,0.00772606829948963,0.0008768323630365948,-0.0011169997812029986,0
79355,0.010864778310605616,-0.008685848717825184,0.0015715670519950709,0
79359,0.004127187635156182,-0.01707553117477323,0.002325538455019982,0
79363,-0.005234253148871049,-0.019513585823790258,-7.236859450071575e-05,0
79367,-0.006014860809454237,-0.012335482517181084,0.00020790843899265443,0
79371,1.2665008522927401e-05,-0.0013806755832996842,0.003016152829917962,0
79375,0.006726913649943045,0.006597541844142185,0.005725123473607208,0
79378,0.007515654712563102,0.01135613945533942,0.007908786256543288,0
79382,0.0032787192758229056,0.013681537285112011,0.00743191084568845,0
79386,-0.00193424352782412,0.006350142752292065,0.004293858865624611,0
79390,-0.004387158011358028,-0.0054853988778371665,0.001956621245631729,0
79394,-0.003037569072588675,-0.005612083259582512,0.00144134247970501,0
79398,0.0011425102983081414,0.0038814384250698275,0.0016855407427409097,0
79402,0.005923677041736908,0.01407784182737748,0.0007185964175969173,0
79406,0.0035381101639987422,0.013165656520614188,-0.0025654765753315156,0
79410,-0.002448940256532306,-0.00044616987233236927,-0.004671925153987844,0
79414,-0.002267749328212054,-0.006032382572222605,-0.003327622232513816,0
79418,0.0005250493225829045,0.0017064500179100328,0.0007930597819762464,0
79421,0.005045165856768397,0.011623370331805827,0.005630491666083648,0
79425,0.00873149412684826,0.015751408622091567,0.005759801771083095,0
79429,0.00667409251194262,0.014133689059473209,0.0009405372375283494,0
79433,0.007280988404387623,0.016374724925533712,-0.002364967492655079,0
79437,0.009812301155629033,0.022094617448429776,-0.0036363136790609762,0
79441,0.008449709433343888,0.02170878098755491,-0.0034051699955862658,0
79445,0.006228319244396818,0.016131482472483416,0.00041703684377131234,0
79449,0.002268839198921846,0.012292674055661479,0.0036847414349296947,0
79453,-0.001126589057373506,0.009484327278351579,0.002366245983255133,0
79457,0.0011736746049586522,0.006653468413657659,-0.0012377517837756646,0
79460,0.009522353803657735,0.008640825308125155,-2.6819466395489044e-06,0
79464,0.01688971814602258,0.016404519174189502,0.005810286250701124,0
79468,0.011178143719022815,0.019050403685533457,0.004160756932257315,0
79472,9.058196570421728e-05,0.011406247570485029,-0.004495144015505548,0
79476,-0.003436733803292902,0.003820373580674552,-0.009604482076400689,0
79480,-0.00419069615386658,-0.004248738521760664,-0.008308148371299506,0
79484,-0.005817790185895677,-0.018272300807138375,-0.0037274282986365925,0
79488,-0.007291809040382624,-0.02686124784907884,-0.0026404565529900004,0
79492,-0.005577873760240104,-0.019189487792739435,-0.005219012745803109,0
79496,-0.0013545655751265873,-0.0071738319629006675,-0.005472151015425697,0
79500,0.0012913615254764865,-0.004096607645722727,-0.0015533389298695854,0
79503,0.00228200876981699,-0.006643571135537485,0.0057958232574353286,0
79507,0.00020015105846704628,-0.011665580979919987,0.011473901478885884,0
79511,-0.004000346278348221,-0.017976908415063164,0.009967018708256059,0
79515,-0.006880206689760526,-0.024920106433056866,0.004970331150330742,0
79519,-0.0019059538528903852,-0.025779379054976737,0.005979910121326537,0
79523,0.0066922868243392,-0.0161622868385205,0.011735747068063795,0
79527,0.007213151127876127,-0.0037891083816306015,0.011111503347176421,0
79531,0.005899733755792225,0.010847369830564002,0.0045027429203380875,0
79535,0.003775709049153808,0.02121730968218616,-0.0027608125468291944,0
79539,-0.00022216280979248104,0.02051202523160045,-0.0040484152056478595,0
79543,0.005553143798012861,0.019240558015679365,0.009378980551041305,0
79546,0.017299897382000884,0.025653264463863845,0.023493738019703614,0
79550,0.01837888741332716,0.03348032564106296,0.013369431152188804,0
79554,0.006205471064325119,0.02565256708046748,-0.013321447854748092,0
79558,-0.005284652302937842,0.006291833414420633,-0.025344228414626024,0
79562,0.00022923581490064127,0.0005803776925312754,-0.007934472139988213,0
79566,0.012041519816535895,0.0080388282984587,0.023323429259796635,0
79570,0.0074802147782842,0.010982021248894913,0.03741369830185998,0
79574,-0.0016225711847392965,0.006327371156906292,0.02047812476810673,0
79578,0.0025228013665536952,-0.0009067465871051006,-0.017040383253473124,0
79582,0.010622583634087746,0.0009204582867505806,-0.04844038997509037,0
79586,0.011896956655673141,0.0162199824521867,-0.04663374197362424,0
79589,0.00680914434643809,0.024597176945860166,-0.019251806297701346,0
79593,0.0015393624380738435,0.019183468504004875,0.00021659826467207433,0
79597,0.002226188807204821,0.013871463137517637,0.0039029288867514778,0
79601,0.0038486330126618062,0.013474695255484281,0.009843732710111075,0
79605,0.004658940061339378,0.01679615211022334,0.02206810073155202,0
79609,0.01039251579784628,0.017678573236251438,0.02550115626411603,0
79613,0.015312931658841178,0.01376245310980817,0.013793543625353122,0
79617,0.011629030659991324,0.008021025514081792,0.00022229128160483613,0
79621,0.0038904443699423474,0.0027422722817300738,-0.0076389053383257854,0
79625,-0.003570257785368458,-0.002759295923472127,-0.015259953162028383,0
79628,-0.006933871518712498,-0.005049785548042696,-0.021499582986831134,0
79632,0.003943316843453726,0.007049750914415398,-0.013713638771541914,0
79636,0.01720875887873574,0.020709325333201356,0.0027548020262858075,0
79640,0.008425571457354453,0.013422915827506543,0.0058864210091391644,0
79644,-0.008360031440957871,-0.0034680450275463848,0.0005356088363791534,0
79648,-0.011705400860166248,-0.008492196611387559,-0.0008625855678900951,0
79652,-0.005772107339387711,-0.0025982487765512374,0.001074010060504782,0
79656,-0.0019131114050763287,-0.00199343408251762,0.0034248948801955392,0
79660,-0.006499056602532471,-0.016313405842331985,0.002212242820136101,0
79664,-0.008489616199422678,-0.026008535259061105,0.0019959689075026987,0
79668,-0.004118531660168401,-0.018008289969743796,0.00291553736992628,0
79671,-0.002381756780691968,-0.00849812573802522,0.001424323443051212,0
79675,-0.0036685267926370724,-0.0011947672096237483,0.005504320940853291,0
79679,-0.008312584679298629,-0.0009939853776561591,0.014449894458261836,0
79683,-0.008236180116209857,-0.014126962109572538,0.014511022067700108,0
79687,0.005482725390587251,-0.020839006755200895,0.009988453603103908,0
79691,0.017856605997590425,-0.017503885681700915,0.014614850376620858,0
79695,0.017333788941246486,-0.012032650503848608,0.02295445284314601,0
79699,0.012236013566975679,0.0017781556995810632,0.021611179288674898,0
79703,0.009416553929096017,0.01692354863396872,0.009753407160153882,0
79707,0.008862441229866458,0.025918107569517623,0.0007521293220997816,0
79711,0.009180689926494234,0.03257452404992289,0.0027132704188391754,0
79714,0.0073874289331976595,0.03629634396260162,0.011182454807183106,0
79718,0.00384736335704039,0.034361139588924505,0.019565669514488016,0
79722,0.0010830176971514671,0.02443133783487328,0.019669805499481774,0
79726,-0.001890866981766215,0.011073131064045949,0.00930618824766638,0
79730,-0.0032918378168235174,0.00458273687751376,-0.001281979667737465,0
79734,-0.0012203895266527098,0.008018925737094396,-0.0015398594703417423,0
79738,0.0014413209467916133,0.01213102551596057,0.005763111985103209,0
79742,0.001007617446226794,0.006229537256341455,0.007671858516716923,0
79746,-0.0012098900232108134,-0.0027038526674738605,0.0032001068325702153,0
79750,-0.0012021984589450918,-0.006359911781376848,0.0038313771676828923,0
79753,-0.0015932076306826026,-0.00947855068235004,0.008408916487301854,0
79757,-0.006968125622847765,-0.01547427879318386,0.007989174232881369,0
79761,-0.012597183557371383,-0.023141294196155737,0.0005056625663015235,0
79765,-0.009776927143195224,-0.0230451101687561,-0.006437894937687927,0
79769,-0.0028365395830197704,-0.012898737876276378,-0.0006472113115105205,0
79773,-0.002419128601234277,-0.008544306007634006,0.008096783397166685,0
79777,-0.00549706886153789,-0.011895198978137067,0.005291899796975252,0
79781,-0.002269700260155161,-0.01275927376296826,-0.0016154598951362287,0
79785,0.006522580821091584,-0.012798849203591534,-0.0015612384818448066,0
79789,0.013215778955987578,-0.01553324291221081,0.005513940901743508,0
79793,0.015356571609284275,-0.018058979883170068,0.009105752111733978,0
79796,0.011708448827088547,-0.012779365917940488,0.004230929016383889,0
79800,0.0024373410136914186,-0.001404028374954791,-0.001320805429526839,0
79804,-0.005449850182093874,0.006667277010935724,0.0021393489480966976,0
79808,-0.0073749714497948204,0.00834736076558018,0.011539784021701582,0
79812,-0.005749078251201967,0.00350223236540792,0.013998350242830526,0
79816,-0.0053377322410536054,-0.00503741027169724,0.010548499605220807,0
79820,-0.005921615995088558,-0.014251060650862346,0.00802533541154865,0
79824,-0.005213552163913615,-0.01816336861895662,0.005635580615985736,0
79828,-0.0023005195104724985,-0.017693483596416648,0.003769534196973068,0
79832,0.0018773035548839134,-0.01751704579047475,-0.0009084453180642216,0
79836,0.00038262281654011243,-0.013450372483294615,-0.010667962042569146,0
79839,-0.006875206534390443,-0.010833642844871871,-0.013101769183474166,0
79843,-0.012001684640658983,-0.013452293246213554,0.002590180945855447,0
79847,-0.011326915306384633,-0.012634689950399292,0.02710866896040731,0
79851,-0.0027826161564532548,-0.003363985732647734,0.040727322859565374,0
79855,0.012348441528777676,0.007481426185479201,0.03310935681949084,0
79859,0.019280372246768707,0.01050276378010162,0.015204667366061797,0
79863,0.007260890089956451,0.007045045047940679,0.003299743933826038,0
79867,-0.008077033372498765,0.0033073239637353424,0.0010800436355054566,0
79871,-0.01066603377661468,0.001706521050216292,0.001926896229851316,0
79875,-0.007622175940048326,-0.0025530890463132394,0.002094159221189551,0
79879,-0.00692252490292844,-0.008184516979679923,0.006980649241193182,0
79882,-0.005577145232305902,-0.007252807753758361,0.014539604151656393,0
79886,-0.0016992229344958698,-0.000226615072487224,0.01602108374455985,0
79890,0.004255366316664677,0.0062066742583493095,0.009403107097217145,0
79894,0.007477743711656992,0.0047902159523265375,0.0002434874803400322,0
79898,0.003189074507580991,0.0012653548262475667,-0.0018819654400225594,0
79902,-0.0018718654020218883,0.004003582254450411,0.003940519909309215,0
79906,-0.002600280757600326,0.00757428221642531,0.011136610719462758,0
79910,-0.0013111880107782303,0.009905275159373339,0.02060781325379618,0
79914,0.0017876334116833092,0.013135264938848312,0.027219149066242065,0
79918,0.003207335561167257,0.016645535903830222,0.020718972617401188,0
79921,-0.0002662545915705916,0.018592217039623993,0.009187036620786626,0
79925,-0.0059270586465710595,0.010041879304265589,0.0034612980063760124,0
79929,-0.010596761418173228,-0.007070721887334042,0.003165750031367598,0
79933,-0.013988066451562808,-0.019428907267393214,0.00028310799024183764,0
79937,-0.016150830646688763,-0.027395421655592056,-0.005681093277235039,0
79941,-0.013924536367737272,-0.03137961201594219,-0.004086750405133566,0
79945,-0.0094113998339721,-0.025248912879013652,0.0012252676619731728,0
79949,-0.0119112852232246,-0.018075317070207486,0.0034381208191244794,0
79953,-0.01641324094442065,-0.01811073370043248,0.005793162031552224,0
79957,-0.0117041201388286,-0.016786595789815006,0.0069280053761452964,0
79961,-0.0039092466224586175,-0.011220133515507325,0.004884128132801591,0
79964,0.0025914564856679423,-0.008498358777285997,0.00552152519013438,0
79968,0.0072854268639781505,-0.01008112354285462,0.012568723532714765,0
79972,0.005315893218302059,-0.00800332575617757,0.01918191761868704,0
79976,-0.0014728111346877792,-0.003999356563945788,0.01662741591520306,0
79980,-0.0071258835126648545,-0.006378145558685322,0.008739568307787493,0
79984,-0.009809062480952813,-0.013026558119256126,0.0069340785307643316,0
79988,-0.012842569428782036,-0.01994894484772658,0.00900276006902695,0
79992,-0.01546172858149475,-0.025166762306431778,0.006932277790831498,0
79996,-0.014151254574391703,-0.025474852152889138,0.004108330370143687,0
80000,-0.01145355374777457,-0.02090866763954402,0.004251991627057972,0
80004,-0.009476968808729502,-0.013843964168796852,0.005965893826773372,0
80007,-0.008236076952606197,-0.008016726151078846,0.007306229673616604,0
80011,-0.009700191004986425,-0.011440132788355317,0.005820180483329274,0
80015,-0.013982971118365661,-0.020546232449204727,-0.00012232365544451174,0
80019,-0.01799633494616837,-0.025387089898081694,-0.0072467848594364725,0
80023,-0.020020667713984253,-0.030406578414255758,-0.008594837740675765,0
80027,-0.020691189281360933,-0.03918670737839802,-0.006383255009732247,0
80031,-0.019288303514926608,-0.041035490783627004,-0.007852284768802176,0
80035,-0.018572213131716753,-0.033480865060442344,-0.01321580058860905,0
80039,-0.023565800957388583,-0.021484733183773752,-0.018178910921840485,0
80043,-0.026656581511862676,-0.009496100801225538,-0.017349058205992307,0
80046,-0.020196427492318758,-0.008603571772160645,-0.01195386081670452,0
80050,-0.015797748686433133,-0.020283412127885647,-0.00924608968439622,0
80054,-0.016446527564909275,-0.03256079444339122,-0.008343917490706676,0
80058,-0.01062292226126782,-0.032563695436997886,-0.0018967478520043879,0
80062,-0.000134816315566888,-0.01587435809342086,0.008790753577238408,0
80066,0.010260714615922928,0.010502514034210986,0.018309957485245443,0
80070,0.019167812013073826,0.03242260732291191,0.02517235977968102,0
80074,0.02354219303967886,0.041755296848786205,0.02377996515141262,0
80078,0.022736964083093558,0.0349664855452283,0.011451540961131434,0
80082,0.018028568282742685,0.01628394687771495,0.0008648137529435607,0
80086,0.010851213468689336,0.002142477413393795,0.0016775435120511273,0
80089,0.003051247534263224,-0.002952913998461426,0.0054080228267121,0
80093,-0.0006497494335431231,-0.00609357433009583,0.006464670780978954,0
80097,-0.0006766248053752255,-0.005254077447873762,0.008180747729623516,0
80101,-0.00031660982752668154,0.000501261534129771,0.010094444059273955,0
80105,-0.0013035337725576523,0.0006545974105840457,0.009067458235481995,0
80109,-0.002910245477171225,-0.004077578727763598,0.004795699344298132,0
80113,-0.0032601438383521586,-0.0016301576732948853,0.0006303110346218554,0
80117,-0.007203789290973206,-0.0006277587034770882,-0.0011981107878309416,0
80121,-0.013255873410892294,-0.01267430356123711,0.00030751948920443306,0
80125,-0.014200712421714057,-0.02424492908153164,0.0036130982989226457,0
80129,-0.011316772736039149,-0.025610834347355116,0.004242009407760039,0
80132,-0.009178718990487944,-0.023603866437512888,0.004347824366391417,0
80136,-0.009533609543541433,-0.02381402039115965,0.00885691098424457,0
80140,-0.010791194141604676,-0.02038688963223878,0.014270027001556163,0
80144,-0.010351053002453647,-0.010616143159508873,0.015568439256647859,0
80148,-0.006731111883375829,-0.004428813206546867,0.01904675642308412,0
80152,-0.001569028518462634,-0.0030610181828438776,0.02549055233265174,0
80156,0.0017705396293559161,-0.0010300098344298014,0.022296914371384036,0
80160,0.0024881226519956057,0.0015663569545099065,0.01335544648530429,0
80164,1.854535013812164e-05,0.002778635613656988,0.011125230296294641,0
80168,-0.00454711862004209,-0.0019068465337674922,0.012920283759934703,0
80172,-0.008083436410497802,-0.008907645965645639,0.01436186580586124,0
80175,-0.011181961027748377,-0.013563923281479262,0.01761556014801713,0
80179,-0.01410094800506656,-0.019021881477464753,0.02243039401495045,0
80183,-0.014559750486305645,-0.02218348243713386,0.02686076392710185,0
80187,-0.014296522679310919,-0.02297399248090759,0.02917411922988211,0
80191,-0.015782269114773984,-0.024982822110996228,0.02769851897626241,0
80195,-0.016369885856620137,-0.027220582633368018,0.02527243936168544,0
80199,-0.01451275685726261,-0.02673962330426516,0.024831666411507802,0
80203,-0.012939350661251181,-0.020886036813535735,0.026325381278384685,0
80207,-0.012524635920980298,-0.01578242901081195,0.028288641506145518,0
80211,-0.010659343082076611,-0.015696584398747326,0.029430988709639228,0
80214,-0.006078140709992463,-0.013808961686457177,0.03189671947883593,0
80218,-0.0008982191897822789,-0.005680044230353509,0.031024602756581643,0
80222,0.0012105572006504417,0.002769012624905365,0.024965382687023863,0
80226,0.0006870444398444642,0.008226043825265705,0.023083315551237382,0
80230,3.7790919622415764e-05,0.013066685644236298,0.023799550216282495,0
80234,-0.002751557584908748,0.01247047864221118,0.021668088741035207,0
80238,-0.006983655424204982,0.006280043747150188,0.02115156778235361,0
80242,-0.008917023978817329,0.0013716148961493424,0.024151511865139863,0
80246,-0.009649195365293073,-0.0008538895312688588,0.025071854915156566,0
80250,-0.012380510985201543,-0.005886989270141196,0.024341036788429193,0
80254,-0.01702832399608334,-0.020115575128085705,0.02467417956770379,0
80257,-0.0198245103960093,-0.035722877947757414,0.020182283999622408,0
80261,-0.018008604543121032,-0.040049545737686376,0.010355490547884094,0
80265,-0.01442755379700078,-0.03853053811267326,0.005361301051849898,0
80269,-0.013896924024272117,-0.03828812212078425,0.010808006393559666,0
80273,-0.016170421025575865,-0.0386705285800133,0.022098781022763747,0
80277,-0.01927655946678919,-0.031280394760484054,0.03191220027082836,0
80281,-0.023395088805497788,-0.012633873092474879,0.03660455370995158,0
80285,-0.027012404869500295,-0.0001562912320398624,0.03478151361405224,0
80289,-0.029211774220031517,0.001407855758488008,0.024756088807418863,0
80293,-0.03553220335135532,-0.009108125262413225,0.011096007616511971,0
80297,-0.04693772986791189,-0.035135110978531614,0.00433078156777611,0
80300,-0.05375235266360534,-0.056818674848607476,0.005082382509102312,0
80304,-0.05221764617898583,-0.059913663519866045,0.005778715084730268,0
80308,-0.04631426186037835,-0.05006518321149578,0.0035365306868928026,0
80312,-0.04189175971118131,-0.038683154492822336,0.0021639865927959856,0
80316,-0.041552661953941916,-0.03286452289387576,0.008045360316722705,0
80320,-0.04252937562353776,-0.03159860514287516,0.012810149175714047,0
80324,-0.04520778269841719,-0.03625670806350323,0.0061062265329357435,0
80328,-0.044792581780200846,-0.041476480651092995,-0.0010592887767869041,0
80332,-0.036805594515080586,-0.034896430781025334,-0.003426478197944949,0
80336,-0.028107977630812853,-0.019315694600817057,-0.010267957226432312,0
80339,-0.02221501813539939,-0.004931426125024174,-0.018154306688879962,0
80343,-0.01714003641902384,-0.0031236702355337265,-0.016903826825226453,0
80347,-0.008184069401164784,-0.012296980793588208,-0.007581440440861897,0
80351,0.004783662204693062,-0.01197174014778657,0.001443314654303307,0
80355,0.01705893914752732,-0.0029113862473884033,0.0037841837894818653,0
80359,0.02467906885435156,0.0019105066787292735,0.001985380317960306,0
80363,0.02321304303003069,0.008673968882259242,0.003938715594526243,0
80367,0.019392419256162086,0.020983079357529633,0.009730194410372262,0
80371,0.01846717437483636,0.02708754732504426,0.013795573430190944,0
80375,0.015933965715616893,0.026596704485970513,0.019997837921482353,0
80379,0.01070379877093175,0.025110878333258313,0.027639710662348937,0
80382,0.0017657988063691787,0.011316525751589701,0.025106354579729984,0
80386,-0.008656318409359987,-0.015908461805482776,0.017791661032331263,0
80390,-0.014815879469703308,-0.03152555450866101,0.018034546606138957,0
80394,-0.0160374815865848,-0.01758396678179519,0.02080946642892728,0
80398,-0.012814852059488624,0.0028694422101840367,0.012958505345437799,0
80402,-0.005746514038329931,0.001776746563305398,0.0005189821163411046,0
80406,0.0019423605035456815,-0.007229195268659616,0.0013716769666019535,0
80410,0.008278692243334329,-0.003590867028437028,0.008816553682483352,0
80414,0.01397633770458484,0.01006807762211226,0.0059845712765538295,0
80418,0.020658339472263698,0.027998180679748685,0.0012043423604565229,0
80422,0.02936058573525191,0.048072393538503455,0.007241734298575053,0
80425,0.03893537585936879,0.05949890493454424,0.01110879125707026,0
80429,0.04684514869281764,0.05824776977807611,0.0053225303603294805,0
80433,0.05154253333610659,0.05623411727201155,-0.0019164226206734858,0
80437,0.05446055099982006,0.05985230281124876,-0.00496797268752025,0
80441,0.05659299242841642,0.06496809135762804,-0.0006958617584644222,0
80445,0.0554710644645009,0.06777128757867068,0.006935936157215716,0
80449,0.050676934086411496,0.0680220898087418,0.012619056275612606,0
80453,0.044628600722492306,0.06317329625149792,0.016805009341519628,0
80457,0.03835897215995676,0.04772285660735731,0.02136811656019838,0
80461,0.03049153539252114,0.03243198831064431,0.024944351060859127,0
80465,0.021982509679615903,0.03225506621587426,0.026210021671360273,0
80468,0.014501326259838465,0.035245370227375616,0.027131082181029997,0
80472,0.006522680747318987,0.02603847022096284,0.028034081590999793,0
80476,-1.862452085021893e-05,0.012272994043959873,0.026451610860289132,0
80480,-0.0028181358394088196,0.004419023506524233,0.021565130766804164,0
80484,-0.004296288588875541,-0.00276416132069901,0.01575382732870012,0
80488,-0.00573804764874275,-0.0107717687684028,0.006395189294928938,0
80492,-0.006327218663850553,-0.01477093338890123,-0.007892761545551685,0
80496,-0.0056100390657570776,-0.016632261910207724,-0.014483239009657756,0
80500,-0.003681599213285369,-0.01379429544995947,-0.011056380176361402,0
80504,-0.0030905175331568113,-0.00748471938471873,-0.010666685963392541,0
80507,-0.0017251450770849885,-0.003019095267521976,-0.014846261112266057,0
80511,0.0037966937034231707,0.0028822635443970235,-0.02089146620180643,0
80515,0.006983488100782531,0.008944936545650872,-0.030114132766940194,0
80519,0.006052045272267659,0.01157515775701956,-0.03342959967751247,0
80523,0.006704803703285744,0.015155011247616645,-0.021910346544702863,0
80527,0.012157219495739668,0.018916603874384652,-0.00300055898092344,0
80531,0.021722372903476006,0.017837168152452954,0.012663220171731937,0
80535,0.028521422511399663,0.018027673101347563,0.018830650058923426,0
80539,0.027265618162366945,0.024355331785879564,0.011463077971428981,0
80543,0.019813049045195652,0.03339102787647308,0.00041244110384675015,0
80547,0.010520502351987648,0.03815875018868242,-0.0006442302944876244,0
80550,0.004153758242776195,0.02966411650637868,0.006203299703044174,0
80554,0.00030665809528385157,0.010171625147421093,0.018560531216011977,0
80558,-0.005378388603158313,-0.010602377810868369,0.02707341108507566,0
80562,-0.010642181906825199,-0.02705529913086524,0.019315547434276048,0
80566,-0.010814266344908563,-0.03338123806024562,0.008269552555371373,0
80570,-0.006503973578473543,-0.025041223731428364,0.00461246348686456,0
80574,-0.0023253736713956252,-0.009271498383186305,0.003367084671598186,0
80578,-0.002619657348923443,-0.002047350062791331,-0.004549265796105595,0
80582,-0.007159252864768484,-0.009945995387651951,-0.016581364877247096,0
80586,-0.011261356799438849,-0.026278354250705682,-0.013531247701759175,0
80590,-0.010121460479739386,-0.036840688814490985,0.0023152254392592164,0
80593,-0.005905498820970023,-0.0331700202444849,0.009142174716046114,0
80597,-0.00417285368276521,-0.025673880161081186,0.0007178528924157712,0
80601,-0.004537669950860801,-0.021527237061287785,-0.011322581442367141,0
80605,-0.0077568703476489365,-0.020839788003440773,-0.01613565990416932,0
80609,-0.01099133409495301,-0.020872162739096645,-0.009902580550552764,0
80613,-0.006241342189874377,-0.01441263541300497,0.002554924820375004,0
80617,0.004499781833311678,-0.002258947364029762,0.009970876194421274,0
80621,0.013509707727707099,0.01243629205750274,0.00953869764648363,0
80625,0.01665246131402154,0.02373116907909889,0.006472851464841445,0
80629,0.018013260549233023,0.028151857809734615,0.005828979072208029,0
80632,0.020170825485562927,0.029511537419700584,0.008204944054073682,0
80636,0.020453973280763482,0.026147813428393896,0.010675715341409042,0
80640,0.02035608834050462,0.01383893953505444,0.012834239498326017,0
80644,0.020743320527362497,-0.0008999785842900287,0.014912658728271133,0
80648,0.01995291404929722,-0.0014379440034413271,0.014360413691511364,0
80652,0.017962477821508727,0.014898551060397835,0.01175982663176034,0
80656,0.016497775510614487,0.028111194486312385,0.013947330104455813,0
80660,0.016398896460384393,0.03268273580368275,0.019971275798836896,0
80664,0.017511858302442063,0.03330800841897652,0.02336332929560353,0
80668,0.020507068255150696,0.024345807916009043,0.02767240494804646,0
80672,0.024416296633654078,0.013668479432819236,0.032831067146170345,0
80675,0.026685720450773442,0.014698769727475636,0.03442926280478986,0
80679,0.028323246138149627,0.021213243856713415,0.037815550329444336,0
80683,0.03194761422903858,0.02094441679144321,0.042116627261221895,0
80687,0.036597075367583165,0.020091554576592063,0.039955532905257274,0
80691,0.036429755114895324,0.024855434831911882,0.03595784385259693,0
80695,0.03025320615852478,0.026985193175864453,0.0356224930918661,0
80699,0.024105169337458543,0.022057079423761117,0.0373988796360894,0
80703,0.017656781778802033,0.013208390434892525,0.039306799145177984,0
80707,0.01195373521631593,0.005412692718323342,0.03775154524147312,0
80711,0.01047674606792759,0.0034238132631903007,0.031405056111454055,0
80715,0.008536629223589776,0.006304128874261572,0.024560148225159173,0
80718,0.003896854060220112,0.005697690204760075,0.01860455800558003,0
80722,0.00050483323221584,-0.0013372412039416304,0.010005194330748368,0
80726,-0.001253413554530125,-0.00663301108575487,0.0005809314565998758,0
80730,-0.005625999524235259,-0.010066022857509793,-0.007499444725834303,0
80734,-0.010590413518057229,-0.018594231298397546,-0.01668839085601237,0
80738,-0.012766084563589186,-0.029382415640264004,-0.02651247536622736,0
80742,-0.015779337755399525,-0.03567577455332449,-0.03515135652465917,0
80746,-0.018640827874407462,-0.034537536481136666,-0.04397226292473183,0
80750,-0.019058270031061975,-0.03267460866721361,-0.051010060886536535,0
80754,-0.01970842951831442,-0.033718815256525314,-0.05217574016926113,0
80758,-0.01988651562310051,-0.03539878877687164,-0.053892636160885965,0
80761,-0.01886440398998046,-0.03823682277287377,-0.061174203487891765,0
80765,-0.018869326996624802,-0.03644684902681661,-0.06885291356585882,0
80769,-0.01907801050780933,-0.02997020913075721,-0.07193520132599274,0
80773,-0.01774311367567738,-0.02985370152429878,-0.06950678929602894,0
80777,-0.016108751337256977,-0.037252229977541074,-0.06533735886522268,0
80781,-0.014289696004894603,-0.039971916925821915,-0.06414931406693447,0
80785,-0.01034067906211511,-0.03176588683960935,-0.06517589653091332,0
80789,-0.0059658391295444035,-0.018306562712552488,-0.06576496275540222,0
80793,-0.0025640238876716293,-0.004783519593204666,-0.06633360786977127,0
80797,0.0024751253233437076,0.007286893387456139,-0.06660511071436387,0
80800,0.00568638262778387,0.014700274811505043,-0.06335933113840664,0
80804,0.003065415131954352,0.012198295494899813,-0.05481491536414751,0
80808,-0.001420795336085079,0.0049440462622212245,-0.04484470707413246,0
80812,-0.004346276635541768,0.0018858318576508992,-0.035689158762166606,0
80816,-0.0046316504372917455,-0.002582325396240037,-0.027574587917707172,0
80820,-0.0060159555583592095,-0.01184138756707842,-0.023546905520802075,0
80824,-0.011690378429989212,-0.022463599691135094,-0.023543160879528846,0
80828,-0.017975750161634108,-0.034995166016577706,-0.02377367037968403,0
80832,-0.02187796010984644,-0.045034020986319145,-0.020713526068407206,0
80836,-0.024816081685065994,-0.042960202399248804,-0.014085933645230364,0
80840,-0.02940880328951201,-0.02918973165194183,-0.012631089033542153,0
80843,-0.03270795559829609,-0.016003097216990003,-0.01845581930696094,0
80847,-0.031209233610423492,-0.006494336844997672,-0.017499985509189686,0
80851,-0.029065221785220863,0.0028374164252489287,-0.008930942455903756,0
80855,-0.0294298753912553,0.007814729699465062,-0.004964382401133449,0
80859,-0.028483917848281193,0.006525684754404182,-0.005609333711847075,0
80863,-0.025281923739706946,-0.005620519301565263,-0.0038569095279530896,0
80867,-0.022640701831678767,-0.022414438112540402,0.0016366310951407836,0
80871,-0.021576264712088844,-0.018761020179969723,0.007945916061163127,0
80875,-0.01990856536812613,-0.004440317053219456,0.014041815712059702,0
80879,-0.016508952118545306,-0.007824447934656309,0.02012864786631552,0
80883,-0.013187264145241961,-0.019698026926824763,0.025018783085224927,0
80886,-0.01019383156261433,-0.02621741215412632,0.028723383759510113,0
80890,-0.007392206312658134,-0.028553147507112797,0.03212841348778789,0
80894,-0.005593961123809388,-0.02492116205449202,0.03303512089981048,0
80898,-0.005509437816051621,-0.01696294890051453,0.029076411398089308,0
80902,-0.007013197749174416,-0.010018723490119008,0.024722613972066043,0
80906,-0.004592994326796274,-0.003048683976668798,0.027990702737942075,0
80910,0.003482587743563581,0.0049968949069221225,0.03995609191269123,0
80914,0.006799390879052014,0.005937949202484916,0.05066716369342206,0
80918,0.0027862984837541127,-0.00012725470298180497,0.04487053608034508,0
80922,-0.0025695333711787116,-0.002523997693919533,0.019051652783332207,0
80925,-0.003893389156784832,0.002582639069794279,-0.01112215068375999,0
80929,-0.0002398267176528801,0.011841340251510513,-0.028949370019487275,0
80933,0.00397216581667359,0.020471013321689213,-0.0322406831487142,0
80937,0.008596766394753597,0.024163526475075692,-0.02640794923064871,0
80941,0.012885310373258019,0.023331323685749528,-0.016650226844618476,0
80945,0.01653010474195682,0.02269713595855416,-0.0058752525712212345,0
80949,0.021439060618450023,0.020667280650762176,0.00648174791561934,0
80953,0.024496423771453446,0.011338554452310134,0.017438158548166327,0
80957,0.024122252889721474,-0.0029564315185002243,0.02514222380284553,0
80961,0.023336887961406316,-0.009663933833635951,0.03109066032020219,0
80965,0.021474443252483932,-0.0012606060986035672,0.03301011158890649,0
80968,0.0187811052720791,0.0112548240142063,0.03149092449481877,0
80972,0.01685330641206062,0.01769008661452265,0.024982219074753065,0
80976,0.011454314115718067,0.019907625834798548,0.016674606509991197,0
80980,0.004015892208343197,0.014287194390390834,0.01775961841408924,0
80984,0.0009815697417367986,0.005019386689513183,0.020628494540888387,0
80988,0.0002821439876963261,0.00010756618020968389,0.019556459711663143,0
80992,-0.002410842193378726,-0.005294569076087274,0.02203627539721914,0
80996,-0.0019549140910751772,-0.007498471058818623,0.02220384002203246,0
81000,0.004636292859610203,0.003650467992579731,0.020134505644577694,0
81004,0.0065476740272701894,0.02009179496990443,0.022505458205901385,0
81008,-6.751683264882846e-05,0.02259209109236604,0.021500785381833754,0
81011,-0.00399327150200024,0.011957684669045232,0.01486163059190948,0
81015,-0.0023313509661165854,0.0037167130230773004,0.007364871419245966,0
81019,-0.0013687529631796203,-0.002374413295351374,0.0016464379341050162,0
81023,6.709913526581346e-05,-0.008870024295168477,0.0007598556805816226,0
81027,0.0020175203759823512,-0.007755854108833393,0.0015481154001127373,0
81031,-0.0018295014350818706,-0.0027481986853366003,0.0008516929280848462,0
81035,-0.010517468594449242,-0.0050154167432729935,-0.0024967605758134392,0
81039,-0.015300582918444383,-0.015345988430348179,-0.007117054883044982,0
81043,-0.014137733120367368,-0.02708487611418997,-0.008173841071400567,0
81047,-0.012811158713351034,-0.03372525395172321,-0.005384526930249933,0
81051,-0.012507881264999687,-0.03111056658292144,-0.0011786848040458153,0
81054,-0.011938500210156189,-0.024433291478768826,0.0005703190728036378,0
81058,-0.010499213323084122,-0.020973951950514547,-0.002128179457489998,0
81062,-0.006504650422067271,-0.01530192298897548,-0.00566335681780783,0
81066,-0.010862675142418232,-0.009522287136202845,-0.010467083670237243,0
81070,-0.027735669587809597,-0.010341397323075707,-0.01910890865150089,0
81074,-0.02942143692886412,-0.009054163054006192,-0.018135187787577,0
81078,-0.008243451153957415,0.00014484744857945486,-0.004803124229580624,0
81082,0.014021143092574295,0.013267857938413119,-0.0006455320990850222,0
81086,0.04514425892378726,0.03227407636547941,-0.041899478645770816,0
81090,0.07768925511341618,0.05905879186044327,-0.09864608036733352,0
81093,0.05812365936799524,0.06942890597290052,-0.057102213287119286,0
81097,0.0054514690435497615,0.04868382041898878,0.03896330035675205,0
81101,-0.01787396420494891,0.019941799210416278,0.027260791045258415,0
81105,-0.006553593984673478,0.009435467857121349,-0.06456976694011651,0
81109,0.02895139165919436,0.021590141876339786,-0.07280370431880612,0
81113,0.050003974144552266,0.02911853574215284,0.01979279673597184,0
81117,0.026065448049431783,0.015109161918630765,0.06888931479516067,0
81121,-0.004144239387430471,-0.0010556926776006392,0.00701832467896224,0
81125,-0.010169768161661485,-0.0033260694702326177,-0.09044636216405005,0
81129,0.022188591986298856,0.01953882027856757,-0.14617745752437217,0
81133,0.08168664843230111,0.06205899523960223,-0.21286389027080904,0
81136,0.09439999015717415,0.07535687177149741,-0.4494826510907861,0
81140,0.03972745093911534,0.04057289352759286,-0.6363680612106761,0
81144,-0.05592834633290222,-0.011308800664299401,-0.2508135136759069,0
81148,-0.14566834584382082,-0.046556401410556614,0.45732148236251147,0
81152,-0.143639293391709,-0.0443607487185127,0.7556118633979836,0
81156,-0.04821833724263014,-0.009780302725213463,0.5778526501399283,0
81160,0.06324378211506665,0.04149128233598853,0.26371534523860674,0
81164,0.12470952745659758,0.07997133816266322,0.013477299117458263,0
81168,0.12901484708549482,0.08693380334098544,-0.11603798002286553,0
81172,0.1043465321764302,0.07889512414403388,-0.17191090379956897,0
81176,0.07373675369573474,0.06965487216736044,-0.1856940392615884,0
81179,0.05676248360214009,0.06169777609636551,-0.1475644258399711,0
81183,0.03775798467094238,0.049582152540540214,-0.08159464890238322,0
81187,0.0031391743800223137,0.02276039502755589,-0.008927160466638273,0
81191,-0.024237337263682268,-0.009703863665634138,0.05654507394966862,0
81195,-0.0280861265271819,-0.024032487753713916,0.09219836287971014,0
81199,-0.015827962882732693,-0.01662319074835583,0.09798202258791555,0
81203,0.0028984228332753492,-0.0015683802178072526,0.07742161590066954,0
81207,0.023497761872673273,0.016397291487109555,0.03760249952388478,0
81211,0.037354444097046025,0.03827086698849724,0.0012206811935497885,0
81215,0.035429412437467556,0.05612635342368222,-0.027470329131243865,0
81218,0.01957834271643477,0.055729053335568324,-0.054414565043398644,0
81222,0.002456052705642753,0.03422123788153364,-0.06988797506580213,0
81226,-0.00950236270112903,0.009190191151916771,-0.06261766161218496,0
81230,-0.01174252608090487,-0.00014220069902082244,-0.03445107953516208,0
81234,-0.008955325647791446,-0.002593186241905965,-0.0011212090811608677,0
81238,-0.015871876931658147,-0.008154443418038948,0.02731011058651389,0
81242,-0.02813721498051802,-0.005759353746265017,0.05373329710190661,0
81246,-0.029549764313896665,0.0035708788789192702,0.07571435930543394,0
81250,-0.017227887734603264,0.009314654651812138,0.08057363088294522,0
81254,-0.00013420482571324666,0.0087737197939326,0.06105077789480448,0
81258,0.014066013300595315,0.007988668012865574,0.03149718974542021,0
81261,0.026141884952915806,0.018943830915518767,0.008580097796360209,0
81265,0.036775361314639765,0.03848166079933124,4.880269093909817e-05,0
81269,0.038578741718185205,0.04726235318426619,0.007625979361387147,0
81273,0.03658013364438595,0.0468517292032109,0.017272538799865622,0
81277,0.04387244697911141,0.045394966574823226,0.011019762985343018,0
81281,0.057895260730010945,0.04002499046164143,-0.0020533517380479926,0
81285,0.05524499851393483,0.030725195705350483,-0.0017740139567380409,0
81289,0.020152928385711588,0.013027310631427813,-0.006486281765545665,0
81293,-0.027276679909139734,-0.016236787843887157,-0.0276712585057855,0
81297,-0.06466902771143967,-0.05256968008744689,-0.03832316711320216,0
81301,-0.08560106193339645,-0.07933299562917684,-0.029503839676160437,0
81304,-0.09300756705032742,-0.08752107235079176,-0.019552214226499554,0
81308,-0.09014229254665418,-0.09050014905579085,-0.02041786328811296,0
81312,-0.07384556840670597,-0.08975400605311101,-0.024804358472729104,0
81316,-0.052568202944896725,-0.0701452801726461,-0.026346109476439616,0
81320,-0.035929076924460235,-0.04315445239415805,-0.02505693343205645,0
81324,-0.018617989025603077,-0.027767370431165173,-0.01740485833913913,0
81328,0.011615133064307614,-0.013404582587287717,-0.0020523342512149267,0
81332,0.05099689851445721,0.005918501392462527,0.007771548220218916,0
81336,0.07516704096614302,0.02183591871082502,-0.009267420645281355,0
81340,0.0741380397005249,0.02634454583425372,-0.040557621446357384,0
81344,0.05115001555381382,0.02161596535157928,-0.04526868268477208,0
81347,0.010259275237709531,0.01003089718034511,-0.014924126940797922,0
81351,-0.027770009166591003,-0.011327332898312115,0.021299164628109213,0
81355,-0.0479395721821817,-0.0308530102453628,0.03714657313950165,0
81359,-0.05088956936235456,-0.0409925375356095,0.023619905415781184,0
81363,-0.0393698214669963,-0.04782283545389632,-0.0052589554710582576,0
81367,-0.02230990273893929,-0.04651120053229718,-0.021319495037629754,0
81371,-0.008597737375765191,-0.032136453071922144,-0.02294395386186654,0
81375,-0.004315481539590382,-0.020438310701480944,-0.025635341090086083,0
81379,-0.006684286684011775,-0.01955478479614925,-0.024846591471093582,0
81383,-0.005342401390322937,-0.016180643518759474,-0.010740755617464126,0
81386,-0.002850724716945807,-0.007460748117783744,0.008744401448606332,0
81390,-0.009484997338931489,-0.007717879638541092,0.01550835920303395,0
81394,-0.013476334350808972,-0.01058248673724993,0.0011135464928923033,0
81398,0.0007213151756181313,0.001612141934127731,-0.02527394399604671,0
81402,0.01582947120294753,0.016361408965174018,-0.044780140257035694,0
81406,0.01311112995350594,0.01640978923352243,-0.04812634356743728,0
81410,0.005168586925827001,0.013991855757235161,-0.03964761987555032,0
81414,0.008991082614244084,0.02123283952260291,-0.030112473193117884,0
81418,0.021856866363552885,0.029629316813078788,-0.02875017879157904,0
81422,0.029143083722490637,0.03557027752510855,-0.03239835176541883,0
81426,0.026143015088654353,0.037779501167410245,-0.04018178716483467,0
81429,0.019350868491259887,0.025496990162669153,-0.0520280663905372,0
81433,0.013961771350409768,0.005139393885570165,-0.06125352759401681,0
81437,0.011043690421786434,-0.0037867172717889197,-0.0675217029425137,0
81441,0.006990030444055884,-0.0010149278321862631,-0.07268079099858632,0
81445,0.005507704482406672,0.00431901760608655,-0.07372718072977058,0
81449,0.011385622481147717,0.009973317047054842,-0.07074878983018773,0
81453,0.016437274573268712,0.013353149893538863,-0.07056294196802154,0
81457,0.016165046127059268,0.011671254939324971,-0.07480429513979425,0
81461,0.01423056755265295,0.008320981160281793,-0.07990771785433998,0
81465,0.012518197435534506,0.0033812210003878462,-0.08458680593544876,0
81469,0.013920018040861515,6.627286284688338e-05,-0.09068410363950735,0
81472,0.020123671453037284,0.006009762143673214,-0.09693037728903997,0
81476,0.024035503854173967,0.01295575050005393,-0.09946651223718445,0
81480,0.01975773594952923,0.012454494426032081,-0.10020017936623965,0
81484,0.012133303314207589,0.013159730292236382,-0.09861958066558879,0
81488,0.008181795583630858,0.01875509520426588,-0.08955455653645594,0
81492,0.01410456889170053,0.026436703787191096,-0.07394291657132812,0
81496,0.02958246103452411,0.032628781426253806,-0.058572245329534756,0
81500,0.041617178377865716,0.03279589899591295,-0.05301921738822174,0
81504,0.04058990463493828,0.036860727943091476,-0.06011452610605972,0
81508,0.03587531452028214,0.04964589118319873,-0.0676950926186412,0
81511,0.03948668485487561,0.05712770704596615,-0.06428175046922757,0
81515,0.04801134134163454,0.05035279840557649,-0.06213326125918672,0
81519,0.05060023617411247,0.03130209418683272,-0.0773587204041633,0
81523,0.04437844418586956,0.015865459811491345,-0.09479642204622035,0
81527,0.0377172746207316,0.015171799435480526,-0.09562709818082343,0
81531,0.03314252914658422,0.015025196635267246,-0.08657948318873987,0
81535,0.027996132791945127,0.018066876618671124,-0.08009975510377276,0
81539,0.02774980728426646,0.03364632736393558,-0.07718720751928176,0
81543,0.031611340159584556,0.048168064851053405,-0.07844385298974593,0
81547,0.03772665236009087,0.051779860772340314,-0.08267428748177941,0
81551,0.04865116472785891,0.046287600472592505,-0.08185640578693809,0
81554,0.05315137535542824,0.03715573763860469,-0.07835696114533286,0
81558,0.047812273037715625,0.02914813253157611,-0.07303883653007925,0
81562,0.04653099824655993,0.03001109399169266,-0.06031088460934758,0
81566,0.04577151645712141,0.04214508931065808,-0.05157646373351327,0
81570,0.0360886444465619,0.056295802821065166,-0.051627481888273985,0
81574,0.02794715210232601,0.055703619202067234,-0.049416632054693765,0
81578,0.026731547879619955,0.04310513350918921,-0.0402083269246471,0
81582,0.025373305623325626,0.04348228088531503,-0.028005705201048503,0
81586,0.022797420967446635,0.054556431131897565,-0.028516460730093007,0
81590,0.022116061361870054,0.060638797936245936,-0.041965194871705025,0
81594,0.027039973334980316,0.05918250726339336,-0.04847376117064833,0
81597,0.035430164604928094,0.049133906155714335,-0.03963776855957046,0
81601,0.039586518322125785,0.03766541628132858,-0.03179100849953864,0
81605,0.04215522970528596,0.03921348025471838,-0.04496342497978917,0
81609,0.046269687383392544,0.04720842028072614,-0.060622084484254046,0
81613,0.0492424345168847,0.04323323385118316,-0.05223527908835446,0
81617,0.050102435327863404,0.03241038817536168,-0.03315123403720699,0
81621,0.044879564164186925,0.022225139989750176,-0.026433791120371197,0
81625,0.03461921216071728,0.0109330579405027,-0.027660573338575467,0
81629,0.028552570639269303,0.005489286762416334,-0.028316893150299116,0
81633,0.027155933720262815,0.004923242256326343,-0.03589555565693514,0
81637,0.023954506111869223,-0.0005015378499106937,-0.05356940930396298,0
81640,0.017327299186029155,-0.001838494060628193,-0.06941062907713408,0
81644,0.006125276796151491,0.007174924597093124,-0.07173502293389572,0
81648,-0.0067728592915013985,0.007792431482546824,-0.06704631739858108,0
81652,-0.01531939700995344,-0.00600377750281611,-0.06647465973714461,0
81656,-0.023518552165557427,-0.017763129558694857,-0.06981039986846405,0
81660,-0.037308587221352885,-0.026124476047764134,-0.0680463270325945,0
81664,-0.051142723700584036,-0.04065004222473201,-0.05633406758011028,0
81668,-0.05666211057678072,-0.05524198424567306,-0.04085505193122607,0
81672,-0.05064086520813671,-0.055481706587808155,-0.027987550622306567,0
81676,-0.03327391903638255,-0.037518559174710475,-0.02005835418894386,0
81679,-0.009464318778505842,-0.009714489059481135,-0.01341060945394118,0
81683,0.015724355131781276,0.01916070148540161,-0.0005243486541732789,0
81687,0.04058657328901549,0.039246080594463884,0.007551462075036708,0
81691,0.05301688308591401,0.040613511458256646,-0.003450162027796133,0
81695,0.036044673048305165,0.022808183801182214,-0.023093127948990322,0
81699,0.0008274907274147258,-0.004681552639889119,-0.037257365412286136,0
81703,-0.013726745983511868,-0.02581452232657977,-0.033468395793921524,0
81707,0.009881392924704913,-0.020138869020092987,-0.002262710685202174,0
81711,0.04173926081623491,0.011003023439204895,0.0378832517407518,0
81715,0.053032980468111224,0.04042790713565525,0.06363126035243721,0
81719,0.05260764799862616,0.05305232729012488,0.07006245947174089,0
81722,0.05057030931715978,0.049684319599787585,0.05787596316415039,0
81726,0.039546002172503036,0.03623554769859938,0.04706133037892374,0
81730,0.019700639092046668,0.021858092151241237,0.0506605586145889,0
81734,-0.0035304232876329777,0.008019791556988398,0.05282702144749968,0
81738,-0.026478621225360377,-0.0036093674094050954,0.05203635625817121,0
81742,-0.04067871592960859,-0.009411932926121747,0.05824813338724971,0
81746,-0.04488567912344721,-0.016931079266133686,0.07150336836061183,0
81750,-0.044253514768543334,-0.02560985623457679,0.08397959388085707,0
81754,-0.041026614763230884,-0.02771984177393394,0.07811636732285404,0
81758,-0.04442700441945291,-0.032151172478241286,0.053974804567586576,0
81762,-0.05612971316614612,-0.04696267300036938,0.03755822834408851,0
81765,-0.06231056841755633,-0.059321611054979684,0.04239085412559901,0
81769,-0.060889604228707594,-0.060595806381658956,0.059832360898760484,0
81773,-0.05881700181079397,-0.05771030605722016,0.08057869893531922,0
81777,-0.058400398812909815,-0.058647074293842305,0.0976014481601814,0
81781,-0.06004651854646492,-0.0652380673716948,0.10457992591114984,0
81785,-0.06109175528479671,-0.06884619041416773,0.10366122098307928,0
81789,-0.05585887128227074,-0.06110920958027233,0.10372938355056266,0
81793,-0.04381905770716077,-0.04397480354458638,0.1082258128100228,0
81797,-0.032313996476621365,-0.024444945934751328,0.11022726223962381,0
81801,-0.024765626033859234,-0.01155578807208446,0.11032813176808764,0
81804,-0.01821372910748298,-0.008442138869822813,0.11247228544093113,0
81808,-0.0136589580318347,-0.0052222010284666,0.11668891362574002,0
81812,-0.01406044340779622,-0.002913269413836961,0.1227864107875637,0
81816,-0.019182984767830757,-0.008826373149338096,0.1234843380638182,0
81820,-0.028560751061287637,-0.01878137106500999,0.11573109233116241,0
81824,-0.03172992132922359,-0.027971685158925563,0.10650484859416393,0
81828,-0.018934558435293014,-0.027677310151141388,0.10507559027922964,0
81832,-0.004807800928842143,-0.016889457924737172,0.11022249879854001,0
81836,-0.003361759875508019,-0.00937157231018304,0.11016579657465353,0
81840,-0.012131933350067792,-0.009935410724464244,0.10441587034043187,0
81844,-0.0262006375554803,-0.014833974169009334,0.10056559258096082,0
81847,-0.037916793282022354,-0.024842680986833177,0.09971223670101242,0
81851,-0.04265679846453718,-0.03649756957955441,0.10151670500283688,0
81855,-0.0469034587290853,-0.04648042490688953,0.10064743072807308,0
81859,-0.050226329482612186,-0.05424687812317952,0.09833470224877938,0
81863,-0.044338069450819306,-0.05027726773358232,0.10444100151200253,0
81867,-0.03682454147763947,-0.0353927639509104,0.10878659939275609,0
81871,-0.03583610620944788,-0.026679818812226586,0.09987344752232763,0
81875,-0.037348411712994634,-0.030336301040107205,0.08507632974346585,0
81879,-0.03926618464161724,-0.03314679970474099,0.07372761921599297,0
81883,-0.030355149752011035,-0.017897452024218552,0.08026610602207113,0
81887,-0.008138841345664005,0.008855027918197589,0.10166326053489566,0
81890,-7.211819166297317e-05,0.021947820048794142,0.10676901800905397,0
81894,-0.014093216090740102,0.0172967987294248,0.09466812404572678,0
81898,-0.02678561999329665,0.009087784217521655,0.09024840610395163,0
81902,-0.034341337907215275,-0.006612613297439562,0.09305798292191536,0
81906,-0.04336361181341197,-0.030777649091646708,0.09006953696181597,0
81910,-0.04140694080003293,-0.03674778823383429,0.08269714948684631,0
81914,-0.025212978280386822,-0.018752455989155425,0.07665933487001153,0
81918,-0.017798133119759196,-0.007181484950737005,0.05891288013025353,0
81922,-0.027838565745643917,-0.014356482906664692,0.03163648445682332,0
81926,-0.02894296971326471,-0.019268905279228754,0.026788101413156407,0
81930,-0.01751291313702652,-0.013261648596328168,0.03495075932261976,0
81933,-0.01248731088149313,-0.010135067244045892,0.030458317483087638,0
81937,-0.012577391685355988,-0.017916232076137906,0.018401372870083532,0
81941,-0.012552695065163988,-0.026210335792543837,0.009836752216364819,0
81945,-0.004371516217110072,-0.027191731152531595,0.01863297738088232,0
81949,0.0140407675566121,-0.01806786787008985,0.03322521899979358,0
81953,0.01966694079831388,-0.0007292493838506608,0.030861092217530306,0
81957,0.008860936955379262,0.008368894672936555,0.019443553537238756,0
81961,0.0019826005106207134,0.007512962613249297,0.010748896051790136,0
81965,-0.006922613084340501,-0.0008594108745092477,0.0045040805724268496,0
81969,-0.025098627312702182,-0.016378489151641862,0.0014316885955233394,0
81972,-0.03758626735182946,-0.0293554755027432,0.004308490057274128,0
81976,-0.03459325648900424,-0.029822780864183773,0.008163967323383647,0
81980,-0.024702560367560134,-0.016236393437965457,0.0014283548613795993,0
81984,-0.02201569623168409,-0.004644413296518213,-0.01678241825841975,0
81988,-0.018237290653775995,0.0009154433940405937,-0.03393591055371514,0
81992,0.00256318106327047,0.007410251382744981,-0.04345237823420445,0
81996,0.02095954742762962,0.008518099946307256,-0.05059293047587299,0
82000,0.008351580154025151,-0.00046161852240445,-0.059844511892481245,0
82004,-0.019561482255485596,-0.011132888268011065,-0.06968974303358694,0
82008,-0.02458321697779764,-0.007187158107930358,-0.05576106055886787,0
82012,-0.00848161277962467,0.00507676624416975,-0.007073738890227277,0
82015,-0.0026461262508690186,0.008197552549294329,0.026081959411831834,0
82019,-0.008790052388888192,0.004801793850411684,0.014981846308147029,0
82023,-0.010928106696082573,-0.004344749963558492,-0.009275970280501922,0
82027,-0.009087661620677423,-0.015302005594810097,-0.02017740621181996,0
82031,-0.01002909205485214,-0.01598662551663166,-0.018054565130964872,0
82035,-0.013073823582194222,-0.012389580540230316,-0.013728793837596454,0
82039,-0.012234241922471467,-0.01840034060285234,-0.011358292800183578,0
82043,-0.007305973633000673,-0.02543744886510879,-0.014151545526599307,0
82047,0.000557626567854963,-0.018090261792511608,-0.025246146017134374,0
82051,0.011095067464514496,0.0025612471829132843,-0.04115766344212163,0
82055,0.01867261843581336,0.028323890184049905,-0.058990494539877925,0
82058,0.02296910067403446,0.040577745299829715,-0.06826542795864465,0
82062,0.03141876790249287,0.03300228141890926,-0.06319723011378675,0
82066,0.042652316195820994,0.027035167910436364,-0.06213976225518614,0
82070,0.046041190410170185,0.026158651294931445,-0.07360875477430229,0
82074,0.041142376384458945,0.01670270631935855,-0.08271577978368827,0
82078,0.03704688560541558,0.0030367048505315353,-0.07942784542863635,0
82082,0.03840158572168151,0.0009074522681027375,-0.06536495215033,0
82086,0.04707754882892046,0.015266264291264875,-0.0445941507017642,0
82090,0.05701461975664279,0.03851812198762161,-0.02263411659479958,0
82094,0.054202709622531375,0.05381066317973815,-0.007398237314927614,0
82097,0.03920563362065199,0.04414009239031369,-0.005443348346984289,0
82101,0.025853797327872186,0.027504126445054844,-0.01291700652284461,0
82105,0.02181465548183581,0.024300829606737295,-0.017861029154607355,0
82109,0.01925896384735193,0.018744890588415775,-0.01757808127991828,0
82113,0.008354839295533822,0.005063542532620868,-0.019964598817913848,0
82117,-0.005911979081337115,-0.004560986699625236,-0.029014349222747593,0
82121,-0.01763744458603289,-0.009682611507292549,-0.040108404484300586,0
82125,-0.021783033049336153,-0.014654713353344562,-0.04415772411700514,0
82129,-0.01757286806967595,-0.014193421347435287,-0.036312203683385114,0
82133,-0.011249507789597102,-0.006168073065048407,-0.02562341022338016,0
82137,-0.009386432008087642,0.00524313893780004,-0.023158124155849502,0
82140,-0.013398280181896927,0.014978258832482272,-0.023208189097281007,0
82144,-0.012818662082789367,0.017841527213843467,-0.01989381535750734,0
82148,-0.006071084147150296,0.014818125148218009,-0.019922038990935198,0
82152,-0.002737578080380443,0.005343269493865321,-0.02276323285619819,0
82156,-0.005197750098906773,-0.008493015268718374,-0.02403800243987414,0
82160,-0.008397538354213974,-0.01723521292028307,-0.024010994772114047,0
82164,-0.004763016498855577,-0.011626124604233734,-0.017941904518190666,0
82168,0.003629865646618935,0.006877542278807436,-0.009530668539380505,0
82172,0.00955565882479259,0.024899758956941742,-0.012871804581419177,0
82176,0.011050534641239285,0.034269894871983286,-0.02056181630978321,0
82180,0.008107278603494694,0.03389185166489117,-0.01943015096396289,0
82183,0.003023529328699759,0.027668775391296307,-0.03155402753530223,0
82187,-0.0016115086846371085,0.020142126233093638,-0.05118669644703783,0
82191,-0.0011575814436921572,0.01441607597524408,-0.039742206448295625,0
82195,0.010076567790604618,0.014179132732331734,-0.01405699621971146,0
82199,0.024763248474485078,0.01064388067434674,-0.0022764889145421296,0
82203,0.02805839652394293,-0.004195910172799522,-0.0020018481334229676,0
82207,0.025024213550816077,-0.016836363797671616,-0.005788740562033601,0
82211,0.025249711670981334,-0.01768537362044187,-0.007679489116513227,0
82215,0.024938452375615094,-0.011445090070544062,-0.00915558773427222,0
82219,0.023384511512783313,-0.004660214957808773,-0.013422242530983453,0
82223,0.025161969231348502,-0.0004300377507830966,-0.018205259064251356,0
82226,0.028372265374957406,0.003467674974138024,-0.02062755769516006,0
82230,0.02490578625775819,0.00940316151034093,-0.02680436437119138,0
82234,0.015745513041003134,0.02040609425736406,-0.0337355335506338,0
82238,0.01032032785500725,0.025334566362929856,-0.027357797460149658,0
82242,0.011837710007719715,0.011403424386809746,-0.014112099964690206,0
82246,0.01589618686501748,-0.009041944142548886,-0.0054526868358164005,0
82250,0.0206217940815957,-0.018859067461163725,-0.0041389939474769655,0
82254,0.025961005830791528,-0.01632923167906819,-0.009575892749089543,0
82258,0.03121043787176392,-0.007085641417308608,-0.013006260140678905,0
82262,0.037374331826276364,0.006471733437586558,-0.011726308719820167,0
82265,0.041279695478412815,0.017201181613416328,-0.007383048174789408,0
82269,0.04253117903909864,0.02413134903583991,-0.0024623034491152995,0
82273,0.04582189940633208,0.03487271490999744,-0.005950036900198241,0
82277,0.04734932821244853,0.04329893334440493,-0.01747629482778912,0
82281,0.04974928397961298,0.0475108459381568,-0.023215173975033754,0
82285,0.06035868472026629,0.05414212207004665,-0.020616427962131256,0
82289,0.06905583941009641,0.059864242283942826,-0.018387299296141524,0
82293,0.0651105169953412,0.058848134164364296,-0.018687084128778286,0
82297,0.0558313250065261,0.050610139954451405,-0.017875596394679172,0
82301,0.05358240394571523,0.045111671668436326,-0.014951307485071008,0
82305,0.05790076646493514,0.05066180092248862,-0.014675692912599347,0
82308,0.05951984024726453,0.058712465142745085,-0.02042717549524825,0
82312,0.05284498803376525,0.05527424186385721,-0.033174184692707664,0
82316,0.046936796318165164,0.0434130027595816,-0.04829153510997358,0
82320,0.04708038076173615,0.03408648311616913,-0.055520329395268575,0
82324,0.045443266307084285,0.02250478153146851,-0.05125097204378981,0
82328,0.041664783572341046,0.015324167798504984,-0.04205462279218308,0
82332,0.035504180938200514,0.023894686538962873,-0.03732526009662818,0
82336,0.026212163174838765,0.0287341540966346,-0.03822477437941474,0
82340,0.018571321430267518,0.017591616303739954,-0.04071789067380216,0
82344,0.015044141747176498,0.008828107208934899,-0.0427859086240881,0
82348,0.013909619620700031,0.010454976107245884,-0.04415792757256187,0
82351,0.008500680779095715,0.005201382707699764,-0.045897409491004126,0
82355,-0.01220362231439398,-0.010842639649066843,-0.04882107253883461,0
82359,-0.0417098090553345,-0.025902428132717148,-0.0559272850616257,0
82363,-0.06146812340540586,-0.041251924088168135,-0.06546547541929315,0
82367,-0.06995338982995936,-0.055851593504913755,-0.0701854875947377,0
82371,-0.07048419174495812,-0.06139359191894478,-0.0651525497284639,0
82375,-0.06395719373097497,-0.053999327648613704,-0.05312716224818792,0
82379,-0.05572342612286596,-0.03781311185039948,-0.043809115883560956,0
82383,-0.050329141499882435,-0.029821801199818587,-0.0374090086042127,0
82387,-0.04523552716945167,-0.03426392044033921,-0.02375312617561215,0
82390,-0.04080617433691436,-0.03907639030351584,-0.006140099096021423,0
82394,-0.03457299908384848,-0.03661557347941091,0.0065257499470844915,0
82398,-0.025503640527998694,-0.029007549581056224,0.01256042208285818,0
82402,-0.027032011646101806,-0.02733259126532417,0.007015547223386098,0
82406,-0.02972846883564051,-0.02258792387886377,0.0010463730330785292,0
82410,-0.01664133526483591,-0.009123030384167397,0.004336525139467473,0
82414,0.0006084538349969693,-0.00694558807105361,0.0077987981936616935,0
82418,0.020445840816315175,-0.007038905405526652,0.012497578485721472,0
82422,0.04296243048316628,0.015468097368328326,0.015895358285047623,0
82426,0.04887584190746164,0.0404007321877069,0.009513137183082276,0
82430,0.042485164860781466,0.04223270452345451,-0.001864199417831891,0
82433,0.036611895126279825,0.03721581628657633,-0.006320745424807539,0
82437,0.0298720265663035,0.03540830171137754,0.00025175721605269485,0
82441,0.013780265291321148,0.024328609155518155,0.005797155792913566,0
82445,-0.017084297343106458,-0.00047963232734105077,0.003180414005093224,0
82449,-0.044054041615339656,-0.027969553687483995,0.00014124158288764121,0
82453,-0.05197585851639985,-0.042747745173612905,-0.0038748104392971605,0
82457,-0.04769455029540515,-0.04259388508646733,-0.008448541450367053,0
82461,-0.045392412782051195,-0.037449029226866326,-0.007630191514670148,0
82465,-0.05163515944199115,-0.03725505956382147,-0.004651975949481302,0
82469,-0.05416400090656359,-0.0429392845742842,0.0029498511520164583,0
82473,-0.044279490743518,-0.04532172836583692,0.011717437177826195,0
82476,-0.034274037745397834,-0.045015356148756513,0.015072683698351796,0
82480,-0.03255742007124851,-0.045256179605119407,0.015618334382499377,0
82484,-0.03374051381694143,-0.04122735095983687,0.016193430820620802,0
82488,-0.032739963245879466,-0.03807509346608873,0.02309579935006778,0
82492,-0.02841979159193697,-0.03733914255899862,0.03329151861017776,0
82496,-0.022572446734301588,-0.02710004428465984,0.03884700917752265,0
82500,-0.013721726587179184,-0.009040109967909604,0.04194005659228589,0
82504,-0.003700357348273786,-0.007129531051141669,0.04589911979541145,0
82508,0.0029999298058285273,-0.02232974388223452,0.051016716535613016,0
82512,0.004352707973220071,-0.022678391767791073,0.056426024159119015,0
82516,-0.016068234433971207,-0.016325148370655462,0.04841982706683323,0
82519,-0.04962031136484302,-0.034478704870331445,0.022006240411913125,0
82523,-0.06163742978436315,-0.05143833693596411,0.005786655081890746,0
82527,-0.05461518507504548,-0.04484208764671527,0.010249318889027081,0
82531,-0.04430385067904774,-0.037122299921504176,0.013605301818226556,0
82535,-0.03541662215749786,-0.036152051207678504,0.016144508842062033,0
82539,-0.029741361263407873,-0.03356215978612953,0.02550712097789759,0
82543,-0.022280165184659473,-0.022028394499009618,0.029889058749301534,0
82547,-0.013826626059702196,-0.0023596401649386145,0.026792878255313957,0
82551,-0.008300881216497302,0.003090015406013613,0.021993672311430068,0
82555,-0.006065481297488184,-0.01278906309886585,0.01840085261733082,0
82558,-0.008798167363209597,-0.020311540167016418,0.019150140148622485,0
82562,-0.013102324801529508,-0.010818782723545528,0.018372696083680806,0
82566,-0.015933925014858352,-0.004689080806077772,0.013824925317885817,0
82570,-0.018424600891124854,-0.005385653847360672,0.013158192545983771,0
82574,-0.020149419668216928,-0.0043546574051718245,0.013875843772422014,0
82578,-0.021306000093007427,-0.0021290667898594684,0.009925678341264565,0
82582,-0.022694363619179536,-0.0023897175872780174,0.007376014525485863,0
82586,-0.020095249674763727,-0.0016767814736318165,0.011349580837032691,0
82590,-0.008341181803050102,-0.0023701142414833676,0.01776981802185773,0
82594,0.0021391040109782766,-0.004850002489399152,0.02122056854935217,0
82598,0.004011262660572723,-0.002550347032539424,0.01691695693533185,0
82601,0.006351380782492866,-0.0006798807034473775,0.012938534780512545,0
82605,0.011879926439223087,-0.00017815898492745674,0.019664299325210077,0
82609,0.014932995355917078,-9.432378018381371e-05,0.027055536739027386,0
82613,0.008679524744091505,-7.064078810969932e-05,0.020508622201249993,0
82617,-0.006182528623431827,0.007313505051322,-0.0044901996825124635,0
82621,-0.015824993403814047,0.01944964943444205,-0.031358568861375724,0
82625,-0.011703888414135277,0.03352780286233159,-0.03377289473059175,0
82629,3.282353195122045e-05,0.042280984149633216,-0.010864831955000265,0
82633,0.01642880218105547,0.04019946189818091,-0.005518439685330057,0
82637,0.032481644405734866,0.038934210524536716,-0.04846062748558483,0
82641,0.029434402989118147,0.03758403743661187,-0.10648769359888216,0
82644,0.014251927570167577,0.030160502702004877,-0.13849552664934472,0
82648,0.013473249731162817,0.022980365657157442,-0.13410741124967496,0
82652,0.019980372903684485,0.019989495503296872,-0.10649575042737125,0
82656,0.018979084772924204,0.018384565380495932,-0.08025002943023263,0
82660,0.01407606725578081,0.013034711337076565,-0.07570543243874317,0
82664,0.009712329867435754,0.0019857853886549037,-0.0859938408211332,0
82668,0.00839337880714297,-0.008528364691283485,-0.08587135761575077,0
82672,0.00915720629269956,-0.0130827645473226,-0.07226048889757775,0
82676,0.01435962643929689,-0.009044137922793904,-0.06116841321777877,0
82680,0.029544960204026305,0.0073683701778479715,-0.06254337272711807,0
82683,0.04845634798899867,0.026122667225370044,-0.0710168541521356,0
82687,0.05993933629632486,0.039127812943915874,-0.07341568269745258,0
82691,0.06241135251861252,0.0536134135647961,-0.06469454173692502,0
82695,0.06299809365709075,0.06746795025321628,-0.054708141557799295,0
82699,0.06876364800120505,0.07247564813019958,-0.0498405383365329,0
82703,0.07968798486380602,0.07405423333468697,-0.04891135062138008,0
82707,0.08702379814632866,0.07437235518847363,-0.051927847520447545,0
82711,0.08245082715240304,0.07376807203069502,-0.05901259419777538,0
82715,0.06615491879425284,0.07685358734741454,-0.06578451629384885,0
82719,0.03891028682973774,0.06413231966974386,-0.05657205531223114,0
82723,0.005063887875348283,0.032805769190435985,-0.03194540412453406,0
82726,-0.021554324086641707,0.008985038216711594,-0.021050095785329903,0
82730,-0.03457902072026353,-0.007746221001147191,-0.03664474246860677,0
82734,-0.04213696762162378,-0.030973373197630938,-0.05357426094133033,0
82738,-0.04588204500355186,-0.04964155860566111,-0.04669975641550167,0
82742,-0.039801571379642686,-0.043576771491088184,-0.03184178339653526,0
82746,-0.023552373241587987,-0.0205630852748242,-0.03559110462323389,0
82750,0.0009896218883328478,-0.003226695438279581,-0.050181375312232324,0
82754,0.027538620823445492,0.004842508443793747,-0.05851826968920665,0
82758,0.04783671089747099,0.018816858652118018,-0.05722437625866611,0
82762,0.06187806338997426,0.03783180365931749,-0.05077517252570274,0
82766,0.07135254865013096,0.045130228380403814,-0.0465059227863327,0
82769,0.07399295182772725,0.04308751176862469,-0.049330114351090304,0
82773,0.06871383163704148,0.04640258117031504,-0.052978795250086974,0
82777,0.058497258970982235,0.05610352758523485,-0.046790620764865454,0
82781,0.0469321342718636,0.05389106920709219,-0.03498132750178207,0
82785,0.03316901170170228,0.0380339188738108,-0.02373100584391885,0
82789,0.01458313380380205,0.02220805598804132,-0.016763518158796842,0
82793,-0.003385424196581721,0.003652429046689054,-0.018084284881181134,0
82797,-0.011490779330396439,-0.014894272602506309,-0.02492365011987885,0
82801,-0.01100793195412364,-0.02085629690031343,-0.03308191905663743,0
82805,-0.005736581288913634,-0.014547088651504225,-0.044331442440178226,0
82809,0.00025397974871732565,-0.006410486189440956,-0.05373200622933416,0
82812,0.0022982691429905833,-0.001763760638411327,-0.05128327150397288,0
82816,0.005930165201308846,0.0010445301908470483,-0.0454073522251735,0
82820,0.014682460805123254,0.007283682687578175,-0.03990628988086592,0
82824,0.024772627365284516,0.017985830641420897,-0.02486676767744833,0
82828,0.03384074422873118,0.025901212718531852,-0.008226554916051565,0
82832,0.04261527476916682,0.02566733072198435,-0.007425081179218029,0
82836,0.049181143574104524,0.02375950238816671,-0.017232504538930826,0
82840,0.050986579125862685,0.02790226828501563,-0.023228819196671635,0
82844,0.052333293731971486,0.028207315179543446,-0.023183016044193983,0
82848,0.054135818513355805,0.019941614000810404,-0.023786521990561083,0
82851,0.055201536719090005,0.015117246110722071,-0.027779172970379795,0
82855,0.05216685344243388,0.02124084593163733,-0.028440418915666954,0
82859,0.04049093964076733,0.030992399014748262,-0.02679929374758333,0
82863,0.025155237822152565,0.02916106760579451,-0.025759374353270248,0
82867,0.017603410235239925,0.020495179500440663,-0.02232086727088811,0
82871,0.01870525760784214,0.018252544347778787,-0.01880295765254919,0
82875,0.012074962710852288,0.01757107037322303,-0.0181521690248444,0
82879,0.0019084935726680907,0.018210531769253357,-0.019955033856066562,0
82883,0.0026464966087357267,0.018737849594257838,-0.025120194906130267,0
82887,0.003190260378164167,0.010391166714033506,-0.0299815576021496,0
82891,-0.0027417017427263657,0.0018451474982970062,-0.02794795810288364,0
82894,-0.007537828122042622,0.0032884540096791426,-0.029671231168796552,0
82898,-0.012065210511973512,0.007683627417672145,-0.03789812439929974,0
82902,-0.014116923406333082,0.002263313361372532,-0.03345597793547994,0
82906,-0.006590222858039563,-0.013020665314054991,-0.022630644146382384,0
82910,0.0013191621680925802,-0.026353481412798807,-0.020472654936787182,0
82914,-3.053592188484444e-05,-0.030251926130304252,-0.019852341687462194,0
82918,-0.005845976480000958,-0.025538109302189582,-0.018804524704381098,0
82922,-0.007827565308536677,-0.019546461654996516,-0.022772804648595435,0
82926,-0.0035471183067820045,-0.017254730639151727,-0.027653677511524033,0
82930,0.0028396386286936304,-0.016676855351046793,-0.02643019706679095,0
82934,0.009065920642440384,-0.01684987390242121,-0.02353973918578356,0
82937,0.010668130722153446,-0.018262887539876704,-0.022585267330242464,0
82941,0.008039848797292692,-0.01563915416171291,-0.016758458480233385,0
82945,0.012862837338720845,0.003269593219484168,-0.007655279386852953,0
82949,0.022697380847619963,0.03336905009554236,-0.0023912001611217093,0
82953,0.025516676187968157,0.04976135589129438,-0.001943853344303137,0
82957,0.026328438465128556,0.04238719490906284,-0.003793466012670832,0
82961,0.032128367144679926,0.030957794216913914,-0.004337283041208839,0
82965,0.03695324997959781,0.03276082839772387,-0.0012384957657244344,0
82969,0.04095254727858677,0.03877028066136523,0.003514574818947347,0
82973,0.04728240314503329,0.045584517340897523,0.0027191359196943043,0
82976,0.04918888098584984,0.053850979258476706,-0.00440333027129447,0
82980,0.04419733766692491,0.053093842355250054,-0.008897643247549603,0
82984,0.040941084718434606,0.048624580238449955,-0.009714263096418874,0
82988,0.0443434207960578,0.052896927637172464,-0.007201501611902139,0
82992,0.04804648096007558,0.05892668830994641,0.00014614185041483818,0
82996,0.045435350034918054,0.054084234538413156,0.0037117729862624627,0
83000,0.03881074732551282,0.038907816293475506,-0.0009337168715199962,0
83004,0.03433218945565564,0.026024267721609373,-0.011091544132999176,0
83008,0.0338776137954675,0.021910900558357316,-0.023195595625738252,0
83012,0.034680631814088536,0.018631165328510058,-0.030310723901050718,0
83016,0.03247393762343831,0.011919755005848742,-0.02665379597305384,0
83019,0.02827220640485728,0.0060503112876282295,-0.016986338709107818,0
83023,0.027431519836556117,0.007912953707530423,-0.011102987241171092,0
83027,0.027335856367645683,0.015131850827334592,-0.007747308698935029,0
83031,0.021831910925039555,0.02052157441003688,-0.005959991286770827,0
83035,0.01342906598008764,0.026100484796284462,-0.00890103812882681,0
83039,0.01214485947283006,0.027050507194561924,-0.009122809483674277,0
83043,0.01321334053489498,0.016929418474240787,-0.0037095677088108125,0
83047,0.0010642648311063319,0.0018417006622484244,0.0014273580621321225,0
83051,-0.01924286711355727,-0.012414522225530966,0.006651798505091011,0
83055,-0.03728821467411181,-0.027920964438657325,0.013376365704116266,0
83059,-0.07219650274926448,-0.05063857556200979,0.019917520076733863,0
83062,-0.1284314742348196,-0.08282904084406972,0.02927619596003983,0
83066,-0.14659878165154594,-0.10303519734121824,0.037367074877942885,0
83070,-0.10331951146108354,-0.09001683274700945,0.03408780371775233,0
83074,-0.04042357863441581,-0.061796436047385495,0.02803332483690113,0
83078,0.00763969099081252,-0.03577553130131861,0.03561849830608199,0
83082,0.015953573312342706,-0.016658374442601875,0.04056331932762558,0
83086,-0.008454114544298785,-0.014535920767844157,0.02573092517917208,0
83090,-0.03551495420492812,-0.02751334181759235,0.027524903172279624,0
83094,-0.05080705633291149,-0.04515724496221951,0.05396387741145958,0
83098,-0.05842671563857105,-0.05520055601456164,0.0702434684600502,0
83102,-0.06269494996995906,-0.049348311841140635,0.07207832457864971,0
83105,-0.05260271063279531,-0.03501070152984287,0.068772084182117,0
83109,-0.034510839220187606,-0.024505086835725276,0.07144410115800981,0
83113,-0.02749170986741689,-0.018885881532811677,0.08477883075640014,0
83117,-0.03391799816000074,-0.01849033262796862,0.0937358905132204,0
83121,-0.04555265049755608,-0.028664606892387923,0.08672201120538436,0
83125,-0.050950652378983774,-0.04459031952941439,0.08330942020626803,0
83129,-0.043073554835310945,-0.050818536654114954,0.1020197564996837,0
83133,-0.04355810981097952,-0.05080784451171416,0.1146402234087846,0
83137,-0.07328698114397048,-0.06547971458049995,0.07805102655538526,0
83141,-0.1005897141764609,-0.08489042828599125,0.025937331615851433,0
83144,-0.09242812270377287,-0.08718331316845074,0.04605647239890531,0
83148,-0.05581071119186698,-0.07395612495161963,0.12021217230798426,0
83152,-0.02140175552669188,-0.0503148066608925,0.15472004064768718,0
83156,-0.013048422174974372,-0.027884899005979236,0.13816411617005536,0
83160,-0.027656289979549165,-0.028888888984329064,0.11944219769332365,0
83164,-0.05051306480638729,-0.04632206677766115,0.11157455268944094,0
83168,-0.06209340149327236,-0.05520247035152437,0.10443623144157854,0
83172,-0.05166787031803899,-0.05196990523758682,0.11008339518790788,0
83176,-0.027232170147437285,-0.03736334931944274,0.13190851032324813,0
83180,0.00150527659650046,-0.01105289295178391,0.14299014673454724,0
83184,0.04904088360977654,0.027380871642692206,0.11340916855312622,0
83187,0.06721289601217817,0.04650055417604371,0.05017463596584276,0
83191,-0.027531817888937216,-0.004552647472176652,-0.004242228367287604,0
83195,-0.15832626541280204,-0.09779417984756389,-0.008359013705328322,0
83199,-0.18147132727356852,-0.14268824280244363,0.02937173865494319,0
83203,-0.11266286299713169,-0.1159587208873818,0.059056896786944035,0
83207,-0.09360941164072778,-0.08931186403657776,0.05762051845433397,0
83211,-0.14450082913788198,-0.10233897651713342,0.03053685581557497,0
83215,-0.1559886734954865,-0.11785674328816897,0.01150076487871543,0
83219,-0.1025174622045919,-0.10919328035920417,-0.0077722402824517145,0
83223,-0.040625948340434315,-0.08562896719087565,-0.07037633925276598,0
83227,-0.0020683640690524197,-0.056732988673346973,-0.1419653829112132,0
83230,0.058846423669900116,-0.00737620763137814,-0.09378931787054723,0
83234,0.15325790139379192,0.06329286100491593,0.07192824123909874,0
83238,0.18068449028301647,0.11082154228492147,0.13294010730677874,0
83242,0.12666117961511902,0.11913739243171895,0.05565744337958334,0
83246,0.07564999512329651,0.11102934495333328,-0.0015655990037355405,0
83250,0.06409629952859142,0.10236232791446831,-0.004435660558789634,0
83254,0.07698600173310755,0.0999925730008786,0.006618487310569465,0
83258,0.07992049502122,0.09854196738525633,0.010032249480535493,0
83262,0.05608716041080375,0.08702554694583187,0.0016060749465850455,0
83266,0.024713344502731882,0.067211197988152,-0.009902533394003932,0
83269,0.005194620488422896,0.04351849568250188,-0.016307442456739762,0
83273,-0.00886287159441057,0.019208279047193688,-0.018678773418822847,0
83277,-0.011667991246494203,0.009570843840231102,-0.018448541761289516,0
83281,0.00024322495001216637,0.013961769780026057,-0.013262636641820147,0
83285,0.007781901323408724,0.016096407726231998,-0.006796049799726922,0
83289,0.011812607605033443,0.01843786621920307,-0.0003348822431108456,0
83293,0.017695070723387607,0.0257605959575411,0.005217431970035991,0
83297,0.019707822478946313,0.0337740663829722,0.004565127396489066,0
83301,0.01820829330307827,0.042823433488667906,0.0007271226773201134,0
83305,0.019024522550283307,0.04752580966926523,-8.74019527132841e-05,0
83309,0.022282944581490605,0.0447641897263229,0.0024478108265243437,0
83312,0.021032131090643613,0.045464882419048,0.003577505527588176,0
83316,0.01287161091061051,0.043171036323649936,0.0021833760161609206,0
83320,-0.0024064130606943346,0.022491230100596393,0.0008096028435322644,0
83324,-0.02068459305660042,-0.005107565368960287,0.0008296635468000302,0
83328,-0.03511700280495844,-0.022441420009702284,0.002044297280801355,0
83332,-0.04222313747868278,-0.031438286888406886,0.0034845323483918555,0
83336,-0.045772371027738346,-0.04040300348388426,0.006662873866412178,0
83340,-0.060042074993418404,-0.05302310104967667,0.010697704247393025,0
83344,-0.08529951886551279,-0.068325989403895,0.019511076543356376,0
83348,-0.09348168192093964,-0.07114807261952905,0.033877813995085826,0
83352,-0.07774261364762891,-0.055937790720932856,0.041471126501055,0
83355,-0.062327505242739556,-0.045928574870786054,0.04586166692440907,0
83359,-0.045192879513760276,-0.045368372395579115,0.06073191223041696,0
83363,-0.013633649714981821,-0.030086978445235335,0.06486995190476424,0
83367,0.008424498137111436,-0.006338207237034599,0.03691021370715253,0
83371,0.003906246238979505,0.0005561294766711633,0.008079328548966869,0
83375,-0.013256475613572682,-0.010084849930134254,0.007725189487879924,0
83379,-0.034476527297063075,-0.035370231873876445,0.03266822467388619,0
83383,-0.05566219517969484,-0.06410008461438688,0.055864006474218464,0
83387,-0.0752227757729983,-0.07861408849103935,0.04726909105390714,0
83391,-0.09114905259631667,-0.08728693935277754,0.028805121432765812,0
83395,-0.0941040019349001,-0.09410437119912896,0.04154827613568396,0
83398,-0.08260036723794495,-0.08239392597126116,0.07712699880229568,0
83402,-0.06048476366014244,-0.05791955295043216,0.10272910977751387,0
83406,-0.037946369824794046,-0.04368156550466695,0.11255369499397411,0
83410,-0.03100685104067724,-0.044889407676383275,0.12025368859931651,0
83414,-0.03800382769545674,-0.046219219358483166,0.12752784699982106,0
83418,-0.044947024464976004,-0.03951037817335168,0.12461678904954271,0
83422,-0.04795543448814543,-0.03261000334152131,0.1146608354315568,0
83426,-0.054404442013448184,-0.027482371562471908,0.11106025928387969,0
83430,-0.06346789202070147,-0.025295091816060378,0.11206842056818384,0
83434,-0.06926095563752055,-0.032273797564808415,0.10727930194765112,0
83437,-0.06812352529879395,-0.04223495791820042,0.09517442379792551,0
83441,-0.03724244742897498,-0.03149623775805743,0.10253050901713018,0
83445,0.044192970951277055,0.012503197505094654,0.1605150279765421,0
83449,0.12378855705614444,0.07195205023201412,0.23045920938002468,0
83453,0.17545830932147466,0.12504034529030505,0.15359316771072717,0
83457,0.13973208799882986,0.1285896535277642,-0.08144561269459871,0
83461,-0.08230844055654563,0.028437692385807622,-0.17785697999383854,0
83465,-0.30648522281202983,-0.12082372386075235,-0.054898652410357185,0
83469,-0.3160786255336703,-0.19916766638008188,0.09754632539654856,0
83473,-0.19266449121703721,-0.18518729453272087,0.17041452568233884,0
83477,-0.10464690943480703,-0.14439913125840942,0.09205512250821041,0
83480,-0.0696298773274866,-0.10702529550810524,-0.07495635549454771,0
83484,-0.007281168559688522,-0.04966122049934407,-0.17000197065154654,0
83488,0.09540137667221804,0.02920848836385659,-0.13320121593375867,0
83492,0.18384138822553608,0.0924049212278737,-0.02440621099663276,0
83496,0.1947881250046959,0.11549853579113689,0.0434439972008302,0
83500,0.12824784616096208,0.1026897913504854,0.036277011406633475,0
83504,0.058524320598945634,0.06983518173617886,-0.0010287304393060692,0
83508,0.0341039920729489,0.04071652021428607,-0.027861356544933158,0
83512,0.038266314375995814,0.027294801010203873,-0.03732180058499668,0
83516,0.04232483656631314,0.026404615387036312,-0.03957702123625961,0
83520,0.04183234545459036,0.031153287010791786,-0.0409043402089293,0
83523,0.042480335659757174,0.028051522974959386,-0.04105128956329329,0
83527,0.04141583402689908,0.02363641941752892,-0.03697969390735234,0
83531,0.037187761643543094,0.03414181097256952,-0.029783240453480575,0
83535,0.028110298947367607,0.04262605973730116,-0.024518371824013174,0
83539,0.01079178907485634,0.03460160436153181,-0.020784517300218353,0
83543,-0.0161036588769512,0.01548934137340785,-0.011582839938509393,0
83547,-0.04855605090310766,-0.008169582379698781,0.003281058717695129,0
83551,-0.06239331727467046,-0.02642757647357552,0.015548763243283914,0
83555,-0.04056797035927617,-0.030434418822839593,0.014511587446320529,0
83559,-0.006999222246097614,-0.02003722050818446,0.009617196518893256,0
83562,-0.00189886939439865,-0.010122202249399415,0.02260361276117112,0
83566,-0.027716730891347408,-0.005302131936783638,0.055299896642110546,0
83570,-0.03807772482573335,0.0015297240836757986,0.07585861575079811,0
83574,-0.02098798458397111,0.004013601217039309,0.05230434448741611,0
83578,-0.008746444281211185,-0.003859010096005644,0.014207005921775318,0
83582,-0.001143139479316324,-0.013956627727890858,0.010329354151361936,0
83586,-0.00548912342478014,-0.01891683909073505,0.039631697980510916,0
83590,-0.033357974446237115,-0.01841135966970331,0.059442287447582176,0
83594,-0.04736005705837765,-0.010846814105951896,0.04245556588171978,0
83598,-0.04864400201893482,-0.010956731426042143,0.01624189052754338,0
83602,-0.07362191391677753,-0.03456683299919083,0.003186130681918642,0
83605,-0.09937747078879333,-0.06163588563524458,0.004242563609800576,0
83609,-0.09252998230294485,-0.06571722831141535,0.02895092974333019,0
83613,-0.05819828517078185,-0.049105363466164675,0.06852230697133554,0
83617,-0.01728031954968856,-0.02230567375778625,0.09936985894462924,0
83621,0.004207285105574665,-0.0012933304276496749,0.10837885387856239,0
83625,-0.000842078868034668,-0.00326891949429875,0.09963225688704591,0
83629,-0.018339948816881946,-0.010685905743241353,0.08882991335747153,0
83633,-0.034752714356480086,-0.004037533807590865,0.08473242068641684,0
83637,-0.041520822820382275,0.003565181901504566,0.08333343579898528,0
83641,-0.03940691018671438,-0.008002807290073743,0.08491839151664121,0
83645,-0.0331471784572237,-0.03707393011370197,0.09277727488261811,0
83648,-0.028870574311507302,-0.052066113020859284,0.09562444082138633,0
83652,-0.035909282796348196,-0.04161422901625356,0.09126954022890166,0
83656,-0.04792960929084622,-0.027158163616811226,0.08918873846999115,0
83660,-0.04977105524269998,-0.01798420919944821,0.08646447185568923,0
83664,-0.04450323819058977,-0.015374085399169513,0.08399432135834389,0
83668,-0.042514983230410586,-0.022257602819595323,0.08411780304761407,0
83672,-0.04248641885233151,-0.029322850584763582,0.08307597667528888,0
83676,-0.04114841453500606,-0.02700576199538629,0.08136115945943295,0
83680,-0.04207679228236716,-0.023116831526715398,0.07896121880175266,0
83684,-0.04438405159233627,-0.02543320593849696,0.07703061419121582,0
83688,-0.04265224642793175,-0.02920899164431523,0.08150043390179407,0
83691,-0.0394227658401497,-0.029707626977506063,0.08886885342239004,0
83695,-0.038933929821235336,-0.030062622879520884,0.08799827165059315,0
83699,-0.04096512359361726,-0.03515828633938556,0.08176562590758951,0
83703,-0.045846907071816934,-0.04377404213182112,0.07858853500412133,0
83707,-0.049873118893007495,-0.04456744103250454,0.08015925006858804,0
83711,-0.05024421736596896,-0.03841553490143523,0.08530449802016543,0
83715,-0.048351085665302995,-0.039979933896793884,0.08127646220086343,0
83719,-0.044806412064916534,-0.04334318053189401,0.06048980234663137,0
83723,-0.0408860155303048,-0.038070537716786035,0.040393838692852346,0
83727,-0.04133786347294732,-0.032954605549337934,0.03648320117105541,0
83730,-0.048589045879423476,-0.03462023805003289,0.05424423088924568,0
83734,-0.05544689400928238,-0.033463308206036935,0.08966987048650832,0
83738,-0.051883208290584015,-0.02540610635443752,0.1142651292493585,0
83742,-0.04187890854083831,-0.02314361370217055,0.10139632164461898,0
83746,-0.038273167487312465,-0.030089117002468413,0.06272519803503179,0
83750,-0.0398050678734263,-0.035575644416808494,0.03518782224799538,0
83754,-0.04028872878969314,-0.03936995841910296,0.03507265643132673,0
83758,-0.03606436920967615,-0.03908912924926833,0.04603333518254299,0
83762,-0.025397555735874544,-0.025468129893046143,0.04985607551102306,0
83766,-0.014883467049243815,-0.006767917466811824,0.04619778832119914,0
83770,-0.012062657564003931,0.001989332081391737,0.044172082484768616,0
83773,-0.01557436589188399,-0.0019314295217580657,0.0485020036348795,0
83777,-0.01673074136966013,-0.004894531281158354,0.05255513632433029,0
83781,-0.01255640454268303,0.0028442348626636083,0.04688940864241392,0
83785,-0.010533678423814585,0.011271934267080841,0.036459343410563394,0
83789,-0.01333288060380855,0.014803217259709012,0.03505422457941404,0
83793,-0.015669417624769366,0.015009623951588669,0.04117649727679584,0
83797,-0.0167380668140773,0.010723776107573357,0.045390159378803974,0
83801,-0.0182824765878985,0.004890952165549134,0.04976052788282198,0
83805,-0.01703392265529491,0.0021730132386048595,0.05313585233891699,0
83809,-0.013731020274584727,0.0014176236249912044,0.048420378455969915,0
83813,-0.01555194121549075,-0.001584411147636633,0.038231059515942745,0
83816,-0.019939508526558902,-0.007776401684854495,0.03088291428538903,0
83820,-0.022639013235258854,-0.019707701902574204,0.02804917767674736,0
83824,-0.024017370909337532,-0.03151471818437379,0.028770571517249655,0
83828,-0.0195814239670844,-0.029379614999355486,0.03430310261518976,0
83832,-0.010445084857791387,-0.012704894988555537,0.043418117520160615,0
83836,-0.003995927793893239,0.006052171478343471,0.05366058273752894,0
83840,-0.0011741599109805767,0.015425046906337059,0.06191672853129987,0
83844,-9.648848967158674e-05,0.017486208624113875,0.05960063461874798,0
83848,-0.0013842210221609585,0.0179147041318255,0.044871429354472914,0
83852,-0.005314046092431468,0.01299556452870343,0.037035839835445894,0
83855,-0.008910647474259292,0.0038361460745672815,0.04173027316275735,0
83859,-0.010139859222342507,-0.0011588274014155964,0.04275338842256887,0
83863,-0.012844114638947524,-0.006765940990820063,0.039046238631273655,0
83867,-0.01626895321001498,-0.018555869701830652,0.037206127970485,0
83871,-0.012868365541520044,-0.020536899143362763,0.036161302091194725,0
83875,-0.004877214739310021,-0.005222939479303079,0.03343103653524798,0
83879,-0.00023615808898092006,0.013111940738074424,0.029713815804067012,0
83883,-0.00020557383342600932,0.022914913522139813,0.027261348050343248,0
83887,-0.0017242903180748614,0.021416505451836265,0.026711187776256973,0
83891,-0.0004589665161743861,0.017996775944541632,0.027021395603363474,0
83895,0.004979935093837651,0.01102426118718558,0.028345189642713653,0
83898,0.009624574393819918,-0.0026181603181338886,0.030055107071693843,0
83902,0.00783522668948955,-0.0046186131573895395,0.02679158982625779,0
83906,0.005092463264678493,-0.001889474504475519,0.021573538740206732,0
83910,0.008724643767801354,-0.014671669943418841,0.023763592762092,0
83914,0.012232040997390614,-0.024794625700880868,0.02756058565072661,0
83918,0.01079432590432039,-0.011165629588489878,0.024838749219640688,0
83922,0.009072995749596413,0.010538758575272755,0.016705855467658515,0
83926,0.007700899129541416,0.022695648308120653,0.009023984215672631,0
83930,0.007666073416560781,0.01858978906599784,0.009996564938898,0
83934,0.01278079558788714,-0.001604953340240911,0.013639421734142287,0
83938,0.01671494220899883,-0.014265689082185062,0.010393469747361495,0
83941,0.015576943262749277,-0.009171665964015308,0.006902205333984168,0
83945,0.016680280584742135,-0.00760020351303714,0.008502590841181712,0
83949,0.02086960612484201,-0.016921850941569616,0.00874160992294265,0
83953,0.023514223629774622,-0.02311343163451207,0.002055311109831981,0
83957,0.02373970681270321,-0.023483191106845602,-0.007742145253002597,0
83961,0.023374554243601686,-0.023035097866029197,-0.009093999872757719,0
83965,0.023489016869817858,-0.020276901098436717,0.0009518716253111847,0
83969,0.022436573433655793,-0.020549877494551172,0.011673402094805052,0
83973,0.016180744137419434,-0.018357327279096225,0.014722649310819791,0
83977,0.004615039548608424,-0.00719536685542943,0.009464955015904719,0
83981,-0.001579161115516703,0.0018476695130758003,-0.0007129944736911642,0
83984,0.001224414684486863,0.008305825950476464,-0.007115617276451158,0
83988,0.0017072091485410557,0.011803647223302516,-0.004661607776844823,0
83992,-0.0006962102505128076,0.010808007898901462,0.0008729262686996697,0
83996,-0.002206725476382121,0.007652911288694497,0.005114523089269796,0
84000,-0.007347391819581661,-0.0026736473650132986,0.008206222973009825,0
84004,-0.016363045718103097,-0.01396187834175322,0.008839952126493134,0
84008,-0.024700237663079716,-0.021833379605489256,0.005560336692394141,0
84012,-0.027481831873805374,-0.03470141724077802,-0.002998576353026139,0
84016,-0.02705161069467188,-0.043531419264158266,-0.014104657866832238,0
84020,-0.03083421871954095,-0.041173188350459355,-0.02132059308394263,0
84023,-0.03895467762158977,-0.0393597950574609,-0.018325192540125435,0
84027,-0.0449329962392383,-0.04035565528902074,-0.0019528605240164976,0
84031,-0.046102623364778994,-0.041623595767882104,0.020958800812891976,0
84035,-0.04461888018983973,-0.043694265668563936,0.029527987667260946,0
84039,-0.04342662708977563,-0.047059425213248574,0.009431687529520338,0
84043,-0.04563312551287957,-0.05653171045826122,-0.021496840126157102,0
84047,-0.0503949209566843,-0.06940443964517051,-0.037168169465494505,0
84051,-0.04906939660016296,-0.07074589427361122,-0.033878969670626036,0
84055,-0.0379882288742277,-0.05494566662486111,-0.026866850346241533,0
84059,-0.027392779069204787,-0.03180193851036561,-0.028046178513659925,0
84063,-0.02303011269617672,-0.016063074730754412,-0.034157935372248205,0
84066,-0.023034935063058093,-0.015895862080005596,-0.03637676979619847,0
84070,-0.028603922693941075,-0.028403778446535632,-0.02997165129958168,0
84074,-0.035697675859616806,-0.044150591888294066,-0.01424353624338659,0
84078,-0.03502119667021486,-0.04528725801486644,0.006357055630708153,0
84082,-0.025347282315847264,-0.02558592571642837,0.017716738351935546,0
84086,-0.01469037034008791,-0.0024349087331594355,0.007977344542997644,0
84090,-0.013883677760749058,0.004113466814939848,-0.012000672254856903,0
84094,-0.01839607807517918,-0.003741838104957651,-0.01227472745962871,0
84098,-0.014915728630446656,-0.007545446666851863,0.010870719131091333,0
84102,-0.007109419131040018,-0.004831730102902387,0.020081071228539693,0
84106,-0.0066136759651204136,-0.009992527876269364,0.0016053939871684686,0
84109,-0.01441974000143842,-0.0257975036843634,-0.015333346932032088,0
84113,-0.02172060051196789,-0.0389437416096432,-0.01618931767870213,0
84117,-0.022357995292277777,-0.0402665401209612,-0.010257216833156002,0
84121,-0.016329124574314124,-0.029243248853163095,-0.00033113198629658447,0
84125,-0.009346980531030114,-0.010843421680479803,0.006867730062576072,0
84129,-0.0066735796825944105,0.0030084204718976437,0.003483850626116114,0
84133,-0.005510863806169275,0.0007721582500912483,-0.003200812940682529,0
84137,-0.002007154282844814,-0.017202721779306263,-0.007824020614719929,0
84141,0.0006809684510500347,-0.02983220069228132,-0.007773427135468081,0
84145,-0.0019508598574661251,-0.02373785823828367,-0.003945957406542633,0
84148,-0.008809253613692114,-0.01799992423639507,-0.009789604045759848,0
84152,-0.011927582838201722,-0.020359663857923316,-0.02812980121720382,0
84156,-0.007539602264978296,-0.015424955616330838,-0.04003159520927507,0
84160,-0.004987232591790236,-0.00429677893790581,-0.03553014942147448,0
84164,-0.0054051561530577,0.004562887009028849,-0.022279107475638604,0
84168,0.0012574622262025992,0.009565277778974757,-0.0064938048367347845,0
84172,0.014571571862408872,0.010508273323986295,0.007064723929100292,0
84176,0.021015810927369816,0.01446052020216504,0.008647422738826183,0
84180,0.017106763936008407,0.02094641666965824,-0.0014768082181607634,0
84184,0.016460663203148984,0.024354939478397952,-0.012870970500271806,0
84188,0.01926519265901372,0.024123804231265922,-0.021994642088427552,0
84191,0.019467609225295557,0.019005360998964438,-0.02960133762217393,0
84195,0.021412023478436404,0.016427944541716144,-0.029931658601989986,0
84199,0.023191535859101498,0.02161093496681632,-0.0199999071573983,0
84203,0.02199059705808626,0.02154277045428632,-0.014716598648892354,0
84207,0.024147254543686048,0.01582842074115165,-0.02484535735771548,0
84211,0.02480625738660902,0.015966396104432512,-0.043430137441459404,0
84215,0.012973997982205776,0.014197437724186024,-0.053794894431533236,0
84219,0.004976311051171689,0.009853573109910752,-0.042928077093210226,0
84223,0.015899971212941177,0.012095664803701833,-0.02525545334387569,0
84227,0.031487314248263454,0.023362167451216553,-0.02320002171750124,0
84231,0.03543890861526322,0.0368878002597981,-0.03487055329552907,0
84234,0.02652246300223038,0.03304683763900007,-0.04778067523807866,0
84238,0.017215986443631093,0.013452604889441222,-0.05093583073731617,0
84242,0.015119866154797545,0.0002975102373716787,-0.043227319704170986,0
84246,0.014521489219104233,0.00020643573983170072,-0.0365412903972106,0
84250,0.013150119329706,0.0021538989568576916,-0.03634805991533174,0
84254,0.011930026943079985,-0.004246358252764537,-0.03773269593832784,0
84258,0.010023352019040366,-0.01372091457950475,-0.03806557835429952,0
84262,0.009965496804015261,-0.01477877248293158,-0.0413851505042227,0
84266,0.011531642013592136,-0.01189396251411834,-0.04820307902905496,0
84270,0.010277893369055158,-0.008701975633285564,-0.05043043760363447,0
84274,0.006825390311929858,0.003574845327417364,-0.0439696681031182,0
84277,0.005814619845383562,0.011965246756325598,-0.03612701463322043,0
84281,0.011826554412795898,0.006305837627524458,-0.03888615474739793,0
84285,0.020087566071948837,-0.0005941449760733519,-0.04763227409399612,0
84289,0.02073139851468797,-0.003319131339611925,-0.04926945478807826,0
84293,0.01776977889259157,0.000569045548393099,-0.046538295548881226,0
84297,0.01763522005639173,0.006183437216830789,-0.039040979260215214,0
84301,0.02133652153248511,0.009610900501785036,-0.02760346401571212,0
84305,0.028261078042108645,0.01782357591882766,-0.02158103339478984,0
84309,0.03284273378490643,0.025805038730399854,-0.02126589431701026,0
84313,0.034654001076496854,0.028366826880585005,-0.01977202973801756,0
84316,0.03669107470051536,0.032157552763606656,-0.015567853558133393,0
84320,0.03780520527417397,0.039438523618966936,-0.012415967922140503,0
84324,0.037815886658500886,0.04527215137107987,-0.012031595486059532,0
84328,0.03627187300139312,0.04435642513348492,-0.014649618071077897,0
84332,0.03488684361283145,0.037540546689331045,-0.017577101316940458,0
84336,0.03481806183318259,0.032907947370730994,-0.018665825865471886,0
84340,0.03390770958292422,0.03907952935835768,-0.018193712106291504,0
84344,0.032326260849442234,0.05150575969658577,-0.01847517034439511,0
84348,0.030788170909342938,0.05309269756248858,-0.021975598567760768,0
84352,0.029881669629859164,0.03869001644410597,-0.024231273842877765,0
84356,0.029958820572817957,0.02439745765348622,-0.023084369928385085,0
84359,0.03188704068445125,0.02354891089732636,-0.021360000379722688,0
84363,0.03447987517361106,0.03102074145714173,-0.019154918849172198,0
84367,0.035879359208579986,0.039055819577737516,-0.019428854432165743,0
84371,0.03672774649199817,0.043844452426502034,-0.02242695674816292,0
84375,0.036161023036650475,0.04642038477797028,-0.022515187822475802,0
84379,0.03404117091773662,0.04850515354880036,-0.020486521449967043,0
84383,0.029652872771849248,0.04383016051835531,-0.02122653004408115,0
84387,0.024273583829945045,0.03396306587460218,-0.02342518678391775,0
84391,0.023225776127576703,0.027305609250158014,-0.023690287319166725,0
84395,0.021741265460709647,0.02021661884282011,-0.022922325558655032,0
84399,0.013197796493601643,0.0044015165501472,-0.023345367284845875,0
84402,0.004678948409817196,-0.014180284806776466,-0.025084859164235862,0
84406,0.002551365141230666,-0.025958312256792127,-0.028512624372093898,0
84410,0.002916048814030181,-0.026941031973776397,-0.03027994475986351,0
84414,0.0015919668610867577,-0.013625151335346253,-0.02681656462468235,0
84418,0.0003013600632041369,-0.0006349534436664861,-0.023486278120742277,0
84422,0.0040873053888587085,-0.0010828829733275924,-0.024175168274338243,0
84426,0.011418688726925419,-0.0022590968241313902,-0.025033599794030192,0
84430,0.015035102914778276,0.0018671871232553983,-0.018817924352256432,0
84434,0.014410747353581943,0.006000156483883856,-0.007992781570267893,0
84438,0.011023538011229128,0.005451898685157275,-0.005334209251678823,0
84441,0.007764582063421455,0.0015664019737666734,-0.01339035534318378,0
84445,0.011772335611868523,0.0048390264999933486,-0.0200812827028361,0
84449,0.019941571765661026,0.0127446815206258,-0.017399078525202727,0
84453,0.023568226909892243,0.021656114252579073,-0.010969274592140865,0
84457,0.02482200656228062,0.034719997548111614,-0.0024502012948961482,0
84461,0.02964978236912641,0.04535971789436877,0.004607042679895645,0
84465,0.03553977762901939,0.04795737041938919,0.002385955657465244,0
84469,0.03773668837516286,0.046179593332354774,-0.0029365940573892746,0
84473,0.03842539941184864,0.04605748956364453,-0.0024193802816644405,0
84477,0.040181418080483255,0.037503403866274265,0.004085684053595107,0
84481,0.0414045952588834,0.02222604614041579,0.009712539849700219,0
84484,0.0394735058133554,0.025628508558439567,0.010824481130758734,0
84488,0.03111065841758931,0.03902731238763657,0.008462171782893768,0
84492,0.017591962908097503,0.03513948832622571,2.453245785294378e-05,0
84496,0.005375536661712643,0.01767886556555398,-0.012760515437884423,0
84500,-0.004336920874114858,0.0048132468905008885,-0.02569894833580605,0
84504,-0.012096897105094984,-0.0005357795750362548,-0.036192884880562215,0
84508,-0.014684730578799265,-0.004962606548208459,-0.04004239440219731,0
84512,-0.010995282014465202,-0.005309813673296748,-0.04116557561297385,0
84516,-0.005455703475047313,0.005412025742218329,-0.04292030563333826,0
84520,-0.002178792904297344,0.014951731707365745,-0.041479801888183176,0
84524,0.0025089200249157617,0.00988767355817588,-0.03814905718514616,0
84527,0.008238416408832161,-0.002003544612588115,-0.03795114141320771,0
84531,0.010414569357905634,-0.007927426832761153,-0.04264822272612373,0
84535,0.010555843290594447,-0.006671116240234198,-0.04605958036899077,0
84539,0.008898975374769025,-0.006873128086330116,-0.04404892814738659,0
84543,0.006475022599193414,-0.006563294049794166,-0.04090947951863888,0
84547,0.004526524288735456,0.0018465118576047601,-0.04265179245203449,0
84551,0.0009493393346567958,0.015709873076728886,-0.049071865879786236,0
84555,-0.000847329971381483,0.021896841896423602,-0.05261970177216946,0
84559,0.0029827001265537723,0.01491499597382262,-0.051843428781161605,0
84563,0.008783057080937406,0.00547322220944535,-0.049116122535454554,0
84567,0.010030448739069553,-0.0021179329681046966,-0.048071674083139004,0
84570,0.007274281513932057,-0.008574525603226135,-0.04986759771090682,0
84574,0.008366994165574182,-0.006266757032947989,-0.045884697562970866,0
84578,0.013551482196896947,0.0032716354352846366,-0.03360031098866084,0
84582,0.013945430856223462,0.004410099435373738,-0.022815466701146092,0
84586,0.010410829201350724,-0.000644034906884805,-0.02236858721520313,0
84590,0.012129860042195517,-0.000228688637989638,-0.028083419726317282,0
84594,0.016094493947847233,0.004019013696946239,-0.02912755045571702,0
84598,0.014995810486895023,0.008283505382190803,-0.02540165767515884,0
84602,0.013177664012466339,0.014349672858184448,-0.024224282858206214,0
84606,0.015697691255598833,0.0219255074639082,-0.024912832530310625,0
84609,0.0170233562665163,0.01886546679116119,-0.02334154985495196,0
84613,0.014687978857759965,0.007177611025322772,-0.021301603304155203,0
84617,0.014701171352013875,0.0015839523328837757,-0.019617811764871262,0
84621,0.019447968590706743,0.0030560891510051924,-0.015762729519606555,0
84625,0.024352052007887703,0.008287678726800696,-0.011945147328366434,0
84629,0.02549601751305186,0.014582531274013988,-0.017809168993519642,0
84633,0.024152441794335844,0.019676395338971364,-0.03385363101422223,0
84637,0.022298853318160616,0.022738523801740573,-0.045658135242164666,0
84641,0.022011823768185446,0.024274855499985648,-0.040791118317139996,0
84645,0.021685591308343577,0.024386883437140572,-0.01797333099727788,0
84649,0.018527978052597982,0.022704313504053886,0.0077614785895363525,0
84652,0.010865254271629987,0.021446452736608723,0.01307963413763985,0
84656,0.0003792909563151703,0.014427806409583077,-0.009621529707995846,0
84660,-0.000906720222022539,0.00014334642725533087,-0.040369516744558576,0
84664,0.006068189760817799,-0.008767131824083396,-0.05221308149388959,0
84668,0.0066910413034322325,-0.013407546268111137,-0.042432776955151075,0
84672,-0.0005063961476998724,-0.015570872702391103,-0.025107451075832954,0
84676,-0.003093762550919532,-0.005972265649631936,-0.014257370039364392,0
84680,0.008001513217654965,0.012805705179534499,-0.017978590471099287,0
84684,0.02463358514228131,0.029303016563086093,-0.026402746995824178,0
84688,0.03537961460001349,0.04125856923216853,-0.028364107139334627,0
84692,0.04012544354913361,0.0440740445888248,-0.026810684074680124,0
84695,0.0396429787180691,0.03446435011948257,-0.024940434745139628,0
84699,0.03168073658666293,0.027668312767685777,-0.025253423582533352,0
84703,0.021144000350393766,0.028126241864119272,-0.026095293196798985,0
84707,0.013243199573080955,0.024480918104603955,-0.02127144290607469,0
84711,0.008305988986760826,0.013905901687503608,-0.012688006233084081,0
84715,0.008659665294038166,0.007238300620860283,-0.0020768932469951706,0
84719,0.012296331267575122,0.010647516595527318,0.009186598248050348,0
84723,0.012675657671809115,0.013027099139074405,0.013049867143866689,0
84727,0.010086877555606222,0.005406940850407604,0.008284602920593576,0
84731,0.007364499646124734,-0.007237901841528949,0.001726409000189999,0
84734,0.0065077066873465705,-0.013010349159686463,-0.001692684089749208,0
84738,0.006654777422897662,-0.010379912192580942,-0.004789474087879164,0
84742,0.0033154331149835015,-0.0086098787473321,-0.011142726775747402,0
84746,-0.0003362173941263702,-0.008428086979954674,-0.011086843095908294,0
84750,0.0009483281728824844,-0.005340279333886144,-0.0028623714530109923,0
84754,0.005265936836033602,0.0034349477311428345,0.00044285659510318043,0
84758,0.007700874450496498,0.010259554210389155,-0.001953256184533847,0
84762,0.00390963475536843,0.006943042860204418,-0.0020831588653964506,0
84766,9.096946055231481e-05,0.005413395408948141,-0.0016669005449562735,0
84770,0.005731411570520817,0.009623485509053342,-0.007278697748944463,0
84774,0.010592840265025716,0.010449823302888461,-0.01606520977265674,0
84777,0.006965043063154153,0.00992246787956974,-0.02080360332549286,0
84781,0.007149846968266371,0.01544917585075245,-0.016060015059794264,0
84785,0.01404372998633252,0.025542052143443517,-0.005432439182034288,0
84789,0.017012074809374833,0.030919075786284722,-0.0016497003960220802,0
84793,0.012356107325561805,0.023418706620584206,-0.005680424744809287,0
84797,0.006502252504668626,0.009728359789456853,-0.01092747616128159,0
84801,0.0049369850234323165,0.0024670065689833542,-0.017320505750870796,0
84805,0.0029685347558712216,-0.007402198577747043,-0.025790267118138532,0
84809,-0.0020153696994394954,-0.022737287888121127,-0.030193676728129726,0
84813,-0.002764164251489176,-0.027679117632216865,-0.023426262629117345,0
84817,0.0022411532332315964,-0.01805060407824799,-0.013036336671475246,0
84820,0.004447484213274344,-0.006629072389657598,-0.011057242404849121,0
84824,-0.0005968289237738844,0.00025134349416244817,-0.016361880253877747,0
84828,-0.00733422864235056,0.010131320389104914,-0.021637810319406647,0
84832,-0.011298838850712367,0.018677927428788266,-0.02012151703777354,0
84836,-0.011190232708562675,0.01614825224993588,-0.014252449367005204,0
84840,-0.005888048853224359,0.006825988330923849,-0.013274612556742615,0
84844,0.001281199331811922,-0.0015412922953537134,-0.014548535388035244,0
84848,0.005339178067882533,-0.004241720460737675,-0.014423698624896841,0
84852,0.0016626845405088853,0.0004978947146940804,-0.016653246078601858,0
84856,-0.005374550356909924,0.0027807954111835897,-0.017407383397450238,0
84860,-0.0024957350634289277,0.0035309060626631528,-0.013150387790272056,0
84863,0.00810362707629797,0.013148029438547315,-0.004487737899570188,0
84867,0.012459733949588991,0.019230036295224906,0.006369230590595076,0
84871,0.008243440373302269,0.011711863815135892,0.011168772115972503,0
84875,0.0031991737436145584,-0.002104328272993339,0.0048381989590706165,0
84879,0.002415788636807137,-0.011096430527308687,-0.007427634428613827,0
84883,0.003763383568974432,-0.008248451123250788,-0.012873452248307604,0
84887,0.005171818267552641,-0.0025581276500532546,-0.007587254842016222,0
84891,0.0058903035418851335,-0.004982489404196322,-0.0016357861720092681,0
84895,0.0014674044388550689,-0.008234306010681536,-0.004935277284410178,0
84899,-0.004544872019595303,-0.0027038505687961845,-0.013746845161701382,0
84902,-0.002457310430484916,0.0072282327336590235,-0.01382084166793568,0
84906,0.003524514458925765,0.012880175429828,-0.0036497408102008633,0
84910,0.005111080040594462,0.008661380846087585,0.00508324725062087,0
84914,0.003614567148273573,-0.0010674588403318808,0.004449448924640054,0
84918,0.0007067640913256401,-0.009781137219903702,-0.0033281724227238185,0
84922,-0.0021177738973174876,-0.017826108558059772,-0.0102015596827299,0
84926,0.000382728951180078,-0.018027326091623053,-0.00858169626540739,0
84930,0.005716709313303703,-0.009372647743389528,-0.0009375869472191267,0
84934,0.004948015884827739,-0.005814487162054682,0.00019289958670976048,0
84938,0.0015937080691904582,-0.00813988261066001,-0.0021367367234483847,0
84942,0.0026008888737253377,-0.0049497507127269635,0.001249013082732231,0
84945,0.005421938842690599,0.0054449513176022535,0.003895794056288371,0
84949,0.0068499684213648715,0.009588700323241994,0.0005371808659102029,0
84953,0.007644887055401228,0.002074750971607031,-0.00414634134324271,0
84957,0.00789066898917401,-0.006636043183149365,-0.005692938311211648,0
84961,0.004778548900458368,-0.01401428910536362,-0.0008553549876987865,0
84965,0.00138987052138706,-0.018755822379573406,0.004989713414656871,0
84969,0.002067219935688369,-0.01692520119126506,0.0016863379777474763,0
84973,0.00308507175363959,-0.011464668802410927,-0.0019609455083392513,0
84977,0.001365467353267591,-0.010123838386461248,0.0018116426482873704,0
84981,-0.0009686645812480021,-0.016593878298073683,0.005962572034297675,0
84985,-0.0011602128374214038,-0.01805558020951592,0.006405452367774012,0
84988,0.00011871385331951867,-0.011474018534288977,0.0034284197499073743,0
84992,0.0011240125982503457,-0.011693507700290429,0.001215731823008881,0
84996,0.002756944490978741,-0.01634159610613173,0.00221192711525936,0
85000,0.004122324924878962,-0.014332073252077748,0.004755933492593956,0
85004,0.004573404712710172,-0.008444195697749457,0.008008088839285832,0
85008,0.005122910375979894,-0.0032098571850669444,0.006523018833666461,0
85012,0.004772145767800828,0.0011610263169865576,0.0005614055662103712,0
85016,0.005185756322732438,0.0030786170712393535,-0.00028318202418881055,0
85020,0.006024818317439062,0.0054496169646149895,0.0008472893718890484,0
85024,0.0044712944499835094,0.007912944206040162,0.0004228140808068548,0
85027,0.002787215322448744,0.0038092563108578226,0.003534162708057842,0
85031,0.0002745409652556985,0.0031207466636149483,0.002422315932048502,0
85035,-0.0025846522524793913,0.01090219922989144,-0.005045097993143288,0
85039,-0.0017289663174213654,0.009468446720040546,-0.006180837478936829,0
85043,-7.49474882899559e-06,-0.0003879443099323865,-0.0008707570595930525,0
85047,0.0004059665207271079,-0.002503177333732065,0.0035024484857015814,0
85051,-0.0009530596373531486,-0.001994172216142509,0.007668292558939194,0
85055,-0.002396708130701808,-0.006683338281775697,0.01076297491340783,0
85059,0.0015686776111870637,-0.0037867997307468038,0.007429677431056103,0
85063,0.007067775547482391,0.0053548261590168345,0.0008548082453542216,0
85067,0.006895880036014823,0.002415810737021573,-0.00339348489159752,0
85070,0.0036835063396626344,-0.010081359998806771,-0.006066387650919436,0
85074,0.001562828741210831,-0.015147425298836392,-0.007965919269660393,0
85078,0.0017539468375010747,-0.005441470573428919,-0.006254888092168509,0
85082,0.0026403912001965457,0.006442741223413595,-0.002249140700942953,0
85086,0.0018522141937536984,0.007219816298397852,0.000731660938954104,0
85090,0.0010986713583671648,-0.00015639697648106576,0.004395669804690805,0
85094,-0.0004090299264067898,-0.009492523132705433,0.004815339503057903,0
85098,-0.002411215472889694,-0.014960536902171029,-0.0011136320459240734,0
85102,-0.0020688279732097303,-0.012606205583199248,-0.008458995963672111,0
85106,-0.0015854820778797851,-0.007613959666258996,-0.010790034252920966,0
85110,-0.0029400287637429967,-0.006082255908265388,-0.006262476265961769,0
85113,-0.003647434282374351,-0.004492302429522699,-0.0005789731162740841,0
85117,-0.0015678377245151864,-0.0016057107637679202,0.0025012173706229213,0
85121,-0.00040680790370062336,-0.005635286415661689,-0.0011939907762870683,0
85125,-0.00198100351512287,-0.012228337830094027,-0.007924347903676632,0
85129,-0.0021720678803114346,-0.009833302443464031,-0.007072049255220647,0
85133,-0.0005122685719125553,-0.004989901442431943,-0.002326669666615211,0
85137,0.0016728188339134586,-0.0054983801420358525,0.0015984510625938753,0
85141,0.0032086422968994333,-0.0034387997492628664,0.00552649803881744,0
85145,0.0015209418325021762,0.0030714257024642144,0.006378007419594933,0
85149,-0.002096733999611744,0.0019590431836462585,0.002200042796623225,0
85153,-0.002978115611538712,-0.005516290844774119,-0.0034352730362445794,0
85156,-5.9303984876857285e-05,-0.008637267355288358,-0.00479204005719408,0
85160,0.003074125264360794,-0.003763296613990441,-0.0007171429202994517,0
85164,0.001733272188560231,0.0016139063034015244,0.003126824265643535,0
85168,-0.0011804025446333632,-0.004263510926265646,0.0040771738663634705,0
85172,0.0006118686954806885,-0.013352178323200459,0.0034741926701017944,0
85176,0.00381522778763832,-0.013003068507811744,0.0026943113591446077,0
85180,0.003181370741188849,-0.003151903795835853,0.0033507524769120778,0
85184,0.0006229737444247707,0.00544217123293711,0.00574361290627684,0
85188,-0.000830159362497751,0.003416671541552674,0.007343415454427349,0
85192,-0.0031936776746027684,-0.005398493133290216,0.004459770387935769,0
85195,-0.00839303492743293,-0.012599124418411378,0.0006191702925660292,0
85199,-0.01128147122490164,-0.011837349212140857,0.0014893970043995952,0
85203,-0.0067483282265591304,-0.00530334533784016,0.00415356351605034,0
85207,-0.000476413122718955,0.0010835878510033758,0.004196913278591785,0
85211,0.002093315553788888,0.006612785818543188,-0.000427227423525689,0
85215,0.0022567155823161045,0.01187398948553664,-0.006050983646008146,0
85219,0.0017824000319890398,0.008739672487485972,-0.0033673646581182104,0
85223,0.0015724658616939058,-0.004466345138290251,-0.0005477580120079595,0
85227,0.0015376676100748998,-0.01428250654227492,-0.004821355805291694,0
85231,0.0022780865258248406,-0.01532836707712626,-0.004455052010128524,0
85235,0.004114181639942038,-0.009091397922328603,0.001657501835603259,0
85238,0.005955904801901668,0.002065613199967231,0.0034566308748430474,0
85242,0.007124463102293643,0.009213886978718389,0.0004797876476863028,0
85246,0.008721305622698239,0.010819219158381355,-3.0635445349092016e-05,0
85250,0.010937203211579427,0.010569031832086573,0.0019109363579108418,0
85254,0.011217980857710641,0.008148340571853652,0.0010472160386857943,0
85258,0.008498973318898484,0.005669202610358859,-0.0012605258786917428,0
85262,0.005991988750528088,0.00590835511448029,0.0009755987226839902,0
85266,0.005003338551878178,0.006880635528612178,0.006990329142465668,0
85270,0.003491915558931802,0.006109757632470014,0.009874366266523105,0
85274,0.0011813749792900508,0.00849397446287492,0.008162567727735937,0
85278,-0.0005646963824829099,0.01289270959248201,0.007089097755393736,0
85281,0.0001466176713547096,0.012224105664925933,0.0063692994932730285,0
85285,0.0021736844112448805,0.009724698021962741,0.004063342742090137,0
85289,0.002079019045376107,0.00891271325575893,0.005404101583358356,0
85293,0.0005484819053584999,0.008354990635524473,0.008582888760758745,0
85297,-0.00010310013783776384,0.009769804588581898,0.007525637087672676,0
85301,0.0007296488569505932,0.010642706610521468,0.0025880955502442515,0
85305,0.0022473439106408533,0.007360327825351565,-0.0011476306936714087,0
85309,0.0011930358249407913,0.002256626188215094,0.00010000857253528173,0
85313,-0.00150599797147144,-0.002850054008924463,0.0015614324597730267,0
85317,-0.0014959091098163402,-0.006893969982908921,0.0007648210806974753,0
85320,0.00012829060230212797,-0.009884545496464003,0.001077190228580438,0
85324,0.0013526777060786088,-0.013700081151236887,0.002234194204434048,0
85328,0.0023970731186772065,-0.01584503775228452,0.0028076553159027684,0
85332,0.0020197800208473504,-0.01338720049225861,0.00391499790565647,0
85336,-0.0007434748236847533,-0.011804430748800776,0.0049504556587067206,0
85340,-0.0027495937359750533,-0.010450429831914132,0.004221913039088254,0
85344,-0.0016302627136034475,-0.0005127646457281365,0.0025275277548837405,0
85348,0.0008054360007073713,0.010274437293492422,0.002196937248682307,0
85352,0.0021298140515769726,0.010840936756675301,0.0027927302421453803,0
85356,0.001395673523065022,0.008133586504420531,0.002235479510769467,0
85360,0.00037751736269608926,0.003555073468728409,0.0008911017922578757,0
85363,2.4708476067392127e-06,-0.003962580409527572,0.0008885717337411281,0
85367,-0.00014359153294685179,-0.007506140302018238,0.003440050693683583,0
85371,0.0006957523695805268,-0.007945166410428861,0.006012990590207656,0
85375,0.0015871477301577785,-0.0034973809997240757,0.00725184693847114,0
85379,0.0014327904603860242,0.010232562394296263,0.007655924718712903,0
85383,0.0013322758871427975,0.020951092600902665,0.005480839306215679,0
85387,0.0007108293576180147,0.015934342986110295,0.0019481075560263128,0
85391,-0.001673449544772554,0.0007052109491270109,-0.00019186304594281944,0
85395,-0.003856429649767956,-0.014083485412910157,-0.002078443113287809,0
85399,-0.00586481687025564,-0.01641940492984384,-0.0033607720446655054,0
85403,-0.007222118852042714,-0.0025320849244208077,-0.0026847163030940258,0
85406,-0.005235929991369126,0.00674157351784288,-0.00281315300308449,0
85410,-0.0030173120270768905,-0.0032791534803600086,-0.004358699330972715,0
85414,-0.0014107824269797842,-0.01659181610824989,-0.004231522636250984,0
85418,0.0012559996264878137,-0.014898208047390504,-0.0028330854514113657,0
85422,0.0013888378706219395,-0.004534366014000479,-0.0010057179065242061,0
85426,0.000326536016848622,0.0008902461441184784,0.001866854956043107,0
85430,0.002128376871474602,0.0028425061850723132,-5.366312235094428e-05,0
85434,0.0027297462195523536,0.004602064282314355,-0.00755486255448784,0
85438,-0.001238757331654794,0.0008121270131069558,-0.010031807777743651,0
85442,-0.005542690292860253,-0.007245406297962109,-0.006970203420483878,0
85446,-0.006137748675989929,-0.008392885262063832,-0.003245587785067394,0
85449,-0.0028916933852698445,-0.0009772030495245332,6.260483643605319e-06,0
85453,0.0012724331723387161,0.00876025110934009,0.001733627524084902,0
85457,0.0014930769428384005,0.011105547798050175,0.0034970704062456393,0
85461,-0.001415727461516747,0.002600555047318487,0.004869505177550415,0
85465,-0.00260384701873162,-0.005405662496229535,0.003982433223528037,0
85469,-0.001872913141741317,-0.008989088721722993,0.0023869197573540557,0
85473,-0.0026503340387954433,-0.013038036130187614,0.00222885507308751,0
85477,-0.003967027931019107,-0.015225019785426674,0.002611216592946053,0
85481,-0.0030439986133099506,-0.01000740048387705,0.0021299283862674656,0
85485,-0.0020547907122042686,-0.0023839185268541563,0.0015841703275224495,0
85488,-0.001341289867154094,0.0026854297143645844,0.0017532967306669867,0
85492,0.0032478211113616817,0.009368253475313448,0.004759767342254362,0
85496,0.008177014435958863,0.015004106084745228,0.008321201622008334,0
85500,0.005946586044328628,0.012370614734344976,0.005369543051469805,0
85504,0.0023386465951306112,0.0047024495769316665,0.0016018974135710295,0
85508,0.0012095706290946584,0.0006214029588194059,0.0010733320898511645,0
85512,-1.783064257954159e-05,0.0021201536497383877,-0.0009409435803633404,0
85516,4.13783773534071e-06,0.0026702055502214606,-0.002749639632005918,0
85520,0.00016582105037121764,0.0001444096956935148,-0.0028319597782441863,0
85524,-0.0006597938795482872,0.0024977345699994657,-0.0011251379669190986,0
85528,-0.0009883552149096975,0.009557337767580165,0.0028859042984421546,0
85531,-0.00047981314008038733,0.00852407420378487,0.006803667314016215,0
85535,-0.0036804459391442945,-0.0006323634009608448,0.007793790967343006,0
85539,-0.006463108707751686,-0.0028848654936957097,0.0073192120384183434,0
85543,-0.002626278384446623,0.0007335442235296696,0.008912335821974149,0
85547,-0.0004084696451639447,-0.000532524906433185,0.011598711947875484,0
85551,-0.002433552749038448,-0.0055432506081651844,0.011811750121386078,0
85555,-0.003285304824410251,-0.007551372016846081,0.009595892768200387,0
85559,-0.0011698280325692645,-0.006975811062803761,0.007830763687480813,0
85563,0.0014410971583702636,-0.005754402541636061,0.007720660771114163,0
85567,0.002303261591932615,0.0005208325210341869,0.00557063491092058,0
85571,0.003680847654408903,0.008267110943893208,0.0034899560246957617,0
85574,0.00554045798936853,0.009371306299756021,0.007568778625802797,0
85578,0.007139305203042512,0.006109187562262974,0.011977107625751604,0
85582,0.010352016677264264,0.006056354496716487,0.0075810164498766874,0
85586,0.013119403320908107,0.010480291031353062,-0.008474562446804446,0
85590,0.013133434197946992,0.018239713657585366,-0.02571730480148443,0
85594,0.008155296223258612,0.021128745373942603,-0.024338033439611384,0
85598,-0.0005893666242252626,0.01053914101144482,-0.00046035987894993413,0
85602,-0.004492531852673509,-0.0017433472916210668,0.026940748704443795,0
85606,-0.00019026610427097523,-0.0037325609636735813,0.035957428255301016,0
85610,0.0060904000683355,0.0019151985903262947,0.022220110960112394,0
85613,0.0055492861728638765,0.004532633062904967,-0.0011884595099887485,0
85617,-0.0016498495023795634,0.006520182132309316,-0.01631483784377702,0
85621,-0.00780837474603524,0.012879985717639375,-0.012771346436909192,0
85625,-0.008420008224883313,0.009406026111848043,0.001966467648012671,0
85629,8.958185302176958e-05,0.004657755077348558,0.011080880464425236,0
85633,0.012431767673142136,0.01620878052093122,0.0090045160872963,0
85637,0.015158487182917901,0.027404859732946818,0.001972550473646084,0
85641,0.010082157419341153,0.02562111588901006,-0.0027959105087817515,0
85645,0.004992822992336721,0.02049055113569187,-0.0019441915972602808,0
85649,0.0008256382012462593,0.01599006725858576,0.0011471876022977612,0
85653,-0.002409126812316864,0.0104153071937092,0.0015128591567187821,0
85656,-0.005665566150573786,0.004015899647882293,-0.00174270649262942,0
85660,-0.007397836095676458,-0.0038987294622541135,-0.00480764850608989,0
85664,-0.0065330304675306206,-0.011307199906616106,-0.0019529096455881967,0
85668,-0.006529793186960897,-0.0067190030541599555,0.006519127543180625,0
85672,-0.008788662592961738,0.01228307666109485,0.01302910824296527,0
85676,-0.0098326670316633,0.024171355304416053,0.013061833340318019,0
85680,-0.007599998846504197,0.01849811711976601,0.009407822808265465,0
85684,-0.0028462225783405515,0.00822561687276302,0.005169532138277644,0
85688,0.0009677111658368265,0.005283313614164786,0.0011663275320341615,0
85692,0.0003123409046807968,0.006727604626131978,-0.0014819760950586236,0
85696,-0.001327086044163539,0.004459965221939477,-0.0020050114740513547,0
85699,-0.0028377679850684068,0.005032795915596466,-0.0025776212466355752,0
85703,-0.005817951091189211,0.010118227660367296,-0.004284160505486245,0
85707,-0.006954808006757185,0.006353063222660271,-0.00517438659328695,0
85711,-0.0063602238103572795,-0.004817039854926541,-0.00318357036114858,0
85715,-0.007373763701738811,-0.0064023597452749215,0.0031563646154287306,0
85719,-0.007149980709760806,0.002253580381260889,0.010452749817912999,0
85723,-0.005073035808365933,0.006588334567761311,0.011241135233021393,0
85727,-0.007805920752915418,0.007762657555439922,0.005393267028618642,0
85731,-0.011674132576604657,0.0084614600501558,0.0011040786610337916,0
85735,-0.010508097775367209,0.007785985616358904,0.0017550283937841082,0
85739,-0.007282631572127385,0.010694068082466313,0.004181829240336166,0
85742,-0.005292104166892075,0.015184805802960888,0.00633780201134071,0
85746,-0.001952358553582667,0.021938664290009235,0.007136937294567769,0
85750,0.004286106811851709,0.029801393867795678,0.004394717822163385,0
85754,0.006262392229836822,0.030316451223263652,-0.0009415467924288046,0
85758,0.003696773130887787,0.024642008679247596,-0.002971019671297981,0
85762,0.002691036995983276,0.02015240219228076,-0.001571375460935942,0
85766,0.0029334879377245215,0.015195570108830214,-0.003033080350698436,0
85770,0.002909772323819948,0.008358788178502774,-0.0055594718415609146,0
85774,0.003575622988342575,0.0046504204944750605,-0.0036339533794381706,0
85778,0.004274071534680179,0.002925100233725164,-0.0004734655356163353,0
85781,0.0036192962856415045,0.0018000902448958023,-0.00015065321950558097,0
85785,0.002770634695086649,0.0035280112183802004,0.0005570452924001379,0
85789,2.298892048890888e-05,0.006088295284115919,0.0066260758401167075,0
85793,-0.0036934028687859444,0.005516261459904026,0.012769272889623873,0
85797,-0.001223024152155583,-0.00012541793028253423,0.010239685707540247,0
85801,0.0028410270163898854,-0.00586115071028015,0.0015571977406659276,0
85805,0.0021405776799487963,-0.0063193569506507785,-0.004100188321113751,0
85809,0.004655398555398649,0.001309419456775096,-0.0014309583203059306,0
85813,0.008636999734719653,0.015239408576738445,0.004019059086999122,0
85817,0.005083301884604152,0.019772153421063088,0.005135345837796845,0
85821,-8.151480828832991e-05,0.0094558230355819,0.0024066161731166047,0
85824,-0.0020754418739035163,-0.000822327162960157,0.0002920665761444452,0
85828,-0.0022445090991188854,-0.0017838069237368082,0.001343746021958525,0
85832,-0.0005592466521560091,0.0024468757130335916,0.0038568060400931414,0
85836,0.0011024006829545296,0.0002921303163105904,0.005209939537886177,0
85840,0.0011716287729840458,-0.01160093803420681,0.004421474926848745,0
85844,0.0005885214914879144,-0.0209176205296826,0.0014833532010257167,0
85848,0.0006594131851740404,-0.019373358978423738,-0.00022197204277035754,0
85852,-0.0005133447251931544,-0.013040720280104168,0.00153911848853594,0
85856,-0.0002103329523668318,-0.006298940045259105,0.0033689026426150237,0
85860,0.0018695925519576218,-0.0003848092715537099,0.002953068483672383,0
85864,-0.0009409537678322089,-0.002473147727040992,-0.00046839352450084304,0
85867,-0.004575490031130891,-0.010457145062359618,-0.005152309887225093,0
85871,-0.003462718156186817,-0.013447974076140845,-0.010405993805782943,0
85875,-0.0015572416842730696,-0.01103910513124795,-0.015203937348624186,0
85879,-0.008272175743098686,-0.00981751846117751,-0.011278315088234403,0
85883,-0.01762036467560213,-0.008814278809085252,0.002410985736862603,0
85887,-0.013284463573229321,-0.00803456118934065,0.016687272831211686,0
85891,-0.003294803053920714,-0.010765378524952407,0.02136665337316085,0
85895,0.0017396829604491293,-0.01344457480689032,0.01151492138229998,0
85899,0.0060826793834987125,-0.011439044081353877,-0.0004357717688421303,0
85903,0.00930999031635893,-0.0009296829777478699,-0.0027752260222540515,0
85906,0.00668082448012175,0.009885483227494607,-0.0029993144129151217,0
85910,0.002590743677399643,0.007476440620183933,-0.006533871731425056,0
85914,0.002233094405048819,0.0019241100936753242,-0.00835930190214651,0
85918,0.0021025417055791085,0.0038520936311470244,-0.006843136240842762,0
85922,0.00022490992349166739,0.003783176765066454,-0.0027710337529765483,0
85926,-0.0027876615035064,0.0026248092165404024,0.004186511248087943,0
85930,-0.005510449877878187,0.00804820213505808,0.010403879259971438,0
85934,-0.004721781198891661,0.012613157603862835,0.010580826849968417,0
85938,-0.0035419903098614647,0.013288502629878796,0.00700155520282475,0
85942,-0.005197951614400065,0.013281105804538562,0.005646966734654646,0
85946,-0.0015996997693701331,0.011247454641871268,0.006119919747781644,0
85949,0.007287529135307058,0.008214928258476473,0.0062626213051093504,0
85953,0.009175009981381321,0.004103909936910455,0.0054355520275924385,0
85957,0.0051062216830730645,-0.0013115819197948575,0.004977144096670216,0
85961,0.003313563548819176,-0.0018745506426887104,0.004905801292441725,0
85965,0.0024407964120947145,0.002826708491143304,0.0018610914784347177,0
85969,-0.004718555833178706,0.0007556115655482643,-0.0013277439009679592,0
85973,-0.012550369312244736,-0.00955180780152487,-0.0014629606159993203,0
85977,-0.007174078570526099,-0.013812039989854696,-0.0013941669394223477,0
85981,0.0025896285099129557,-0.0070435895334042264,-0.0009076311743204113,0
85985,0.004311537004257349,0.0019314256291425025,0.0010843604197337542,0
85989,0.001280547299518875,0.004753897863444045,0.003354423315806876,0
85992,-0.001543356594746803,0.0018914142550303659,0.0042843313312600495,0
85996,-0.0020955898286445507,-0.0035395404770723893,0.0023562866030769625,0
86000,-0.0016804037521840343,-0.007222943366087087,-0.0002541408817622326,0
86004,-0.002615357760067605,-0.007674257219771885,-0.0009520376814374232,0
86008,-0.004191034221513346,-0.009739386620788437,-0.0005495930023809437,0
86012,-0.005438964480255937,-0.00576185426209852,-0.0002186301666074475,0
86016,-0.006371424517850222,0.0038401143287201123,-0.0001776177577098581,0
86020,-0.005122194912107525,0.0020374279075432433,-7.766642897200082e-05,0
86024,-0.0028900741631237015,-0.006763956998051324,0.0014852508817120857,0
86028,-0.003093295065222934,-0.0036829111660665603,0.002400687978252214,0
86032,-0.006206110513820473,0.009453202963859653,0.000273470005441645,0
86035,-0.008533658165444602,0.0106917328916869,-0.0024866409642297915,0
86039,-0.007152499761513331,-0.0031514708142124093,-0.003306959061438741,0
86043,-0.0041575144822973975,-0.010707781046269904,-0.0011821456389043972,0
86047,-0.0023752528676671547,-0.007446994628316883,0.0019969593075886416,0
86051,-0.0031868195222289897,0.0011881019869650622,0.002634738197640818,0
86055,-0.004414997486886008,0.011765060836013141,0.0007530651387236409,0
86059,-0.005041363651392072,0.013487933652801765,-0.0009679750234695694,0
86063,-0.006016804103583406,0.005685102979444245,-0.002318596541506346,0
86067,-0.004086999315729423,-0.003286083875450263,-0.0023466245084503567,0
86071,-0.00029041951652186704,-0.004304475021359,-0.0021673197989783843,0
86074,0.0016283902660582106,0.0023485182975160335,-0.002929378146611483,0
86078,0.00286203880116076,0.005854309983679418,0.0032888875420298835,0
86082,0.0030918325965131332,-1.920313136949403e-05,0.01311366957516591,0
86086,0.0012347478601579809,-0.010255474376282159,0.012185377471911674,0
86090,-0.0014836081976042914,-0.01685929477355108,0.0018644800266303663,0
86094,-0.0037017991362620073,-0.018918198655072604,-0.00612457192423238,0
86098,-0.003601240395812222,-0.018528474729453848,-0.0058111992249441635,0
86102,-0.0016940616991943935,-0.01759430276903773,1.1300019031712516e-05,0
86106,-0.003748031849276079,-0.017798033332259156,0.003084817615478408,0
86110,-0.00981085573466367,-0.018641828668401583,0.0006435560585854039,0
86114,-0.011343579705290319,-0.009934858288331405,-0.0001575366763435504,0
86117,-0.007149268656589158,0.006271136080116868,0.0005503696057933549,0
86121,-0.0025898803614216037,0.011602309481110407,-0.001060393281306915,0
86125,7.465361284442196e-05,0.007569998508546227,-0.002594911915452802,0
86129,0.001157647537159745,0.0021695959614786986,-0.0035737442649473317,0
86133,0.0023202247209208604,-0.0031707549577175698,-0.004654230794596537,0
86137,0.003721560571957383,-0.002380767500905989,-0.003966610368016377,0
86141,0.0031795348514239707,0.003773278951687331,-0.001946871822364582,0
86145,0.0025189626284317645,0.007027913384699325,-0.002723912609355672,0
86149,0.003067380960116828,0.003942998887406901,-0.006359420040365216,0
86153,0.001038754074485615,-0.004445753051634416,-0.008812193150484982,0
86157,-0.001841740345295384,-0.011021297687891618,-0.0073682577611374755,0
86160,-0.00036747895903466166,-0.010421662180263969,-0.003689628831207048,0
86164,0.0037442085051034857,-0.00931246817976561,-0.0011798524997738702,0
86168,0.005076075374537026,-0.010350316204791987,0.00243306437071783,0
86172,0.003854094798086183,-0.008282741608658384,0.007477329946638078,0
86176,0.0029491427981744867,-0.004363092501839638,0.00650384978451074,0
86180,0.0024415594929857454,-0.0024677082767148306,0.00040555193299135484,0
86184,0.002763507251798192,0.0009880122510508293,-0.003672574630395886,0
86188,0.0028486117874834127,0.005022415642416345,-0.002534603143038161,0
86192,0.00010126978095925665,0.010074355068029117,0.0010180581648606135,0
86196,-0.0017872877808704501,0.0206529582841104,0.0016639405947219688,0
86199,7.36085344965609e-05,0.0246052156071368,-0.0010964698544653761,0
86203,0.003608590628294883,0.01603381700838291,-0.004534393341795229,0
86207,0.007254595793152796,0.009023212710176587,-0.00481666968801453,0
86211,0.006971755235935517,0.009071531620541418,-0.0026375935785475924,0
86215,0.00376823544267757,0.006151883651969392,-0.00172519367517604,0
86219,0.0026349186424479143,0.0004525478659842541,-0.0032929883126786574,0
86223,0.005099492377924508,0.003857367757124752,-0.005044907566266077,0
86227,0.008625252634978597,0.01021436367947981,-0.004964051188415808,0
86231,0.007435676427330784,0.009342122294352162,-0.0039926361560716495,0
86235,0.003380067150136168,0.008290972846303646,-0.002775641697457254,0
86239,0.0018513957253419866,0.010421318598671903,-0.005732222633662021,0
86242,0.002097089653646078,0.011171728334659736,-0.011173516681213413,0
86246,0.0024919755810000055,0.01023649486930811,-0.009087064545418577,0
86250,0.0014646865260061759,0.008569277340645165,-0.00039719051744380174,0
86254,-0.0003622855257200408,0.0057142898757622795,0.006934839415718541,0
86258,0.0007543769427944547,0.001339749136745283,0.010623466791565006,0
86262,0.003658168266600481,-0.0016833936428626295,0.00987789692655816,0
86266,0.003931756526487251,-0.002188876706578302,0.00410695307540021,0
86270,0.001209482988235533,-0.0047194094461149305,-0.0011785666385737414,0
86274,-0.0004666568424974704,-0.005731550186265366,-0.0034957557406203876,0
