timestamp_ms,x_g,y_g,z_g,beat_event
188941,-0.968909742885481,-2.642702372777905,-0.0863584344243534,0
188945,-0.9630350194552528,-2.635317006179904,-0.07561608300907911,0
188949,-0.957999542229343,-2.6331349660486763,-0.10012207217517356,0
188953,-0.9487678339818417,-2.620881971465629,-0.09441519798580911,0
188957,-0.9474250400549324,-2.611985961699855,-0.09525444419012741,0
188960,-0.9527962157625696,-2.620881971465629,-0.10146486610208286,0
188964,-0.9526283665217059,-2.6215533684290837,-0.1046540016784924,0
188968,-0.9548104066529335,-2.6247425040054932,-0.08937972075989929,0
188972,-0.9633707179369801,-2.6364919508659495,-0.10163271534294652,0
188976,-0.9573281452658884,-2.6331349660486763,-0.09374380102235447,0
188980,-0.9538033112077515,-2.6489127946898603,-0.09324025329976349,0
188984,-0.9569924467841611,-2.6289387350270847,-0.09642938887617303,0
188988,-0.9662241550316625,-2.64706645304036,-0.09978637369344624,0
188992,-0.957495994506752,-2.6289387350270847,-0.10633249408712901,0
188996,-0.9546425574120698,-2.6385061417563134,-0.10146486610208286,0
189000,-0.9712596322575723,-2.651934081025406,-0.10230411230640116,0
189003,-0.958503089951934,-2.6492484931715876,-0.09055466544594491,0
189007,-0.9569924467841611,-2.631288624399176,-0.08652628366521706,0
189011,-0.9514534218356603,-2.6131609063859007,-0.08283360036621652,0
189015,-0.950614175631342,-2.6311207751583123,-0.09021896696421759,0
189019,-0.9566567483024337,-2.623399710078584,-0.09810788128480964,0
189023,-0.9637064164187075,-2.6289387350270847,-0.08921187151903563,0
189027,-0.9613565270466162,-2.6472343022812237,-0.09005111772335393,0
189031,-0.9606851300831616,-2.650926985580224,-0.08954757000076295,0
189035,-0.9596780346379796,-2.642534523537041,-0.09475089646753643,0
189039,-0.9573281452658884,-2.6364919508659495,-0.11858548867017624,0
189042,-0.9611886778057526,-2.6546196688792247,-0.09844357976653696,0
189046,-0.9630350194552528,-2.638170443274586,-0.09961852445258258,0
189050,-0.9630350194552528,-2.6374990463111314,-0.08954757000076295,0
189054,-0.9620279240100709,-2.634309910734722,-0.09508659494926375,0
189058,-0.9568245975432974,-2.6222247653925383,-0.07897306782635233,0
189062,-0.9633707179369801,-2.6364919508659495,-0.09894712748912794,0
189066,-0.9684061951628901,-2.634645609216449,-0.09206530861371785,0
189070,-0.9635385671778438,-2.6410238803692683,-0.10650034332799267,0
189074,-0.9628671702143892,-2.6408560311284046,-0.09777218280308232,0
189078,-0.9620279240100709,-2.6398489356832227,-0.10616464484626535,0
189082,-0.9621957732509345,-2.6331349660486763,-0.09861142900740062,0
189085,-0.9586709391927977,-2.6398489356832227,-0.09475089646753643,0
189089,-0.9517891203173876,-2.6311207751583123,-0.09559014267185473,0
189093,-0.9583352407110703,-2.6311207751583123,-0.10028992141603722,0
189097,-0.9467536430914778,-2.6131609063859007,-0.09139391165026321,0
189101,-0.9551461051346608,-2.631792172121767,-0.08669413290608072,0
189105,-0.9539711604486152,-2.6309529259174487,-0.07712672617685207,0
189109,-0.9578316929884794,-2.6309529259174487,-0.09089036392767223,0
189113,-0.9551461051346608,-2.639681086442359,-0.08937972075989929,0
189117,-0.9563210498207064,-2.6153429465171283,-0.08971541924162661,0
189121,-0.9606851300831616,-2.635652704661631,-0.08820477607385366,0
189021,,,,1
189125,-0.9680704966811627,-2.644045166704814,-0.08350499732967116,0
189128,-0.9556496528572518,-2.6433737697413595,-0.11086442359044785,0
189132,-0.9593423361562523,-2.6368276493476768,-0.08619058518348974,0
189136,-0.9626993209735255,-2.6453879606317234,-0.09374380102235447,0
189140,-0.9566567483024337,-2.631288624399176,-0.09273670557717249,0
189144,-0.9601815823605706,-2.6306172274357214,-0.09240100709544517,0
189148,-0.9653849088273442,-2.649584191653315,-0.09894712748912794,0
189152,-0.9645456626230259,-2.6504234378576332,-0.09458304722667277,0
189156,-0.9559853513389791,-2.654451819638361,-0.09861142900740062,0
189160,-0.9578316929884794,-2.642702372777905,-0.1101930266269932,0
189164,-0.9544747081712062,-2.6408560311284046,-0.09156176089112687,0
189168,-0.9519569695582513,-2.629777981231403,-0.08971541924162661,0
189171,-0.9539711604486152,-2.6289387350270847,-0.09726863508049134,0
189175,-0.9645456626230259,-2.6405203326466773,-0.09441519798580911,0
189179,-0.9638742656595711,-2.652437628747997,-0.09508659494926375,0
189183,-0.9566567483024337,-2.634309910734722,-0.09223315785458151,0
189187,-0.9578316929884794,-2.6301136797131304,-0.09458304722667277,0
189191,-0.9522926680399786,-2.6176928358892195,-0.09374380102235447,0
189195,-0.9541390096894788,-2.6232318608377203,-0.09273670557717249,0
189199,-0.9564888990615701,-2.6186999313344015,-0.10331120775158312,0
189203,-0.9672312504768444,-2.630785076676585,-0.09290455481803617,0
189207,-0.9642099641412984,-2.6329671168078126,-0.09642938887617303,0
189210,-0.9662241550316625,-2.651430533302815,-0.08988326848249027,0
189214,-0.9635385671778438,-2.648073548485542,-0.09491874570840009,0
189218,-0.960013733119707,-2.650591287098497,-0.11774624246585794,0
189222,-0.9685740444037537,-2.6504234378576332,-0.10112916762035554,0
189226,-0.9593423361562523,-2.64018463416495,-0.11724269474326696,0
189230,-0.9591744869153886,-2.6390096894789044,-0.09726863508049134,0
189234,-0.9559853513389791,-2.649080643930724,-0.09441519798580911,0
189238,-0.9625314717326618,-2.651094834821088,-0.09458304722667277,0
189242,-0.9620279240100709,-2.6388418402380407,-0.09105821316853589,0
189246,-0.9648813611047532,-2.640688181887541,-0.09475089646753643,0
189250,-0.9558175020981154,-2.6556267643244067,-0.09475089646753643,0
189253,-0.9553139543755245,-2.64706645304036,-0.09424734874494545,0
189257,-0.957495994506752,-2.6280994888227664,-0.10045777065690088,0
189261,-0.9546425574120698,-2.638170443274586,-0.10180056458381018,0
189265,-0.9610208285648889,-2.643541618982223,-0.10750743877317463,0
189269,-0.9559853513389791,-2.6499198901350423,-0.10347905699244678,0
189273,-0.9559853513389791,-2.6578088044556343,-0.09340810254062715,0
189277,-0.9556496528572518,-2.6494163424124513,-0.09861142900740062,0
189281,-0.9526283665217059,-2.6304493781948577,-0.10196841382467384,0
189285,-0.9564888990615701,-2.620881971465629,-0.09307240405889983,0
189289,-0.959510185397116,-2.6250782024872206,-0.09626153963530937,0
189293,-0.9598458838788433,-2.64018463416495,-0.10045777065690088,0
189296,-0.960013733119707,-2.6512626840619515,-0.09508659494926375,0
189300,-0.9638742656595711,-2.652941176470588,-0.09693293659876402,0
189304,-0.9633707179369801,-2.6484092469672693,-0.09676508735790035,0
189308,-0.9588387884336613,-2.62826733806363,-0.11355001144426642,0
189312,-0.9679026474402991,-2.643038071259632,-0.09559014267185473,0
189316,-0.9591744869153886,-2.6390096894789044,-0.10079346913862822,0
189320,-0.959006637674525,-2.6304493781948577,-0.09508659494926375,0
189324,-0.9613565270466162,-2.6499198901350423,-0.0999542229343099,0
189328,-0.9613565270466162,-2.656969558251316,-0.10163271534294652,0
189332,-0.9677347981994354,-2.646059357595178,-0.10280766002899214,0
189335,-0.9625314717326618,-2.647570000762951,-0.09525444419012741,0
189339,-0.9543068589303425,-2.6349813076981765,-0.09256885633630883,0
189343,-0.957495994506752,-2.6217212176699474,-0.08921187151903563,0
189347,-0.9546425574120698,-2.6344777599755855,-0.09693293659876402,0
189351,-0.9499427786678873,-2.6284351873044938,-0.10247196154726482,0
189355,-0.9543068589303425,-2.626924544136721,-0.09810788128480964,0
189359,-0.9544747081712062,-2.6329671168078126,-0.0982757305256733,0
189363,-0.9531319142442969,-2.638170443274586,-0.09760433356221866,0
189367,-0.9521248187991149,-2.61953917753872,-0.09777218280308232,0
189371,-0.9583352407110703,-2.6247425040054932,-0.10566109712367437,0
189375,-0.9588387884336613,-2.6197070267795834,-0.11036087586785687,0
189378,-0.9647135118638895,-2.638673990997177,-0.0982757305256733,0
189382,-0.9764629587243457,-2.655458915083543,-0.07242694743266956,0
189386,-0.9637064164187075,-2.6492484931715876,-0.06739147020675974,0
189390,-0.9611886778057526,-2.6557946135652704,-0.08669413290608072,0
189394,-0.9514534218356603,-2.6286030365453574,-0.11539635309376668,0
189398,-0.9457465476462958,-2.610978866254673,-0.16558327611200122,0
189402,-0.9467536430914778,-2.600236514839399,-0.14829480430304418,0
189406,-0.9556496528572518,-2.6215533684290837,-0.1451056687266346,0
189410,-0.9601815823605706,-2.627931639581903,-0.1165712977798123,0
189414,-0.9653849088273442,-2.649080643930724,-0.09542229343099107,0
189418,-0.9736095216296635,-2.6462272068360417,-0.09240100709544517,0
189421,-0.9566567483024337,-2.6247425040054932,-0.0999542229343099,0
189425,-0.9469214923323415,-2.605104142824445,-0.09038681620508125,0
189429,-0.9472571908140688,-2.6067826352330816,-0.10280766002899214,0
189433,-0.9556496528572518,-2.626253147173266,-0.0863584344243534,0
189437,-0.9499427786678873,-2.6270923933775845,-0.09894712748912794,0
189441,-0.9611886778057526,-2.6428702220187685,-0.09475089646753643,0
189445,-0.9482642862592507,-2.61450370031281,-0.09928282597085526,0
189449,-0.9527962157625696,-2.6143358510719463,-0.10650034332799267,0
189453,-0.9645456626230259,-2.636156252384222,-0.09760433356221866,0
189457,-0.9717631799801633,-2.6573052567330433,-0.10079346913862822,0
189461,-0.9769665064469367,-2.6744258793011366,-0.09777218280308232,0
189464,-0.9720988784618906,-2.681643396658274,-0.1046540016784924,0
189468,-0.9705882352941176,-2.6745937285420003,-0.09877927824826428,0
189472,-0.9684061951628901,-2.6562981612878613,-0.09794003204394598,0
189476,-0.9668955519951171,-2.6385061417563134,-0.09861142900740062,0
189480,-0.9690775921263447,-2.6463950560769054,-0.10750743877317463,0
189484,-0.9650492103456169,-2.649080643930724,-0.11170366979476615,0
189488,-0.9682383459220264,-2.642702372777905,-0.11824979018844892,0
189492,-0.9613565270466162,-2.6566338597695887,-0.10666819256885633,0
189496,-0.9616922255283435,-2.6334706645304036,-0.10163271534294652,0
189500,-0.9667277027542535,-2.6630121309224077,-0.09877927824826428,0
189503,-0.9583352407110703,-2.644716563668269,-0.0999542229343099,0
189507,-0.9583352407110703,-2.6390096894789044,-0.1046540016784924,0
189511,-0.9601815823605706,-2.637163347829404,-0.10163271534294652,0
189515,-0.9613565270466162,-2.652437628747997,-0.09861142900740062,0
189519,-0.9502784771496147,-2.633806363012131,-0.10096131837949188,0
189523,-0.9541390096894788,-2.6252460517280842,-0.10398260471503776,0
189527,-0.9581673914702067,-2.6252460517280842,-0.10968947890440223,0
189531,-0.9640421149004348,-2.642198825055314,-0.0999542229343099,0
189535,-0.9556496528572518,-2.642198825055314,-0.10733958953231097,0
189539,-0.9596780346379796,-2.6354848554207675,-0.10700389105058365,0
189543,-0.9571602960250247,-2.6326314183260853,-0.10230411230640116,0
189546,-0.9539711604486152,-2.627428091859312,-0.10851453421835659,0
189550,-0.9554818036163881,-2.631792172121767,-0.09961852445258258,0
189554,-0.9514534218356603,-2.6215533684290837,-0.11388570992599374,0
189558,-0.9553139543755245,-2.635652704661631,-0.11086442359044785,0
189562,-0.9564888990615701,-2.6197070267795834,-0.10700389105058365,0
189566,-0.9499427786678873,-2.6227283131151293,-0.1046540016784924,0
189570,-0.9548104066529335,-2.6230640115968566,-0.10062561989776454,0
189574,-0.9625314717326618,-2.634142061493858,-0.1093537804226749,0
189578,-0.9556496528572518,-2.637666895551995,-0.1195925841153582,0
189582,-0.9610208285648889,-2.6420309758144502,-0.10062561989776454,0
189586,-0.9559853513389791,-2.6484092469672693,-0.10448615243762874,0
189589,-0.9613565270466162,-2.6601586938277255,-0.11220721751735713,0
189593,-0.9605172808422979,-2.65394827191577,-0.10901808194094759,0
189597,-0.9439002059967956,-2.6714045929655907,-0.11371786068513008,0
189601,-0.9573281452658884,-2.650087739375906,-0.1038147554741741,0
189605,-0.9601815823605706,-2.6373311970702678,-0.10868238345922025,0
189609,-0.9568245975432974,-2.62138551918822,-0.10582894636453803,0
189613,-0.9603494316014343,-2.6296101319905394,-0.1012970168612192,0
189617,-0.9546425574120698,-2.6368276493476768,-0.10415045395590142,0
189621,-0.9546425574120698,-2.638673990997177,-0.09592584115358205,0
189625,-0.9613565270466162,-2.6492484931715876,-0.10045777065690088,0
189628,-0.9499427786678873,-2.635820553902495,-0.10616464484626535,0
189632,-0.9568245975432974,-2.6230640115968566,-0.1021362630655375,0
189636,-0.9632028686961165,-2.6408560311284046,-0.10347905699244678,0
189640,-0.9632028686961165,-2.64706645304036,-0.09038681620508125,0
189644,-0.9663920042725261,-2.654955367360952,-0.10028992141603722,0
189648,-0.9675669489585718,-2.644548714427405,-0.10633249408712901,0
189652,-0.9658884565499352,-2.656466010528725,-0.1165712977798123,0
189656,-0.9675669489585718,-2.6487449454489966,-0.12328526741435873,0
189660,-0.9702525368123903,-2.652941176470588,-0.1165712977798123,0
189664,-0.9747844663157091,-2.6734187838559547,-0.1012970168612192,0
189668,-0.9715953307392996,-2.6641870756084534,-0.09542229343099107,0
189671,-0.9593423361562523,-2.6517662317845425,-0.08753337911039902,0
189675,-0.9454108491645685,-2.6062790875104906,-0.09659723811703669,0
189679,-0.9324864576180666,-2.627428091859312,-0.10599679560540169,0
189683,-0.9360112916762036,-2.6250782024872206,-0.11556420233463034,0
189687,-0.9447394522011139,-2.651430533302815,-0.11824979018844892,0
189691,-0.9685740444037537,-2.650087739375906,-0.11136797131303883,0
189695,-0.9621957732509345,-2.6385061417563134,-0.10733958953231097,0
189699,-0.9623636224917982,-2.634813458457313,-0.10498970016021973,0
189703,-0.9690775921263447,-2.639681086442359,-0.0991149767299916,0
189707,-0.9630350194552528,-2.635820553902495,-0.10733958953231097,0
189711,-0.970420386053254,-2.643205920500496,-0.10566109712367437,0
189714,-0.9628671702143892,-2.634813458457313,-0.10750743877317463,0
189718,-0.9747844663157091,-2.6581445029373616,-0.11036087586785687,0
189722,-0.9657206073090715,-2.652941176470588,-0.09726863508049134,0
189726,-0.9398718242160677,-2.668215457389181,-0.09861142900740062,0
189730,-0.9475928892957961,-2.6331349660486763,-0.09861142900740062,0
189734,-0.957999542229343,-2.631792172121767,-0.10247196154726482,0
189738,-0.9479285877775234,-2.627763790341039,-0.10918593118181125,0
189742,-0.9593423361562523,-2.6289387350270847,-0.11203936827649347,0
189746,-0.9566567483024337,-2.6215533684290837,-0.10717174029144731,0
189750,-0.957999542229343,-2.6260852979324025,-0.1029755092698558,0
189754,-0.9556496528572518,-2.63330281528954,-0.10196841382467384,0
189757,-0.951117723353933,-2.6242389562829023,-0.10968947890440223,0
189761,-0.9702525368123903,-2.6336385137712672,-0.1012970168612192,0
189765,-0.9692454413672084,-2.6551232166018157,-0.10314335851071946,0
189769,-0.9744487678339818,-2.6621728847180894,-0.10163271534294652,0
189773,-0.9660563057907988,-2.659319447623407,-0.09642938887617303,0
189777,-0.9650492103456169,-2.6556267643244067,-0.09592584115358205,0
189781,-0.958503089951934,-2.6517662317845425,-0.09374380102235447,0
189785,-0.9613565270466162,-2.659822995345998,-0.09324025329976349,0
189789,-0.9616922255283435,-2.6344777599755855,-0.09122606240939955,0
189793,-0.9613565270466162,-2.6512626840619515,-0.08904402227817197,0
189796,-0.9588387884336613,-2.633806363012131,-0.09324025329976349,0
189800,-0.9569924467841611,-2.6212176699473564,-0.09475089646753643,0
189804,-0.9593423361562523,-2.626924544136721,-0.09139391165026321,0
189808,-0.9546425574120698,-2.636659800106813,-0.10062561989776454,0
189812,-0.9642099641412984,-2.6368276493476768,-0.11002517738612955,0
189816,-0.970923933775845,-2.644548714427405,-0.09609369039444571,0
189820,-0.9675669489585718,-2.641191729610132,-0.10314335851071946,0
189824,-0.9514534218356603,-2.6207141222247654,-0.09760433356221866,0
189828,-0.960013733119707,-2.6368276493476768,-0.10163271534294652,0
189832,-0.9581673914702067,-2.6329671168078126,-0.1029755092698558,0
189836,-0.9586709391927977,-2.641695277332723,-0.10733958953231097,0
189839,-0.9583352407110703,-2.631792172121767,-0.10532539864194705,0
189843,-0.9553139543755245,-2.635820553902495,-0.10280766002899214,0
189847,-0.940711070420386,-2.642198825055314,-0.10733958953231097,0
189851,-0.9553139543755245,-2.6423666742961776,-0.10650034332799267,0
189855,-0.9470893415732051,-2.6250782024872206,-0.10549324788281071,0
189859,-0.9526283665217059,-2.6212176699473564,-0.11036087586785687,0
189863,-0.9603494316014343,-2.6230640115968566,-0.11355001144426642,0
189867,-0.9640421149004348,-2.64018463416495,-0.10683604180971999,0
189871,-0.9571602960250247,-2.63514915693904,-0.10616464484626535,0
189875,-0.9504463263904783,-2.639681086442359,-0.1029755092698558,0
189879,-0.9536354619668879,-2.623903257801175,-0.10112916762035554,0
189882,-0.9538033112077515,-2.626253147173266,-0.10096131837949188,0
189886,-0.9539711604486152,-2.6280994888227664,-0.10247196154726482,0
189890,-0.9685740444037537,-2.636324101625086,-0.0999542229343099,0
189894,-0.9539711604486152,-2.633806363012131,-0.09961852445258258,0
189898,-0.951621271076524,-2.6168535896849012,-0.10398260471503776,0
189902,-0.9561532005798428,-2.6077897306782636,-0.09928282597085526,0
189906,-0.9637064164187075,-2.6309529259174487,-0.10398260471503776,0
189910,-0.9692454413672084,-2.654955367360952,-0.1148928053711757,0
189914,-0.9680704966811627,-2.6583123521782253,-0.10683604180971999,0
189918,-0.9625314717326618,-2.6532768749523155,-0.10146486610208286,0
189921,-0.9601815823605706,-2.6398489356832227,-0.10364690623331044,0
189925,-0.9583352407110703,-2.6329671168078126,-0.10566109712367437,0
189929,-0.9568245975432974,-2.6210498207064927,-0.10901808194094759,0
189933,-0.9480964370183871,-2.6103074692912185,-0.10331120775158312,0
189937,-0.9532997634851605,-2.628770885786221,-0.10482185091935607,0
189941,-0.9543068589303425,-2.627931639581903,-0.10096131837949188,0
189945,-0.9581673914702067,-2.624910353246357,-0.10566109712367437,0
189949,-0.9459143968871595,-2.6032578011749448,-0.09676508735790035,0
189953,-0.9601815823605706,-2.617524986648356,-0.10901808194094759,0
189957,-0.9596780346379796,-2.629274433508812,-0.10482185091935607,0
189961,-0.9638742656595711,-2.6457236591134508,-0.09659723811703669,0
189964,-0.9640421149004348,-2.652605477988861,-0.10364690623331044,0
189968,-0.9564888990615701,-2.631792172121767,-0.09424734874494545,0
189972,-0.9610208285648889,-2.6395132372014953,-0.09223315785458151,0
189976,-0.957495994506752,-2.626253147173266,-0.09458304722667277,0
189980,-0.9623636224917982,-2.625917448691539,-0.09710078583962768,0
189984,-0.9576638437476157,-2.617524986648356,-0.08786907759212634,0
189988,-0.9465857938506141,-2.6103074692912185,-0.09374380102235447,0
189992,-0.94960708018616,-2.611146715495537,-0.10398260471503776,0
189996,-0.9596780346379796,-2.6202105745021744,-0.10750743877317463,0
190000,-0.9690775921263447,-2.6410238803692683,-0.11355001144426642,0
190004,-0.9769665064469367,-2.6651941710536353,-0.115732051575494,0
190007,-0.9650492103456169,-2.6568017090104523,-0.10784313725490195,0
190011,-0.9571602960250247,-2.6443808651865415,-0.10415045395590142,0
190015,-0.9625314717326618,-2.6492484931715876,-0.10263981078812848,0
190019,-0.9603494316014343,-2.6380025940337224,-0.10666819256885633,0
190023,-0.9548104066529335,-2.6304493781948577,-0.10633249408712901,0
190027,-0.9521248187991149,-2.6186999313344015,-0.09861142900740062,0
190031,-0.957999542229343,-2.6215533684290837,-0.09424734874494545,0
190035,-0.9568245975432974,-2.6181963836118105,-0.10096131837949188,0
190039,-0.9539711604486152,-2.62138551918822,-0.10448615243762874,0
190043,-0.94960708018616,-2.610475318532082,-0.08837262531471732,0
190047,-0.9482642862592507,-2.6014114595254445,-0.09525444419012741,0
190050,-0.9489356832227054,-2.6037613488975357,-0.0982757305256733,0
190054,-0.9615243762874799,-2.6062790875104906,-0.09575799191271839,0
190058,-0.9593423361562523,-2.626924544136721,-0.10431830319676508,0
190062,-0.969413290608072,-2.6497520408941786,-0.10817883573662927,0
190066,-0.969916838330663,-2.653109025711452,-0.1046540016784924,0
190070,-0.9700846875715267,-2.6546196688792247,-0.10532539864194705,0
190074,-0.9791485465781643,-2.659319447623407,-0.09810788128480964,0
190078,-0.9685740444037537,-2.6546196688792247,-0.08585488670176242,0
190082,-0.9673990997177081,-2.6474021515220874,-0.0667200732433051,0
190086,-0.9578316929884794,-2.6378347447928587,-0.08669413290608072,0
190089,-0.9556496528572518,-2.633806363012131,-0.11170366979476615,0
190093,-0.9440680552376592,-2.6512626840619515,-0.14225223163195239,0
190097,-0.940711070420386,-2.6457236591134508,-0.14661631189440757,0
190101,-0.9504463263904783,-2.644045166704814,-0.1370489051651789,0
190105,-0.9581673914702067,-2.636324101625086,-0.11824979018844892,0
190109,-0.9628671702143892,-2.6314564736400397,-0.09441519798580911,0
190113,-0.9568245975432974,-2.626253147173266,-0.09273670557717249,0
190117,-0.9504463263904783,-2.634142061493858,-0.0863584344243534,0
190121,-0.9479285877775234,-2.6299458304722667,-0.09642938887617303,0
190125,-0.9479285877775234,-2.629274433508812,-0.09575799191271839,0
190129,-0.9492713817044327,-2.6296101319905394,-0.09777218280308232,0
190132,-0.9606851300831616,-2.634142061493858,-0.09491874570840009,0
190136,-0.9538033112077515,-2.6291065842679484,-0.09760433356221866,0
190140,-0.9556496528572518,-2.635820553902495,-0.09760433356221866,0
190144,-0.9692454413672084,-2.6542839703974974,-0.09508659494926375,0
190148,-0.957495994506752,-2.6296101319905394,-0.10280766002899214,0
190152,-0.9660563057907988,-2.6463950560769054,-0.09693293659876402,0
190156,-0.9630350194552528,-2.6378347447928587,-0.09189745937285419,0
190160,-0.9645456626230259,-2.6443808651865415,-0.10985732814526589,0
190164,-0.9630350194552528,-2.636659800106813,-0.09525444419012741,0
190168,-0.9536354619668879,-2.6212176699473564,-0.11690699626153964,0
190172,-0.9668955519951171,-2.6235675593194476,-0.10347905699244678,0
190175,-0.9645456626230259,-2.6415274280918593,-0.1021362630655375,0
190179,-0.9638742656595711,-2.6552910658426794,-0.10364690623331044,0
190183,-0.9633707179369801,-2.6453879606317234,-0.10247196154726482,0
190187,-0.9606851300831616,-2.64706645304036,-0.09642938887617303,0
190191,-0.9618600747692072,-2.6400167849240863,-0.09424734874494545,0
190195,-0.9598458838788433,-2.642198825055314,-0.09760433356221866,0
190199,-0.9566567483024337,-2.6296101319905394,-0.10028992141603722,0
190203,-0.9679026474402991,-2.6415274280918593,-0.10717174029144731,0
190207,-0.9586709391927977,-2.6438773174639505,-0.08954757000076295,0
190211,-0.9548104066529335,-2.632295719844358,-0.09021896696421759,0
190214,-0.9620279240100709,-2.631792172121767,-0.08854047455558098,0
190218,-0.9571602960250247,-2.626924544136721,-0.10096131837949188,0
190222,-0.9729381246662089,-2.6400167849240863,-0.1012970168612192,0
190226,-0.9571602960250247,-2.6321278706034943,-0.10448615243762874,0
190230,-0.957999542229343,-2.632799267566949,-0.10364690623331044,0
190234,-0.9569924467841611,-2.6222247653925383,-0.09978637369344624,0
190238,-0.9472571908140688,-2.6192034790569925,-0.10515754940108339,0
190242,-0.9564888990615701,-2.616014343480583,-0.10331120775158312,0
190246,-0.9517891203173876,-2.6242389562829023,-0.1021362630655375,0
190250,-0.9561532005798428,-2.6057755397878997,-0.09760433356221866,0
190254,-0.9618600747692072,-2.620378423743038,-0.10717174029144731,0
190257,-0.9469214923323415,-2.6042648966201267,-0.10549324788281071,0
190261,-0.9679026474402991,-2.6329671168078126,-0.10784313725490195,0
190265,-0.9615243762874799,-2.6222247653925383,-0.09726863508049134,0
190269,-0.9591744869153886,-2.6299458304722667,-0.097436484321355,0
190273,-0.958503089951934,-2.6354848554207675,-0.10532539864194705,0
190277,-0.9655527580682078,-2.6378347447928587,-0.09877927824826428,0
190281,-0.9618600747692072,-2.635652704661631,-0.09609369039444571,0
190285,-0.9588387884336613,-2.6240711070420386,-0.09609369039444571,0
190289,-0.9618600747692072,-2.6284351873044938,-0.10448615243762874,0
190293,-0.9578316929884794,-2.6329671168078126,-0.09139391165026321,0
190297,-0.9563210498207064,-2.616517891203174,-0.09928282597085526,0
190300,-0.9576638437476157,-2.6143358510719463,-0.09894712748912794,0
190304,-0.957999542229343,-2.6255817502098115,-0.10347905699244678,0
190308,-0.9630350194552528,-2.6275959411001755,-0.08854047455558098,0
190312,-0.9660563057907988,-2.6499198901350423,-0.08770122835126268,0
190316,-0.9591744869153886,-2.642702372777905,-0.10650034332799267,0
190320,-0.959510185397116,-2.6373311970702678,-0.09810788128480964,0
190324,-0.9668955519951171,-2.6202105745021744,-0.097436484321355,0
190328,-0.9682383459220264,-2.6336385137712672,-0.08585488670176242,0
190332,-0.9692454413672084,-2.6487449454489966,-0.08501564049744412,0
190336,-0.957495994506752,-2.6289387350270847,-0.09726863508049134,0
190340,-0.9611886778057526,-2.6502555886167696,-0.10196841382467384,0
190343,-0.9610208285648889,-2.649584191653315,-0.1038147554741741,0
190347,-0.9499427786678873,-2.6385061417563134,-0.12127107652399481,0
190351,-0.9603494316014343,-2.6354848554207675,-0.11925688563363088,0
190355,-0.9638742656595711,-2.65394827191577,-0.11472495613031204,0
190359,-0.9860303654535744,-2.6759365224689096,-0.09777218280308232,0
190363,-0.9647135118638895,-2.659822995345998,-0.08367284657053482,0
190367,-0.9593423361562523,-2.648073548485542,-0.0833371480888075,0
190371,-0.9459143968871595,-2.618532082093538,-0.09273670557717249,0
190375,-0.9415503166247043,-2.631792172121767,-0.10280766002899214,0
190379,-0.9462500953688868,-2.606614785992218,-0.10733958953231097,0
190382,-0.9517891203173876,-2.6163500419623102,-0.10582894636453803,0
190386,-0.9581673914702067,-2.6225604638742657,-0.10230411230640116,0
190390,-0.9618600747692072,-2.629777981231403,-0.10230411230640116,0
190394,-0.9564888990615701,-2.6220569161516747,-0.0999542229343099,0
190398,-0.9581673914702067,-2.626924544136721,-0.10096131837949188,0
190402,-0.9586709391927977,-2.6368276493476768,-0.09928282597085526,0
190406,-0.9573281452658884,-2.6336385137712672,-0.10901808194094759,0
190410,-0.950110627908751,-2.6289387350270847,-0.0999542229343099,0
190414,-0.9534676127260242,-2.619874876020447,-0.10448615243762874,0
190418,-0.9571602960250247,-2.6286030365453574,-0.09525444419012741,0
190422,-0.9573281452658884,-2.6250782024872206,-0.10180056458381018,0
190425,-0.9546425574120698,-2.638170443274586,-0.09575799191271839,0
190429,-0.9455786984054322,-2.600236514839399,-0.1021362630655375,0
190433,-0.9546425574120698,-2.625749599450675,-0.10347905699244678,0
190437,-0.9418860151064317,-2.644548714427405,-0.10230411230640116,0
190441,-0.9546425574120698,-2.6395132372014953,-0.09794003204394598,0
190445,-0.957495994506752,-2.621889066910811,-0.10784313725490195,0
190449,-0.9578316929884794,-2.6284351873044938,-0.10498970016021973,0
190453,-0.9573281452658884,-2.628770885786221,-0.10045777065690088,0
190457,-0.9566567483024337,-2.623399710078584,-0.09894712748912794,0
190461,-0.9632028686961165,-2.6383382925154497,-0.09340810254062715,0
190465,-0.958503089951934,-2.6420309758144502,-0.09676508735790035,0
190468,-0.9578316929884794,-2.6364919508659495,-0.09760433356221866,0
190472,-0.9598458838788433,-2.644213015945678,-0.09324025329976349,0
190476,-0.9551461051346608,-2.6489127946898603,-0.09407949950408179,0
190480,-0.959006637674525,-2.6314564736400397,-0.09475089646753643,0
190484,-0.9618600747692072,-2.631792172121767,-0.09877927824826428,0
190488,-0.9611886778057526,-2.6532768749523155,-0.10012207217517356,0
190492,-0.9543068589303425,-2.6364919508659495,-0.09726863508049134,0
190496,-0.9519569695582513,-2.6301136797131304,-0.10549324788281071,0
190500,-0.957999542229343,-2.630281528953994,-0.09659723811703669,0
190504,-0.9568245975432974,-2.620378423743038,-0.09810788128480964,0
190507,-0.9593423361562523,-2.6296101319905394,-0.09407949950408179,0
190511,-0.9642099641412984,-2.627763790341039,-0.09525444419012741,0
190515,-0.959006637674525,-2.62138551918822,-0.09760433356221866,0
190519,-0.9546425574120698,-2.6368276493476768,-0.09525444419012741,0
190523,-0.9645456626230259,-2.6400167849240863,-0.0999542229343099,0
190527,-0.9445716029602502,-2.66083009079118,-0.10750743877317463,0
190531,-0.9591744869153886,-2.642198825055314,-0.09777218280308232,0
190535,-0.959006637674525,-2.6291065842679484,-0.10415045395590142,0
190539,-0.9576638437476157,-2.6186999313344015,-0.09374380102235447,0
190543,-0.9581673914702067,-2.6260852979324025,-0.0982757305256733,0
190547,-0.9722667277027542,-2.626924544136721,-0.1012970168612192,0
190550,-0.9569924467841611,-2.618364232852674,-0.09357595178149081,0
190554,-0.9573281452658884,-2.6286030365453574,-0.11036087586785687,0
190558,-0.9559853513389791,-2.6433737697413595,-0.09928282597085526,0
190562,-0.9655527580682078,-2.6474021515220874,-0.09777218280308232,0
190566,-0.9581673914702067,-2.6344777599755855,-0.09525444419012741,0
190570,-0.9578316929884794,-2.6331349660486763,-0.09693293659876402,0
190574,-0.9514534218356603,-2.618867780575265,-0.09928282597085526,0
190578,-0.9633707179369801,-2.6344777599755855,-0.13553826199740596,0
190582,-0.9556496528572518,-2.6316243228809033,-0.11673914702067598,0
190586,-0.9548104066529335,-2.6316243228809033,-0.10482185091935607,0
190590,-0.9621957732509345,-2.6336385137712672,-0.0991149767299916,0
190593,-0.9561532005798428,-2.609971770809491,-0.09122606240939955,0
190597,-0.9573281452658884,-2.6245746547646296,-0.09391165026321813,0
190601,-0.9527962157625696,-2.619874876020447,-0.09223315785458151,0
190605,-0.9559853513389791,-2.6457236591134508,-0.08870832379644464,0
190609,-0.9553139543755245,-2.6453879606317234,-0.08921187151903563,0
190613,-0.960013733119707,-2.6504234378576332,-0.09240100709544517,0
190617,-0.9561532005798428,-2.6252460517280842,-0.09525444419012741,0
190621,-0.9652170595864805,-2.6482413977264057,-0.09189745937285419,0
190625,-0.9616922255283435,-2.6275959411001755,-0.09156176089112687,0
190629,-0.9608529793240252,-2.637163347829404,-0.09894712748912794,0
190633,-0.9548104066529335,-2.6306172274357214,-0.10633249408712901,0
190636,-0.9655527580682078,-2.64018463416495,-0.10146486610208286,0
190640,-0.959006637674525,-2.627931639581903,-0.10163271534294652,0
190644,-0.9625314717326618,-2.6368276493476768,-0.09424734874494545,0
190648,-0.9680704966811627,-2.6458915083543144,-0.09189745937285419,0
190652,-0.9672312504768444,-2.635820553902495,-0.09475089646753643,0
190656,-0.9543068589303425,-2.6294422827496757,-0.0888761730373083,0
190660,-0.9635385671778438,-2.6383382925154497,-0.09491874570840009,0
190664,-0.9603494316014343,-2.6344777599755855,-0.09324025329976349,0
190668,-0.9621957732509345,-2.6311207751583123,-0.10398260471503776,0
190672,-0.9621957732509345,-2.630281528953994,-0.10482185091935607,0
190675,-0.9593423361562523,-2.63330281528954,-0.1029755092698558,0
190679,-0.9561532005798428,-2.611985961699855,-0.10314335851071946,0
190683,-0.9603494316014343,-2.6212176699473564,-0.09559014267185473,0
190687,-0.9551461051346608,-2.637666895551995,-0.10230411230640116,0
190691,-0.957495994506752,-2.619874876020447,-0.10280766002899214,0
190695,-0.9538033112077515,-2.6270923933775845,-0.09810788128480964,0
190699,-0.9561532005798428,-2.6108110170138095,-0.09945067521171892,0
190703,-0.9596780346379796,-2.623903257801175,-0.10280766002899214,0
190707,-0.9568245975432974,-2.6181963836118105,-0.09861142900740062,0
190711,-0.9707560845349813,-2.6477378500038147,-0.09441519798580911,0
190715,-0.9729381246662089,-2.6512626840619515,-0.09122606240939955,0
190718,-0.968909742885481,-2.6536125734340428,-0.10532539864194705,0
190722,-0.9684061951628901,-2.6393453879606317,-0.1021362630655375,0
190726,-0.9645456626230259,-2.6479056992446783,-0.09542229343099107,0
190730,-0.9596780346379796,-2.634813458457313,-0.10079346913862822,0
190734,-0.9613565270466162,-2.654955367360952,-0.09928282597085526,0
190738,-0.957999542229343,-2.643541618982223,-0.0991149767299916,0
190742,-0.9611886778057526,-2.6546196688792247,-0.09491874570840009,0
190746,-0.9566567483024337,-2.63330281528954,-0.09475089646753643,0
190750,-0.960013733119707,-2.6354848554207675,-0.09038681620508125,0
190754,-0.9643778133821621,-2.6344777599755855,-0.08921187151903563,0
190758,-0.9581673914702067,-2.631792172121767,-0.09156176089112687,0
190761,-0.9581673914702067,-2.6309529259174487,-0.09290455481803617,0
190765,-0.9626993209735255,-2.635317006179904,-0.09240100709544517,0
190769,-0.9553139543755245,-2.6410238803692683,-0.08988326848249027,0
190773,-0.9628671702143892,-2.635317006179904,-0.08921187151903563,0
190777,-0.9606851300831616,-2.6472343022812237,-0.08854047455558098,0
190781,-0.9672312504768444,-2.6398489356832227,-0.08602273594262608,0
190785,-0.9558175020981154,-2.6497520408941786,-0.08753337911039902,0
190789,-0.9556496528572518,-2.641695277332723,-0.08585488670176242,0
190793,-0.9538033112077515,-2.6294422827496757,-0.09156176089112687,0
190797,-0.941718165865568,-2.6452201113908598,-0.10230411230640116,0
190800,-0.9514534218356603,-2.623399710078584,-0.10112916762035554,0
190804,-0.9554818036163881,-2.631792172121767,-0.09525444419012741,0
190808,-0.9583352407110703,-2.6291065842679484,-0.10263981078812848,0
190812,-0.9673990997177081,-2.6385061417563134,-0.10767528801403829,0
190816,-0.9502784771496147,-2.635652704661631,-0.11086442359044785,0
190820,-0.9761272602426184,-2.6640192263675897,-0.10096131837949188,0
190824,-0.9764629587243457,-2.6640192263675897,-0.07830167086289769,0
190828,-0.9741130693522545,-2.6665369649805446,-0.06302738994430457,0
190832,-0.9714274814984359,-2.668719005111772,-0.06470588235294117,0
190836,-0.9573281452658884,-2.6463950560769054,-0.08921187151903563,0
190840,-0.9484321355001144,-2.623903257801175,-0.11841763942931258,0
190843,-0.9507820248722056,-2.6072861829556726,-0.12798504615854123,0
190847,-0.9559853513389791,-2.6378347447928587,-0.13100633249408714,0
190851,-0.9637064164187075,-2.6400167849240863,-0.12244602121004043,0
190855,-0.9642099641412984,-2.640688181887541,-0.12026398107881284,0
190859,-0.9512855725947966,-2.6215533684290837,-0.10347905699244678,0
190863,-0.9432288090333409,-2.642702372777905,-0.1038147554741741,0
190867,-0.940711070420386,-2.6413595788509956,-0.10012207217517356,0
190871,-0.9454108491645685,-2.6004043640802625,-0.09760433356221866,0
190875,-0.94960708018616,-2.6039291981383994,-0.0833371480888075,0
190879,-0.9507820248722056,-2.5988937209124896,-0.08182650492103456,0
190883,-0.9487678339818417,-2.601579308766308,-0.08854047455558098,0
190886,-0.9368505378805219,-2.6242389562829023,-0.09760433356221866,0
190890,-0.9558175020981154,-2.643541618982223,-0.09139391165026321,0
190894,-0.9657206073090715,-2.648073548485542,-0.09055466544594491,0
190898,-0.9598458838788433,-2.648577096208133,-0.09139391165026321,0
190902,-0.9598458838788433,-2.650087739375906,-0.09240100709544517,0
190906,-0.9620279240100709,-2.6457236591134508,-0.09391165026321813,0
190910,-0.9668955519951171,-2.634142061493858,-0.09659723811703669,0
190914,-0.9720988784618906,-2.6641870756084534,-0.09794003204394598,0
190918,-0.9653849088273442,-2.6621728847180894,-0.09441519798580911,0
190922,-0.9616922255283435,-2.636156252384222,-0.09290455481803617,0
190926,-0.9576638437476157,-2.625413900968948,-0.09659723811703669,0
190929,-0.9623636224917982,-2.6296101319905394,-0.09324025329976349,0
190933,-0.9610208285648889,-2.6398489356832227,-0.09273670557717249,0
190937,-0.9675669489585718,-2.637163347829404,-0.08283360036621652,0
190941,-0.9640421149004348,-2.6484092469672693,-0.08921187151903563,0
190945,-0.9559853513389791,-2.6532768749523155,-0.08753337911039902,0
190949,-0.951621271076524,-2.625917448691539,-0.08803692683299,0
190953,-0.9532997634851605,-2.6354848554207675,-0.0871976806286717,0
190957,-0.9561532005798428,-2.6146715495536736,-0.08300144960708018,0
190961,-0.9596780346379796,-2.622896162355993,-0.08971541924162661,0
190965,-0.959006637674525,-2.616014343480583,-0.09861142900740062,0
190968,-0.9642099641412984,-2.626756694895857,-0.08098725871671625,0
190972,-0.9606851300831616,-2.6420309758144502,-0.09290455481803617,0
190976,-0.9467536430914778,-2.61450370031281,-0.08937972075989929,0
190980,-0.9621957732509345,-2.617357137407492,-0.09307240405889983,0
190984,-0.9655527580682078,-2.632295719844358,-0.08602273594262608,0
190988,-0.9563210498207064,-2.6136644541084917,-0.08988326848249027,0
190992,-0.9601815823605706,-2.6205462729839017,-0.10012207217517356,0
190996,-0.9532997634851605,-2.6354848554207675,-0.09172961013199053,0
191000,-0.9514534218356603,-2.6166857404440376,-0.10582894636453803,0
191004,-0.9529640650034332,-2.619035629816129,-0.10431830319676508,0
191008,-0.9618600747692072,-2.6252460517280842,-0.11371786068513008,0
191011,-0.9593423361562523,-2.6304493781948577,-0.10028992141603722,0
191015,-0.9551461051346608,-2.636324101625086,-0.10868238345922025,0
191019,-0.9588387884336613,-2.624406805523766,-0.10331120775158312,0
191023,-0.9616922255283435,-2.62138551918822,-0.10347905699244678,0
191027,-0.9620279240100709,-2.627931639581903,-0.10196841382467384,0
191031,-0.959006637674525,-2.617524986648356,-0.10012207217517356,0
191035,-0.9620279240100709,-2.6294422827496757,-0.10415045395590142,0
191039,-0.9638742656595711,-2.6487449454489966,-0.10062561989776454,0
191043,-0.9660563057907988,-2.6578088044556343,-0.09676508735790035,0
191047,-0.9690775921263447,-2.65898374914168,-0.08753337911039902,0
191051,-0.9653849088273442,-2.6568017090104523,-0.08937972075989929,0
191054,-0.9647135118638895,-2.6566338597695887,-0.09038681620508125,0
191058,-0.9640421149004348,-2.6611657892729075,-0.09794003204394598,0
191062,-0.9643778133821621,-2.6463950560769054,-0.08736552986953536,0
191066,-0.950110627908751,-2.6368276493476768,-0.09122606240939955,0
191070,-0.969413290608072,-2.6542839703974974,-0.08367284657053482,0
191074,-0.9613565270466162,-2.662005035477226,-0.08484779125658044,0
191078,-0.9648813611047532,-2.6522697795071335,-0.0841763942931258,0
191082,-0.9660563057907988,-2.661501487754635,-0.08233005264362554,0
191086,-0.9680704966811627,-2.6527733272297245,-0.08702983138780804,0
191090,-0.9536354619668879,-2.6299458304722667,-0.08702983138780804,0
191093,-0.9650492103456169,-2.642198825055314,-0.08971541924162661,0
191097,-0.9658884565499352,-2.6596551461051345,-0.10180056458381018,0
191101,-0.9645456626230259,-2.6561303120469977,-0.09961852445258258,0
191105,-0.9591744869153886,-2.6438773174639505,-0.10028992141603722,0
191109,-0.9643778133821621,-2.636659800106813,-0.09508659494926375,0
191113,-0.9682383459220264,-2.638673990997177,-0.07712672617685207,0
191117,-0.9648813611047532,-2.646562905317769,-0.07998016327153429,0
191121,-0.9608529793240252,-2.6415274280918593,-0.07914091706721599,0
191125,-0.9522926680399786,-2.6227283131151293,-0.09659723811703669,0
191129,-0.9564888990615701,-2.620378423743038,-0.10062561989776454,0
191133,-0.9450751506828412,-2.6641870756084534,-0.11606775005722132,0
191136,-0.9531319142442969,-2.6551232166018157,-0.10801098649576561,0
191140,-0.9569924467841611,-2.6291065842679484,-0.11741054398413062,0
191144,-0.9566567483024337,-2.6168535896849012,-0.11455710688944838,0
191148,-0.957495994506752,-2.614000152590219,-0.1165712977798123,0
191152,-0.9526283665217059,-2.6215533684290837,-0.10750743877317463,0
191156,-0.9425574120698863,-2.651430533302815,-0.09659723811703669,0
191160,-0.9452429999237049,-2.6714045929655907,-0.09592584115358205,0
191164,-0.9561532005798428,-2.627763790341039,-0.09642938887617303,0
191168,-0.9494392309452964,-2.61450370031281,-0.09777218280308232,0
191172,-0.9556496528572518,-2.632295719844358,-0.10431830319676508,0
191176,-0.9564888990615701,-2.6222247653925383,-0.09794003204394598,0
191179,-0.9553139543755245,-2.634309910734722,-0.09659723811703669,0
191183,-0.9539711604486152,-2.6304493781948577,-0.09642938887617303,0
191187,-0.9546425574120698,-2.636659800106813,-0.09340810254062715,0
191191,-0.9556496528572518,-2.6415274280918593,-0.08736552986953536,0
191195,-0.950110627908751,-2.6311207751583123,-0.08854047455558098,0
191199,-0.9598458838788433,-2.6405203326466773,-0.09290455481803617,0
191203,-0.9640421149004348,-2.6512626840619515,-0.08988326848249027,0
191207,-0.9621957732509345,-2.6410238803692683,-0.09726863508049134,0
191211,-0.9673990997177081,-2.641695277332723,-0.09710078583962768,0
191215,-0.9687418936446174,-2.6489127946898603,-0.09424734874494545,0
191219,-0.9679026474402991,-2.6517662317845425,-0.08753337911039902,0
191222,-0.9727702754253452,-2.6502555886167696,-0.09794003204394598,0
191226,-0.9660563057907988,-2.662340733958953,-0.09223315785458151,0
191230,-0.9581673914702067,-2.6398489356832227,-0.09072251468680857,0
191234,-0.9538033112077515,-2.632799267566949,-0.09391165026321813,0
191238,-0.9578316929884794,-2.634645609216449,-0.09659723811703669,0
191242,-0.9621957732509345,-2.6321278706034943,-0.10398260471503776,0
191246,-0.9484321355001144,-2.623903257801175,-0.10163271534294652,0
191250,-0.9655527580682078,-2.6378347447928587,-0.09491874570840009,0
191254,-0.9717631799801633,-2.6562981612878613,-0.09525444419012741,0
191258,-0.9700846875715267,-2.6576409552147706,-0.09928282597085526,0
191261,-0.957999542229343,-2.6463950560769054,-0.08971541924162661,0
191265,-0.9610208285648889,-2.6462272068360417,-0.09424734874494545,0
191269,-0.9707560845349813,-2.660494392309453,-0.0871976806286717,0
191273,-0.9628671702143892,-2.6453879606317234,-0.08518348973830778,0
191277,-0.9621957732509345,-2.635820553902495,-0.08837262531471732,0
191281,-0.970923933775845,-2.641191729610132,-0.08803692683299,0
191285,-0.9522926680399786,-2.623903257801175,-0.08753337911039902,0
191289,-0.9556496528572518,-2.6301136797131304,-0.08803692683299,0
191293,-0.9536354619668879,-2.618867780575265,-0.09340810254062715,0
191297,-0.9527962157625696,-2.6222247653925383,-0.10012207217517356,0
191301,-0.9608529793240252,-2.6334706645304036,-0.10012207217517356,0
191304,-0.9606851300831616,-2.643038071259632,-0.09525444419012741,0
191308,-0.9616922255283435,-2.624910353246357,-0.0982757305256733,0
191312,-0.9642099641412984,-2.631288624399176,-0.09256885633630883,0
191316,-0.9682383459220264,-2.64018463416495,-0.09273670557717249,0
191320,-0.9680704966811627,-2.642198825055314,-0.09458304722667277,0
191324,-0.9615243762874799,-2.62642099641413,-0.08854047455558098,0
191328,-0.957999542229343,-2.6291065842679484,-0.09105821316853589,0
191332,-0.9564888990615701,-2.6247425040054932,-0.09021896696421759,0
191336,-0.9400396734569314,-2.627428091859312,-0.09508659494926375,0
191340,-0.9632028686961165,-2.6374990463111314,-0.08602273594262608,0
191344,-0.9593423361562523,-2.6329671168078126,-0.09089036392767223,0
191347,-0.9648813611047532,-2.6380025940337224,-0.08988326848249027,0
191351,-0.9632028686961165,-2.644213015945678,-0.08652628366521706,0
191355,-0.9672312504768444,-2.643205920500496,-0.09424734874494545,0
191359,-0.9751201647974365,-2.6504234378576332,-0.08837262531471732,0
191363,-0.9650492103456169,-2.65394827191577,-0.08602273594262608,0
191367,-0.957495994506752,-2.6296101319905394,-0.09089036392767223,0
191371,-0.951621271076524,-2.616517891203174,-0.09072251468680857,0
191375,-0.9485999847409781,-2.6151750972762646,-0.09223315785458151,0
191379,-0.9531319142442969,-2.6299458304722667,-0.09525444419012741,0
191383,-0.9576638437476157,-2.6181963836118105,-0.0863584344243534,0
191386,-0.9588387884336613,-2.619874876020447,-0.0888761730373083,0
191390,-0.9618600747692072,-2.622392614633402,-0.09626153963530937,0
191394,-0.9684061951628901,-2.6309529259174487,-0.08937972075989929,0
191398,-0.957999542229343,-2.631288624399176,-0.08854047455558098,0
191402,-0.9610208285648889,-2.6385061417563134,-0.08988326848249027,0
191406,-0.9653849088273442,-2.6551232166018157,-0.08602273594262608,0
191410,-0.9695811398489357,-2.6413595788509956,-0.09139391165026321,0
191414,-0.9653849088273442,-2.6527733272297245,-0.08652628366521706,0
191418,-0.9546425574120698,-2.6479056992446783,-0.08501564049744412,0
191422,-0.959006637674525,-2.6294422827496757,-0.07813382162203403,0
191426,-0.9449073014419775,-2.6552910658426794,-0.0982757305256733,0
191429,-0.9611886778057526,-2.6581445029373616,-0.0888761730373083,0
191433,-0.9618600747692072,-2.6452201113908598,-0.08602273594262608,0
191437,-0.9640421149004348,-2.6551232166018157,-0.08988326848249027,0
191441,-0.9687418936446174,-2.6551232166018157,-0.09021896696421759,0
191445,-0.9781414511329823,-2.657976653696498,-0.10398260471503776,0
191449,-0.9687418936446174,-2.656466010528725,-0.08954757000076295,0
191453,-0.9628671702143892,-2.6423666742961776,-0.08786907759212634,0
191457,-0.9598458838788433,-2.6452201113908598,-0.0863584344243534,0
191461,-0.9548104066529335,-2.633806363012131,-0.09105821316853589,0
191465,-0.9679026474402991,-2.642534523537041,-0.09139391165026321,0
191469,-0.9569924467841611,-2.622896162355993,-0.09626153963530937,0
191472,-0.9541390096894788,-2.6265888456549935,-0.09357595178149081,0
191476,-0.9566567483024337,-2.621889066910811,-0.0871976806286717,0
191480,-0.9526283665217059,-2.623903257801175,-0.07930876630807965,0
191484,-0.9596780346379796,-2.628770885786221,-0.09206530861371785,0
191488,-0.9628671702143892,-2.630281528953994,-0.08233005264362554,0
191492,-0.9635385671778438,-2.637666895551995,-0.08233005264362554,0
191496,-0.9633707179369801,-2.644213015945678,-0.08753337911039902,0
191500,-0.9645456626230259,-2.644045166704814,-0.09475089646753643,0
191504,-0.9642099641412984,-2.6373311970702678,-0.0871976806286717,0
191508,-0.9621957732509345,-2.6316243228809033,-0.09240100709544517,0
191512,-0.9573281452658884,-2.6321278706034943,-0.09542229343099107,0
191515,-0.9430609597924773,-2.6502555886167696,-0.10096131837949188,0
191519,-0.9554818036163881,-2.645555809872587,-0.08652628366521706,0
191523,-0.9566567483024337,-2.6316243228809033,-0.09794003204394598,0
191527,-0.9638742656595711,-2.6489127946898603,-0.09340810254062715,0
191531,-0.9637064164187075,-2.6468986037994964,-0.08568703746089876,0
191535,-0.9601815823605706,-2.6418631265735866,-0.08652628366521706,0
191539,-0.9558175020981154,-2.651598382543679,-0.08518348973830778,0
191543,-0.9569924467841611,-2.6294422827496757,-0.08820477607385366,0
191547,-0.9606851300831616,-2.6398489356832227,-0.09659723811703669,0
191551,-0.9670634012359808,-2.6260852979324025,-0.09089036392767223,0
191554,-0.9610208285648889,-2.64018463416495,-0.08602273594262608,0
191558,-0.9645456626230259,-2.646562905317769,-0.08451209277485312,0
191562,-0.9648813611047532,-2.645555809872587,-0.08937972075989929,0
191566,-0.9611886778057526,-2.6547875181200884,-0.08602273594262608,0
191570,-0.9593423361562523,-2.6413595788509956,-0.08736552986953536,0
191574,-0.9628671702143892,-2.6349813076981765,-0.08921187151903563,0
191578,-0.9611886778057526,-2.64706645304036,-0.0833371480888075,0
191582,-0.9573281452658884,-2.63514915693904,-0.08115510795757992,0
191586,-0.9531319142442969,-2.641191729610132,-0.08770122835126268,0
191590,-0.9605172808422979,-2.638170443274586,-0.09189745937285419,0
191594,-0.9662241550316625,-2.6536125734340428,-0.08602273594262608,0
191597,-0.9554818036163881,-2.6467307545586327,-0.08702983138780804,0
191601,-0.9596780346379796,-2.6291065842679484,-0.08669413290608072,0
191605,-0.9375219348439765,-2.627260242618448,-0.08434424353398946,0
191587,,,,1
191609,-0.9588387884336613,-2.6176928358892195,-0.08367284657053482,0
191613,-0.9630350194552528,-2.6210498207064927,-0.08098725871671625,0
191617,-0.9621957732509345,-2.627428091859312,-0.08602273594262608,0
191621,-0.9637064164187075,-2.6373311970702678,-0.08619058518348974,0
191625,-0.9638742656595711,-2.6487449454489966,-0.08786907759212634,0
191629,-0.9569924467841611,-2.6275959411001755,-0.08316929884794384,0
191633,-0.9544747081712062,-2.6378347447928587,-0.08803692683299,0
191637,-0.9610208285648889,-2.6408560311284046,-0.09105821316853589,0
191640,-0.9632028686961165,-2.641695277332723,-0.08786907759212634,0
191644,-0.9556496528572518,-2.6403524834058136,-0.10196841382467384,0
191648,-0.9702525368123903,-2.649080643930724,-0.09021896696421759,0
191652,-0.9684061951628901,-2.6423666742961776,-0.0824979018844892,0
191656,-0.9652170595864805,-2.65898374914168,-0.08182650492103456,0
191660,-0.957999542229343,-2.641191729610132,-0.0833371480888075,0
191664,-0.9564888990615701,-2.623399710078584,-0.08870832379644464,0
191668,-0.9685740444037537,-2.6395132372014953,-0.08753337911039902,0
191672,-0.9630350194552528,-2.635820553902495,-0.07863736934462501,0
191676,-0.9652170595864805,-2.651598382543679,-0.08451209277485312,0
191679,-0.9620279240100709,-2.6369954985885404,-0.09894712748912794,0
191683,-0.9625314717326618,-2.6383382925154497,-0.08585488670176242,0
191687,-0.9658884565499352,-2.6551232166018157,-0.09021896696421759,0
191691,-0.9672312504768444,-2.644716563668269,-0.09223315785458151,0
191695,-0.9546425574120698,-2.6458915083543144,-0.09240100709544517,0
191699,-0.9736095216296635,-2.6499198901350423,-0.1046540016784924,0
191703,-0.9684061951628901,-2.642198825055314,-0.08602273594262608,0
191707,-0.9499427786678873,-2.6378347447928587,-0.08753337911039902,0
191711,-0.9643778133821621,-2.637666895551995,-0.08132295719844358,0
191715,-0.9581673914702067,-2.63330281528954,-0.08753337911039902,0
191719,-0.9548104066529335,-2.629777981231403,-0.07930876630807965,0
191722,-0.9653849088273442,-2.6477378500038147,-0.08199435416189822,0
191726,-0.9611886778057526,-2.6578088044556343,-0.08031586175326161,0
191730,-0.9616922255283435,-2.6334706645304036,-0.08602273594262608,0
191734,-0.9603494316014343,-2.635652704661631,-0.07712672617685207,0
191738,-0.9621957732509345,-2.632295719844358,-0.09357595178149081,0
191742,-0.9731059739070725,-2.6428702220187685,-0.08736552986953536,0
191746,-0.9626993209735255,-2.6482413977264057,-0.08182650492103456,0
191750,-0.9638742656595711,-2.6537804226749064,-0.09038681620508125,0
191754,-0.9633707179369801,-2.6527733272297245,-0.08602273594262608,0
191758,-0.9633707179369801,-2.6512626840619515,-0.07846952010376135,0
191762,-0.9605172808422979,-2.651430533302815,-0.08585488670176242,0
191765,-0.9825055313954375,-2.674258030060273,-0.08451209277485312,0
191769,-0.969413290608072,-2.667376211184863,-0.08149080643930724,0
191773,-0.9670634012359808,-2.644548714427405,-0.08602273594262608,0
191777,-0.9673990997177081,-2.6438773174639505,-0.08602273594262608,0
191781,-0.9573281452658884,-2.641191729610132,-0.08266575112535286,0
191785,-0.9385290302891585,-2.651430533302815,-0.09491874570840009,0
191789,-0.9534676127260242,-2.6284351873044938,-0.08652628366521706,0
191793,-0.958503089951934,-2.634645609216449,-0.07007705806057832,0
191797,-0.9637064164187075,-2.6380025940337224,-0.08669413290608072,0
191801,-0.958503089951934,-2.6408560311284046,-0.08115510795757992,0
191805,-0.9687418936446174,-2.6457236591134508,-0.08736552986953536,0
191808,-0.9655527580682078,-2.64706645304036,-0.09777218280308232,0
191812,-0.9697489890897993,-2.639681086442359,-0.0863584344243534,0
191816,-0.9663920042725261,-2.6527733272297245,-0.08619058518348974,0
191820,-0.9625314717326618,-2.6499198901350423,-0.07427328908216983,0
191824,-0.9454108491645685,-2.6082932784008546,-0.07444113832303349,0
191828,-0.9554818036163881,-2.624406805523766,-0.08149080643930724,0
191832,-0.9524605172808422,-2.62642099641413,-0.08434424353398946,0
191836,-0.9442359044785229,-2.648073548485542,-0.08367284657053482,0
191840,-0.9653849088273442,-2.6571374074921796,-0.07897306782635233,0
191844,-0.9583352407110703,-2.6403524834058136,-0.08602273594262608,0
191847,-0.9588387884336613,-2.627931639581903,-0.08350499732967116,0
191851,-0.9606851300831616,-2.639681086442359,-0.07511253528648813,0
191855,-0.9732738231479362,-2.655458915083543,-0.08014801251239795,0
191859,-0.9591744869153886,-2.64018463416495,-0.09542229343099107,0
191863,-0.9583352407110703,-2.633806363012131,-0.10968947890440223,0
191867,-0.9586709391927977,-2.6405203326466773,-0.11237506675822079,0
191871,-0.9628671702143892,-2.6294422827496757,-0.09676508735790035,0
191875,-0.9454108491645685,-2.601243610284581,-0.07511253528648813,0
191879,-0.9569924467841611,-2.6064469367513543,-0.07813382162203403,0
191883,-0.9544747081712062,-2.6242389562829023,-0.08602273594262608,0
191887,-0.9544747081712062,-2.6326314183260853,-0.08501564049744412,0
191890,-0.9554818036163881,-2.6383382925154497,-0.07528038452735179,0
191894,-0.9620279240100709,-2.6380025940337224,-0.05262073701075761,0
191898,-0.9648813611047532,-2.641191729610132,-0.06823071641107804,0
191902,-0.9586709391927977,-2.6438773174639505,-0.07779812314030671,0
191906,-0.9606851300831616,-2.644045166704814,-0.09139391165026321,0
191910,-0.9563210498207064,-2.6163500419623102,-0.10079346913862822,0
191914,-0.9541390096894788,-2.6235675593194476,-0.09894712748912794,0
191918,-0.9576638437476157,-2.619371328297856,-0.10012207217517356,0
191922,-0.959006637674525,-2.6123216601815824,-0.10532539864194705,0
191926,-0.9647135118638895,-2.6344777599755855,-0.09206530861371785,0
191930,-0.9806591897459372,-2.6621728847180894,-0.10347905699244678,0
191933,-0.9838483253223468,-2.667879758907454,-0.08400854505226214,0
191937,-0.9799877927824826,-2.6799649042496374,-0.07763027389944305,0
191941,-0.9573281452658884,-2.6532768749523155,-0.06420233463035019,0
191945,-0.9546425574120698,-2.6479056992446783,-0.06571297779812314,0
191949,-0.9526283665217059,-2.6316243228809033,-0.07779812314030671,0
191953,-0.9539711604486152,-2.6304493781948577,-0.07444113832303349,0
191957,-0.9573281452658884,-2.6311207751583123,-0.07830167086289769,0
191961,-0.9571602960250247,-2.6309529259174487,-0.07746242465857939,0
191965,-0.9489356832227054,-2.619874876020447,-0.07930876630807965,0
191969,-0.9623636224917982,-2.6230640115968566,-0.07410543984130617,0
191972,-0.9647135118638895,-2.6413595788509956,-0.06235599298084993,0
191976,-0.9642099641412984,-2.635652704661631,-0.07108415350576028,0
191980,-0.968909742885481,-2.6433737697413595,-0.07578393224994277,0
191984,-0.9756237125200274,-2.651934081025406,-0.07477683680476081,0
191988,-0.9673990997177081,-2.6452201113908598,-0.07125200274662394,0
191992,-0.9672312504768444,-2.642198825055314,-0.07209124895094224,0
191996,-0.969916838330663,-2.651598382543679,-0.07679102769512473,0
192000,-0.9648813611047532,-2.6504234378576332,-0.07595178149080643,0
192004,-0.960013733119707,-2.6482413977264057,-0.08115510795757992,0
192008,-0.9613565270466162,-2.65898374914168,-0.08350499732967116,0
192012,-0.9626993209735255,-2.649584191653315,-0.07024490730144198,0
192015,-0.9611886778057526,-2.6552910658426794,-0.07846952010376135,0
192019,-0.9642099641412984,-2.6398489356832227,-0.08568703746089876,0
192023,-0.9548104066529335,-2.6329671168078126,-0.08535133897917144,0
192027,-0.9588387884336613,-2.618028534370947,-0.08199435416189822,0
192031,-0.9561532005798428,-2.6084611276417182,-0.0855191882200351,0
192035,-0.9655527580682078,-2.6364919508659495,-0.08266575112535286,0
192039,-0.9561532005798428,-2.6076218814374,-0.0841763942931258,0
192043,-0.9576638437476157,-2.6116502632181278,-0.08316929884794384,0
192047,-0.9593423361562523,-2.6237354085603113,-0.07914091706721599,0
192051,-0.9576638437476157,-2.6202105745021744,-0.08384069581139848,0
192055,-0.9484321355001144,-2.6205462729839017,-0.08870832379644464,0
192036,,,,1
192058,-0.9573281452658884,-2.627428091859312,-0.07477683680476081,0
192062,-0.9596780346379796,-2.628770885786221,-0.08300144960708018,0
192066,-0.9605172808422979,-2.638170443274586,-0.09441519798580911,0
192070,-0.9613565270466162,-2.652605477988861,-0.08585488670176242,0
192074,-0.957999542229343,-2.642534523537041,-0.08283360036621652,0
192078,-0.959006637674525,-2.627260242618448,-0.08081940947585259,0
192082,-0.9618600747692072,-2.628770885786221,-0.08065156023498893,0
192086,-0.9616922255283435,-2.6200427252613108,-0.08199435416189822,0
192090,-0.959006637674525,-2.622896162355993,-0.09021896696421759,0
192094,-0.9546425574120698,-2.6344777599755855,-0.07981231403067063,0
192098,-0.9576638437476157,-2.6237354085603113,-0.08031586175326161,0
192101,-0.9571602960250247,-2.627763790341039,-0.07746242465857939,0
192105,-0.9690775921263447,-2.6385061417563134,-0.07444113832303349,0
192109,-0.9591744869153886,-2.63514915693904,-0.08316929884794384,0
192113,-0.9680704966811627,-2.642534523537041,-0.07712672617685207,0
192117,-0.9605172808422979,-2.6457236591134508,-0.09391165026321813,0
192121,-0.9650492103456169,-2.6458915083543144,-0.07326619363698787,0
192125,-0.9731059739070725,-2.6504234378576332,-0.07712672617685207,0
192129,-0.9611886778057526,-2.6568017090104523,-0.08518348973830778,0
192133,-0.9615243762874799,-2.6326314183260853,-0.07679102769512473,0
192137,-0.9620279240100709,-2.6354848554207675,-0.08098725871671625,0
192140,-0.9663920042725261,-2.6484092469672693,-0.07209124895094224,0
192144,-0.9440680552376592,-2.6557946135652704,-0.08065156023498893,0
192148,-0.9558175020981154,-2.655458915083543,-0.06319523918516823,0
192152,-0.9541390096894788,-2.6380025940337224,-0.07091630426489662,0
192156,-0.9611886778057526,-2.6542839703974974,-0.0855191882200351,0
192160,-0.9598458838788433,-2.6537804226749064,-0.09407949950408179,0
192164,-0.9598458838788433,-2.6487449454489966,-0.08350499732967116,0
192168,-0.9722667277027542,-2.6423666742961776,-0.07779812314030671,0
192172,-0.9618600747692072,-2.6369954985885404,-0.0722590981918059,0
192176,-0.9626993209735255,-2.642534523537041,-0.07645532921339741,0
192180,-0.9470893415732051,-2.6242389562829023,-0.07880521858548867,0
192183,-0.9519569695582513,-2.62642099641413,-0.07729457541771573,0
192187,-0.9668955519951171,-2.6197070267795834,-0.07746242465857939,0
192191,-0.9643778133821621,-2.627260242618448,-0.07779812314030671,0
192195,-0.9588387884336613,-2.6192034790569925,-0.09340810254062715,0
192199,-0.951621271076524,-2.6116502632181278,-0.08568703746089876,0
192203,-0.9551461051346608,-2.629777981231403,-0.08921187151903563,0
192207,-0.9549782558937971,-2.6247425040054932,-0.0841763942931258,0
192211,-0.9566567483024337,-2.6227283131151293,-0.07981231403067063,0
192215,-0.9598458838788433,-2.642702372777905,-0.07595178149080643,0
192219,-0.9588387884336613,-2.6265888456549935,-0.08266575112535286,0
192223,-0.9605172808422979,-2.6385061417563134,-0.08216220340276188,0
192226,-0.9569924467841611,-2.6215533684290837,-0.08400854505226214,0
192230,-0.9640421149004348,-2.6443808651865415,-0.08484779125658044,0
192234,-0.9442359044785229,-2.652437628747997,-0.08602273594262608,0
192238,-0.9625314717326618,-2.648577096208133,-0.08501564049744412,0
192242,-0.9658884565499352,-2.6562981612878613,-0.07846952010376135,0
192246,-0.9705882352941176,-2.6640192263675897,-0.08384069581139848,0
192250,-0.9799877927824826,-2.6813076981765467,-0.09340810254062715,0
192254,-0.9751201647974365,-2.6631799801632714,-0.07393759060044251,0
192258,-0.9558175020981154,-2.661837186236362,-0.06185244525825894,0
192262,-0.950110627908751,-2.635820553902495,-0.06504158083466849,0
192265,-0.9487678339818417,-2.6225604638742657,-0.07998016327153429,0
192269,-0.9539711604486152,-2.62642099641413,-0.0816586556801709,0
192273,-0.9541390096894788,-2.62642099641413,-0.07981231403067063,0
192277,-0.9630350194552528,-2.629777981231403,-0.07897306782635233,0
192281,-0.9685740444037537,-2.6405203326466773,-0.07830167086289769,0
192285,-0.9655527580682078,-2.6443808651865415,-0.07763027389944305,0
192289,-0.9630350194552528,-2.633806363012131,-0.08216220340276188,0
192293,-0.9675669489585718,-2.6364919508659495,-0.07880521858548867,0
192297,-0.9638742656595711,-2.6497520408941786,-0.08098725871671625,0
192301,-0.9652170595864805,-2.6562981612878613,-0.08300144960708018,0
192305,-0.9633707179369801,-2.6537804226749064,-0.07914091706721599,0
192308,-0.9643778133821621,-2.639177538719768,-0.08098725871671625,0
192312,-0.9613565270466162,-2.6522697795071335,-0.08014801251239795,0
192316,-0.9621957732509345,-2.6395132372014953,-0.08014801251239795,0
192320,-0.9571602960250247,-2.6339742122529946,-0.08602273594262608,0
192324,-0.9393682764934768,-2.6474021515220874,-0.08266575112535286,0
192328,-0.9576638437476157,-2.626253147173266,-0.07209124895094224,0
192332,-0.9420538643472953,-2.6463950560769054,-0.08619058518348974,0
192336,-0.9561532005798428,-2.618532082093538,-0.08652628366521706,0
192340,-0.9514534218356603,-2.611482413977264,-0.0761196307316701,0
192344,-0.959006637674525,-2.613496604867628,-0.07007705806057832,0
192348,-0.9596780346379796,-2.6232318608377203,-0.08602273594262608,0
192351,-0.960013733119707,-2.6385061417563134,-0.08283360036621652,0
192355,-0.960013733119707,-2.643205920500496,-0.0824979018844892,0
192359,-0.9608529793240252,-2.6418631265735866,-0.07561608300907911,0
192363,-0.9653849088273442,-2.6468986037994964,-0.07846952010376135,0
192367,-0.9551461051346608,-2.644716563668269,-0.07897306782635233,0
192371,-0.9682383459220264,-2.640688181887541,-0.08619058518348974,0
192375,-0.9618600747692072,-2.637163347829404,-0.07712672617685207,0
192379,-0.9647135118638895,-2.643038071259632,-0.07679102769512473,0
192383,-0.9645456626230259,-2.6443808651865415,-0.08400854505226214,0
192387,-0.9616922255283435,-2.62642099641413,-0.07763027389944305,0
192391,-0.9633707179369801,-2.6390096894789044,-0.07779812314030671,0
192394,-0.9653849088273442,-2.6573052567330433,-0.08602273594262608,0
192398,-0.9581673914702067,-2.6349813076981765,-0.07914091706721599,0
192402,-0.9593423361562523,-2.634309910734722,-0.08014801251239795,0
192406,-0.9623636224917982,-2.6314564736400397,-0.07679102769512473,0
192410,-0.9608529793240252,-2.6398489356832227,-0.07863736934462501,0
192414,-0.9474250400549324,-2.6217212176699474,-0.07846952010376135,0
192418,-0.9642099641412984,-2.62642099641413,-0.07192339971007858,0
192422,-0.9635385671778438,-2.6369954985885404,-0.07914091706721599,0
192426,-0.9657206073090715,-2.636324101625086,-0.0769588769359884,0
192430,-0.9630350194552528,-2.636659800106813,-0.0769588769359884,0
192433,-0.969413290608072,-2.6537804226749064,-0.08149080643930724,0
192437,-0.9611886778057526,-2.659990844586862,-0.08014801251239795,0
192441,-0.9717631799801633,-2.6641870756084534,-0.08048371099412527,0
192445,-0.9626993209735255,-2.651934081025406,-0.07863736934462501,0
192449,-0.9610208285648889,-2.6467307545586327,-0.07376974135957885,0
192453,-0.9561532005798428,-2.6186999313344015,-0.07796597238117037,0
192457,-0.9588387884336613,-2.618364232852674,-0.08182650492103456,0
192461,-0.9563210498207064,-2.6064469367513543,-0.07897306782635233,0
192465,-0.9613565270466162,-2.63514915693904,-0.0769588769359884,0
192469,-0.9605172808422979,-2.6428702220187685,-0.07998016327153429,0
192473,-0.957999542229343,-2.637163347829404,-0.0824979018844892,0
192476,-0.9588387884336613,-2.6240711070420386,-0.07981231403067063,0
192480,-0.9586709391927977,-2.635820553902495,-0.07947661554894331,0
192484,-0.9620279240100709,-2.637163347829404,-0.07763027389944305,0
192488,-0.959006637674525,-2.622392614633402,-0.07444113832303349,0
192492,-0.9573281452658884,-2.6304493781948577,-0.0816586556801709,0
192496,-0.9581673914702067,-2.627763790341039,-0.07376974135957885,0
192500,-0.9568245975432974,-2.619035629816129,-0.07360189211871519,0
192504,-0.9398718242160677,-2.652941176470588,-0.08081940947585259,0
192508,-0.9485999847409781,-2.6280994888227664,-0.07779812314030671,0
192512,-0.957495994506752,-2.6181963836118105,-0.07528038452735179,0
192516,-0.9576638437476157,-2.6156786449988556,-0.07930876630807965,0
192519,-0.9569924467841611,-2.6131609063859007,-0.07578393224994277,0
192523,-0.9532997634851605,-2.627931639581903,-0.07494468604562447,0
192527,-0.9569924467841611,-2.617860685130083,-0.07444113832303349,0
192531,-0.9613565270466162,-2.642702372777905,-0.08081940947585259,0
192535,-0.9613565270466162,-2.6551232166018157,-0.08283360036621652,0
192539,-0.958503089951934,-2.6489127946898603,-0.07880521858548867,0
192543,-0.9556496528572518,-2.6457236591134508,-0.08350499732967116,0
192547,-0.9601815823605706,-2.635820553902495,-0.08535133897917144,0
192551,-0.9608529793240252,-2.6413595788509956,-0.08014801251239795,0
192555,-0.959510185397116,-2.6354848554207675,-0.06806286717021438,0
192558,-0.9653849088273442,-2.650591287098497,-0.08585488670176242,0
192562,-0.9705882352941176,-2.6635156786449987,-0.08149080643930724,0
192566,-0.9642099641412984,-2.643709468223087,-0.08484779125658044,0
192570,-0.959006637674525,-2.6306172274357214,-0.07863736934462501,0
192574,-0.9690775921263447,-2.646562905317769,-0.07511253528648813,0
192578,-0.9623636224917982,-2.6336385137712672,-0.06185244525825894,0
192582,-0.9628671702143892,-2.6296101319905394,-0.08031586175326161,0
192586,-0.9635385671778438,-2.6390096894789044,-0.08014801251239795,0
192590,-0.9638742656595711,-2.6546196688792247,-0.08098725871671625,0
192594,-0.9507820248722056,-2.6210498207064927,-0.0833371480888075,0
192598,-0.9477607385366598,-2.6242389562829023,-0.08031586175326161,0
192601,-0.9625314717326618,-2.6364919508659495,-0.07595178149080643,0
192605,-0.9606851300831616,-2.6433737697413595,-0.08837262531471732,0
192609,-0.9613565270466162,-2.65898374914168,-0.08283360036621652,0
192613,-0.960013733119707,-2.6551232166018157,-0.07998016327153429,0
192617,-0.9581673914702067,-2.638170443274586,-0.08501564049744412,0
192621,-0.9558175020981154,-2.6462272068360417,-0.08602273594262608,0
192625,-0.9621957732509345,-2.635652704661631,-0.08518348973830778,0
192629,-0.9606851300831616,-2.644548714427405,-0.08669413290608072,0
192633,-0.9532997634851605,-2.642534523537041,-0.08266575112535286,0
192637,-0.9618600747692072,-2.632295719844358,-0.08182650492103456,0
192641,-0.9657206073090715,-2.636324101625086,-0.08081940947585259,0
192644,-0.9611886778057526,-2.6527733272297245,-0.08098725871671625,0
192635,,,,1
192648,-0.959006637674525,-2.632295719844358,-0.08350499732967116,0
192652,-0.9606851300831616,-2.643038071259632,-0.0824979018844892,0
192656,-0.9626993209735255,-2.6484092469672693,-0.07746242465857939,0
192660,-0.9668955519951171,-2.631792172121767,-0.07628747997253375,0
192664,-0.9685740444037537,-2.6489127946898603,-0.07578393224994277,0
192668,-0.9628671702143892,-2.63514915693904,-0.08199435416189822,0
192672,-0.9652170595864805,-2.651934081025406,-0.07460898756389715,0
192676,-0.9610208285648889,-2.651094834821088,-0.07595178149080643,0
192680,-0.9628671702143892,-2.6388418402380407,-0.07779812314030671,0
192684,-0.9470893415732051,-2.624910353246357,-0.08854047455558098,0
192687,-0.9606851300831616,-2.6395132372014953,-0.07662317845426107,0
192691,-0.9591744869153886,-2.6374990463111314,-0.09945067521171892,0
192695,-0.9660563057907988,-2.6537804226749064,-0.0841763942931258,0
192699,-0.9657206073090715,-2.6472343022812237,-0.07729457541771573,0
192703,-0.9601815823605706,-2.6359884031433585,-0.07796597238117037,0
192707,-0.9512855725947966,-2.6217212176699474,-0.07830167086289769,0
192711,-0.9667277027542535,-2.6546196688792247,-0.08115510795757992,0
192715,-0.9628671702143892,-2.640688181887541,-0.08619058518348974,0
192719,-0.959510185397116,-2.63514915693904,-0.0841763942931258,0
192723,-0.9532997634851605,-2.6380025940337224,-0.07981231403067063,0
192726,-0.9598458838788433,-2.644213015945678,-0.08602273594262608,0
192730,-0.9610208285648889,-2.6453879606317234,-0.08199435416189822,0
192734,-0.9568245975432974,-2.626756694895857,-0.08954757000076295,0
192738,-0.9538033112077515,-2.62138551918822,-0.08132295719844358,0
192742,-0.9569924467841611,-2.6148393987945373,-0.07796597238117037,0
192746,-0.9606851300831616,-2.6354848554207675,-0.07813382162203403,0
192750,-0.9623636224917982,-2.6296101319905394,-0.0855191882200351,0
192754,-0.9680704966811627,-2.6492484931715876,-0.07930876630807965,0
192758,-0.9618600747692072,-2.638170443274586,-0.08098725871671625,0
192762,-0.9648813611047532,-2.6420309758144502,-0.08081940947585259,0
192766,-0.9648813611047532,-2.641695277332723,-0.07645532921339741,0
192769,-0.9663920042725261,-2.651598382543679,-0.06990920881971466,0
192773,-0.9455786984054322,-2.610643167772946,-0.08300144960708018,0
192777,-0.9593423361562523,-2.6217212176699474,-0.07964446478980697,0
192781,-0.9591744869153886,-2.627931639581903,-0.07914091706721599,0
192785,-0.9635385671778438,-2.6354848554207675,-0.07511253528648813,0
192789,-0.9591744869153886,-2.6354848554207675,-0.07830167086289769,0
192793,-0.9606851300831616,-2.6433737697413595,-0.07679102769512473,0
192797,-0.9598458838788433,-2.646562905317769,-0.07897306782635233,0
192801,-0.9556496528572518,-2.6418631265735866,-0.08081940947585259,0
192805,-0.9605172808422979,-2.6428702220187685,-0.07796597238117037,0
192809,-0.9611886778057526,-2.6551232166018157,-0.08233005264362554,0
192812,-0.9564888990615701,-2.6336385137712672,-0.0769588769359884,0
192816,-0.9591744869153886,-2.632799267566949,-0.08233005264362554,0
192820,-0.9648813611047532,-2.639681086442359,-0.08014801251239795,0
192824,-0.9665598535133898,-2.659990844586862,-0.08031586175326161,0
192828,-0.9647135118638895,-2.656969558251316,-0.08065156023498893,0
192832,-0.9621957732509345,-2.637666895551995,-0.07544823376821545,0
192836,-0.9578316929884794,-2.633806363012131,-0.07511253528648813,0
192840,-0.951621271076524,-2.619874876020447,-0.08585488670176242,0
192844,-0.9635385671778438,-2.634813458457313,-0.07998016327153429,0
192848,-0.9611886778057526,-2.646059357595178,-0.08451209277485312,0
192851,-0.9601815823605706,-2.6413595788509956,-0.08568703746089876,0
192855,-0.9655527580682078,-2.6468986037994964,-0.08132295719844358,0
192859,-0.9719310292210269,-2.671236743724727,-0.08837262531471732,0
192863,-0.9479285877775234,-2.6479056992446783,-0.08283360036621652,0
192867,-0.9663920042725261,-2.6537804226749064,-0.08065156023498893,0
192871,-0.9677347981994354,-2.6452201113908598,-0.07511253528648813,0
192875,-0.9583352407110703,-2.6344777599755855,-0.07662317845426107,0
192879,-0.957495994506752,-2.6230640115968566,-0.07595178149080643,0
192883,-0.9606851300831616,-2.637163347829404,-0.0705806057831693,0
192887,-0.957495994506752,-2.6242389562829023,-0.07074845502403296,0
192891,-0.9601815823605706,-2.627763790341039,-0.07175555046921492,0
192894,-0.9650492103456169,-2.639177538719768,-0.07830167086289769,0
192898,-0.9658884565499352,-2.651094834821088,-0.07880521858548867,0
192902,-0.9554818036163881,-2.643038071259632,-0.07209124895094224,0
192906,-0.9573281452658884,-2.637666895551995,-0.06420233463035019,0
192910,-0.968909742885481,-2.6405203326466773,-0.07930876630807965,0
192914,-0.9616922255283435,-2.626253147173266,-0.08014801251239795,0
192918,-0.9640421149004348,-2.6472343022812237,-0.07024490730144198,0
192922,-0.9719310292210269,-2.667376211184863,-0.09005111772335393,0
192926,-0.969916838330663,-2.655962462806134,-0.10263981078812848,0
192930,-0.9675669489585718,-2.644716563668269,-0.11606775005722132,0
192934,-0.9722667277027542,-2.645555809872587,-0.10784313725490195,0
192937,-0.9544747081712062,-2.643541618982223,-0.07880521858548867,0
192941,-0.9633707179369801,-2.6457236591134508,-0.05832761120012207,0
192945,-0.9633707179369801,-2.6472343022812237,-0.060341802090486,0
192949,-0.958503089951934,-2.647570000762951,-0.07561608300907911,0
192953,-0.9395361257343404,-2.6552910658426794,-0.08384069581139848,0
192957,-0.9593423361562523,-2.6428702220187685,-0.0761196307316701,0
192961,-0.9680704966811627,-2.646562905317769,-0.0722590981918059,0
192965,-0.9645456626230259,-2.6479056992446783,-0.07746242465857939,0
192969,-0.9605172808422979,-2.6487449454489966,-0.0855191882200351,0
192973,-0.9539711604486152,-2.6388418402380407,-0.08602273594262608,0
192977,-0.9499427786678873,-2.6314564736400397,-0.10146486610208286,0
192980,-0.9469214923323415,-2.605607690547036,-0.09710078583962768,0
192984,-0.9514534218356603,-2.6069504844739453,-0.09844357976653696,0
192988,-0.9544747081712062,-2.624406805523766,-0.09290455481803617,0
192992,-0.9596780346379796,-2.6260852979324025,-0.09659723811703669,0
192996,-0.9682383459220264,-2.632295719844358,-0.08602273594262608,0
193000,-0.9668955519951171,-2.625413900968948,-0.08266575112535286,0
193004,-0.9729381246662089,-2.6393453879606317,-0.07444113832303349,0
193008,-0.9705882352941176,-2.6568017090104523,-0.07192339971007858,0
193012,-0.9632028686961165,-2.652941176470588,-0.07108415350576028,0
193016,-0.9680704966811627,-2.6532768749523155,-0.0722590981918059,0
193019,-0.9682383459220264,-2.6448844129091325,-0.07729457541771573,0
193023,-0.9705882352941176,-2.6625085831998168,-0.07074845502403296,0
193027,-0.960013733119707,-2.6532768749523155,-0.07595178149080643,0
193031,-0.9630350194552528,-2.634645609216449,-0.07293049515526054,0
193035,-0.9620279240100709,-2.6344777599755855,-0.07712672617685207,0
193039,-0.9618600747692072,-2.6331349660486763,-0.07158770122835126,0
193043,-0.9526283665217059,-2.6291065842679484,-0.07427328908216983,0
193047,-0.9724345769436179,-2.634142061493858,-0.07007705806057832,0
193051,-0.9658884565499352,-2.654955367360952,-0.07393759060044251,0
193055,-0.9690775921263447,-2.652941176470588,-0.07981231403067063,0
193059,-0.9705882352941176,-2.662005035477226,-0.07830167086289769,0
193062,-0.9762951094834821,-2.666369115739681,-0.08619058518348974,0
193066,-0.9652170595864805,-2.6655298695353626,-0.07477683680476081,0
193070,-0.9662241550316625,-2.6651941710536353,-0.08132295719844358,0
193074,-0.968909742885481,-2.657976653696498,-0.08233005264362554,0
193078,-0.951621271076524,-2.630281528953994,-0.08316929884794384,0
193082,-0.9551461051346608,-2.636659800106813,-0.08115510795757992,0
193086,-0.9576638437476157,-2.62138551918822,-0.07528038452735179,0
193090,-0.9568245975432974,-2.6161821927214466,-0.0816586556801709,0
193094,-0.9539711604486152,-2.626253147173266,-0.08652628366521706,0
193098,-0.9529640650034332,-2.6230640115968566,-0.08585488670176242,0
193102,-0.9551461051346608,-2.636659800106813,-0.07763027389944305,0
193105,-0.9532997634851605,-2.635820553902495,-0.07393759060044251,0
193109,-0.9554818036163881,-2.639681086442359,-0.08451209277485312,0
193113,-0.9605172808422979,-2.649584191653315,-0.08652628366521706,0
193117,-0.9630350194552528,-2.634309910734722,-0.08216220340276188,0
193121,-0.9556496528572518,-2.6368276493476768,-0.08400854505226214,0
193125,-0.9586709391927977,-2.6418631265735866,-0.08149080643930724,0
193129,-0.9588387884336613,-2.628770885786221,-0.08300144960708018,0
193133,-0.9472571908140688,-2.618532082093538,-0.08602273594262608,0
193137,-0.9598458838788433,-2.634142061493858,-0.0833371480888075,0
193141,-0.9578316929884794,-2.6329671168078126,-0.08619058518348974,0
193144,-0.959006637674525,-2.6230640115968566,-0.07897306782635233,0
193148,-0.9576638437476157,-2.6151750972762646,-0.08300144960708018,0
193152,-0.9608529793240252,-2.6359884031433585,-0.08619058518348974,0
193156,-0.9618600747692072,-2.6324635690852216,-0.08585488670176242,0
193160,-0.9593423361562523,-2.6329671168078126,-0.08199435416189822,0
193164,-0.9628671702143892,-2.630785076676585,-0.08467994201571678,0
193168,-0.9626993209735255,-2.6408560311284046,-0.08115510795757992,0
193172,-0.9608529793240252,-2.6428702220187685,-0.07528038452735179,0
193176,-0.9630350194552528,-2.636156252384222,-0.07511253528648813,0
193180,-0.9620279240100709,-2.636156252384222,-0.07427328908216983,0
193184,-0.941718165865568,-2.6494163424124513,-0.07528038452735179,0
193187,-0.9601815823605706,-2.64018463416495,-0.07343404287785153,0
193191,-0.9640421149004348,-2.6541161211566338,-0.08602273594262608,0
193195,-0.9569924467841611,-2.6329671168078126,-0.07175555046921492,0
193199,-0.960013733119707,-2.643541618982223,-0.0769588769359884,0
193203,-0.9642099641412984,-2.6420309758144502,-0.07544823376821545,0
193207,-0.9650492103456169,-2.642198825055314,-0.08081940947585259,0
193211,-0.9546425574120698,-2.644548714427405,-0.0841763942931258,0
193215,-0.9615243762874799,-2.625749599450675,-0.08266575112535286,0
193219,-0.9569924467841611,-2.6210498207064927,-0.09005111772335393,0
193223,-0.9376897840848402,-2.638673990997177,-0.08702983138780804,0
193227,-0.9632028686961165,-2.6408560311284046,-0.08619058518348974,0
193230,-0.9658884565499352,-2.6546196688792247,-0.0658808270389868,0
193234,-0.9690775921263447,-2.654955367360952,-0.06604867627985046,0
193238,-0.9593423361562523,-2.643205920500496,-0.07511253528648813,0
193242,-0.9581673914702067,-2.634645609216449,-0.08384069581139848,0
193246,-0.9559853513389791,-2.6462272068360417,-0.08602273594262608,0
193250,-0.9551461051346608,-2.643038071259632,-0.08568703746089876,0
193254,-0.977805752651255,-2.640688181887541,-0.08602273594262608,0
193258,-0.9630350194552528,-2.635652704661631,-0.08434424353398946,0
193262,-0.959510185397116,-2.6316243228809033,-0.0833371480888075,0
193266,-0.9581673914702067,-2.627260242618448,-0.07964446478980697,0
193270,-0.9517891203173876,-2.627260242618448,-0.07981231403067063,0
193273,-0.9576638437476157,-2.6158464942397193,-0.07326619363698787,0
193277,-0.9581673914702067,-2.6227283131151293,-0.07511253528648813,0
193281,-0.9573281452658884,-2.627260242618448,-0.07947661554894331,0
193285,-0.957999542229343,-2.6301136797131304,-0.08736552986953536,0
193289,-0.9628671702143892,-2.624910353246357,-0.08014801251239795,0
193293,-0.9647135118638895,-2.6458915083543144,-0.08014801251239795,0
193297,-0.9564888990615701,-2.626756694895857,-0.08031586175326161,0
193301,-0.9662241550316625,-2.643038071259632,-0.08400854505226214,0
193305,-0.9648813611047532,-2.643541618982223,-0.07880521858548867,0
193309,-0.9653849088273442,-2.656466010528725,-0.0863584344243534,0
193312,-0.9480964370183871,-2.623399710078584,-0.0841763942931258,0
193316,-0.9620279240100709,-2.6260852979324025,-0.07746242465857939,0
193320,-0.9633707179369801,-2.638673990997177,-0.09005111772335393,0
193324,-0.9637064164187075,-2.6383382925154497,-0.07998016327153429,0
193328,-0.9660563057907988,-2.6568017090104523,-0.08619058518348974,0
193332,-0.9660563057907988,-2.663851377126726,-0.07293049515526054,0
193336,-0.9630350194552528,-2.644548714427405,-0.07930876630807965,0
193340,-0.9633707179369801,-2.6458915083543144,-0.08602273594262608,0
193344,-0.9628671702143892,-2.636659800106813,-0.08501564049744412,0
193348,-0.9633707179369801,-2.644213015945678,-0.05950255588616769,0
193352,-0.9647135118638895,-2.6472343022812237,-0.07914091706721599,0
193355,-0.9640421149004348,-2.6561303120469977,-0.09592584115358205,0
193359,-0.9608529793240252,-2.6494163424124513,-0.07729457541771573,0
193363,-0.9620279240100709,-2.6403524834058136,-0.08216220340276188,0
193367,-0.9625314717326618,-2.642534523537041,-0.07645532921339741,0
193371,-0.9588387884336613,-2.630281528953994,-0.07595178149080643,0
193375,-0.9588387884336613,-2.6245746547646296,-0.07494468604562447,0
193379,-0.9588387884336613,-2.6200427252613108,-0.07914091706721599,0
193383,-0.9657206073090715,-2.6403524834058136,-0.08048371099412527,0
193387,-0.9601815823605706,-2.6334706645304036,-0.08081940947585259,0
193391,-0.9603494316014343,-2.6299458304722667,-0.08602273594262608,0
193395,-0.9573281452658884,-2.6306172274357214,-0.08518348973830778,0
193398,-0.9611886778057526,-2.6474021515220874,-0.07712672617685207,0
193402,-0.94272526131075,-2.6474021515220874,-0.07964446478980697,0
193406,-0.9539711604486152,-2.6339742122529946,-0.07880521858548867,0
193410,-0.9583352407110703,-2.631792172121767,-0.07343404287785153,0
193414,-0.9626993209735255,-2.6403524834058136,-0.07947661554894331,0
193418,-0.9613565270466162,-2.651094834821088,-0.08149080643930724,0
193422,-0.9583352407110703,-2.638170443274586,-0.0824979018844892,0
193426,-0.9630350194552528,-2.6319600213626306,-0.08400854505226214,0
193430,-0.9561532005798428,-2.6158464942397193,-0.07779812314030671,0
193434,-0.9605172808422979,-2.6369954985885404,-0.07595178149080643,0
193437,-0.9620279240100709,-2.6359884031433585,-0.07964446478980697,0
193441,-0.9648813611047532,-2.642702372777905,-0.07528038452735179,0
193445,-0.9628671702143892,-2.635820553902495,-0.07578393224994277,0
193449,-0.9598458838788433,-2.643709468223087,-0.07662317845426107,0
193453,-0.9615243762874799,-2.627931639581903,-0.07326619363698787,0
193457,-0.9648813611047532,-2.6373311970702678,-0.07846952010376135,0
193461,-0.9642099641412984,-2.6324635690852216,-0.08182650492103456,0
193465,-0.9613565270466162,-2.6504234378576332,-0.08702983138780804,0
193469,-0.9563210498207064,-2.6212176699473564,-0.07779812314030671,0
193473,-0.9732738231479362,-2.6522697795071335,-0.0761196307316701,0
193477,-0.9616922255283435,-2.631288624399176,-0.0816586556801709,0
193480,-0.9564888990615701,-2.6210498207064927,-0.08132295719844358,0
193484,-0.9611886778057526,-2.6482413977264057,-0.09626153963530937,0
193488,-0.9569924467841611,-2.6291065842679484,-0.07830167086289769,0
193492,-0.9492713817044327,-2.6296101319905394,-0.08199435416189822,0
193496,-0.9632028686961165,-2.635820553902495,-0.07276264591439688,0
193500,-0.9630350194552528,-2.6324635690852216,-0.07981231403067063,0
193504,-0.9618600747692072,-2.6306172274357214,-0.08098725871671625,0
193508,-0.9606851300831616,-2.640688181887541,-0.08081940947585259,0
193512,-0.958503089951934,-2.6428702220187685,-0.08350499732967116,0
193516,-0.9635385671778438,-2.6463950560769054,-0.08602273594262608,0
193520,-0.9571602960250247,-2.6369954985885404,-0.08501564049744412,0
193523,-0.9613565270466162,-2.6484092469672693,-0.08434424353398946,0
193527,-0.9630350194552528,-2.6388418402380407,-0.07981231403067063,0
193531,-0.9662241550316625,-2.656969558251316,-0.0769588769359884,0
193535,-0.9638742656595711,-2.660326543068589,-0.07679102769512473,0
193539,-0.9640421149004348,-2.662340733958953,-0.07276264591439688,0
193543,-0.9596780346379796,-2.644548714427405,-0.08602273594262608,0
193547,-0.9561532005798428,-2.6146715495536736,-0.08266575112535286,0
193551,-0.9591744869153886,-2.6265888456549935,-0.08283360036621652,0
193555,-0.9606851300831616,-2.6383382925154497,-0.07863736934462501,0
193559,-0.9593423361562523,-2.634813458457313,-0.06906996261539634,0
193563,-0.9638742656595711,-2.652605477988861,-0.07779812314030671,0
193566,-0.9529640650034332,-2.6306172274357214,-0.08602273594262608,0
193570,-0.9561532005798428,-2.6123216601815824,-0.08384069581139848,0
193574,-0.9608529793240252,-2.632799267566949,-0.07645532921339741,0
193578,-0.9586709391927977,-2.6408560311284046,-0.08048371099412527,0
193582,-0.9485999847409781,-2.6202105745021744,-0.07796597238117037,0
193586,-0.957999542229343,-2.6252460517280842,-0.07729457541771573,0
193590,-0.9564888990615701,-2.6225604638742657,-0.07914091706721599,0
193594,-0.9554818036163881,-2.636156252384222,-0.08199435416189822,0
193598,-0.9608529793240252,-2.641191729610132,-0.07964446478980697,0
193602,-0.9546425574120698,-2.636659800106813,-0.07964446478980697,0
193605,-0.9581673914702067,-2.6291065842679484,-0.07209124895094224,0
193609,-0.959006637674525,-2.6237354085603113,-0.08568703746089876,0
193613,-0.9633707179369801,-2.6390096894789044,-0.08602273594262608,0
193617,-0.9608529793240252,-2.6408560311284046,-0.09038681620508125,0
193621,-0.957495994506752,-2.6265888456549935,-0.08350499732967116,0
193625,-0.9606851300831616,-2.6383382925154497,-0.08937972075989929,0
193629,-0.9606851300831616,-2.6477378500038147,-0.07578393224994277,0
193633,-0.957999542229343,-2.64018463416495,-0.0855191882200351,0
193637,-0.9667277027542535,-2.6571374074921796,-0.07628747997253375,0
193641,-0.9583352407110703,-2.639177538719768,-0.07796597238117037,0
193645,-0.960013733119707,-2.644213015945678,-0.07947661554894331,0
193648,-0.9645456626230259,-2.645052262149996,-0.08048371099412527,0
193652,-0.9732738231479362,-2.6583123521782253,-0.06453803311207751,0
193656,-0.9586709391927977,-2.6499198901350423,-0.07813382162203403,0
193660,-0.9692454413672084,-2.660494392309453,-0.07477683680476081,0
193664,-0.9608529793240252,-2.6517662317845425,-0.08770122835126268,0
193668,-0.9556496528572518,-2.642702372777905,-0.0816586556801709,0
193672,-0.9527962157625696,-2.63330281528954,-0.07947661554894331,0
193676,-0.9611886778057526,-2.6463950560769054,-0.0855191882200351,0
193680,-0.9593423361562523,-2.6388418402380407,-0.08602273594262608,0
193684,-0.959510185397116,-2.6329671168078126,-0.08014801251239795,0
193688,-0.9637064164187075,-2.636659800106813,-0.08233005264362554,0
193691,-0.9608529793240252,-2.6428702220187685,-0.0761196307316701,0
193695,-0.9628671702143892,-2.634645609216449,-0.09458304722667277,0
193699,-0.958503089951934,-2.64018463416495,-0.0833371480888075,0
193703,-0.959510185397116,-2.6324635690852216,-0.08014801251239795,0
193707,-0.9596780346379796,-2.6304493781948577,-0.08149080643930724,0
193711,-0.9632028686961165,-2.64018463416495,-0.07662317845426107,0
193715,-0.9583352407110703,-2.6321278706034943,-0.08602273594262608,0
193719,-0.9613565270466162,-2.652605477988861,-0.08031586175326161,0
193723,-0.9583352407110703,-2.634142061493858,-0.08199435416189822,0
193727,-0.959510185397116,-2.6284351873044938,-0.08199435416189822,0
193730,-0.9652170595864805,-2.6482413977264057,-0.07981231403067063,0
193734,-0.9573281452658884,-2.6329671168078126,-0.08350499732967116,0
193738,-0.9628671702143892,-2.6306172274357214,-0.08283360036621652,0
193742,-0.9687418936446174,-2.6438773174639505,-0.0714198519874876,0
193733,,,,1
193746,-0.9630350194552528,-2.635652704661631,-0.07293049515526054,0
193750,-0.9605172808422979,-2.641695277332723,-0.07578393224994277,0
193754,-0.9603494316014343,-2.638170443274586,-0.07444113832303349,0
193758,-0.9605172808422979,-2.6472343022812237,-0.0841763942931258,0
193762,-0.9457465476462958,-2.618364232852674,-0.07645532921339741,0
193766,-0.9653849088273442,-2.6420309758144502,-0.08535133897917144,0
193770,-0.9556496528572518,-2.644045166704814,-0.07813382162203403,0
193773,-0.9591744869153886,-2.64018463416495,-0.07645532921339741,0
193777,-0.9586709391927977,-2.644548714427405,-0.07813382162203403,0
193781,-0.968909742885481,-2.6443808651865415,-0.07259479667353322,0
193785,-0.9623636224917982,-2.6405203326466773,-0.08300144960708018,0
193789,-0.9715953307392996,-2.652605477988861,-0.08770122835126268,0
193793,-0.9677347981994354,-2.6418631265735866,-0.08568703746089876,0
193797,-0.9615243762874799,-2.627931639581903,-0.07947661554894331,0
193801,-0.9618600747692072,-2.628770885786221,-0.08702983138780804,0
193805,-0.9618600747692072,-2.6284351873044938,-0.08400854505226214,0
193809,-0.9653849088273442,-2.648577096208133,-0.06134889753566796,0
193813,-0.9603494316014343,-2.642534523537041,-0.08266575112535286,0
193816,-0.9642099641412984,-2.636156252384222,-0.07964446478980697,0
193820,-0.9603494316014343,-2.634309910734722,-0.08048371099412527,0
193824,-0.9564888990615701,-2.625413900968948,-0.08266575112535286,0
193828,-0.951621271076524,-2.6138323033493553,-0.08585488670176242,0
193832,-0.9739452201113908,-2.6448844129091325,-0.08081940947585259,0
193836,-0.9608529793240252,-2.6492484931715876,-0.08316929884794384,0
193840,-0.9613565270466162,-2.6551232166018157,-0.07779812314030671,0
193844,-0.9588387884336613,-2.630785076676585,-0.08451209277485312,0
193848,-0.9534676127260242,-2.617860685130083,-0.09021896696421759,0
193852,-0.9538033112077515,-2.62826733806363,-0.08182650492103456,0
193856,-0.9564888990615701,-2.618867780575265,-0.08669413290608072,0
193859,-0.9538033112077515,-2.625413900968948,-0.0833371480888075,0
193863,-0.9578316929884794,-2.62642099641413,-0.08149080643930724,0
193867,-0.957495994506752,-2.6202105745021744,-0.08149080643930724,0
193871,-0.9586709391927977,-2.6344777599755855,-0.08065156023498893,0
193875,-0.9586709391927977,-2.642534523537041,-0.08451209277485312,0
193879,-0.9576638437476157,-2.627260242618448,-0.08602273594262608,0
193883,-0.9583352407110703,-2.6270923933775845,-0.07628747997253375,0
193887,-0.9568245975432974,-2.61953917753872,-0.07998016327153429,0
193891,-0.959006637674525,-2.618532082093538,-0.07242694743266956,0
193895,-0.9551461051346608,-2.635820553902495,-0.08585488670176242,0
193898,-0.9553139543755245,-2.6395132372014953,-0.07796597238117037,0
193902,-0.9605172808422979,-2.6462272068360417,-0.07779812314030671,0
193906,-0.9603494316014343,-2.6369954985885404,-0.07779812314030671,0
193910,-0.9598458838788433,-2.6410238803692683,-0.07998016327153429,0
193914,-0.959510185397116,-2.635820553902495,-0.07796597238117037,0
193918,-0.9591744869153886,-2.6369954985885404,-0.07007705806057832,0
193922,-0.9820019836728465,-2.6641870756084534,-0.06906996261539634,0
193926,-0.9630350194552528,-2.6433737697413595,-0.07763027389944305,0
193930,-0.9695811398489357,-2.639177538719768,-0.07108415350576028,0
193934,-0.9655527580682078,-2.643709468223087,-0.07712672617685207,0
193938,-0.9635385671778438,-2.6452201113908598,-0.10666819256885633,0
193941,-0.9502784771496147,-2.6374990463111314,-0.10331120775158312,0
193945,-0.9611886778057526,-2.6463950560769054,-0.1093537804226749,0
193949,-0.9573281452658884,-2.635820553902495,-0.07544823376821545,0
193953,-0.9660563057907988,-2.6566338597695887,-0.05530632486457618,0
193957,-0.9601815823605706,-2.642198825055314,-0.05547417410543984,0
193961,-0.9521248187991149,-2.622896162355993,-0.06571297779812314,0
193965,-0.950614175631342,-2.631288624399176,-0.08619058518348974,0
193969,-0.9541390096894788,-2.6294422827496757,-0.09626153963530937,0
193973,-0.9603494316014343,-2.628770885786221,-0.08753337911039902,0
193977,-0.9660563057907988,-2.651094834821088,-0.0769588769359884,0
193981,-0.9616922255283435,-2.6286030365453574,-0.08484779125658044,0
193984,-0.9529640650034332,-2.624910353246357,-0.08367284657053482,0
193988,-0.9543068589303425,-2.6210498207064927,-0.09659723811703669,0
193992,-0.9479285877775234,-2.6240711070420386,-0.09340810254062715,0
193996,-0.94960708018616,-2.616517891203174,-0.09357595178149081,0
194000,-0.9541390096894788,-2.6210498207064927,-0.08921187151903563,0
194004,-0.9647135118638895,-2.636324101625086,-0.09038681620508125,0
194008,-0.9620279240100709,-2.6324635690852216,-0.08400854505226214,0
194012,-0.9823376821545738,-2.6641870756084534,-0.07897306782635233,0
194016,-0.9616922255283435,-2.6398489356832227,-0.07528038452735179,0
194020,-0.9630350194552528,-2.6319600213626306,-0.06772716868848706,0
194023,-0.9638742656595711,-2.6479056992446783,-0.05967040512703135,0
194027,-0.9626993209735255,-2.650087739375906,-0.06722362096589608,0
194031,-0.9551461051346608,-2.650591287098497,-0.06789501792935072,0
194035,-0.9613565270466162,-2.6566338597695887,-0.07863736934462501,0
194039,-0.9630350194552528,-2.640688181887541,-0.06772716868848706,0
194043,-0.9613565270466162,-2.6536125734340428,-0.07830167086289769,0
194047,-0.9548104066529335,-2.6334706645304036,-0.08199435416189822,0
194051,-0.9653849088273442,-2.659487296864271,-0.07645532921339741,0
194055,-0.9635385671778438,-2.6532768749523155,-0.08115510795757992,0
194059,-0.9662241550316625,-2.659990844586862,-0.08585488670176242,0
194063,-0.9643778133821621,-2.64706645304036,-0.0683985656519417,0
194066,-0.9623636224917982,-2.6378347447928587,-0.0722590981918059,0
194070,-0.9670634012359808,-2.630785076676585,-0.07779812314030671,0
194074,-0.9657206073090715,-2.6403524834058136,-0.08266575112535286,0
194078,-0.9650492103456169,-2.643541618982223,-0.08048371099412527,0
194082,-0.9611886778057526,-2.6571374074921796,-0.08619058518348974,0
194086,-0.9605172808422979,-2.652605477988861,-0.07561608300907911,0
194090,-0.9660563057907988,-2.661333638513771,-0.07897306782635233,0
194094,-0.9601815823605706,-2.6448844129091325,-0.08367284657053482,0
194098,-0.9601815823605706,-2.638170443274586,-0.07393759060044251,0
194102,-0.9756237125200274,-2.652941176470588,-0.08451209277485312,0
194106,-0.959510185397116,-2.6390096894789044,-0.08451209277485312,0
194109,-0.9605172808422979,-2.645052262149996,-0.08434424353398946,0
194113,-0.9591744869153886,-2.6403524834058136,-0.08182650492103456,0
194117,-0.9642099641412984,-2.634142061493858,-0.08316929884794384,0
194121,-0.959510185397116,-2.6349813076981765,-0.07343404287785153,0
194125,-0.9539711604486152,-2.6284351873044938,-0.08149080643930724,0
194129,-0.9608529793240252,-2.636156252384222,-0.08283360036621652,0
194133,-0.9566567483024337,-2.625917448691539,-0.0841763942931258,0
194137,-0.9564888990615701,-2.6197070267795834,-0.07897306782635233,0
194141,-0.9583352407110703,-2.622392614633402,-0.0863584344243534,0
194145,-0.9553139543755245,-2.6344777599755855,-0.08602273594262608,0
194149,-0.9581673914702067,-2.631288624399176,-0.0833371480888075,0
194152,-0.9613565270466162,-2.6482413977264057,-0.07880521858548867,0
194156,-0.958503089951934,-2.6467307545586327,-0.07813382162203403,0
194160,-0.9615243762874799,-2.626253147173266,-0.07763027389944305,0
194164,-0.9608529793240252,-2.6415274280918593,-0.08132295719844358,0
194168,-0.9601815823605706,-2.635317006179904,-0.08182650492103456,0
194172,-0.9653849088273442,-2.652941176470588,-0.06873426413366902,0
194176,-0.9601815823605706,-2.6395132372014953,-0.07880521858548867,0
194180,-0.9618600747692072,-2.6334706645304036,-0.0824979018844892,0
194184,-0.9687418936446174,-2.6433737697413595,-0.07779812314030671,0
194188,-0.9569924467841611,-2.6275959411001755,-0.07511253528648813,0
194191,-0.978309300373846,-2.6484092469672693,-0.06990920881971466,0
194195,-0.9626993209735255,-2.648073548485542,-0.07578393224994277,0
194199,-0.9650492103456169,-2.648577096208133,-0.07645532921339741,0
194203,-0.9613565270466162,-2.655458915083543,-0.07544823376821545,0
194207,-0.9603494316014343,-2.640688181887541,-0.0769588769359884,0
194211,-0.9605172808422979,-2.651934081025406,-0.0722590981918059,0
194215,-0.9615243762874799,-2.6284351873044938,-0.08283360036621652,0
194219,-0.9615243762874799,-2.618867780575265,-0.08233005264362554,0
194223,-0.9710917830167086,-2.635820553902495,-0.08451209277485312,0
194227,-0.9647135118638895,-2.6448844129091325,-0.0871976806286717,0
194231,-0.9598458838788433,-2.6484092469672693,-0.09542229343099107,0
194234,-0.9621957732509345,-2.639177538719768,-0.08602273594262608,0
194238,-0.9766308079652094,-2.6650263218127717,-0.07259479667353322,0
194242,-0.9665598535133898,-2.6725795376516364,-0.06621652552071412,0
194246,-0.9569924467841611,-2.6400167849240863,-0.07175555046921492,0
194250,-0.9626993209735255,-2.6395132372014953,-0.07595178149080643,0
194254,-0.9561532005798428,-2.616014343480583,-0.0824979018844892,0
194258,-0.9546425574120698,-2.631792172121767,-0.08585488670176242,0
194262,-0.9564888990615701,-2.620881971465629,-0.08233005264362554,0
194266,-0.9576638437476157,-2.615007248035401,-0.09055466544594491,0
194270,-0.9596780346379796,-2.6250782024872206,-0.08904402227817197,0
194274,-0.9576638437476157,-2.6158464942397193,-0.09240100709544517,0
194277,-0.9559853513389791,-2.6385061417563134,-0.0863584344243534,0
194281,-0.9781414511329823,-2.643709468223087,-0.08031586175326161,0
194285,-0.9591744869153886,-2.6354848554207675,-0.08199435416189822,0
194289,-0.9605172808422979,-2.6438773174639505,-0.07662317845426107,0
194293,-0.9512855725947966,-2.627428091859312,-0.07863736934462501,0
194297,-0.957495994506752,-2.619371328297856,-0.07930876630807965,0
194301,-0.9517891203173876,-2.6240711070420386,-0.05329213397421225,0
194305,-0.9526283665217059,-2.61953917753872,-0.07628747997253375,0
194309,-0.9527962157625696,-2.6245746547646296,-0.07947661554894331,0
194313,-0.9673990997177081,-2.6306172274357214,-0.08098725871671625,0
194316,-0.9663920042725261,-2.6467307545586327,-0.0769588769359884,0
194320,-0.9616922255283435,-2.6280994888227664,-0.08149080643930724,0
194324,-0.9578316929884794,-2.6284351873044938,-0.07964446478980697,0
194328,-0.959510185397116,-2.627931639581903,-0.07360189211871519,0
194332,-0.9657206073090715,-2.6423666742961776,-0.08602273594262608,0
194336,-0.9679026474402991,-2.648073548485542,-0.08602273594262608,0
194340,-0.9648813611047532,-2.6468986037994964,-0.08467994201571678,0
194344,-0.9630350194552528,-2.6383382925154497,-0.0816586556801709,0
194348,-0.9625314717326618,-2.643205920500496,-0.0761196307316701,0
194352,-0.9642099641412984,-2.6368276493476768,-0.07947661554894331,0
194356,-0.9613565270466162,-2.6504234378576332,-0.08484779125658044,0
194359,-0.9598458838788433,-2.645052262149996,-0.08031586175326161,0
194363,-0.9623636224917982,-2.6329671168078126,-0.07712672617685207,0
194367,-0.9603494316014343,-2.632799267566949,-0.07376974135957885,0
194371,-0.9724345769436179,-2.6329671168078126,-0.08350499732967116,0
194375,-0.9655527580682078,-2.644045166704814,-0.08619058518348974,0
194379,-0.969413290608072,-2.65394827191577,-0.08316929884794384,0
194383,-0.9593423361562523,-2.644548714427405,-0.07259479667353322,0
194387,-0.9529640650034332,-2.6319600213626306,-0.08316929884794384,0
194391,-0.9480964370183871,-2.6141680018310827,-0.05614557106889448,0
194395,-0.9489356832227054,-2.6098039215686275,-0.0816586556801709,0
194399,-0.9553139543755245,-2.6280994888227664,-0.08132295719844358,0
194402,-0.9571602960250247,-2.6280994888227664,-0.08753337911039902,0
194406,-0.9623636224917982,-2.625917448691539,-0.0833371480888075,0
194410,-0.9598458838788433,-2.6403524834058136,-0.08669413290608072,0
194414,-0.9655527580682078,-2.643709468223087,-0.08518348973830778,0
194418,-0.9621957732509345,-2.638170443274586,-0.07930876630807965,0
194422,-0.9615243762874799,-2.6230640115968566,-0.08098725871671625,0
194426,-0.957999542229343,-2.627428091859312,-0.07796597238117037,0
194430,-0.9655527580682078,-2.6428702220187685,-0.07947661554894331,0
194434,-0.9573281452658884,-2.6316243228809033,-0.08115510795757992,0
194438,-0.9640421149004348,-2.650591287098497,-0.07846952010376135,0
194442,-0.9615243762874799,-2.6319600213626306,-0.08602273594262608,0
194445,-0.9608529793240252,-2.6364919508659495,-0.07796597238117037,0
194449,-0.960013733119707,-2.637163347829404,-0.08316929884794384,0
194453,-0.9608529793240252,-2.641695277332723,-0.07779812314030671,0
194457,-0.9588387884336613,-2.6270923933775845,-0.08199435416189822,0
194461,-0.9625314717326618,-2.6364919508659495,-0.07108415350576028,0
194465,-0.9596780346379796,-2.628770885786221,-0.08316929884794384,0
194469,-0.959510185397116,-2.628770885786221,-0.07343404287785153,0
194473,-0.9606851300831616,-2.639681086442359,-0.07796597238117037,0
194477,-0.9566567483024337,-2.627428091859312,-0.07930876630807965,0
194481,-0.9568245975432974,-2.620378423743038,-0.06554512855725948,0
194484,-0.9559853513389791,-2.639681086442359,-0.08350499732967116,0
194488,-0.9576638437476157,-2.6275959411001755,-0.0855191882200351,0
194492,-0.9568245975432974,-2.619035629816129,-0.0769588769359884,0
194496,-0.9638742656595711,-2.6438773174639505,-0.08434424353398946,0
194500,-0.9675669489585718,-2.634309910734722,-0.07561608300907911,0
194504,-0.9596780346379796,-2.6291065842679484,-0.09559014267185473,0
194508,-0.9596780346379796,-2.6326314183260853,-0.08199435416189822,0
194512,-0.9586709391927977,-2.6374990463111314,-0.08115510795757992,0
194516,-0.9640421149004348,-2.6502555886167696,-0.08384069581139848,0
194520,-0.9603494316014343,-2.6393453879606317,-0.07712672617685207,0
194524,-0.9605172808422979,-2.644716563668269,-0.08434424353398946,0
194527,-0.9621957732509345,-2.637163347829404,-0.08098725871671625,0
194531,-0.9655527580682078,-2.644716563668269,-0.08484779125658044,0
194535,-0.9606851300831616,-2.6453879606317234,-0.07763027389944305,0
194539,-0.9596780346379796,-2.6398489356832227,-0.08233005264362554,0
194543,-0.9593423361562523,-2.636324101625086,-0.08266575112535286,0
194547,-0.9558175020981154,-2.6492484931715876,-0.08300144960708018,0
194551,-0.9623636224917982,-2.632799267566949,-0.08619058518348974,0
194555,-0.9643778133821621,-2.6380025940337224,-0.08098725871671625,0
194559,-0.9625314717326618,-2.644548714427405,-0.08350499732967116,0
194563,-0.9672312504768444,-2.638673990997177,-0.07863736934462501,0
194567,-0.9596780346379796,-2.6326314183260853,-0.08535133897917144,0
194570,-0.9658884565499352,-2.652605477988861,-0.060006103608758674,0
194574,-0.9626993209735255,-2.649080643930724,-0.06923781185626002,0
194578,-0.9608529793240252,-2.6499198901350423,-0.0833371480888075,0
194582,-0.9610208285648889,-2.6482413977264057,-0.07427328908216983,0
194586,-0.9650492103456169,-2.645052262149996,-0.08434424353398946,0
194590,-0.9611886778057526,-2.6578088044556343,-0.08451209277485312,0
194594,-0.9655527580682078,-2.6517662317845425,-0.08602273594262608,0
194598,-0.9653849088273442,-2.656466010528725,-0.08736552986953536,0
194602,-0.9640421149004348,-2.659319447623407,-0.0824979018844892,0
194606,-0.9610208285648889,-2.6482413977264057,-0.07410543984130617,0
194609,-0.9645456626230259,-2.649584191653315,-0.08132295719844358,0
194613,-0.9596780346379796,-2.641695277332723,-0.08535133897917144,0
194617,-0.9615243762874799,-2.6237354085603113,-0.08384069581139848,0
194621,-0.959510185397116,-2.6280994888227664,-0.08484779125658044,0
194625,-0.9553139543755245,-2.6368276493476768,-0.07830167086289769,0
194629,-0.9583352407110703,-2.6296101319905394,-0.07897306782635233,0
194633,-0.9524605172808422,-2.6242389562829023,-0.08518348973830778,0
194637,-0.9638742656595711,-2.6462272068360417,-0.08602273594262608,0
194641,-0.9606851300831616,-2.644045166704814,-0.09525444419012741,0
194645,-0.9564888990615701,-2.629274433508812,-0.08098725871671625,0
194649,-0.9559853513389791,-2.6462272068360417,-0.07897306782635233,0
194652,-0.9551461051346608,-2.6458915083543144,-0.0871976806286717,0
194656,-0.9527962157625696,-2.6321278706034943,-0.0730983443961242,0
194660,-0.9544747081712062,-2.638673990997177,-0.06084534981307698,0
194664,-0.959006637674525,-2.6250782024872206,-0.0833371480888075,0
194668,-0.9578316929884794,-2.6280994888227664,-0.08669413290608072,0
194672,-0.9598458838788433,-2.6380025940337224,-0.08467994201571678,0
194676,-0.9605172808422979,-2.6438773174639505,-0.0833371480888075,0
194680,-0.9559853513389791,-2.653444724193179,-0.08216220340276188,0
194684,-0.9647135118638895,-2.651934081025406,-0.08803692683299,0
194688,-0.9630350194552528,-2.6378347447928587,-0.08098725871671625,0
194692,-0.9608529793240252,-2.6428702220187685,-0.08602273594262608,0
194695,-0.9638742656595711,-2.654955367360952,-0.07947661554894331,0
194699,-0.9637064164187075,-2.646562905317769,-0.08467994201571678,0
194703,-0.9625314717326618,-2.6474021515220874,-0.08518348973830778,0
194707,-0.9640421149004348,-2.6497520408941786,-0.08048371099412527,0
194711,-0.9712596322575723,-2.6641870756084534,-0.08031586175326161,0
194715,-0.9650492103456169,-2.6472343022812237,-0.08484779125658044,0
194719,-0.9611886778057526,-2.6571374074921796,-0.0833371480888075,0
194723,-0.9571602960250247,-2.6400167849240863,-0.07729457541771573,0
194727,-0.9571602960250247,-2.634645609216449,-0.08316929884794384,0
194731,-0.957999542229343,-2.630785076676585,-0.09508659494926375,0
194735,-0.9616922255283435,-2.6245746547646296,-0.08182650492103456,0
194738,-0.9591744869153886,-2.629777981231403,-0.07947661554894331,0
194742,-0.9588387884336613,-2.6186999313344015,-0.08602273594262608,0
194746,-0.9620279240100709,-2.627260242618448,-0.08451209277485312,0
194750,-0.9626993209735255,-2.6380025940337224,-0.06252384222171359,0
194754,-0.9561532005798428,-2.6143358510719463,-0.08031586175326161,0
194758,-0.9576638437476157,-2.6166857404440376,-0.08316929884794384,0
194762,-0.9613565270466162,-2.641191729610132,-0.08283360036621652,0
194766,-0.9616922255283435,-2.625413900968948,-0.06437018387121385,0
194770,-0.9569924467841611,-2.6156786449988556,-0.08098725871671625,0
194774,-0.9658884565499352,-2.6482413977264057,-0.07662317845426107,0
194777,-0.9586709391927977,-2.646059357595178,-0.07930876630807965,0
194781,-0.959510185397116,-2.636324101625086,-0.07846952010376135,0
194785,-0.9598458838788433,-2.640688181887541,-0.07712672617685207,0
194789,-0.9633707179369801,-2.644045166704814,-0.07410543984130617,0
194793,-0.9632028686961165,-2.6492484931715876,-0.08048371099412527,0
194797,-0.9601815823605706,-2.6403524834058136,-0.08568703746089876,0
194801,-0.9553139543755245,-2.6438773174639505,-0.07444113832303349,0
194805,-0.9563210498207064,-2.6181963836118105,-0.08451209277485312,0
194809,-0.9571602960250247,-2.6252460517280842,-0.0816586556801709,0
194813,-0.9626993209735255,-2.636156252384222,-0.08132295719844358,0
194817,-0.9558175020981154,-2.649080643930724,-0.0841763942931258,0
194820,-0.9606851300831616,-2.6463950560769054,-0.10163271534294652,0
194824,-0.9690775921263447,-2.646059357595178,-0.07947661554894331,0
194828,-0.9596780346379796,-2.636156252384222,-0.0824979018844892,0
194832,-0.959510185397116,-2.6331349660486763,-0.08568703746089876,0
194836,-0.9559853513389791,-2.651094834821088,-0.08316929884794384,0
194840,-0.9621957732509345,-2.63514915693904,-0.06487373159380483,0
194844,-0.9637064164187075,-2.6415274280918593,-0.08870832379644464,0
194848,-0.960013733119707,-2.6458915083543144,-0.0824979018844892,0
194852,-0.9601815823605706,-2.6395132372014953,-0.08518348973830778,0
194856,-0.9601815823605706,-2.633806363012131,-0.08300144960708018,0
194860,-0.9596780346379796,-2.6299458304722667,-0.08937972075989929,0
194863,-0.9605172808422979,-2.639681086442359,-0.08467994201571678,0
194867,-0.957999542229343,-2.636324101625086,-0.08283360036621652,0
194871,-0.959006637674525,-2.6286030365453574,-0.08535133897917144,0
194875,-0.9610208285648889,-2.6364919508659495,-0.0833371480888075,0
194879,-0.9690775921263447,-2.636324101625086,-0.07360189211871519,0
194883,-0.9628671702143892,-2.6324635690852216,-0.07494468604562447,0
194887,-0.9578316929884794,-2.632799267566949,-0.08602273594262608,0
194891,-0.9665598535133898,-2.659990844586862,-0.08031586175326161,0
194895,-0.9623636224917982,-2.640688181887541,-0.07511253528648813,0
194899,-0.9608529793240252,-2.6413595788509956,-0.0730983443961242,0
194902,-0.9541390096894788,-2.6326314183260853,-0.07662317845426107,0
194906,-0.9591744869153886,-2.6344777599755855,-0.07679102769512473,0
194910,-0.9621957732509345,-2.6299458304722667,-0.09407949950408179,0
194914,-0.9593423361562523,-2.63514915693904,-0.08384069581139848,0
194918,-0.9642099641412984,-2.631792172121767,-0.07444113832303349,0
194922,-0.9630350194552528,-2.6304493781948577,-0.08014801251239795,0
194926,-0.9642099641412984,-2.6291065842679484,-0.1046540016784924,0
194930,-0.9593423361562523,-2.631792172121767,-0.08937972075989929,0
194934,-0.9596780346379796,-2.632799267566949,-0.10733958953231097,0
194938,-0.9583352407110703,-2.6301136797131304,-0.09458304722667277,0
194942,-0.9660563057907988,-2.650087739375906,-0.08283360036621652,0
194945,-0.9638742656595711,-2.654451819638361,-0.04775310902571145,0
194949,-0.9538033112077515,-2.63514915693904,-0.0556420233463035,0
194953,-0.9541390096894788,-2.6284351873044938,-0.07830167086289769,0
194957,-0.9526283665217059,-2.627428091859312,-0.09407949950408179,0
194961,-0.9558175020981154,-2.648577096208133,-0.08686198214694438,0
194965,-0.9613565270466162,-2.6562981612878613,-0.08652628366521706,0
194969,-0.9655527580682078,-2.6504234378576332,-0.07897306782635233,0
194973,-0.9613565270466162,-2.661837186236362,-0.09021896696421759,0
194977,-0.9568245975432974,-2.6316243228809033,-0.09189745937285419,0
194981,-0.9460822461280232,-2.6098039215686275,-0.09055466544594491,0
194985,-0.9465857938506141,-2.6077897306782636,-0.09609369039444571,0
194988,-0.9497749294270237,-2.618028534370947,-0.09206530861371785,0
194992,-0.9613565270466162,-2.645052262149996,-0.08921187151903563,0
194996,-0.9593423361562523,-2.638170443274586,-0.09089036392767223,0
195000,-0.9663920042725261,-2.652941176470588,-0.10549324788281071,0
195004,-0.9601815823605706,-2.641191729610132,-0.07930876630807965,0
195008,-0.9635385671778438,-2.645052262149996,-0.07192339971007858,0
195012,-0.9685740444037537,-2.649584191653315,-0.07393759060044251,0
195016,-0.9648813611047532,-2.6487449454489966,-0.07091630426489662,0
195020,-0.9761272602426184,-2.6672083619439992,-0.06487373159380483,0
195024,-0.9615243762874799,-2.6385061417563134,-0.08048371099412527,0
195028,-0.9630350194552528,-2.634309910734722,-0.08014801251239795,0
195031,-0.9610208285648889,-2.6420309758144502,-0.09206530861371785,0
195035,-0.9667277027542535,-2.6641870756084534,-0.08451209277485312,0
195039,-0.9645456626230259,-2.6537804226749064,-0.0841763942931258,0
195043,-0.9643778133821621,-2.6433737697413595,-0.0841763942931258,0
195047,-0.9632028686961165,-2.6462272068360417,-0.08014801251239795,0
195051,-0.9670634012359808,-2.634142061493858,-0.0824979018844892,0
195055,-0.9695811398489357,-2.6344777599755855,-0.06823071641107804,0
195059,-0.9749523155565728,-2.644045166704814,-0.07477683680476081,0
195063,-0.9680704966811627,-2.6504234378576332,-0.07662317845426107,0
195067,-0.9606851300831616,-2.650087739375906,-0.07477683680476081,0
195070,-0.9613565270466162,-2.6616693369954985,-0.08434424353398946,0
195074,-0.9573281452658884,-2.6438773174639505,-0.07930876630807965,0
195078,-0.9623636224917982,-2.6354848554207675,-0.08451209277485312,0
195082,-0.9657206073090715,-2.6390096894789044,-0.0816586556801709,0
195086,-0.9593423361562523,-2.636659800106813,-0.08434424353398946,0
195090,-0.9630350194552528,-2.6280994888227664,-0.11522850385290302,0
195094,-0.960013733119707,-2.6418631265735866,-0.08316929884794384,0
195098,-0.9519569695582513,-2.635317006179904,-0.08233005264362554,0
195102,-0.9551461051346608,-2.6393453879606317,-0.08619058518348974,0
195106,-0.9601815823605706,-2.6344777599755855,-0.08854047455558098,0
195110,-0.9551461051346608,-2.6410238803692683,-0.07108415350576028,0
195113,-0.9539711604486152,-2.63514915693904,-0.08048371099412527,0
195117,-0.9507820248722056,-2.6103074692912185,-0.08014801251239795,0
195121,-0.9531319142442969,-2.6247425040054932,-0.08300144960708018,0
195125,-0.957999542229343,-2.626253147173266,-0.0855191882200351,0
195129,-0.9449073014419775,-2.6536125734340428,-0.0863584344243534,0
195133,-0.9573281452658884,-2.6428702220187685,-0.08501564049744412,0
195137,-0.9653849088273442,-2.655962462806134,-0.08568703746089876,0
195141,-0.9642099641412984,-2.640688181887541,-0.0824979018844892,0
195145,-0.9633707179369801,-2.643038071259632,-0.07511253528648813,0
195149,-0.9632028686961165,-2.644716563668269,-0.0722590981918059,0
195153,-0.9618600747692072,-2.639177538719768,-0.08098725871671625,0
195156,-0.9586709391927977,-2.6408560311284046,-0.07930876630807965,0
195160,-0.9675669489585718,-2.6324635690852216,-0.08065156023498893,0
195164,-0.9551461051346608,-2.635652704661631,-0.07981231403067063,0
195168,-0.9647135118638895,-2.6415274280918593,-0.07645532921339741,0
195172,-0.9606851300831616,-2.6467307545586327,-0.07964446478980697,0
195176,-0.9679026474402991,-2.649080643930724,-0.07729457541771573,0
195180,-0.9625314717326618,-2.6448844129091325,-0.09626153963530937,0
195184,-0.9645456626230259,-2.6479056992446783,-0.07595178149080643,0
195188,-0.960013733119707,-2.646562905317769,-0.07863736934462501,0
195192,-0.9626993209735255,-2.6479056992446783,-0.0730983443961242,0
195195,-0.9655527580682078,-2.648073548485542,-0.08149080643930724,0
195199,-0.9660563057907988,-2.6581445029373616,-0.0761196307316701,0
195203,-0.9576638437476157,-2.6299458304722667,-0.07779812314030671,0
195207,-0.9606851300831616,-2.6415274280918593,-0.08081940947585259,0
195211,-0.9637064164187075,-2.645555809872587,-0.09189745937285419,0
195215,-0.9517891203173876,-2.6344777599755855,-0.09441519798580911,0
195219,-0.9620279240100709,-2.6291065842679484,-0.07343404287785153,0
195223,-0.9653849088273442,-2.6489127946898603,-0.06134889753566796,0
195227,-0.9648813611047532,-2.6462272068360417,-0.06134889753566796,0
195231,-0.957495994506752,-2.628770885786221,-0.07041275654230564,0
195235,-0.9553139543755245,-2.63514915693904,-0.08081940947585259,0
195238,-0.9538033112077515,-2.6301136797131304,-0.08014801251239795,0
195242,-0.9571602960250247,-2.625749599450675,-0.08501564049744412,0
195246,-0.9657206073090715,-2.639681086442359,-0.08098725871671625,0
195250,-0.9650492103456169,-2.6457236591134508,-0.08619058518348974,0
195254,-0.9633707179369801,-2.6474021515220874,-0.08686198214694438,0
195258,-0.9460822461280232,-2.6181963836118105,-0.08283360036621652,0
195262,-0.9541390096894788,-2.6192034790569925,-0.07880521858548867,0
195266,-0.957999542229343,-2.6252460517280842,-0.07930876630807965,0
195270,-0.9538033112077515,-2.623399710078584,-0.10532539864194705,0
195274,-0.9578316929884794,-2.627260242618448,-0.08048371099412527,0
195278,-0.9583352407110703,-2.625413900968948,-0.08434424353398946,0
195281,-0.9568245975432974,-2.616517891203174,-0.08233005264362554,0
195285,-0.9554818036163881,-2.6296101319905394,-0.08031586175326161,0
195289,-0.9586709391927977,-2.639681086442359,-0.08048371099412527,0
195293,-0.9573281452658884,-2.6354848554207675,-0.07511253528648813,0
195297,-0.9465857938506141,-2.620378423743038,-0.07830167086289769,0
195301,-0.9677347981994354,-2.6210498207064927,-0.07679102769512473,0
195305,-0.9650492103456169,-2.63330281528954,-0.07477683680476081,0
195309,-0.9544747081712062,-2.6403524834058136,-0.07376974135957885,0
195313,-0.959006637674525,-2.627428091859312,-0.07645532921339741,0
195317,-0.9652170595864805,-2.6467307545586327,-0.07007705806057832,0
195320,-0.9633707179369801,-2.645052262149996,-0.07763027389944305,0
195324,-0.9662241550316625,-2.651934081025406,-0.08065156023498893,0
195328,-0.9719310292210269,-2.670397497520409,-0.0769588769359884,0
195332,-0.9620279240100709,-2.650591287098497,-0.07444113832303349,0
195336,-0.9618600747692072,-2.642534523537041,-0.08316929884794384,0
195340,-0.9668955519951171,-2.6306172274357214,-0.08384069581139848,0
195344,-0.9618600747692072,-2.6296101319905394,-0.08132295719844358,0
195348,-0.9657206073090715,-2.635652704661631,-0.07662317845426107,0
195352,-0.9660563057907988,-2.652605477988861,-0.07326619363698787,0
195356,-0.9596780346379796,-2.6369954985885404,-0.08014801251239795,0
195360,-0.9556496528572518,-2.635652704661631,-0.09542229343099107,0
195363,-0.9581673914702067,-2.6235675593194476,-0.07074845502403296,0
195367,-0.9566567483024337,-2.618867780575265,-0.07511253528648813,0
195371,-0.9559853513389791,-2.642198825055314,-0.07561608300907911,0
195375,-0.9657206073090715,-2.644548714427405,-0.07964446478980697,0
195379,-0.9563210498207064,-2.617357137407492,-0.07074845502403296,0
195383,-0.9663920042725261,-2.6390096894789044,-0.07410543984130617,0
195387,-0.9564888990615701,-2.6240711070420386,-0.07981231403067063,0
195391,-0.9618600747692072,-2.6306172274357214,-0.08199435416189822,0
195395,-0.9591744869153886,-2.6326314183260853,-0.07863736934462501,0
195399,-0.9474250400549324,-2.617021438925765,-0.08585488670176242,0
195403,-0.9633707179369801,-2.633806363012131,-0.08283360036621652,0
195406,-0.9700846875715267,-2.6443808651865415,-0.08014801251239795,0
195410,-0.9583352407110703,-2.635820553902495,-0.07444113832303349,0
195414,-0.9626993209735255,-2.644045166704814,-0.08216220340276188,0
195418,-0.9603494316014343,-2.6331349660486763,-0.08367284657053482,0
195422,-0.960013733119707,-2.6420309758144502,-0.08199435416189822,0
195426,-0.960013733119707,-2.645052262149996,-0.07830167086289769,0
195430,-0.9618600747692072,-2.6393453879606317,-0.07209124895094224,0
195434,-0.958503089951934,-2.643038071259632,-0.08031586175326161,0
195438,-0.9610208285648889,-2.6463950560769054,-0.07645532921339741,0
195442,-0.9610208285648889,-2.646562905317769,-0.0841763942931258,0
195446,-0.9638742656595711,-2.655458915083543,-0.07293049515526054,0
195449,-0.9568245975432974,-2.6326314183260853,-0.0863584344243534,0
195453,-0.9551461051346608,-2.639177538719768,-0.07712672617685207,0
195457,-0.9596780346379796,-2.635820553902495,-0.08031586175326161,0
195461,-0.9519569695582513,-2.6309529259174487,-0.07544823376821545,0
195465,-0.9638742656595711,-2.6472343022812237,-0.07326619363698787,0
195469,-0.9608529793240252,-2.6463950560769054,-0.0714198519874876,0
195473,-0.9601815823605706,-2.6403524834058136,-0.07276264591439688,0
195477,-0.9652170595864805,-2.6512626840619515,-0.07729457541771573,0
195481,-0.9588387884336613,-2.6316243228809033,-0.06890211337453268,0
195485,-0.9652170595864805,-2.6479056992446783,-0.07494468604562447,0
195488,-0.9563210498207064,-2.618364232852674,-0.08283360036621652,0
195492,-0.9613565270466162,-2.6477378500038147,-0.07712672617685207,0
195496,-0.9625314717326618,-2.644716563668269,-0.07779812314030671,0
195500,-0.957495994506752,-2.6296101319905394,-0.08400854505226214,0
195504,-0.9665598535133898,-2.6573052567330433,-0.07511253528648813,0
195508,-0.9623636224917982,-2.6405203326466773,-0.08149080643930724,0
195512,-0.9573281452658884,-2.634309910734722,-0.08971541924162661,0
195516,-0.9596780346379796,-2.6311207751583123,-0.07880521858548867,0
195520,-0.9643778133821621,-2.6311207751583123,-0.08283360036621652,0
195524,-0.9598458838788433,-2.6368276493476768,-0.0761196307316701,0
195528,-0.9586709391927977,-2.6390096894789044,-0.07158770122835126,0
195531,-0.9637064164187075,-2.6418631265735866,-0.07830167086289769,0
195535,-0.9647135118638895,-2.646562905317769,-0.07830167086289769,0
195539,-0.9556496528572518,-2.642534523537041,-0.0855191882200351,0
195543,-0.9697489890897993,-2.635820553902495,-0.07595178149080643,0
195547,-0.9630350194552528,-2.6296101319905394,-0.07444113832303349,0
195551,-0.9630350194552528,-2.6306172274357214,-0.07175555046921492,0
195555,-0.9610208285648889,-2.639177538719768,-0.07964446478980697,0
195559,-0.9566567483024337,-2.627763790341039,-0.07729457541771573,0
195563,-0.9648813611047532,-2.635317006179904,-0.07628747997253375,0
195567,-0.9632028686961165,-2.6405203326466773,-0.08619058518348974,0
195571,-0.9653849088273442,-2.653109025711452,-0.08484779125658044,0
195574,-0.9648813611047532,-2.6527733272297245,-0.07729457541771573,0
195578,-0.9539711604486152,-2.637666895551995,-0.07998016327153429,0
195582,-0.9606851300831616,-2.6405203326466773,-0.0833371480888075,0
195586,-0.9598458838788433,-2.6418631265735866,-0.07729457541771573,0
195590,-0.958503089951934,-2.648073548485542,-0.07679102769512473,0
195594,-0.9586709391927977,-2.6484092469672693,-0.07830167086289769,0
195598,-0.9583352407110703,-2.634309910734722,-0.08467994201571678,0
195602,-0.9605172808422979,-2.6413595788509956,-0.08384069581139848,0
195606,-0.9613565270466162,-2.653109025711452,-0.08350499732967116,0
195610,-0.9608529793240252,-2.649080643930724,-0.07930876630807965,0
195614,-0.959006637674525,-2.6306172274357214,-0.08149080643930724,0
195617,-0.9596780346379796,-2.627260242618448,-0.07846952010376135,0
195621,-0.9576638437476157,-2.617021438925765,-0.07998016327153429,0
195625,-0.9556496528572518,-2.630281528953994,-0.07729457541771573,0
195629,-0.9578316929884794,-2.631792172121767,-0.08803692683299,0
195633,-0.9732738231479362,-2.6522697795071335,-0.07914091706721599,0
195637,-0.9635385671778438,-2.648073548485542,-0.08149080643930724,0
195641,-0.9667277027542535,-2.6660334172579536,-0.08602273594262608,0
195645,-0.9610208285648889,-2.653444724193179,-0.07880521858548867,0
195649,-0.9608529793240252,-2.6504234378576332,-0.07964446478980697,0
195653,-0.9621957732509345,-2.638673990997177,-0.08014801251239795,0
195656,-0.9578316929884794,-2.6368276493476768,-0.07796597238117037,0
195660,-0.9621957732509345,-2.6314564736400397,-0.07846952010376135,0
195664,-0.9613565270466162,-2.6499198901350423,-0.08182650492103456,0
195668,-0.9620279240100709,-2.6374990463111314,-0.08283360036621652,0
195672,-0.9613565270466162,-2.6522697795071335,-0.08501564049744412,0
195676,-0.9628671702143892,-2.643038071259632,-0.08585488670176242,0
195680,-0.9630350194552528,-2.6388418402380407,-0.08384069581139848,0
195684,-0.9611886778057526,-2.650087739375906,-0.08652628366521706,0
195688,-0.9539711604486152,-2.6395132372014953,-0.08384069581139848,0
195692,-0.9556496528572518,-2.641695277332723,-0.08501564049744412,0
195696,-0.9576638437476157,-2.6270923933775845,-0.09055466544594491,0
195699,-0.9657206073090715,-2.6354848554207675,-0.08350499732967116,0
195703,-0.9668955519951171,-2.6227283131151293,-0.07679102769512473,0
195707,-0.9583352407110703,-2.6252460517280842,-0.08132295719844358,0
195711,-0.9618600747692072,-2.6235675593194476,-0.08065156023498893,0
195715,-0.9539711604486152,-2.627931639581903,-0.08216220340276188,0
195719,-0.9569924467841611,-2.6168535896849012,-0.0833371480888075,0
195710,,,,1
195723,-0.9648813611047532,-2.6311207751583123,-0.07779812314030671,0
195727,-0.9601815823605706,-2.6294422827496757,-0.07561608300907911,0
195731,-0.9616922255283435,-2.6215533684290837,-0.07578393224994277,0
195735,-0.9650492103456169,-2.635317006179904,-0.07645532921339741,0
195739,-0.9625314717326618,-2.6378347447928587,-0.07628747997253375,0
195742,-0.9608529793240252,-2.642198825055314,-0.0730983443961242,0
195746,-0.9633707179369801,-2.6423666742961776,-0.07662317845426107,0
195750,-0.9640421149004348,-2.6532768749523155,-0.07712672617685207,0
195754,-0.9637064164187075,-2.6487449454489966,-0.08081940947585259,0
195758,-0.9593423361562523,-2.6398489356832227,-0.0769588769359884,0
195762,-0.9586709391927977,-2.648073548485542,-0.07326619363698787,0
195766,-0.9647135118638895,-2.6494163424124513,-0.07343404287785153,0
195770,-0.9630350194552528,-2.641191729610132,-0.08132295719844358,0
195774,-0.9630350194552528,-2.6339742122529946,-0.07679102769512473,0
195778,-0.957999542229343,-2.6319600213626306,-0.07947661554894331,0
195781,-0.9652170595864805,-2.651430533302815,-0.08300144960708018,0
195785,-0.9559853513389791,-2.6573052567330433,-0.07410543984130617,0
195789,-0.9551461051346608,-2.6537804226749064,-0.07494468604562447,0
195793,-0.957999542229343,-2.6398489356832227,-0.08149080643930724,0
195797,-0.9621957732509345,-2.6354848554207675,-0.07578393224994277,0
195801,-0.9549782558937971,-2.625749599450675,-0.08115510795757992,0
195805,-0.9620279240100709,-2.6301136797131304,-0.07981231403067063,0
195809,-0.9625314717326618,-2.6410238803692683,-0.08316929884794384,0
195813,-0.957495994506752,-2.625413900968948,-0.06923781185626002,0
195817,-0.958503089951934,-2.634142061493858,-0.07846952010376135,0
195821,-0.9603494316014343,-2.6316243228809033,-0.08115510795757992,0
195824,-0.9684061951628901,-2.631288624399176,-0.07729457541771573,0
195828,-0.9638742656595711,-2.6482413977264057,-0.0769588769359884,0
195832,-0.9640421149004348,-2.6557946135652704,-0.07460898756389715,0
195836,-0.9638742656595711,-2.6616693369954985,-0.07763027389944305,0
195840,-0.9697489890897993,-2.6452201113908598,-0.07981231403067063,0
195844,-0.9625314717326618,-2.6443808651865415,-0.06420233463035019,0
195848,-0.9620279240100709,-2.639681086442359,-0.07125200274662394,0
195852,-0.9596780346379796,-2.633806363012131,-0.07595178149080643,0
195856,-0.9568245975432974,-2.62138551918822,-0.0863584344243534,0
195860,-0.9606851300831616,-2.6349813076981765,-0.069741359578851,0
195864,-0.9705882352941176,-2.653444724193179,-0.07276264591439688,0
195867,-0.959510185397116,-2.636156252384222,-0.07494468604562447,0
195871,-0.9546425574120698,-2.6408560311284046,-0.08283360036621652,0
195875,-0.9613565270466162,-2.653444724193179,-0.07746242465857939,0
195879,-0.959510185397116,-2.6420309758144502,-0.07998016327153429,0
195883,-0.9591744869153886,-2.6349813076981765,-0.07293049515526054,0
195887,-0.9635385671778438,-2.6388418402380407,-0.08484779125658044,0
195891,-0.9588387884336613,-2.62642099641413,-0.08937972075989929,0
195895,-0.9618600747692072,-2.628770885786221,-0.10263981078812848,0
195899,-0.9586709391927977,-2.6383382925154497,-0.11892118715190356,0
195903,-0.9620279240100709,-2.6329671168078126,-0.09491874570840009,0
195907,-0.9618600747692072,-2.632799267566949,-0.06369878690775921,0
195910,-0.959006637674525,-2.6237354085603113,-0.044060425726710914,0
195914,-0.9640421149004348,-2.6433737697413595,-0.052285038529030284,0
195918,-0.9588387884336613,-2.6270923933775845,-0.0714198519874876,0
195922,-0.9593423361562523,-2.629274433508812,-0.09139391165026321,0
195926,-0.9626993209735255,-2.637666895551995,-0.08937972075989929,0
195930,-0.9603494316014343,-2.6359884031433585,-0.07846952010376135,0
195934,-0.9571602960250247,-2.6349813076981765,-0.07947661554894331,0
195938,-0.9553139543755245,-2.6354848554207675,-0.08820477607385366,0
195942,-0.950614175631342,-2.634309910734722,-0.0855191882200351,0
195946,-0.9470893415732051,-2.616517891203174,-0.0863584344243534,0
195949,-0.9472571908140688,-2.615007248035401,-0.08937972075989929,0
195953,-0.9484321355001144,-2.6093003738460365,-0.08216220340276188,0
195957,-0.9459143968871595,-2.6000686655985352,-0.08854047455558098,0
195961,-0.958503089951934,-2.626253147173266,-0.08501564049744412,0
195965,-0.9633707179369801,-2.637163347829404,-0.08098725871671625,0
195969,-0.9637064164187075,-2.6443808651865415,-0.08199435416189822,0
195973,-0.970923933775845,-2.651094834821088,-0.07343404287785153,0
195977,-0.9665598535133898,-2.6662012664988173,-0.06957351033798734,0
195981,-0.9700846875715267,-2.659319447623407,-0.07293049515526054,0
195985,-0.969413290608072,-2.6641870756084534,-0.07410543984130617,0
195989,-0.9591744869153886,-2.649584191653315,-0.07242694743266956,0
195992,-0.9658884565499352,-2.662005035477226,-0.08048371099412527,0
195996,-0.9668955519951171,-2.639177538719768,-0.07964446478980697,0
196000,-0.9715953307392996,-2.653444724193179,-0.07645532921339741,0
196004,-0.9779736018921187,-2.6541161211566338,-0.08602273594262608,0
196008,-0.9670634012359808,-2.636156252384222,-0.07024490730144198,0
196012,-0.9672312504768444,-2.638170443274586,-0.07914091706721599,0
196016,-0.9645456626230259,-2.644548714427405,-0.07511253528648813,0
196020,-0.9679026474402991,-2.650087739375906,-0.06470588235294117,0
196024,-0.9670634012359808,-2.6321278706034943,-0.0714198519874876,0
196028,-0.9660563057907988,-2.6517662317845425,-0.06739147020675974,0
196032,-0.9662241550316625,-2.6606622415503165,-0.06873426413366902,0
196035,-0.9613565270466162,-2.6625085831998168,-0.07645532921339741,0
196039,-0.9707560845349813,-2.6675440604257266,-0.0816586556801709,0
196043,-0.9601815823605706,-2.6468986037994964,-0.07779812314030671,0
196047,-0.9502784771496147,-2.634813458457313,-0.08484779125658044,0
196051,-0.9626993209735255,-2.641695277332723,-0.07528038452735179,0
196055,-0.960013733119707,-2.6477378500038147,-0.0855191882200351,0
196059,-0.9561532005798428,-2.6220569161516747,-0.08300144960708018,0
196063,-0.9563210498207064,-2.6077897306782636,-0.07209124895094224,0
196067,-0.9534676127260242,-2.6103074692912185,-0.09021896696421759,0
196071,-0.958503089951934,-2.630785076676585,-0.08854047455558098,0
196074,-0.9632028686961165,-2.63514915693904,-0.08602273594262608,0
196078,-0.9524605172808422,-2.6296101319905394,-0.08602273594262608,0
196082,-0.9559853513389791,-2.650087739375906,-0.08316929884794384,0
196086,-0.9559853513389791,-2.6547875181200884,-0.08031586175326161,0
196090,-0.9527962157625696,-2.6388418402380407,-0.07813382162203403,0
196094,-0.9573281452658884,-2.637666895551995,-0.07880521858548867,0
196098,-0.9554818036163881,-2.6378347447928587,-0.08233005264362554,0
196102,-0.9502784771496147,-2.6309529259174487,-0.0824979018844892,0
196106,-0.9591744869153886,-2.6301136797131304,-0.07763027389944305,0
196110,-0.9539711604486152,-2.6286030365453574,-0.07813382162203403,0
196114,-0.9630350194552528,-2.6286030365453574,-0.07477683680476081,0
196117,-0.9635385671778438,-2.637666895551995,-0.07981231403067063,0
196121,-0.9615243762874799,-2.6217212176699474,-0.07460898756389715,0
196125,-0.9697489890897993,-2.6311207751583123,-0.0816586556801709,0
196129,-0.9598458838788433,-2.641695277332723,-0.07830167086289769,0
196133,-0.9625314717326618,-2.6410238803692683,-0.07343404287785153,0
196137,-0.9524605172808422,-2.6291065842679484,-0.07914091706721599,0
196141,-0.9610208285648889,-2.637163347829404,-0.07511253528648813,0
196145,-0.9563210498207064,-2.6153429465171283,-0.07158770122835126,0
196149,-0.9620279240100709,-2.6324635690852216,-0.07998016327153429,0
196153,-0.9665598535133898,-2.6591515983825436,-0.07293049515526054,0
196157,-0.9628671702143892,-2.643541618982223,-0.07293049515526054,0
196160,-0.9657206073090715,-2.6467307545586327,-0.0769588769359884,0
196164,-0.9658884565499352,-2.654955367360952,-0.07981231403067063,0
196168,-0.9626993209735255,-2.6517662317845425,-0.08602273594262608,0
196172,-0.9593423361562523,-2.6420309758144502,-0.09542229343099107,0
196176,-0.959006637674525,-2.6265888456549935,-0.08182650492103456,0
196180,-0.9672312504768444,-2.6309529259174487,-0.060341802090486,0
196184,-0.9665598535133898,-2.657976653696498,-0.06151674677653162,0
196188,-0.9717631799801633,-2.6660334172579536,-0.05278858625162127,0
196192,-0.9524605172808422,-2.6428702220187685,-0.06940566109712368,0
196196,-0.9559853513389791,-2.650926985580224,-0.07998016327153429,0
196200,-0.9657206073090715,-2.646059357595178,-0.07846952010376135,0
196203,-0.9601815823605706,-2.6385061417563134,-0.08065156023498893,0
196207,-0.9608529793240252,-2.642702372777905,-0.07880521858548867,0
196211,-0.9603494316014343,-2.63514915693904,-0.0855191882200351,0
196215,-0.9538033112077515,-2.6316243228809033,-0.08350499732967116,0
196219,-0.9561532005798428,-2.615510795757992,-0.08367284657053482,0
196223,-0.9616922255283435,-2.6133287556267644,-0.08014801251239795,0
196227,-0.9480964370183871,-2.6009079118028535,-0.07964446478980697,0
196231,-0.9640421149004348,-2.6354848554207675,-0.08501564049744412,0
196235,-0.9633707179369801,-2.6415274280918593,-0.08316929884794384,0
196239,-0.9539711604486152,-2.6374990463111314,-0.07863736934462501,0
196242,-0.957495994506752,-2.622392614633402,-0.07947661554894331,0
196246,-0.9591744869153886,-2.62642099641413,-0.07460898756389715,0
196250,-0.9647135118638895,-2.6418631265735866,-0.07108415350576028,0
196254,-0.9568245975432974,-2.62138551918822,-0.07494468604562447,0
196258,-0.9596780346379796,-2.6280994888227664,-0.07628747997253375,0
196262,-0.9608529793240252,-2.638673990997177,-0.07376974135957885,0
196266,-0.9606851300831616,-2.6380025940337224,-0.07427328908216983,0
196270,-0.9583352407110703,-2.6304493781948577,-0.0705806057831693,0
196274,-0.9558175020981154,-2.645555809872587,-0.06705577172503242,0
196278,-0.9658884565499352,-2.657473105973907,-0.07108415350576028,0
196282,-0.9603494316014343,-2.641191729610132,-0.07007705806057832,0
196285,-0.9563210498207064,-2.617021438925765,-0.07125200274662394,0
196289,-0.9606851300831616,-2.6374990463111314,-0.07830167086289769,0
196293,-0.9569924467841611,-2.6255817502098115,-0.07326619363698787,0
196297,-0.9739452201113908,-2.6463950560769054,-0.07998016327153429,0
196301,-0.9551461051346608,-2.642702372777905,-0.07729457541771573,0
196305,-0.9598458838788433,-2.6468986037994964,-0.08081940947585259,0
196309,-0.9569924467841611,-2.629274433508812,-0.08048371099412527,0
196313,-0.9586709391927977,-2.6393453879606317,-0.07326619363698787,0
196317,-0.9480964370183871,-2.6133287556267644,-0.08098725871671625,0
196321,-0.9605172808422979,-2.6301136797131304,-0.07326619363698787,0
196325,-0.9596780346379796,-2.629274433508812,-0.07108415350576028,0
196328,-0.9601815823605706,-2.633806363012131,-0.07444113832303349,0
196332,-0.959510185397116,-2.63330281528954,-0.06302738994430457,0
196336,-0.9610208285648889,-2.642198825055314,-0.07376974135957885,0
196340,-0.9608529793240252,-2.6418631265735866,-0.07158770122835126,0
196344,-0.9524605172808422,-2.6339742122529946,-0.07209124895094224,0
196348,-0.9554818036163881,-2.6405203326466773,-0.069741359578851,0
196352,-0.9734416723887999,-2.654451819638361,-0.07360189211871519,0
196356,-0.9591744869153886,-2.642198825055314,-0.08669413290608072,0
196360,-0.9551461051346608,-2.644548714427405,-0.07108415350576028,0
196364,-0.9586709391927977,-2.646059357595178,-0.07494468604562447,0
196367,-0.9682383459220264,-2.6373311970702678,-0.07863736934462501,0
196371,-0.9695811398489357,-2.6388418402380407,-0.07662317845426107,0
196375,-0.9593423361562523,-2.635652704661631,-0.08048371099412527,0
196379,-0.9633707179369801,-2.642534523537041,-0.07645532921339741,0
196383,-0.9635385671778438,-2.6423666742961776,-0.08652628366521706,0
196387,-0.9662241550316625,-2.656466010528725,-0.07209124895094224,0
196391,-0.9642099641412984,-2.6433737697413595,-0.07427328908216983,0
196395,-0.9613565270466162,-2.653109025711452,-0.07561608300907911,0
196399,-0.9616922255283435,-2.629777981231403,-0.07846952010376135,0
196403,-0.9623636224917982,-2.629777981231403,-0.0824979018844892,0
196407,-0.9514534218356603,-2.6126573586633097,-0.0871976806286717,0
196410,-0.9789806973373006,-2.6359884031433585,-0.08283360036621652,0
196414,-0.9632028686961165,-2.644045166704814,-0.0841763942931258,0
196418,-0.94272526131075,-2.6504234378576332,-0.07813382162203403,0
196422,-0.9621957732509345,-2.636659800106813,-0.08132295719844358,0
196426,-0.9630350194552528,-2.6280994888227664,-0.07511253528648813,0
196430,-0.9626993209735255,-2.6395132372014953,-0.07410543984130617,0
196434,-0.9635385671778438,-2.6415274280918593,-0.07209124895094224,0
196438,-0.9662241550316625,-2.6547875181200884,-0.07595178149080643,0
196442,-0.9519569695582513,-2.6364919508659495,-0.07528038452735179,0
196446,-0.9581673914702067,-2.6316243228809033,-0.07712672617685207,0
196450,-0.9598458838788433,-2.6415274280918593,-0.08098725871671625,0
196453,-0.9621957732509345,-2.6380025940337224,-0.08182650492103456,0
196457,-0.9544747081712062,-2.636324101625086,-0.08048371099412527,0
196461,-0.9559853513389791,-2.646562905317769,-0.07074845502403296,0
196465,-0.9531319142442969,-2.644213015945678,-0.07158770122835126,0
196469,-0.9596780346379796,-2.638673990997177,-0.08081940947585259,0
196473,-0.9601815823605706,-2.634813458457313,-0.07981231403067063,0
196477,-0.9682383459220264,-2.635317006179904,-0.07511253528648813,0
196481,-0.9643778133821621,-2.6304493781948577,-0.0730983443961242,0
196485,-0.957999542229343,-2.6316243228809033,-0.08216220340276188,0
196489,-0.9618600747692072,-2.6339742122529946,-0.07410543984130617,0
196493,-0.9620279240100709,-2.632295719844358,-0.07998016327153429,0
196496,-0.9489356832227054,-2.6161821927214466,-0.07779812314030671,0
196500,-0.957999542229343,-2.621889066910811,-0.07981231403067063,0
196504,-0.9606851300831616,-2.6364919508659495,-0.07662317845426107,0
196508,-0.9613565270466162,-2.6532768749523155,-0.07662317845426107,0
196512,-0.9615243762874799,-2.630281528953994,-0.07561608300907911,0
196516,-0.959510185397116,-2.6334706645304036,-0.07209124895094224,0
196520,-0.9618600747692072,-2.629777981231403,-0.07276264591439688,0
196524,-0.9626993209735255,-2.6405203326466773,-0.07964446478980697,0
196528,-0.9470893415732051,-2.6265888456549935,-0.07914091706721599,0
196532,-0.9605172808422979,-2.6395132372014953,-0.08451209277485312,0
196535,-0.9613565270466162,-2.6532768749523155,-0.07964446478980697,0
196539,-0.9620279240100709,-2.6398489356832227,-0.08014801251239795,0
196543,-0.9647135118638895,-2.644548714427405,-0.07897306782635233,0
196547,-0.9586709391927977,-2.6467307545586327,-0.08098725871671625,0
196551,-0.9611886778057526,-2.659990844586862,-0.07662317845426107,0
196555,-0.9548104066529335,-2.6423666742961776,-0.0863584344243534,0
196559,-0.9657206073090715,-2.646562905317769,-0.07578393224994277,0
196563,-0.9566567483024337,-2.630281528953994,-0.07796597238117037,0
196567,-0.9737773708705272,-2.6420309758144502,-0.08048371099412527,0
196571,-0.9650492103456169,-2.6428702220187685,-0.07981231403067063,0
196575,-0.959510185397116,-2.6369954985885404,-0.0769588769359884,0
196578,-0.9578316929884794,-2.633806363012131,-0.07511253528648813,0
196582,-0.9616922255283435,-2.615007248035401,-0.07712672617685207,0
196586,-0.9452429999237049,-2.660494392309453,-0.08115510795757992,0
196590,-0.9538033112077515,-2.643541618982223,-0.07343404287785153,0
196594,-0.9603494316014343,-2.6301136797131304,-0.07846952010376135,0
196598,-0.9559853513389791,-2.6482413977264057,-0.07360189211871519,0
196602,-0.9647135118638895,-2.6452201113908598,-0.07242694743266956,0
196606,-0.9642099641412984,-2.6388418402380407,-0.0722590981918059,0
196610,-0.9608529793240252,-2.641695277332723,-0.07427328908216983,0
196614,-0.9633707179369801,-2.6452201113908598,-0.06856641489280536,0
196618,-0.94272526131075,-2.6484092469672693,-0.07427328908216983,0
196621,-0.9591744869153886,-2.6378347447928587,-0.07494468604562447,0
196625,-0.9564888990615701,-2.6275959411001755,-0.08602273594262608,0
196629,-0.9633707179369801,-2.6383382925154497,-0.07511253528648813,0
196633,-0.9536354619668879,-2.6227283131151293,-0.07964446478980697,0
196637,-0.9583352407110703,-2.6247425040054932,-0.07511253528648813,0
196641,-0.9605172808422979,-2.6378347447928587,-0.07914091706721599,0
196645,-0.9549782558937971,-2.63330281528954,-0.08065156023498893,0
196649,-0.9583352407110703,-2.6304493781948577,-0.08031586175326161,0
196653,-0.9563210498207064,-2.6156786449988556,-0.0816586556801709,0
196657,-0.9717631799801633,-2.6463950560769054,-0.0722590981918059,0
196660,-0.9606851300831616,-2.6474021515220874,-0.07578393224994277,0
196664,-0.9655527580682078,-2.6458915083543144,-0.08048371099412527,0
196668,-0.9603494316014343,-2.642702372777905,-0.07578393224994277,0
196672,-0.959510185397116,-2.634142061493858,-0.07930876630807965,0
196676,-0.9484321355001144,-2.6217212176699474,-0.08031586175326161,0
196680,-0.9608529793240252,-2.6289387350270847,-0.06722362096589608,0
196684,-0.9630350194552528,-2.6311207751583123,-0.07494468604562447,0
196688,-0.9715953307392996,-2.6542839703974974,-0.07494468604562447,0
196692,-0.9647135118638895,-2.6541161211566338,-0.07444113832303349,0
196696,-0.9588387884336613,-2.6336385137712672,-0.07779812314030671,0
196700,-0.9650492103456169,-2.6405203326466773,-0.0816586556801709,0
196703,-0.9635385671778438,-2.6415274280918593,-0.07007705806057832,0
196707,-0.9618600747692072,-2.636659800106813,-0.07746242465857939,0
196711,-0.9648813611047532,-2.639177538719768,-0.08384069581139848,0
196715,-0.9625314717326618,-2.6452201113908598,-0.08434424353398946,0
196719,-0.9615243762874799,-2.6280994888227664,-0.07544823376821545,0
196723,-0.9662241550316625,-2.6479056992446783,-0.07897306782635233,0
196727,-0.9682383459220264,-2.642534523537041,-0.08048371099412527,0
196731,-0.9613565270466162,-2.656466010528725,-0.0833371480888075,0
196735,-0.9632028686961165,-2.6552910658426794,-0.08048371099412527,0
196739,-0.9670634012359808,-2.635820553902495,-0.07326619363698787,0
196743,-0.9712596322575723,-2.6532768749523155,-0.07645532921339741,0
196746,-0.9719310292210269,-2.6745937285420003,-0.07192339971007858,0
196750,-0.9620279240100709,-2.650926985580224,-0.07158770122835126,0
196754,-0.9573281452658884,-2.640688181887541,-0.07662317845426107,0
196758,-0.9605172808422979,-2.6462272068360417,-0.0667200732433051,0
196762,-0.9606851300831616,-2.6482413977264057,-0.06856641489280536,0
196766,-0.9452429999237049,-2.6740901808194093,-0.07175555046921492,0
196770,-0.9697489890897993,-2.6512626840619515,-0.0683985656519417,0
196774,-0.9667277027542535,-2.6675440604257266,-0.0722590981918059,0
196778,-0.9598458838788433,-2.6641870756084534,-0.08048371099412527,0
196782,-0.9618600747692072,-2.6410238803692683,-0.07964446478980697,0
196786,-0.9586709391927977,-2.642198825055314,-0.07813382162203403,0
196789,-0.9677347981994354,-2.6354848554207675,-0.08770122835126268,0
196793,-0.9591744869153886,-2.63514915693904,-0.09726863508049134,0
196797,-0.9626993209735255,-2.6438773174639505,-0.09676508735790035,0
196801,-0.9593423361562523,-2.6395132372014953,-0.09659723811703669,0
196805,-0.9652170595864805,-2.6502555886167696,-0.07477683680476081,0
196809,-0.9633707179369801,-2.6542839703974974,-0.040871290150301366,0
196813,-0.9611886778057526,-2.663347829404135,-0.048592355230029756,0
196817,-0.9645456626230259,-2.6557946135652704,-0.05933470664530403,0
196788,,,,1
196821,-0.9586709391927977,-2.648073548485542,-0.08904402227817197,0
196825,-0.9561532005798428,-2.619371328297856,-0.09156176089112687,0
196828,-0.959510185397116,-2.627931639581903,-0.08954757000076295,0
196832,-0.9625314717326618,-2.6405203326466773,-0.09760433356221866,0
196836,-0.9781414511329823,-2.6571374074921796,-0.07813382162203403,0
196840,-0.9549782558937971,-2.642534523537041,-0.08518348973830778,0
196844,-0.9502784771496147,-2.6284351873044938,-0.08081940947585259,0
196848,-0.9489356832227054,-2.618867780575265,-0.08065156023498893,0
196852,-0.9538033112077515,-2.6161821927214466,-0.08014801251239795,0
196856,-0.9395361257343404,-2.643038071259632,-0.07259479667353322,0
196860,-0.9596780346379796,-2.634142061493858,-0.0761196307316701,0
196864,-0.9620279240100709,-2.627428091859312,-0.07158770122835126,0
196868,-0.9643778133821621,-2.630785076676585,-0.06705577172503242,0
196871,-0.9653849088273442,-2.6499198901350423,-0.07192339971007858,0
196875,-0.9652170595864805,-2.6517662317845425,-0.07796597238117037,0
196879,-0.957999542229343,-2.645052262149996,-0.08098725871671625,0
196883,-0.9672312504768444,-2.6410238803692683,-0.07460898756389715,0
196887,-0.9727702754253452,-2.651934081025406,-0.07544823376821545,0
196891,-0.9675669489585718,-2.6403524834058136,-0.08031586175326161,0
196895,-0.9643778133821621,-2.638673990997177,-0.07981231403067063,0
196899,-0.968909742885481,-2.6428702220187685,-0.07628747997253375,0
196903,-0.9645456626230259,-2.6452201113908598,-0.07796597238117037,0
196907,-0.9647135118638895,-2.647570000762951,-0.07998016327153429,0
196911,-0.9677347981994354,-2.642702372777905,-0.07628747997253375,0
196914,-0.9660563057907988,-2.656969558251316,-0.07091630426489662,0
196918,-0.9628671702143892,-2.6395132372014953,-0.07326619363698787,0
196922,-0.9650492103456169,-2.6410238803692683,-0.06940566109712368,0
196926,-0.9784771496147097,-2.653109025711452,-0.057656214236667426,0
196930,-0.9717631799801633,-2.66083009079118,-0.07561608300907911,0
196934,-0.9655527580682078,-2.653109025711452,-0.069741359578851,0
196938,-0.9668955519951171,-2.6329671168078126,-0.0675593194476234,0
196942,-0.9680704966811627,-2.6474021515220874,-0.07679102769512473,0
196946,-0.9492713817044327,-2.6403524834058136,-0.07511253528648813,0
196950,-0.9663920042725261,-2.6482413977264057,-0.07494468604562447,0
196953,-0.9660563057907988,-2.657976653696498,-0.07796597238117037,0
196957,-0.9692454413672084,-2.6616693369954985,-0.07746242465857939,0
196961,-0.9549782558937971,-2.638673990997177,-0.07494468604562447,0
196965,-0.9551461051346608,-2.6423666742961776,-0.07712672617685207,0
196969,-0.9551461051346608,-2.642702372777905,-0.06890211337453268,0
196973,-0.9519569695582513,-2.6364919508659495,-0.07528038452735179,0
196977,-0.9504463263904783,-2.642702372777905,-0.07998016327153429,0
196981,-0.9529640650034332,-2.6245746547646296,-0.07779812314030671,0
196985,-0.9524605172808422,-2.6220569161516747,-0.07712672617685207,0
196989,-0.9541390096894788,-2.62642099641413,-0.09407949950408179,0
196993,-0.94960708018616,-2.6192034790569925,-0.08031586175326161,0
196996,-0.957495994506752,-2.6156786449988556,-0.07947661554894331,0
197000,-0.9532997634851605,-2.6309529259174487,-0.08081940947585259,0
197004,-0.9553139543755245,-2.637666895551995,-0.08048371099412527,0
197008,-0.9583352407110703,-2.6324635690852216,-0.07763027389944305,0
197012,-0.9546425574120698,-2.6405203326466773,-0.07930876630807965,0
197016,-0.9751201647974365,-2.6487449454489966,-0.06453803311207751,0
197020,-0.9611886778057526,-2.656466010528725,-0.06940566109712368,0
197024,-0.9596780346379796,-2.6410238803692683,-0.07595178149080643,0
197028,-0.9655527580682078,-2.6457236591134508,-0.07108415350576028,0
197032,-0.9626993209735255,-2.6479056992446783,-0.07578393224994277,0
197036,-0.9457465476462958,-2.6205462729839017,-0.07427328908216983,0
197039,-0.9606851300831616,-2.6336385137712672,-0.07192339971007858,0
197043,-0.9578316929884794,-2.6314564736400397,-0.07880521858548867,0
197047,-0.9569924467841611,-2.6210498207064927,-0.0730983443961242,0
197051,-0.9615243762874799,-2.617021438925765,-0.07393759060044251,0
197055,-0.9611886778057526,-2.645052262149996,-0.0769588769359884,0
197059,-0.9581673914702067,-2.6314564736400397,-0.06990920881971466,0
197063,-0.9633707179369801,-2.639177538719768,-0.07779812314030671,0
197067,-0.9640421149004348,-2.6541161211566338,-0.08652628366521706,0
197071,-0.9635385671778438,-2.6489127946898603,-0.07108415350576028,0
197075,-0.9655527580682078,-2.6452201113908598,-0.060173952849622334,0
197079,-0.9638742656595711,-2.6566338597695887,-0.05362783245593957,0
197082,-0.9726024261844816,-2.655962462806134,-0.05580987258716716,0
197086,-0.9667277027542535,-2.6705653467612724,-0.06806286717021438,0
197090,-0.9522926680399786,-2.63514915693904,-0.07914091706721599,0
197094,-0.9563210498207064,-2.611985961699855,-0.07830167086289769,0
197098,-0.9668955519951171,-2.6166857404440376,-0.07729457541771573,0
197102,-0.9658884565499352,-2.6423666742961776,-0.07779812314030671,0
197106,-0.9786449988555733,-2.6606622415503165,-0.07578393224994277,0
197110,-0.958503089951934,-2.651430533302815,-0.06856641489280536,0
197114,-0.957999542229343,-2.6393453879606317,-0.07544823376821545,0
197118,-0.9630350194552528,-2.636156252384222,-0.07729457541771573,0
197121,-0.9647135118638895,-2.6448844129091325,-0.08014801251239795,0
197125,-0.9536354619668879,-2.627428091859312,-0.07511253528648813,0
197129,-0.9662241550316625,-2.645555809872587,-0.09156176089112687,0
197133,-0.9673990997177081,-2.642534523537041,-0.08786907759212634,0
197137,-0.9751201647974365,-2.652437628747997,-0.08484779125658044,0
197141,-0.9626993209735255,-2.6479056992446783,-0.08065156023498893,0
197145,-0.9603494316014343,-2.6364919508659495,-0.07981231403067063,0
197149,-0.9457465476462958,-2.6118181124589914,-0.07376974135957885,0
197153,-0.9479285877775234,-2.618028534370947,-0.07813382162203403,0
197157,-0.9504463263904783,-2.6331349660486763,-0.0705806057831693,0
197161,-0.9559853513389791,-2.6448844129091325,-0.07846952010376135,0
197164,-0.9679026474402991,-2.6497520408941786,-0.06890211337453268,0
197168,-0.9558175020981154,-2.655458915083543,-0.07444113832303349,0
197172,-0.9679026474402991,-2.6557946135652704,-0.06890211337453268,0
197176,-0.9665598535133898,-2.667376211184863,-0.0722590981918059,0
197180,-0.9650492103456169,-2.6532768749523155,-0.07007705806057832,0
197184,-0.9588387884336613,-2.6329671168078126,-0.07679102769512473,0
197188,-0.9620279240100709,-2.6354848554207675,-0.07376974135957885,0
197192,-0.9598458838788433,-2.6443808651865415,-0.07242694743266956,0
197196,-0.9804913405050736,-2.654451819638361,-0.06856641489280536,0
197200,-0.957999542229343,-2.6403524834058136,-0.07477683680476081,0
197204,-0.959510185397116,-2.6326314183260853,-0.07729457541771573,0
197207,-0.9610208285648889,-2.6400167849240863,-0.07209124895094224,0
197211,-0.9675669489585718,-2.636324101625086,-0.07595178149080643,0
197215,-0.9287937743190661,-2.644213015945678,-0.07561608300907911,0
197219,-0.9596780346379796,-2.6326314183260853,-0.0761196307316701,0
197223,-0.9598458838788433,-2.638673990997177,-0.07796597238117037,0
197227,-0.957495994506752,-2.626924544136721,-0.07427328908216983,0
197231,-0.9588387884336613,-2.622896162355993,-0.06369878690775921,0
197235,-0.9679026474402991,-2.637666895551995,-0.07427328908216983,0
197239,-0.9625314717326618,-2.6443808651865415,-0.0761196307316701,0
197243,-0.9613565270466162,-2.655962462806134,-0.07360189211871519,0
197246,-0.9610208285648889,-2.653109025711452,-0.07293049515526054,0
197250,-0.9610208285648889,-2.651934081025406,-0.07914091706721599,0
197254,-0.9615243762874799,-2.6296101319905394,-0.07628747997253375,0
197258,-0.9637064164187075,-2.639681086442359,-0.08132295719844358,0
197262,-0.9635385671778438,-2.643541618982223,-0.07024490730144198,0
197266,-0.9556496528572518,-2.642198825055314,-0.07880521858548867,0
197270,-0.9586709391927977,-2.6474021515220874,-0.07393759060044251,0
197274,-0.9561532005798428,-2.6232318608377203,-0.07393759060044251,0
197278,-0.9653849088273442,-2.6479056992446783,-0.07729457541771573,0
197282,-0.9621957732509345,-2.6378347447928587,-0.07108415350576028,0
197286,-0.9771343556878004,-2.6640192263675897,-0.06873426413366902,0
197289,-0.959006637674525,-2.6393453879606317,-0.07293049515526054,0
197293,-0.9640421149004348,-2.6541161211566338,-0.07242694743266956,0
197297,-0.9625314717326618,-2.6492484931715876,-0.08602273594262608,0
197301,-0.9605172808422979,-2.6507591363393606,-0.07360189211871519,0
197305,-0.951117723353933,-2.6311207751583123,-0.06437018387121385,0
197309,-0.9616922255283435,-2.61953917753872,-0.0705806057831693,0
197313,-0.9420538643472953,-2.644045166704814,-0.07175555046921492,0
197317,-0.9633707179369801,-2.6443808651865415,-0.08384069581139848,0
197321,-0.9544747081712062,-2.6410238803692683,-0.07376974135957885,0
197325,-0.9640421149004348,-2.652605477988861,-0.07628747997253375,0
197329,-0.9578316929884794,-2.642534523537041,-0.07561608300907911,0
197332,-0.9637064164187075,-2.643541618982223,-0.07544823376821545,0
197336,-0.969413290608072,-2.659319447623407,-0.07444113832303349,0
197340,-0.9635385671778438,-2.6497520408941786,-0.07830167086289769,0
197344,-0.9586709391927977,-2.646059357595178,-0.07242694743266956,0
197348,-0.9581673914702067,-2.6349813076981765,-0.07830167086289769,0
197352,-0.9655527580682078,-2.6408560311284046,-0.07645532921339741,0
197356,-0.9647135118638895,-2.6428702220187685,-0.07192339971007858,0
197360,-0.9593423361562523,-2.6403524834058136,-0.07427328908216983,0
197364,-0.9675669489585718,-2.635317006179904,-0.07528038452735179,0
197368,-0.9601815823605706,-2.6294422827496757,-0.07729457541771573,0
197372,-0.9576638437476157,-2.6197070267795834,-0.07511253528648813,0
197375,-0.9769665064469367,-2.6556267643244067,-0.0658808270389868,0
197379,-0.9601815823605706,-2.642534523537041,-0.07108415350576028,0
197383,-0.9687418936446174,-2.6472343022812237,-0.0722590981918059,0
197387,-0.9616922255283435,-2.6304493781948577,-0.07628747997253375,0
197391,-0.9690775921263447,-2.641695277332723,-0.07712672617685207,0
197395,-0.9569924467841611,-2.6314564736400397,-0.06353093766689555,0
197399,-0.9650492103456169,-2.635820553902495,-0.07393759060044251,0
197403,-0.9663920042725261,-2.6502555886167696,-0.07175555046921492,0
197407,-0.9715953307392996,-2.6596551461051345,-0.07796597238117037,0
197411,-0.9618600747692072,-2.644213015945678,-0.06890211337453268,0
197414,-0.9598458838788433,-2.6463950560769054,-0.07125200274662394,0
197418,-0.9625314717326618,-2.6463950560769054,-0.07628747997253375,0
197422,-0.9598458838788433,-2.650087739375906,-0.08786907759212634,0
197426,-0.9633707179369801,-2.651094834821088,-0.07729457541771573,0
197430,-0.958503089951934,-2.6489127946898603,-0.08098725871671625,0
197434,-0.9685740444037537,-2.6507591363393606,-0.07376974135957885,0
197438,-0.959006637674525,-2.631288624399176,-0.07494468604562447,0
197442,-0.9524605172808422,-2.6286030365453574,-0.07998016327153429,0
197446,-0.957999542229343,-2.6304493781948577,-0.07125200274662394,0
197450,-0.9596780346379796,-2.6326314183260853,-0.07729457541771573,0
197454,-0.9573281452658884,-2.6326314183260853,-0.07427328908216983,0
197457,-0.9626993209735255,-2.6369954985885404,-0.07376974135957885,0
197461,-0.9601815823605706,-2.6336385137712672,-0.07830167086289769,0
197465,-0.977302204928664,-2.6735866330968183,-0.07125200274662394,0
197469,-0.9606851300831616,-2.661837186236362,-0.07544823376821545,0
197473,-0.9637064164187075,-2.6546196688792247,-0.07645532921339741,0
197477,-0.9638742656595711,-2.6596551461051345,-0.07511253528648813,0
197481,-0.9603494316014343,-2.6433737697413595,-0.0769588769359884,0
197485,-0.9569924467841611,-2.6331349660486763,-0.06420233463035019,0
197489,-0.958503089951934,-2.639681086442359,-0.07444113832303349,0
197493,-0.9610208285648889,-2.6453879606317234,-0.07645532921339741,0
197497,-0.9593423361562523,-2.638673990997177,-0.07964446478980697,0
197500,-0.9566567483024337,-2.625917448691539,-0.08031586175326161,0
197504,-0.9620279240100709,-2.6291065842679484,-0.07998016327153429,0
197508,-0.9647135118638895,-2.6405203326466773,-0.07880521858548867,0
197512,-0.9576638437476157,-2.6247425040054932,-0.07679102769512473,0
197516,-0.957999542229343,-2.6309529259174487,-0.07897306782635233,0
197520,-0.9576638437476157,-2.6212176699473564,-0.07561608300907911,0
197524,-0.9615243762874799,-2.618364232852674,-0.07091630426489662,0
197528,-0.9603494316014343,-2.622896162355993,-0.07041275654230564,0
197532,-0.9566567483024337,-2.6210498207064927,-0.07679102769512473,0
197536,-0.9638742656595711,-2.6438773174639505,-0.06050965133134966,0
197539,-0.9637064164187075,-2.644548714427405,-0.07125200274662394,0
197543,-0.9593423361562523,-2.6413595788509956,-0.07897306782635233,0
197547,-0.9660563057907988,-2.6573052567330433,-0.07846952010376135,0
197551,-0.9628671702143892,-2.644716563668269,-0.07628747997253375,0
197555,-0.9766308079652094,-2.668215457389181,-0.0761196307316701,0
197559,-0.9606851300831616,-2.659822995345998,-0.07494468604562447,0
197563,-0.9640421149004348,-2.6588158999008162,-0.07376974135957885,0
197567,-0.9611886778057526,-2.6631799801632714,-0.07209124895094224,0
197571,-0.9626993209735255,-2.655962462806134,-0.07460898756389715,0
197575,-0.9630350194552528,-2.646562905317769,-0.06185244525825894,0
197579,-0.9650492103456169,-2.6408560311284046,-0.07175555046921492,0
197582,-0.9616922255283435,-2.6250782024872206,-0.0769588769359884,0
197586,-0.9621957732509345,-2.632295719844358,-0.08652628366521706,0
197590,-0.9632028686961165,-2.6408560311284046,-0.07998016327153429,0
197594,-0.9591744869153886,-2.6380025940337224,-0.0730983443961242,0
197598,-0.9640421149004348,-2.64706645304036,-0.0730983443961242,0
197602,-0.9593423361562523,-2.6400167849240863,-0.07477683680476081,0
197606,-0.9665598535133898,-2.663347829404135,-0.07679102769512473,0
197610,-0.9581673914702067,-2.6433737697413595,-0.08132295719844358,0
197614,-0.9559853513389791,-2.6561303120469977,-0.07662317845426107,0
197597,,,,1
197618,-0.9559853513389791,-2.6576409552147706,-0.07410543984130617,0
197622,-0.9670634012359808,-2.6314564736400397,-0.07494468604562447,0
197625,-0.9633707179369801,-2.6418631265735866,-0.07091630426489662,0
197629,-0.9598458838788433,-2.643205920500496,-0.07074845502403296,0
197633,-0.9628671702143892,-2.6369954985885404,-0.07528038452735179,0
197637,-0.9653849088273442,-2.650591287098497,-0.07192339971007858,0
197641,-0.9673990997177081,-2.644045166704814,-0.06890211337453268,0
197645,-0.9726024261844816,-2.6497520408941786,-0.07528038452735179,0
197649,-0.9623636224917982,-2.646562905317769,-0.06437018387121385,0
197653,-0.9576638437476157,-2.6304493781948577,-0.06739147020675974,0
197657,-0.9727702754253452,-2.645555809872587,-0.07444113832303349,0
197661,-0.9655527580682078,-2.643205920500496,-0.06386663614862287,0
197665,-0.9637064164187075,-2.650087739375906,-0.059838254367895014,0
197668,-0.9667277027542535,-2.6636835278858624,-0.07376974135957885,0
197672,-0.9620279240100709,-2.643709468223087,-0.07259479667353322,0
197676,-0.9660563057907988,-2.657473105973907,-0.07947661554894331,0
197680,-0.9690775921263447,-2.6462272068360417,-0.07779812314030671,0
197684,-0.9586709391927977,-2.6472343022812237,-0.09374380102235447,0
197688,-0.9601815823605706,-2.6418631265735866,-0.10515754940108339,0
197692,-0.9695811398489357,-2.6388418402380407,-0.10163271534294652,0
197696,-0.9643778133821621,-2.63330281528954,-0.09089036392767223,0
197700,-0.9610208285648889,-2.641191729610132,-0.06688792248416876,0
197704,-0.9620279240100709,-2.635652704661631,-0.043221179522392614,0
197707,-0.960013733119707,-2.6390096894789044,-0.03382162203402762,0
197711,-0.9626993209735255,-2.6438773174639505,-0.06638437476157778,0
197715,-0.9543068589303425,-2.634142061493858,-0.09223315785458151,0
197719,-0.9534676127260242,-2.618867780575265,-0.09357595178149081,0
197723,-0.9586709391927977,-2.6321278706034943,-0.09038681620508125,0
197727,-0.9652170595864805,-2.6507591363393606,-0.08434424353398946,0
197731,-0.9623636224917982,-2.6400167849240863,-0.08518348973830778,0
197735,-0.9628671702143892,-2.6296101319905394,-0.07662317845426107,0
197739,-0.9472571908140688,-2.6212176699473564,-0.07914091706721599,0
197743,-0.9452429999237049,-2.6626764324406804,-0.08081940947585259,0
197747,-0.9504463263904783,-2.652941176470588,-0.08283360036621652,0
197750,-0.9586709391927977,-2.6479056992446783,-0.07830167086289769,0
197754,-0.9601815823605706,-2.641695277332723,-0.06537727931639582,0
197758,-0.960013733119707,-2.6405203326466773,-0.07645532921339741,0
197762,-0.9729381246662089,-2.6457236591134508,-0.0730983443961242,0
197766,-0.9638742656595711,-2.654955367360952,-0.06789501792935072,0
197770,-0.9679026474402991,-2.6537804226749064,-0.06688792248416876,0
197774,-0.9680704966811627,-2.6532768749523155,-0.06336308842603189,0
197778,-0.9658884565499352,-2.6630121309224077,-0.07930876630807965,0
197782,-0.9645456626230259,-2.6542839703974974,-0.07293049515526054,0
197786,-0.9722667277027542,-2.646059357595178,-0.08182650492103456,0
197790,-0.9645456626230259,-2.6499198901350423,-0.07477683680476081,0
197793,-0.9610208285648889,-2.650926985580224,-0.08098725871671625,0
197797,-0.9707560845349813,-2.6630121309224077,-0.07897306782635233,0
197801,-0.9635385671778438,-2.652605477988861,-0.07427328908216983,0
197805,-0.9665598535133898,-2.6667048142214083,-0.07494468604562447,0
197809,-0.9633707179369801,-2.65898374914168,-0.07276264591439688,0
197813,-0.9647135118638895,-2.6557946135652704,-0.07460898756389715,0
197817,-0.9648813611047532,-2.650926985580224,-0.07242694743266956,0
197821,-0.9675669489585718,-2.6443808651865415,-0.07427328908216983,0
197825,-0.9692454413672084,-2.651430533302815,-0.07830167086289769,0
197829,-0.9675669489585718,-2.648073548485542,-0.07897306782635233,0
197832,-0.9672312504768444,-2.6453879606317234,-0.08384069581139848,0
197836,-0.9610208285648889,-2.6479056992446783,-0.0769588769359884,0
197840,-0.9616922255283435,-2.6304493781948577,-0.07578393224994277,0
197844,-0.9638742656595711,-2.65394827191577,-0.06269169146257725,0
197848,-0.9563210498207064,-2.621889066910811,-0.07578393224994277,0
197852,-0.9564888990615701,-2.62138551918822,-0.07947661554894331,0
197856,-0.960013733119707,-2.6405203326466773,-0.07846952010376135,0
197860,-0.9586709391927977,-2.6415274280918593,-0.07209124895094224,0
197864,-0.9544747081712062,-2.644045166704814,-0.07830167086289769,0
197868,-0.9578316929884794,-2.636324101625086,-0.08300144960708018,0
197872,-0.9616922255283435,-2.6260852979324025,-0.07528038452735179,0
197875,-0.9616922255283435,-2.618028534370947,-0.06789501792935072,0
197879,-0.9645456626230259,-2.636156252384222,-0.07998016327153429,0
197883,-0.9549782558937971,-2.6304493781948577,-0.07712672617685207,0
197887,-0.9576638437476157,-2.61953917753872,-0.08048371099412527,0
197891,-0.959510185397116,-2.628770885786221,-0.0769588769359884,0
197895,-0.959006637674525,-2.623903257801175,-0.08081940947585259,0
197899,-0.9569924467841611,-2.616517891203174,-0.07276264591439688,0
197903,-0.9632028686961165,-2.634142061493858,-0.07830167086289769,0
197907,-0.9637064164187075,-2.6390096894789044,-0.07914091706721599,0
197911,-0.9598458838788433,-2.643541618982223,-0.07628747997253375,0
197915,-0.960013733119707,-2.6418631265735866,-0.08619058518348974,0
197918,-0.9606851300831616,-2.6494163424124513,-0.0714198519874876,0
197922,-0.9561532005798428,-2.6222247653925383,-0.07578393224994277,0
197926,-0.970420386053254,-2.635652704661631,-0.07175555046921492,0
197930,-0.969413290608072,-2.6541161211566338,-0.07326619363698787,0
197934,-0.9544747081712062,-2.650591287098497,-0.057991912718394746,0
197938,-0.9601815823605706,-2.6378347447928587,-0.07376974135957885,0
197942,-0.9621957732509345,-2.627763790341039,-0.06890211337453268,0
197946,-0.9647135118638895,-2.6385061417563134,-0.07125200274662394,0
197950,-0.9581673914702067,-2.635317006179904,-0.06638437476157778,0
197954,-0.9536354619668879,-2.6235675593194476,-0.07192339971007858,0
197958,-0.9613565270466162,-2.6474021515220874,-0.08048371099412527,0
197961,-0.9618600747692072,-2.636659800106813,-0.08686198214694438,0
197965,-0.9616922255283435,-2.6255817502098115,-0.08770122835126268,0
197969,-0.9598458838788433,-2.6410238803692683,-0.07645532921339741,0
197973,-0.9637064164187075,-2.643205920500496,-0.06319523918516823,0
197977,-0.9668955519951171,-2.6299458304722667,-0.051949340047302964,0
197981,-0.9613565270466162,-2.6489127946898603,-0.060006103608758674,0
197985,-0.9514534218356603,-2.6270923933775845,-0.07863736934462501,0
197989,-0.9548104066529335,-2.624406805523766,-0.07578393224994277,0
197993,-0.9613565270466162,-2.644548714427405,-0.07595178149080643,0
197997,-0.9653849088273442,-2.655962462806134,-0.07679102769512473,0
198000,-0.9658884565499352,-2.659822995345998,-0.0841763942931258,0
198004,-0.9554818036163881,-2.6423666742961776,-0.09089036392767223,0
198008,-0.9558175020981154,-2.6556267643244067,-0.09475089646753643,0
198012,-0.9628671702143892,-2.6403524834058136,-0.07662317845426107,0
198016,-0.9613565270466162,-2.654955367360952,-0.0730983443961242,0
198020,-0.9734416723887999,-2.66083009079118,-0.07242694743266956,0
198024,-0.9628671702143892,-2.6433737697413595,-0.05832761120012207,0
198028,-0.9630350194552528,-2.6368276493476768,-0.07645532921339741,0
198032,-0.9593423361562523,-2.634645609216449,-0.07930876630807965,0
198036,-0.9588387884336613,-2.624406805523766,-0.07645532921339741,0
198040,-0.9559853513389791,-2.64706645304036,-0.07595178149080643,0
198043,-0.9553139543755245,-2.646562905317769,-0.07863736934462501,0
198047,-0.9620279240100709,-2.6390096894789044,-0.06772716868848706,0
198051,-0.9578316929884794,-2.6378347447928587,-0.06353093766689555,0
198055,-0.9621957732509345,-2.6329671168078126,-0.0675593194476234,0
198059,-0.957495994506752,-2.61953917753872,-0.06856641489280536,0
198063,-0.9596780346379796,-2.6286030365453574,-0.07376974135957885,0
198067,-0.9538033112077515,-2.630281528953994,-0.06688792248416876,0
198071,-0.9558175020981154,-2.6492484931715876,-0.08065156023498893,0
198075,-0.9613565270466162,-2.6557946135652704,-0.07544823376821545,0
198079,-0.9647135118638895,-2.6536125734340428,-0.06739147020675974,0
198083,-0.9611886778057526,-2.6581445029373616,-0.07981231403067063,0
198086,-0.9650492103456169,-2.6536125734340428,-0.07897306782635233,0
198090,-0.9637064164187075,-2.6499198901350423,-0.08384069581139848,0
198094,-0.9652170595864805,-2.65394827191577,-0.09156176089112687,0
198098,-0.9637064164187075,-2.650926985580224,-0.08199435416189822,0
198102,-0.9640421149004348,-2.6561303120469977,-0.08132295719844358,0
198106,-0.9616922255283435,-2.632295719844358,-0.08484779125658044,0
198110,-0.9628671702143892,-2.6291065842679484,-0.07863736934462501,0
198114,-0.9645456626230259,-2.639177538719768,-0.06856641489280536,0
198118,-0.9679026474402991,-2.645555809872587,-0.08031586175326161,0
198122,-0.9642099641412984,-2.637163347829404,-0.07511253528648813,0
198125,-0.957495994506752,-2.622392614633402,-0.0769588769359884,0
198129,-0.9621957732509345,-2.623903257801175,-0.07293049515526054,0
198133,-0.9642099641412984,-2.6289387350270847,-0.07427328908216983,0
198137,-0.960013733119707,-2.6420309758144502,-0.08384069581139848,0
198141,-0.9621957732509345,-2.633806363012131,-0.07998016327153429,0
198145,-0.9677347981994354,-2.6354848554207675,-0.0730983443961242,0
198149,-0.9707560845349813,-2.660326543068589,-0.07914091706721599,0
198153,-0.9626993209735255,-2.65210193026627,-0.08132295719844358,0
198157,-0.9606851300831616,-2.648577096208133,-0.07410543984130617,0
198161,-0.959510185397116,-2.6373311970702678,-0.07897306782635233,0
198165,-0.959510185397116,-2.632295719844358,-0.08014801251239795,0
198168,-0.9616922255283435,-2.6200427252613108,-0.07175555046921492,0
198172,-0.9638742656595711,-2.6453879606317234,-0.08350499732967116,0
198176,-0.960013733119707,-2.648073548485542,-0.07981231403067063,0
198180,-0.9564888990615701,-2.6306172274357214,-0.07041275654230564,0
198184,-0.9563210498207064,-2.6087968261234455,-0.09458304722667277,0
198188,-0.960013733119707,-2.635820553902495,-0.07947661554894331,0
198192,-0.9504463263904783,-2.6405203326466773,-0.07561608300907911,0
198196,-0.9632028686961165,-2.6472343022812237,-0.07930876630807965,0
198200,-0.9660563057907988,-2.65210193026627,-0.07444113832303349,0
198204,-0.9559853513389791,-2.6566338597695887,-0.05413138017853055,0
198208,-0.9581673914702067,-2.64018463416495,-0.08048371099412527,0
198211,-0.9628671702143892,-2.6354848554207675,-0.07679102769512473,0
198215,-0.9596780346379796,-2.631792172121767,-0.07108415350576028,0
198219,-0.9603494316014343,-2.6299458304722667,-0.08014801251239795,0
198223,-0.9616922255283435,-2.619371328297856,-0.07779812314030671,0
198227,-0.9625314717326618,-2.6334706645304036,-0.07376974135957885,0
198231,-0.9660563057907988,-2.6522697795071335,-0.07444113832303349,0
198235,-0.9673990997177081,-2.6433737697413595,-0.06806286717021438,0
198239,-0.9630350194552528,-2.631792172121767,-0.06520943007553215,0
198243,-0.9601815823605706,-2.627931639581903,-0.06420233463035019,0
198247,-0.9638742656595711,-2.647570000762951,-0.07578393224994277,0
198251,-0.9613565270466162,-2.6552910658426794,-0.07427328908216983,0
198254,-0.9640421149004348,-2.6588158999008162,-0.07796597238117037,0
198258,-0.9632028686961165,-2.6512626840619515,-0.07914091706721599,0
198262,-0.9526283665217059,-2.6385061417563134,-0.07628747997253375,0
198266,-0.9606851300831616,-2.6458915083543144,-0.07528038452735179,0
198270,-0.9628671702143892,-2.6369954985885404,-0.07914091706721599,0
198274,-0.9605172808422979,-2.643038071259632,-0.09307240405889983,0
198278,-0.9573281452658884,-2.6380025940337224,-0.0855191882200351,0
198282,-0.9598458838788433,-2.640688181887541,-0.07393759060044251,0
198286,-0.9611886778057526,-2.6552910658426794,-0.08316929884794384,0
198290,-0.9603494316014343,-2.6438773174639505,-0.07326619363698787,0
198293,-0.9647135118638895,-2.6479056992446783,-0.06520943007553215,0
198297,-0.9650492103456169,-2.648577096208133,-0.07376974135957885,0
198301,-0.9613565270466162,-2.6588158999008162,-0.0816586556801709,0
198305,-0.9469214923323415,-2.6217212176699474,-0.07326619363698787,0
198309,-0.9608529793240252,-2.6354848554207675,-0.07763027389944305,0
198313,-0.9576638437476157,-2.6245746547646296,-0.07528038452735179,0
198317,-0.9611886778057526,-2.6452201113908598,-0.07779812314030671,0
198321,-0.9593423361562523,-2.637163347829404,-0.07930876630807965,0
198325,-0.9682383459220264,-2.6301136797131304,-0.07662317845426107,0
198329,-0.9628671702143892,-2.6321278706034943,-0.07813382162203403,0
198333,-0.9626993209735255,-2.6378347447928587,-0.07930876630807965,0
198336,-0.957999542229343,-2.633806363012131,-0.07561608300907911,0
198340,-0.9593423361562523,-2.6316243228809033,-0.07343404287785153,0
198344,-0.9643778133821621,-2.629777981231403,-0.07561608300907911,0
198348,-0.9640421149004348,-2.6479056992446783,-0.08602273594262608,0
198352,-0.9645456626230259,-2.6499198901350423,-0.07343404287785153,0
198356,-0.9643778133821621,-2.642702372777905,-0.07578393224994277,0
198360,-0.9620279240100709,-2.6378347447928587,-0.07746242465857939,0
198364,-0.9638742656595711,-2.6504234378576332,-0.1038147554741741,0
198368,-0.9605172808422979,-2.6472343022812237,-0.07914091706721599,0
198372,-0.9596780346379796,-2.6398489356832227,-0.07645532921339741,0
198376,-0.9611886778057526,-2.654955367360952,-0.07981231403067063,0
198379,-0.9529640650034332,-2.6373311970702678,-0.07511253528648813,0
198383,-0.958503089951934,-2.641191729610132,-0.06386663614862287,0
198387,-0.9638742656595711,-2.6542839703974974,-0.07444113832303349,0
198391,-0.9606851300831616,-2.652437628747997,-0.07712672617685207,0
198395,-0.9632028686961165,-2.6517662317845425,-0.07343404287785153,0
198399,-0.9583352407110703,-2.6344777599755855,-0.0730983443961242,0
198403,-0.9586709391927977,-2.6415274280918593,-0.07662317845426107,0
198407,-0.9613565270466162,-2.6537804226749064,-0.07880521858548867,0
198411,-0.969916838330663,-2.650591287098497,-0.07108415350576028,0
198415,-0.9657206073090715,-2.649080643930724,-0.08115510795757992,0
198418,-0.9667277027542535,-2.6656977187762263,-0.07679102769512473,0
198422,-0.9647135118638895,-2.6571374074921796,-0.07578393224994277,0
198426,-0.9650492103456169,-2.6507591363393606,-0.07763027389944305,0
198430,-0.9652170595864805,-2.6601586938277255,-0.07846952010376135,0
198434,-0.9623636224917982,-2.644213015945678,-0.08518348973830778,0
198438,-0.9643778133821621,-2.6380025940337224,-0.07595178149080643,0
198442,-0.9608529793240252,-2.6398489356832227,-0.07763027389944305,0
198446,-0.9598458838788433,-2.6458915083543144,-0.0722590981918059,0
198450,-0.9611886778057526,-2.6606622415503165,-0.07360189211871519,0
198454,-0.957999542229343,-2.6438773174639505,-0.09475089646753643,0
198458,-0.958503089951934,-2.642534523537041,-0.06957351033798734,0
198461,-0.9660563057907988,-2.6561303120469977,-0.06705577172503242,0
198465,-0.9615243762874799,-2.6364919508659495,-0.07544823376821545,0
198469,-0.9620279240100709,-2.6291065842679484,-0.07981231403067063,0
198473,-0.9573281452658884,-2.630785076676585,-0.06940566109712368,0
198477,-0.9630350194552528,-2.6294422827496757,-0.07259479667353322,0
198481,-0.9615243762874799,-2.617524986648356,-0.07880521858548867,0
198485,-0.9524605172808422,-2.6227283131151293,-0.07528038452735179,0
198489,-0.9652170595864805,-2.6479056992446783,-0.07964446478980697,0
198493,-0.9630350194552528,-2.6380025940337224,-0.07897306782635233,0
198497,-0.9625314717326618,-2.6415274280918593,-0.06957351033798734,0
198501,-0.9591744869153886,-2.6374990463111314,-0.07746242465857939,0
198504,-0.9616922255283435,-2.6260852979324025,-0.08014801251239795,0
198508,-0.9647135118638895,-2.6354848554207675,-0.07746242465857939,0
198506,,,,1
198512,-0.9633707179369801,-2.646059357595178,-0.08585488670176242,0
198516,-0.9596780346379796,-2.637666895551995,-0.07763027389944305,0
198520,-0.9613565270466162,-2.6547875181200884,-0.07158770122835126,0
198524,-0.9655527580682078,-2.6492484931715876,-0.07645532921339741,0
198528,-0.9662241550316625,-2.6576409552147706,-0.07595178149080643,0
198532,-0.9625314717326618,-2.6482413977264057,-0.07091630426489662,0
198536,-0.9621957732509345,-2.635820553902495,-0.07444113832303349,0
198540,-0.9620279240100709,-2.6349813076981765,-0.07393759060044251,0
198544,-0.957999542229343,-2.6349813076981765,-0.09777218280308232,0
198547,-0.9598458838788433,-2.643205920500496,-0.07460898756389715,0
198551,-0.9615243762874799,-2.626253147173266,-0.08048371099412527,0
198555,-0.9606851300831616,-2.6393453879606317,-0.08535133897917144,0
198559,-0.9593423361562523,-2.6380025940337224,-0.0730983443961242,0
198563,-0.9628671702143892,-2.631792172121767,-0.06621652552071412,0
198567,-0.9621957732509345,-2.636659800106813,-0.06571297779812314,0
198571,-0.9591744869153886,-2.6383382925154497,-0.06554512855725948,0
198575,-0.9588387884336613,-2.627428091859312,-0.07024490730144198,0
198579,-0.9635385671778438,-2.635317006179904,-0.06134889753566796,0
198583,-0.9642099641412984,-2.631288624399176,-0.07578393224994277,0
198586,-0.9618600747692072,-2.6334706645304036,-0.06722362096589608,0
198590,-0.9630350194552528,-2.632799267566949,-0.07242694743266956,0
198594,-0.9583352407110703,-2.629777981231403,-0.07914091706721599,0
198598,-0.969413290608072,-2.6472343022812237,-0.08602273594262608,0
198602,-0.9687418936446174,-2.650591287098497,-0.09441519798580911,0
198606,-0.9625314717326618,-2.6489127946898603,-0.10985732814526589,0
198610,-0.9613565270466162,-2.660997940032044,-0.09676508735790035,0
198614,-0.9601815823605706,-2.644548714427405,-0.06940566109712368,0
198618,-0.9685740444037537,-2.6494163424124513,-0.03801785305561913,0
198622,-0.9620279240100709,-2.6403524834058136,-0.02945754177157244,0
198626,-0.9611886778057526,-2.6504234378576332,-0.05950255588616769,0
198629,-0.9543068589303425,-2.6378347447928587,-0.09038681620508125,0
198633,-0.9529640650034332,-2.631288624399176,-0.0982757305256733,0
198637,-0.9598458838788433,-2.637666895551995,-0.08937972075989929,0
198641,-0.9628671702143892,-2.633806363012131,-0.07846952010376135,0
198645,-0.9613565270466162,-2.6522697795071335,-0.07897306782635233,0
198649,-0.9475928892957961,-2.6252460517280842,-0.07511253528648813,0
198653,-0.9509498741130693,-2.6034256504158084,-0.07846952010376135,0
198657,-0.9465857938506141,-2.604600595101854,-0.07830167086289769,0
198661,-0.9522926680399786,-2.602754253452354,-0.08434424353398946,0
198665,-0.9475928892957961,-2.6082932784008546,-0.08384069581139848,0
198669,-0.9576638437476157,-2.6034256504158084,-0.07930876630807965,0
198672,-0.9640421149004348,-2.636156252384222,-0.07763027389944305,0
198676,-0.9633707179369801,-2.640688181887541,-0.07343404287785153,0
198680,-0.9628671702143892,-2.632799267566949,-0.0675593194476234,0
198684,-0.9586709391927977,-2.639681086442359,-0.07779812314030671,0
198688,-0.9685740444037537,-2.651598382543679,-0.06621652552071412,0
198692,-0.9665598535133898,-2.6667048142214083,-0.0730983443961242,0
198696,-0.9628671702143892,-2.6458915083543144,-0.08149080643930724,0
198700,-0.9606851300831616,-2.6462272068360417,-0.07729457541771573,0
198704,-0.9796520943007553,-2.659319447623407,-0.08132295719844358,0
198708,-0.9626993209735255,-2.6542839703974974,-0.08098725871671625,0
198711,-0.9680704966811627,-2.6537804226749064,-0.07293049515526054,0
198715,-0.9613565270466162,-2.6635156786449987,-0.07930876630807965,0
198719,-0.9633707179369801,-2.6527733272297245,-0.0714198519874876,0
198723,-0.9596780346379796,-2.6405203326466773,-0.06722362096589608,0
198727,-0.9613565270466162,-2.655458915083543,-0.0722590981918059,0
198731,-0.9588387884336613,-2.637163347829404,-0.069741359578851,0
198735,-0.9563210498207064,-2.612993057145037,-0.06638437476157778,0
198739,-0.9633707179369801,-2.6296101319905394,-0.07343404287785153,0
198743,-0.9616922255283435,-2.6217212176699474,-0.07360189211871519,0
198747,-0.9601815823605706,-2.6294422827496757,-0.08065156023498893,0
198751,-0.9652170595864805,-2.6494163424124513,-0.07897306782635233,0
198754,-0.9601815823605706,-2.641191729610132,-0.08518348973830778,0
198758,-0.9598458838788433,-2.643205920500496,-0.07897306782635233,0
198762,-0.960013733119707,-2.6484092469672693,-0.0824979018844892,0
198766,-0.9608529793240252,-2.6541161211566338,-0.08484779125658044,0
198770,-0.9606851300831616,-2.650926985580224,-0.08937972075989929,0
198774,-0.9534676127260242,-2.6280994888227664,-0.08602273594262608,0
198778,-0.957495994506752,-2.6200427252613108,-0.08484779125658044,0
198782,-0.9477607385366598,-2.6240711070420386,-0.08266575112535286,0
198786,-0.9596780346379796,-2.6247425040054932,-0.0722590981918059,0
198790,-0.9546425574120698,-2.636659800106813,-0.06319523918516823,0
198794,-0.9460822461280232,-2.6128252079041734,-0.07578393224994277,0
198797,-0.9538033112077515,-2.6217212176699474,-0.07393759060044251,0
198801,-0.9563210498207064,-2.607118333714809,-0.07628747997253375,0
198805,-0.9581673914702067,-2.617357137407492,-0.07393759060044251,0
198809,-0.9610208285648889,-2.6306172274357214,-0.0761196307316701,0
198813,-0.9596780346379796,-2.6296101319905394,-0.07343404287785153,0
198817,-0.9630350194552528,-2.6294422827496757,-0.07125200274662394,0
198821,-0.9650492103456169,-2.640688181887541,-0.07863736934462501,0
198825,-0.9682383459220264,-2.6374990463111314,-0.07091630426489662,0
198829,-0.9603494316014343,-2.6354848554207675,-0.07175555046921492,0
198833,-0.9650492103456169,-2.641695277332723,-0.07763027389944305,0
198837,-0.9650492103456169,-2.645052262149996,-0.07528038452735179,0
198840,-0.9679026474402991,-2.6468986037994964,-0.07494468604562447,0
198844,-0.9682383459220264,-2.642534523537041,-0.07494468604562447,0
198848,-0.9655527580682078,-2.6433737697413595,-0.07511253528648813,0
198852,-0.9591744869153886,-2.6373311970702678,-0.07041275654230564,0
198856,-0.9650492103456169,-2.6433737697413595,-0.09055466544594491,0
198860,-0.9645456626230259,-2.6467307545586327,-0.06487373159380483,0
198864,-0.959510185397116,-2.635317006179904,-0.08065156023498893,0
198868,-0.986198214694438,-2.66771190966659,-0.08870832379644464,0
198872,-0.9655527580682078,-2.6568017090104523,-0.06487373159380483,0
198876,-0.9586709391927977,-2.6502555886167696,-0.07175555046921492,0
198879,-0.9462500953688868,-2.6171892881666285,-0.09105821316853589,0
198883,-0.951117723353933,-2.615007248035401,-0.07880521858548867,0
198887,-0.9559853513389791,-2.6420309758144502,-0.0667200732433051,0
198891,-0.9660563057907988,-2.653109025711452,-0.04775310902571145,0
198895,-0.9707560845349813,-2.664354924849317,-0.06604867627985046,0
198899,-0.9679026474402991,-2.6562981612878613,-0.07578393224994277,0
198903,-0.9452429999237049,-2.681139848935683,-0.07947661554894331,0
198907,-0.9687418936446174,-2.666369115739681,-0.07981231403067063,0
198911,-0.9672312504768444,-2.6512626840619515,-0.08098725871671625,0
198915,-0.9719310292210269,-2.670397497520409,-0.07511253528648813,0
198919,-0.9726024261844816,-2.6636835278858624,-0.08400854505226214,0
198922,-0.9628671702143892,-2.6479056992446783,-0.08585488670176242,0
198926,-0.9741130693522545,-2.660997940032044,-0.07410543984130617,0
198930,-0.9687418936446174,-2.6576409552147706,-0.07494468604562447,0
198934,-0.9687418936446174,-2.6641870756084534,-0.07813382162203403,0
198938,-0.9700846875715267,-2.6552910658426794,-0.07981231403067063,0
198942,-0.9667277027542535,-2.6685511558709085,-0.08132295719844358,0
198946,-0.9630350194552528,-2.649080643930724,-0.07796597238117037,0
198950,-0.9576638437476157,-2.629777981231403,-0.07460898756389715,0
198954,-0.9449073014419775,-2.6552910658426794,-0.07041275654230564,0
198958,-0.9638742656595711,-2.6566338597695887,-0.0714198519874876,0
198962,-0.9761272602426184,-2.6709010452429998,-0.07125200274662394,0
198965,-0.9642099641412984,-2.648073548485542,-0.07175555046921492,0
198969,-0.9648813611047532,-2.649080643930724,-0.06890211337453268,0
198973,-0.9665598535133898,-2.6646906233310443,-0.06772716868848706,0
198977,-0.9668955519951171,-2.6364919508659495,-0.06940566109712368,0
198981,-0.9690775921263447,-2.642534523537041,-0.06722362096589608,0
198985,-0.9700846875715267,-2.6492484931715876,-0.060006103608758674,0
198989,-0.9660563057907988,-2.6573052567330433,-0.06269169146257725,0
198993,-0.9677347981994354,-2.647570000762951,-0.05262073701075761,0
198997,-0.9660563057907988,-2.656466010528725,-0.0683985656519417,0
199001,-0.9690775921263447,-2.6532768749523155,-0.07242694743266956,0
199004,-0.9736095216296635,-2.652605477988861,-0.06890211337453268,0
199008,-0.9680704966811627,-2.650591287098497,-0.06890211337453268,0
199012,-0.9731059739070725,-2.6532768749523155,-0.07360189211871519,0
199016,-0.9722667277027542,-2.6472343022812237,-0.07628747997253375,0
199020,-0.9668955519951171,-2.6316243228809033,-0.07645532921339741,0
199024,-0.9737773708705272,-2.6463950560769054,-0.07158770122835126,0
199028,-0.968909742885481,-2.6458915083543144,-0.07511253528648813,0
199032,-0.968909742885481,-2.644045166704814,-0.07175555046921492,0
199036,-0.9573281452658884,-2.6378347447928587,-0.06638437476157778,0
199040,-0.960013733119707,-2.644548714427405,-0.07108415350576028,0
199044,-0.9423895628290226,-2.6606622415503165,-0.07091630426489662,0
199047,-0.9573281452658884,-2.644213015945678,-0.07393759060044251,0
199051,-0.9536354619668879,-2.622392614633402,-0.07544823376821545,0
199055,-0.9512855725947966,-2.6133287556267644,-0.07578393224994277,0
199059,-0.9477607385366598,-2.6210498207064927,-0.07712672617685207,0
199063,-0.9539711604486152,-2.626924544136721,-0.07494468604562447,0
199067,-0.9588387884336613,-2.618028534370947,-0.07763027389944305,0
199071,-0.9677347981994354,-2.627260242618448,-0.0658808270389868,0
199075,-0.9680704966811627,-2.639177538719768,-0.07209124895094224,0
199079,-0.9672312504768444,-2.6374990463111314,-0.07578393224994277,0
199083,-0.9846875715266651,-2.6709010452429998,-0.07628747997253375,0
199087,-0.995597772182803,-2.6685511558709085,-0.06655222400244144,0
199090,-0.9707560845349813,-2.669222552834363,-0.040703440909437706,0
199094,-0.9514534218356603,-2.630785076676585,-0.06185244525825894,0
199098,-0.9494392309452964,-2.618532082093538,-0.06705577172503242,0
199102,-0.9439002059967956,-2.6527733272297245,-0.06285954070344091,0
199106,-0.9593423361562523,-2.643205920500496,-0.07108415350576028,0
199110,-0.9742809185931182,-2.6552910658426794,-0.06890211337453268,0
199114,-0.978309300373846,-2.6636835278858624,-0.06067750057221332,0
199118,-0.9771343556878004,-2.6754329747463186,-0.06806286717021438,0
199122,-0.9801556420233463,-2.6838254367895016,-0.06185244525825894,0
199126,-0.9893873502708476,-2.6670405127031356,-0.05530632486457618,0
199130,-0.9799877927824826,-2.6779507133592735,-0.06437018387121385,0
199133,-0.9655527580682078,-2.661837186236362,-0.05866330968184939,0
199137,-0.9741130693522545,-2.656466010528725,-0.06369878690775921,0
199141,-0.9705882352941176,-2.6640192263675897,-0.0556420233463035,0
199145,-0.9747844663157091,-2.6750972762645913,-0.06235599298084993,0
199149,-0.9626993209735255,-2.6591515983825436,-0.06369878690775921,0
199153,-0.9653849088273442,-2.663347829404135,-0.06252384222171359,0
199157,-0.9652170595864805,-2.6616693369954985,-0.0683985656519417,0
199161,-0.9663920042725261,-2.662844281681544,-0.0675593194476234,0
199165,-0.9680704966811627,-2.659319447623407,-0.0683985656519417,0
199169,-0.9700846875715267,-2.656969558251316,-0.0667200732433051,0
199172,-0.9722667277027542,-2.6462272068360417,-0.06420233463035019,0
199176,-0.9724345769436179,-2.6413595788509956,-0.069741359578851,0
199180,-0.9798199435416189,-2.661501487754635,-0.07007705806057832,0
199184,-0.9736095216296635,-2.657473105973907,-0.06420233463035019,0
199188,-0.9667277027542535,-2.670397497520409,-0.05883115892271305,0
199192,-0.9647135118638895,-2.661333638513771,-0.043892576485847254,0
199196,-0.9677347981994354,-2.6477378500038147,-0.058159761959258406,0
199200,-0.9734416723887999,-2.6581445029373616,-0.058159761959258406,0
199204,-0.9731059739070725,-2.6583123521782253,-0.051277943083848324,0
199208,-0.9705882352941176,-2.661501487754635,-0.048592355230029756,0
199212,-0.969916838330663,-2.661333638513771,-0.04691386282139315,0
199215,-0.968909742885481,-2.6568017090104523,-0.04641031509880216,0
199219,-0.9613565270466162,-2.6616693369954985,-0.04758525978484779,0
199223,-0.9462500953688868,-2.6227283131151293,-0.056481269550621806,0
199227,-0.960013733119707,-2.634309910734722,-0.051949340047302964,0
199231,-0.9799877927824826,-2.6635156786449987,-0.052285038529030284,0
199235,-0.9621957732509345,-2.642534523537041,-0.05631342030975814,0
199239,-0.9598458838788433,-2.6458915083543144,-0.056481269550621806,0
199243,-0.9534676127260242,-2.6260852979324025,-0.05379568169680323,0
199247,-0.959510185397116,-2.626253147173266,-0.05278858625162127,0
199251,-0.9558175020981154,-2.643709468223087,-0.05614557106889448,0
199255,-0.9603494316014343,-2.6369954985885404,-0.05899900816357671,0
199258,-0.9598458838788433,-2.640688181887541,-0.05396353093766689,0
199262,-0.9553139543755245,-2.6405203326466773,-0.052117189288166624,0
199266,-0.9543068589303425,-2.630281528953994,-0.052285038529030284,0
199270,-0.9536354619668879,-2.620881971465629,-0.058159761959258406,0
199274,-0.9583352407110703,-2.6242389562829023,-0.06789501792935072,0
199278,-0.9573281452658884,-2.6275959411001755,-0.05883115892271305,0
199282,-0.9593423361562523,-2.6336385137712672,-0.05631342030975814,0
199286,-0.9670634012359808,-2.627763790341039,-0.05899900816357671,0
199290,-0.9690775921263447,-2.642534523537041,-0.05580987258716716,0
199294,-0.9831769283588921,-2.6542839703974974,-0.049767299916075376,0
199297,-0.9729381246662089,-2.6527733272297245,-0.05312428473334859,0
199301,-0.9781414511329823,-2.6571374074921796,-0.044396124208438234,0
199305,-0.9727702754253452,-2.6596551461051345,-0.0445639734493019,0
199309,-0.9922407873655298,-2.6645227740901807,-0.044396124208438234,0
199313,-0.9621957732509345,-2.6433737697413595,-0.04489967193102922,0
199317,-0.9719310292210269,-2.668215457389181,-0.03835355153734645,0
199321,-0.979316395819028,-2.6744258793011366,-0.03415732051575494,0
199325,-0.9762951094834821,-2.671740291447318,0.002937361715114061,0
199329,-0.970923933775845,-2.6635156786449987,-0.030800335698481725,0
199333,-0.9702525368123903,-2.659319447623407,-0.033150225070572976,0
199337,-0.9710917830167086,-2.6568017090104523,-0.027443350881208514,0
199340,-0.9672312504768444,-2.6438773174639505,-0.030128938735027082,0
199344,-0.9697489890897993,-2.6413595788509956,-0.03734645609216449,0
199348,-0.9549782558937971,-2.632295719844358,-0.04019989318684672,0
199352,-0.9538033112077515,-2.6306172274357214,-0.03936064698252842,0
199356,-0.9519569695582513,-2.6171892881666285,-0.032982375829709316,0
199360,-0.9460822461280232,-2.6052719920653087,-0.044228274967574574,0
199364,-0.9485999847409781,-2.612489509422446,-0.041542687113756006,0
199354,,,,1
199368,-0.9497749294270237,-2.621889066910811,-0.04221408407721065,0
199372,-0.9469214923323415,-2.603593499656672,-0.04019989318684672,0
199376,-0.9467536430914778,-2.594697489890898,-0.03701075761043717,0
199380,-0.9454108491645685,-2.580766002899214,-0.042717631799801634,0
199383,-0.9613565270466162,-2.631792172121767,-0.03197528038452735,0
199387,-0.9452429999237049,-2.6665369649805446,-0.030800335698481725,0
199391,-0.9526283665217059,-2.641191729610132,-0.03113603418020905,0
199395,-0.9532997634851605,-2.6395132372014953,-0.035667963683527884,0
199399,-0.9532997634851605,-2.6373311970702678,-0.033318074311436637,0
199403,-0.9485999847409781,-2.6215533684290837,-0.02391851682307164,0
199407,-0.9670634012359808,-2.6242389562829023,-0.024589913786526283,0
199411,-0.9643778133821621,-2.628770885786221,-0.022240024414435035,0
199415,-0.9682383459220264,-2.632799267566949,-0.02123292896925307,0
199419,-0.9682383459220264,-2.6349813076981765,-0.021400778210116732,0
199423,-0.9700846875715267,-2.6457236591134508,-0.030128938735027082,0
199426,-0.9754558632791638,-2.659822995345998,-0.018211642633707177,0
199430,-0.9749523155565728,-2.6571374074921796,-0.02358281834134432,0
199434,-0.9799877927824826,-2.6744258793011366,-0.021065079728389408,0
199438,-0.9825055313954375,-2.6833218890669106,-0.024422064545662623,0
199442,-0.9695811398489357,-2.6596551461051345,-0.020225833524071105,0
199446,-0.9668955519951171,-2.6390096894789044,0.0054551003280689705,0
199450,-0.9633707179369801,-2.6458915083543144,-0.02341496910048066,0
199454,-0.9747844663157091,-2.6680476081483175,-0.024757763027389943,0
199458,-0.9593423361562523,-2.6504234378576332,-0.020225833524071105,0
199462,-0.9752880140383001,-2.662005035477226,-0.020225833524071105,0
199465,-0.9680704966811627,-2.6578088044556343,0.006126497291523613,0
199469,-0.9710917830167086,-2.656969558251316,0.0036087586785687035,0
199473,-0.9846875715266651,-2.678118562600137,0.0014267185473411154,0
199477,-0.9729381246662089,-2.6606622415503165,0.010154879072251469,0
199481,-0.9739452201113908,-2.6650263218127717,0.010826276035706111,0
199485,-0.9673990997177081,-2.649584191653315,0.00814068818188754,0
199489,-0.9685740444037537,-2.651094834821088,-0.019890135042343784,0
199493,-0.9455786984054322,-2.6082932784008546,-0.025932707713435567,0
199497,-0.9679026474402991,-2.628770885786221,0.009651331349660487,0
199501,-0.9679026474402991,-2.643038071259632,0.00025177386129549093,0
199505,-0.9731059739070725,-2.648073548485542,0.004448004882887007,0
199508,-0.9779736018921187,-2.6551232166018157,0.0019302662699320972,0
199512,-0.9677347981994354,-2.6458915083543144,0.0010910200656137942,0
199516,-0.9616922255283435,-2.6306172274357214,-0.04724956130312047,0
199520,-0.978812848096437,-2.659990844586862,-0.0445639734493019,0
199524,-0.9679026474402991,-2.65898374914168,-0.03717860685130083,0
199528,-0.9729381246662089,-2.654955367360952,0.006965743495841916,0
199532,-0.970923933775845,-2.6568017090104523,0.02693980315861753,0
199536,-0.978812848096437,-2.667376211184863,0.04657816433966583,0
199540,-0.9746166170748455,-2.678286411841001,0.016868848706797893,0
199544,-0.9616922255283435,-2.6462272068360417,-0.040871290150301366,0
199548,-0.9662241550316625,-2.6517662317845425,-0.04708171206225681,0
199551,-0.9682383459220264,-2.642534523537041,-0.03936064698252842,0
199555,-0.9695811398489357,-2.6398489356832227,-0.027275501640344854,0
199559,-0.9705882352941176,-2.654955367360952,-0.03130388342107271,0
199563,-0.9798199435416189,-2.666872663462272,-0.027779049362935834,0
199567,-0.9605172808422979,-2.6556267643244067,-0.0296253910124361,0
199571,-0.9549782558937971,-2.6334706645304036,-0.027611200122072174,0
199575,-0.9549782558937971,-2.629274433508812,-0.03365377279316396,0
199579,-0.9558175020981154,-2.6438773174639505,-0.033150225070572976,0
199583,-0.9502784771496147,-2.636324101625086,-0.04003204394598306,0
199587,-0.9816662851911192,-2.654451819638361,-0.027946898603799494,0
199590,-0.9764629587243457,-2.6655298695353626,-0.03785000381475547,0
199594,-0.9828412298771648,-2.687182421606775,-0.03197528038452735,0
199598,-0.9762951094834821,-2.674761577782864,-0.027779049362935834,0
199602,-0.9762951094834821,-2.669726100556954,-0.03785000381475547,0
199606,-0.9630350194552528,-2.651598382543679,-0.025764858472571907,0
199610,-0.9762951094834821,-2.6651941710536353,-0.028114747844663154,0
199614,-0.9887159533073929,-2.6507591363393606,-0.02693980315861753,0
199618,-0.9798199435416189,-2.6641870756084534,-0.03180743114366369,0
199622,-0.9764629587243457,-2.6667048142214083,-0.03701075761043717,0
199626,-0.9873731593804836,-2.689532310978866,-0.03382162203402762,0
199630,-0.9838483253223468,-2.681643396658274,-0.035667963683527884,0
199633,-0.9860303654535744,-2.685000381475547,-0.030800335698481725,0
199637,-0.9873731593804836,-2.6942320897230485,-0.02660410467689021,0
199641,-0.9662241550316625,-2.6714045929655907,-0.0343251697566186,0
199645,-0.957495994506752,-2.6420309758144502,-0.03180743114366369,0
199649,-0.9553139543755245,-2.642198825055314,-0.025597009231708247,0
199653,-0.9680704966811627,-2.6484092469672693,-0.02710765239948119,0
199657,-0.9543068589303425,-2.635652704661631,-0.035500114442664224,0
199661,-0.9532997634851605,-2.6374990463111314,-0.03415732051575494,0
199665,-0.9606851300831616,-2.6378347447928587,-0.033318074311436637,0
199669,-0.9596780346379796,-2.6314564736400397,-0.03701075761043717,0
199673,-0.9475928892957961,-2.6212176699473564,-0.042885481040665294,0
199676,-0.9611886778057526,-2.6373311970702678,-0.0454032196536202,0
199680,-0.9615243762874799,-2.6245746547646296,-0.03835355153734645,0
199684,-0.9697489890897993,-2.630281528953994,-0.04506752117189288,0
199688,-0.957495994506752,-2.6270923933775845,-0.04473182269016556,0
199692,-0.9568245975432974,-2.620378423743038,-0.04557106889448386,0
199696,-0.9682383459220264,-2.624406805523766,-0.05513847562371252,0
199700,-0.9611886778057526,-2.6472343022812237,-0.04557106889448386,0
199704,-0.9652170595864805,-2.6576409552147706,-0.04792095826657511,0
199708,-0.9670634012359808,-2.6368276493476768,-0.05345998321507591,0
199712,-0.9734416723887999,-2.6542839703974974,-0.04758525978484779,0
199716,-0.9611886778057526,-2.660997940032044,-0.0548027771419852,0
199719,-0.9719310292210269,-2.673250934615091,-0.06151674677653162,0
199723,-0.9667277027542535,-2.6724116884107727,-0.06655222400244144,0
199727,-0.9568245975432974,-2.6378347447928587,-0.04792095826657511,0
199731,-0.959006637674525,-2.624406805523766,-0.05899900816357671,0
199735,-0.9568245975432974,-2.619035629816129,-0.05262073701075761,0
199739,-0.9583352407110703,-2.6222247653925383,-0.041542687113756006,0
199743,-0.9675669489585718,-2.6304493781948577,-0.05060654612039368,0
199747,-0.9764629587243457,-2.651094834821088,-0.041710536354619666,0
199751,-0.9724345769436179,-2.644045166704814,-0.05497062638284886,0
199755,-0.9719310292210269,-2.6695582513160905,-0.04238193331807431,0
199758,-0.9744487678339818,-2.6655298695353626,-0.04641031509880216,0
199762,-0.9460822461280232,-2.6260852979324025,-0.03382162203402762,0
199766,-0.9581673914702067,-2.622392614633402,-0.036339360646982524,0
199770,-0.9625314717326618,-2.634645609216449,-0.049935149156939036,0
199774,-0.9479285877775234,-2.6319600213626306,-0.030128938735027082,0
199778,-0.9626993209735255,-2.638673990997177,-0.05345998321507591,0
199782,-0.9544747081712062,-2.6420309758144502,-0.04775310902571145,0
199786,-0.9559853513389791,-2.650087739375906,-0.052285038529030284,0
199790,-0.959510185397116,-2.638170443274586,-0.05362783245593957,0
199794,-0.9637064164187075,-2.6423666742961776,-0.08031586175326161,0
199798,-0.9623636224917982,-2.634309910734722,-0.07914091706721599,0
199801,-0.9603494316014343,-2.6324635690852216,-0.056816968032349126,0
199805,-0.9672312504768444,-2.634309910734722,-0.030128938735027082,0
199809,-0.9668955519951171,-2.6260852979324025,0.008812085145342183,0
199813,-0.9613565270466162,-2.6507591363393606,-0.036507209887846184,0
199817,-0.9573281452658884,-2.6380025940337224,-0.04607461661707484,0
199821,-0.9578316929884794,-2.6349813076981765,-0.05446707866025788,0
199825,-0.9596780346379796,-2.6314564736400397,-0.051781490806439304,0
199829,-0.9685740444037537,-2.6472343022812237,-0.051110093842984664,0
199833,-0.9841840238040741,-2.6720759899290454,-0.04775310902571145,0
199837,-0.9732738231479362,-2.6715724422064544,-0.07041275654230564,0
199841,-0.9746166170748455,-2.674761577782864,-0.051445792324711984,0
199844,-0.9700846875715267,-2.6656977187762263,-0.043053330281528954,0
199848,-0.9798199435416189,-2.668719005111772,-0.04607461661707484,0
199852,-0.9682383459220264,-2.6571374074921796,-0.04238193331807431,0
199856,-0.9690775921263447,-2.6532768749523155,-0.05060654612039368,0
199860,-0.9672312504768444,-2.6457236591134508,-0.056481269550621806,0
199864,-0.9663920042725261,-2.655458915083543,-0.048760204470893416,0
199868,-0.9715953307392996,-2.6641870756084534,-0.042885481040665294,0
199872,-0.978812848096437,-2.6714045929655907,-0.036171511406118864,0
199876,-0.9801556420233463,-2.680636301213092,-0.036507209887846184,0
199880,-0.9752880140383001,-2.6750972762645913,-0.03247882810711833,0
199887,-0.9865339131761653,-2.687182421606775,-0.044228274967574574,0
199891,-0.9892195010299839,-2.6641870756084534,-0.04523537041275654,0
199895,-0.9855268177309834,-2.6897001602197297,-0.03768215457389181,0
199899,-0.9814984359502555,-2.6888609140154114,-0.041039139391165026,0
199903,-0.9841840238040741,-2.6908751049057753,-0.043389028763256274,0
199907,-0.9791485465781643,-2.6672083619439992,-0.05446707866025788,0
199911,-0.9838483253223468,-2.6725795376516364,-0.044060425726710914,0
199915,-0.9808270389868009,-2.677111467154955,-0.04825665674830243,0
199919,-0.9830090791180285,-2.6646906233310443,-0.04590676737621118,0
199923,-0.994590676737621,-2.66083009079118,-0.041039139391165026,0
199926,-0.9798199435416189,-2.6680476081483175,-0.05530632486457618,0
199930,-0.9799877927824826,-2.682650492103456,-0.05497062638284886,0
199934,-0.9727702754253452,-2.6675440604257266,-0.05446707866025788,0
199938,-0.9700846875715267,-2.662844281681544,-0.043892576485847254,0
199942,-0.9628671702143892,-2.6497520408941786,-0.030968184939345385,0
199946,-0.9682383459220264,-2.6403524834058136,-0.051613641565575644,0
199950,-0.9628671702143892,-2.635317006179904,-0.05446707866025788,0
199954,-0.9724345769436179,-2.6336385137712672,-0.051445792324711984,0
199958,-0.9702525368123903,-2.644213015945678,-0.05060654612039368,0
199962,-0.9720988784618906,-2.6680476081483175,-0.049431601434348056,0
199966,-0.9781414511329823,-2.659822995345998,-0.05077439536125734,0
199969,-0.9736095216296635,-2.6573052567330433,-0.0462424658579385,0
199973,-0.9588387884336613,-2.6331349660486763,-0.041710536354619666,0
199977,-0.9784771496147097,-2.6420309758144502,-0.044396124208438234,0
199981,-0.9751201647974365,-2.653109025711452,-0.03247882810711833,0
199985,-0.9761272602426184,-2.6740901808194093,-0.03936064698252842,0
199989,-0.9845197222858014,-2.6756008239871822,-0.049431601434348056,0
199993,-0.9828412298771648,-2.6970855268177307,-0.048760204470893416,0
199997,-0.9927443350881208,-2.682146944380865,-0.05413138017853055,0
200001,-0.9791485465781643,-2.668383306630045,-0.049599450675211716,0
200005,-0.9789806973373006,-2.6646906233310443,-0.06101319905394064,0
200009,-0.977805752651255,-2.6552910658426794,-0.06067750057221332,0
200012,-0.9914015411612115,-2.6586480506599526,-0.05379568169680323,0
200016,-0.9732738231479362,-2.663347829404135,-0.05530632486457618,0
200020,-0.9752880140383001,-2.670229648279545,-0.060173952849622334,0
200024,-0.9707560845349813,-2.6720759899290454,-0.06252384222171359,0
200028,-0.9668955519951171,-2.643709468223087,-0.06688792248416876,0
200032,-0.9729381246662089,-2.6532768749523155,-0.05379568169680323,0
200036,-0.9652170595864805,-2.6542839703974974,-0.07175555046921492,0
200040,-0.978309300373846,-2.656969558251316,-0.06638437476157778,0
200044,-0.9682383459220264,-2.649584191653315,-0.06906996261539634,0
200048,-0.9739452201113908,-2.662005035477226,-0.06739147020675974,0
200051,-0.9756237125200274,-2.6640192263675897,-0.06890211337453268,0
200055,-0.9781414511329823,-2.663851377126726,-0.0675593194476234,0
200059,-0.9729381246662089,-2.6561303120469977,-0.07259479667353322,0
200063,-0.9729381246662089,-2.653109025711452,-0.06185244525825894,0
200067,-0.969916838330663,-2.657473105973907,-0.05513847562371252,0
200071,-0.979316395819028,-2.670229648279545,-0.060173952849622334,0
200075,-0.9766308079652094,-2.681643396658274,-0.05899900816357671,0
200079,-0.9684061951628901,-2.6583123521782253,-0.049599450675211716,0
200083,-0.9695811398489357,-2.651430533302815,-0.06185244525825894,0
200087,-0.9531319142442969,-2.648073548485542,-0.060006103608758674,0
200091,-0.9538033112077515,-2.636659800106813,-0.06437018387121385,0
200094,-0.9610208285648889,-2.637163347829404,-0.0714198519874876,0
200098,-0.9477607385366598,-2.6270923933775845,-0.06621652552071412,0
200102,-0.9541390096894788,-2.622392614633402,-0.07628747997253375,0
200106,-0.9561532005798428,-2.608964675364309,-0.07561608300907911,0
200110,-0.9454108491645685,-2.5888227664606696,-0.06856641489280536,0
200114,-0.9442359044785229,-2.6304493781948577,-0.07477683680476081,0
200118,-0.9440680552376592,-2.648073548485542,-0.07293049515526054,0
200122,-0.9454108491645685,-2.609636072327764,-0.04691386282139315,0
200126,-0.9454108491645685,-2.5863050278477147,-0.07175555046921492,0
200130,-0.9472571908140688,-2.5999008163576716,-0.07343404287785153,0
200134,-0.9410467689021134,-2.631792172121767,-0.07964446478980697,0
200137,-0.9492713817044327,-2.6265888456549935,-0.07192339971007858,0
200141,-0.9459143968871595,-2.6094682230869,-0.07897306782635233,0
200145,-0.9439002059967956,-2.6474021515220874,-0.07578393224994277,0
200149,-0.9455786984054322,-2.606614785992218,-0.0730983443961242,0
200153,-0.9393682764934768,-2.634309910734722,-0.07427328908216983,0
200157,-0.9492713817044327,-2.631792172121767,-0.07410543984130617,0
200161,-0.9527962157625696,-2.6220569161516747,-0.07662317845426107,0
200165,-0.9485999847409781,-2.6136644541084917,-0.0705806057831693,0
200169,-0.9392004272526131,-2.6420309758144502,-0.07192339971007858,0
200173,-0.9480964370183871,-2.6148393987945373,-0.06806286717021438,0
200176,-0.9452429999237049,-2.6562981612878613,-0.07108415350576028,0
200180,-0.9452429999237049,-2.676272220950637,-0.0667200732433051,0
200184,-0.9479285877775234,-2.6547875181200884,-0.06168459601739528,0
200188,-0.9454108491645685,-2.6084611276417182,-0.06487373159380483,0
200192,-0.9445716029602502,-2.6452201113908598,-0.06655222400244144,0
200196,-0.9487678339818417,-2.6235675593194476,-0.06302738994430457,0
200200,-0.9509498741130693,-2.6047684443427177,-0.06957351033798734,0
200204,-0.9539711604486152,-2.620881971465629,-0.05916685740444037,0
200208,-0.9541390096894788,-2.6230640115968566,-0.05580987258716716,0
200212,-0.9571602960250247,-2.6289387350270847,-0.049935149156939036,0
200216,-0.9591744869153886,-2.631288624399176,-0.06722362096589608,0
200219,-0.9588387884336613,-2.6237354085603113,-0.06772716868848706,0
200223,-0.9588387884336613,-2.620881971465629,-0.06873426413366902,0
200227,-0.9504463263904783,-2.6304493781948577,-0.07175555046921492,0
200231,-0.957999542229343,-2.6324635690852216,-0.07326619363698787,0
200235,-0.9621957732509345,-2.6225604638742657,-0.07863736934462501,0
200239,-0.9593423361562523,-2.627763790341039,-0.07242694743266956,0
200243,-0.9497749294270237,-2.6309529259174487,-0.0722590981918059,0
200247,-0.9455786984054322,-2.601243610284581,-0.07376974135957885,0
200251,-0.9475928892957961,-2.602754253452354,-0.06571297779812314,0
200255,-0.9430609597924773,-2.638170443274586,-0.07863736934462501,0
200259,-0.9469214923323415,-2.6113145647364004,-0.08132295719844358,0
200262,-0.9425574120698863,-2.649080643930724,-0.0816586556801709,0
200266,-0.9531319142442969,-2.6433737697413595,-0.0816586556801709,0
200270,-0.9485999847409781,-2.62826733806363,-0.08031586175326161,0
200274,-0.9484321355001144,-2.6220569161516747,-0.07679102769512473,0
200278,-0.9440680552376592,-2.6433737697413595,-0.0761196307316701,0
200282,-0.9532997634851605,-2.6324635690852216,-0.0761196307316701,0
200286,-0.9522926680399786,-2.624910353246357,-0.08014801251239795,0
200290,-0.9532997634851605,-2.6368276493476768,-0.08149080643930724,0
200294,-0.957999542229343,-2.6319600213626306,-0.08434424353398946,0
200298,-0.9569924467841611,-2.6202105745021744,-0.08081940947585259,0
200302,-0.9647135118638895,-2.635652704661631,-0.06319523918516823,0
200305,-0.9660563057907988,-2.654451819638361,-0.08367284657053482,0
200309,-0.9606851300831616,-2.650591287098497,-0.07763027389944305,0
200313,-0.9563210498207064,-2.6237354085603113,-0.07460898756389715,0
200317,-0.9613565270466162,-2.6472343022812237,-0.07444113832303349,0
200321,-0.9558175020981154,-2.654451819638361,-0.06235599298084993,0
200325,-0.9606851300831616,-2.6494163424124513,-0.07192339971007858,0
200329,-0.9563210498207064,-2.6217212176699474,-0.07544823376821545,0
200333,-0.9637064164187075,-2.6385061417563134,-0.07662317845426107,0
200337,-0.9610208285648889,-2.6408560311284046,-0.07628747997253375,0
200341,-0.9673990997177081,-2.643205920500496,-0.07930876630807965,0
200344,-0.9564888990615701,-2.6245746547646296,-0.08384069581139848,0
200348,-0.957495994506752,-2.6237354085603113,-0.08266575112535286,0
200352,-0.9593423361562523,-2.634645609216449,-0.0855191882200351,0
200356,-0.9370183871213855,-2.6504234378576332,-0.08451209277485312,0
200360,-0.9626993209735255,-2.6502555886167696,-0.08786907759212634,0
200364,-0.9573281452658884,-2.641191729610132,-0.09710078583962768,0
200368,-0.9608529793240252,-2.6453879606317234,-0.10918593118181125,0
200372,-0.9586709391927977,-2.6418631265735866,-0.12127107652399481,0
200376,-0.9605172808422979,-2.6494163424124513,-0.0991149767299916,0
200380,-0.9643778133821621,-2.6398489356832227,-0.05832761120012207,0
200384,-0.9658884565499352,-2.6557946135652704,-0.051110093842984664,0
200387,-0.9621957732509345,-2.642702372777905,-0.05463492790112154,0
200391,-0.9554818036163881,-2.642702372777905,-0.03936064698252842,0
200395,-0.9532997634851605,-2.64018463416495,-0.10498970016021973,0
200399,-0.9531319142442969,-2.6410238803692683,-0.12345311665522239,0
200403,-0.9668955519951171,-2.6275959411001755,-0.1165712977798123,0
200407,-0.957999542229343,-2.6331349660486763,-0.10616464484626535,0
200411,-0.9586709391927977,-2.64018463416495,-0.08770122835126268,0
200415,-0.9462500953688868,-2.608628976882582,-0.07444113832303349,0
200419,-0.9381933318074311,-2.62642099641413,-0.07494468604562447,0
200423,-0.9418860151064317,-2.6477378500038147,-0.07561608300907911,0
200413,,,,1
200427,-0.9558175020981154,-2.652437628747997,-0.07175555046921492,0
200430,-0.9571602960250247,-2.6380025940337224,-0.06705577172503242,0
200434,-0.9632028686961165,-2.643709468223087,-0.07007705806057832,0
200438,-0.9611886778057526,-2.658480201419089,-0.07846952010376135,0
200442,-0.9643778133821621,-2.6492484931715876,-0.08501564049744412,0
200446,-0.9610208285648889,-2.642534523537041,-0.08753337911039902,0
200450,-0.9673990997177081,-2.6410238803692683,-0.08686198214694438,0
200454,-0.9663920042725261,-2.655962462806134,-0.09256885633630883,0
200458,-0.9637064164187075,-2.65210193026627,-0.08870832379644464,0
200462,-0.9613565270466162,-2.6551232166018157,-0.1148928053711757,0
200466,-0.9670634012359808,-2.641191729610132,-0.0982757305256733,0
200469,-0.9606851300831616,-2.6452201113908598,-0.09055466544594491,0
200473,-0.9610208285648889,-2.64706645304036,-0.09676508735790035,0
200477,-0.969413290608072,-2.6640192263675897,-0.09391165026321813,0
200481,-0.9677347981994354,-2.6504234378576332,-0.0761196307316701,0
200485,-0.9700846875715267,-2.655458915083543,-0.08702983138780804,0
200489,-0.9605172808422979,-2.65210193026627,-0.09038681620508125,0
200493,-0.9553139543755245,-2.646059357595178,-0.08434424353398946,0
200497,-0.9566567483024337,-2.63330281528954,-0.07645532921339741,0
200501,-0.9522926680399786,-2.6148393987945373,-0.08367284657053482,0
200505,-0.9606851300831616,-2.636156252384222,-0.08031586175326161,0
200509,-0.9588387884336613,-2.6225604638742657,-0.08904402227817197,0
200512,-0.9492713817044327,-2.6294422827496757,-0.08434424353398946,0
200516,-0.9556496528572518,-2.637666895551995,-0.08602273594262608,0
200520,-0.9586709391927977,-2.6418631265735866,-0.08283360036621652,0
200524,-0.9598458838788433,-2.6463950560769054,-0.08854047455558098,0
200528,-0.9581673914702067,-2.6359884031433585,-0.09642938887617303,0
200532,-0.960013733119707,-2.644716563668269,-0.09424734874494545,0
200536,-0.9559853513389791,-2.6532768749523155,-0.09525444419012741,0
200540,-0.9529640650034332,-2.634813458457313,-0.09407949950408179,0
200544,-0.950110627908751,-2.6291065842679484,-0.0888761730373083,0
200548,-0.9428931105516136,-2.6393453879606317,-0.08602273594262608,0
200552,-0.9454108491645685,-2.6014114595254445,-0.10616464484626535,0
200555,-0.9402075226977951,-2.619035629816129,-0.09290455481803617,0
200559,-0.9469214923323415,-2.6039291981383994,-0.09458304722667277,0
200563,-0.9527962157625696,-2.6168535896849012,-0.09391165026321813,0
200567,-0.9474250400549324,-2.6156786449988556,-0.09240100709544517,0
200571,-0.9526283665217059,-2.62138551918822,-0.07528038452735179,0
200575,-0.9522926680399786,-2.6113145647364004,-0.09038681620508125,0
200579,-0.9521248187991149,-2.609636072327764,-0.08770122835126268,0
200583,-0.9504463263904783,-2.63330281528954,-0.09508659494926375,0
200587,-0.9524605172808422,-2.627763790341039,-0.09273670557717249,0
200591,-0.9497749294270237,-2.62826733806363,-0.09458304722667277,0
200595,-0.9564888990615701,-2.6217212176699474,-0.10398260471503776,0
200598,-0.9538033112077515,-2.628770885786221,-0.09525444419012741,0
200602,-0.9445716029602502,-2.656969558251316,-0.09475089646753643,0
200606,-0.9521248187991149,-2.630785076676585,-0.08921187151903563,0
200610,-0.9588387884336613,-2.6222247653925383,-0.08619058518348974,0
200614,-0.9625314717326618,-2.6443808651865415,-0.08132295719844358,0
200618,-0.9697489890897993,-2.641191729610132,-0.08904402227817197,0
200622,-0.9633707179369801,-2.6468986037994964,-0.08384069581139848,0
200626,-0.9504463263904783,-2.6428702220187685,-0.08820477607385366,0
200630,-0.9529640650034332,-2.6255817502098115,-0.09172961013199053,0
200634,-0.9380254825665675,-2.6400167849240863,-0.09189745937285419,0
200637,-0.9521248187991149,-2.6215533684290837,-0.10364690623331044,0
200641,-0.9517891203173876,-2.6296101319905394,-0.13050278477149616,0
200645,-0.9657206073090715,-2.642534523537041,-0.11271076523994812,0
200649,-0.9687418936446174,-2.6497520408941786,-0.08820477607385366,0
200653,-0.9613565270466162,-2.658480201419089,-0.06571297779812314,0
200657,-0.9549782558937971,-2.635820553902495,-0.0683985656519417,0
200661,-0.9531319142442969,-2.635820553902495,-0.07393759060044251,0
200665,-0.9433966582742046,-2.6484092469672693,-0.10347905699244678,0
200669,-0.9499427786678873,-2.638170443274586,-0.11254291599908445,0
200673,-0.9464179446097505,-2.621889066910811,-0.10062561989776454,0
200677,-0.9502784771496147,-2.6225604638742657,-0.09928282597085526,0
200680,-0.9569924467841611,-2.612993057145037,-0.10801098649576561,0
200684,-0.9616922255283435,-2.6141680018310827,-0.11170366979476615,0
200688,-0.9596780346379796,-2.6270923933775845,-0.10650034332799267,0
200692,-0.9625314717326618,-2.637163347829404,-0.10096131837949188,0
200696,-0.9450751506828412,-2.670397497520409,-0.09928282597085526,0
200700,-0.9620279240100709,-2.649080643930724,-0.10431830319676508,0
200704,-0.9474250400549324,-2.626253147173266,-0.10834668497749293,0
200708,-0.9460822461280232,-2.606111238269627,-0.11438925764858472,0
200712,-0.9591744869153886,-2.631288624399176,-0.1187533379110399,0
200716,-0.9700846875715267,-2.6477378500038147,-0.10968947890440223,0
200720,-0.9593423361562523,-2.6398489356832227,-0.10616464484626535,0
200723,-0.9556496528572518,-2.6405203326466773,-0.09794003204394598,0
200727,-0.9445716029602502,-2.662844281681544,-0.09592584115358205,0
200731,-0.9423895628290226,-2.6685511558709085,-0.12278171969176775,0
200735,-0.9512855725947966,-2.63514915693904,-0.09307240405889983,0
200739,-0.9512855725947966,-2.617524986648356,-0.09894712748912794,0
200743,-0.9519569695582513,-2.6225604638742657,-0.09424734874494545,0
200747,-0.9459143968871595,-2.611146715495537,-0.09005111772335393,0
200751,-0.9553139543755245,-2.6284351873044938,-0.08283360036621652,0
200755,-0.9361791409170672,-2.636156252384222,-0.09357595178149081,0
200759,-0.9544747081712062,-2.6420309758144502,-0.10112916762035554,0
200762,-0.9583352407110703,-2.634142061493858,-0.10112916762035554,0
200766,-0.9526283665217059,-2.6314564736400397,-0.09609369039444571,0
200770,-0.9529640650034332,-2.6294422827496757,-0.09256885633630883,0
200774,-0.9561532005798428,-2.6121538109407187,-0.09928282597085526,0
200778,-0.9603494316014343,-2.624406805523766,-0.09105821316853589,0
200782,-0.9616922255283435,-2.6192034790569925,-0.09525444419012741,0
200786,-0.9554818036163881,-2.629777981231403,-0.09357595178149081,0
200790,-0.9524605172808422,-2.625413900968948,-0.08702983138780804,0
200794,-0.9480964370183871,-2.610139620050355,-0.08652628366521706,0
200798,-0.9522926680399786,-2.609636072327764,-0.10028992141603722,0
200802,-0.9519569695582513,-2.618364232852674,-0.09458304722667277,0
200805,-0.950110627908751,-2.6222247653925383,-0.09038681620508125,0
200809,-0.9512855725947966,-2.614000152590219,-0.08233005264362554,0
200813,-0.9418860151064317,-2.639681086442359,-0.07125200274662394,0
200817,-0.9563210498207064,-2.6181963836118105,-0.09240100709544517,0
200821,-0.9593423361562523,-2.62642099641413,-0.11506065461203936,0
200825,-0.9524605172808422,-2.626253147173266,-0.09122606240939955,0
200829,-0.9559853513389791,-2.644213015945678,-0.08988326848249027,0
200833,-0.9650492103456169,-2.6453879606317234,-0.0888761730373083,0
200837,-0.9512855725947966,-2.6291065842679484,-0.07880521858548867,0
200841,-0.9502784771496147,-2.6289387350270847,-0.09374380102235447,0
200845,-0.9551461051346608,-2.6326314183260853,-0.09642938887617303,0
200848,-0.9591744869153886,-2.6383382925154497,-0.08602273594262608,0
200852,-0.9559853513389791,-2.6494163424124513,-0.0871976806286717,0
200856,-0.9534676127260242,-2.6275959411001755,-0.09240100709544517,0
200860,-0.950614175631342,-2.631288624399176,-0.09374380102235447,0
200864,-0.9569924467841611,-2.6197070267795834,-0.09189745937285419,0
200868,-0.9645456626230259,-2.6354848554207675,-0.09592584115358205,0
200872,-0.9744487678339818,-2.6556267643244067,-0.1038147554741741,0
200876,-0.9751201647974365,-2.6583123521782253,-0.10247196154726482,0
200880,-0.9672312504768444,-2.644548714427405,-0.08854047455558098,0
200884,-0.9571602960250247,-2.6373311970702678,-0.097436484321355,0
200888,-0.9454108491645685,-2.60258640421149,-0.10398260471503776,0
200891,-0.9583352407110703,-2.6151750972762646,-0.10347905699244678,0
200895,-0.9578316929884794,-2.6245746547646296,-0.09575799191271839,0
200899,-0.9561532005798428,-2.611985961699855,-0.10180056458381018,0
200903,-0.9657206073090715,-2.6309529259174487,-0.1012970168612192,0
200907,-0.957999542229343,-2.63514915693904,-0.1038147554741741,0
200911,-0.9632028686961165,-2.6457236591134508,-0.12798504615854123,0
200915,-0.9635385671778438,-2.643205920500496,-0.10599679560540169,0
200919,-0.957999542229343,-2.6373311970702678,-0.10028992141603722,0
200923,-0.958503089951934,-2.639177538719768,-0.10247196154726482,0
200927,-0.9615243762874799,-2.624406805523766,-0.11220721751735713,0
200930,-0.9608529793240252,-2.638170443274586,-0.10280766002899214,0
200934,-0.9532997634851605,-2.641191729610132,-0.09525444419012741,0
200938,-0.949103532463569,-2.633806363012131,-0.09340810254062715,0
200942,-0.9437323567559319,-2.657976653696498,-0.0982757305256733,0
200946,-0.9485999847409781,-2.633806363012131,-0.0982757305256733,0
200950,-0.9480964370183871,-2.609636072327764,-0.10028992141603722,0
200954,-0.9517891203173876,-2.6227283131151293,-0.10364690623331044,0
200958,-0.9532997634851605,-2.6311207751583123,-0.09894712748912794,0
200962,-0.9460822461280232,-2.6094682230869,-0.09508659494926375,0
200966,-0.950110627908751,-2.618028534370947,-0.09642938887617303,0
200970,-0.9494392309452964,-2.6121538109407187,-0.09693293659876402,0
200973,-0.9524605172808422,-2.618364232852674,-0.09458304722667277,0
200977,-0.94960708018616,-2.6156786449988556,-0.09475089646753643,0
200981,-0.9522926680399786,-2.6126573586633097,-0.09928282597085526,0
200985,-0.951621271076524,-2.610139620050355,-0.10096131837949188,0
200989,-0.9527962157625696,-2.618028534370947,-0.097436484321355,0
200993,-0.9543068589303425,-2.6237354085603113,-0.08770122835126268,0
200997,-0.9494392309452964,-2.614000152590219,-0.09458304722667277,0
201001,-0.9489356832227054,-2.6118181124589914,-0.11086442359044785,0
201005,-0.9454108491645685,-2.594193942168307,-0.08971541924162661,0
201009,-0.9527962157625696,-2.6126573586633097,-0.09391165026321813,0
201013,-0.9457465476462958,-2.601747158007172,-0.09491874570840009,0
201016,-0.9497749294270237,-2.6176928358892195,-0.0982757305256733,0
201020,-0.9569924467841611,-2.6161821927214466,-0.10700389105058365,0
201024,-0.9465857938506141,-2.617357137407492,-0.1046540016784924,0
201028,-0.9549782558937971,-2.6205462729839017,-0.09559014267185473,0
201032,-0.9546425574120698,-2.633806363012131,-0.09810788128480964,0
201036,-0.9519569695582513,-2.6301136797131304,-0.09256885633630883,0
201040,-0.9460822461280232,-2.608964675364309,-0.10482185091935607,0
201044,-0.958503089951934,-2.63330281528954,-0.09206530861371785,0
201048,-0.9571602960250247,-2.634645609216449,-0.09626153963530937,0
201052,-0.9586709391927977,-2.6487449454489966,-0.09592584115358205,0
201055,-0.957999542229343,-2.6374990463111314,-0.0999542229343099,0
201059,-0.957495994506752,-2.621889066910811,-0.09928282597085526,0
201063,-0.9538033112077515,-2.623399710078584,-0.09491874570840009,0
201067,-0.9556496528572518,-2.6334706645304036,-0.09710078583962768,0
201071,-0.9601815823605706,-2.6349813076981765,-0.09324025329976349,0
201075,-0.9521248187991149,-2.6153429465171283,-0.09659723811703669,0
201079,-0.9538033112077515,-2.627260242618448,-0.09542229343099107,0
201083,-0.9469214923323415,-2.6072861829556726,-0.10045777065690088,0
201087,-0.9564888990615701,-2.61450370031281,-0.09794003204394598,0
201091,-0.9628671702143892,-2.6242389562829023,-0.08602273594262608,0
201095,-0.9601815823605706,-2.6222247653925383,-0.10415045395590142,0
201092,,,,1
201098,-0.9522926680399786,-2.617357137407492,-0.10582894636453803,0
201102,-0.9553139543755245,-2.6339742122529946,-0.10331120775158312,0
201106,-0.9591744869153886,-2.638673990997177,-0.10801098649576561,0
201110,-0.9663920042725261,-2.65394827191577,-0.11002517738612955,0
201114,-0.9573281452658884,-2.641191729610132,-0.11690699626153964,0
201118,-0.9586709391927977,-2.646059357595178,-0.10616464484626535,0
201122,-0.9576638437476157,-2.628770885786221,-0.11539635309376668,0
201126,-0.9668955519951171,-2.622392614633402,-0.10834668497749293,0
201130,-0.9509498741130693,-2.6029221026932174,-0.10364690623331044,0
201134,-0.9551461051346608,-2.623399710078584,-0.10498970016021973,0
201138,-0.9647135118638895,-2.6373311970702678,-0.10415045395590142,0
201141,-0.9469214923323415,-2.619035629816129,-0.10952162966353857,0
201145,-0.9551461051346608,-2.64018463416495,-0.1038147554741741,0
201149,-0.9566567483024337,-2.6255817502098115,-0.10650034332799267,0
201153,-0.9611886778057526,-2.6448844129091325,-0.10885023270008393,0
201157,-0.9588387884336613,-2.627931639581903,-0.09928282597085526,0
201161,-0.959006637674525,-2.622896162355993,-0.10851453421835659,0
201165,-0.9566567483024337,-2.6197070267795834,-0.10347905699244678,0
201169,-0.9554818036163881,-2.6316243228809033,-0.09726863508049134,0
201173,-0.9546425574120698,-2.6395132372014953,-0.10028992141603722,0
201177,-0.9573281452658884,-2.6354848554207675,-0.08971541924162661,0
201181,-0.9608529793240252,-2.6418631265735866,-0.09525444419012741,0
201184,-0.9538033112077515,-2.6316243228809033,-0.10247196154726482,0
201188,-0.9509498741130693,-2.608125429159991,-0.10415045395590142,0
201192,-0.9494392309452964,-2.610139620050355,-0.09290455481803617,0
201196,-0.9526283665217059,-2.617524986648356,-0.1029755092698558,0
201200,-0.9630350194552528,-2.6237354085603113,-0.11506065461203936,0
201204,-0.9519569695582513,-2.6289387350270847,-0.12362096589608605,0
201208,-0.9494392309452964,-2.618364232852674,-0.1320134279392691,0
201212,-0.9477607385366598,-2.6240711070420386,-0.12395666437781337,0
201216,-0.950110627908751,-2.6230640115968566,-0.10146486610208286,0
201220,-0.9534676127260242,-2.6166857404440376,-0.06906996261539634,0
201223,-0.9623636224917982,-2.622896162355993,-0.060173952849622334,0
201227,-0.9578316929884794,-2.6280994888227664,-0.07779812314030671,0
201231,-0.9551461051346608,-2.6368276493476768,-0.10918593118181125,0
201235,-0.9489356832227054,-2.6227283131151293,-0.11673914702067598,0
201239,-0.9484321355001144,-2.6181963836118105,-0.13335622186617838,0
201243,-0.9603494316014343,-2.627428091859312,-0.13050278477149616,0
201247,-0.9657206073090715,-2.6369954985885404,-0.11690699626153964,0
201251,-0.9544747081712062,-2.641695277332723,-0.10599679560540169,0
201255,-0.9440680552376592,-2.651934081025406,-0.09894712748912794,0
201259,-0.941214618142977,-2.6578088044556343,-0.10985732814526589,0
201263,-0.9386968795300221,-2.6479056992446783,-0.11052872510872053,0
201266,-0.9386968795300221,-2.6474021515220874,-0.10364690623331044,0
201270,-0.9445716029602502,-2.664858472571908,-0.09894712748912794,0
201274,-0.9554818036163881,-2.650591287098497,-0.09407949950408179,0
201278,-0.9497749294270237,-2.6403524834058136,-0.10263981078812848,0
201282,-0.9539711604486152,-2.6334706645304036,-0.10549324788281071,0
201286,-0.9640421149004348,-2.6532768749523155,-0.10415045395590142,0
201290,-0.9625314717326618,-2.650591287098497,-0.10112916762035554,0
201294,-0.9606851300831616,-2.6546196688792247,-0.09156176089112687,0
201298,-0.9625314717326618,-2.65210193026627,-0.08971541924162661,0
201302,-0.9546425574120698,-2.648577096208133,-0.10398260471503776,0
201306,-0.9568245975432974,-2.6275959411001755,-0.09256885633630883,0
201309,-0.9554818036163881,-2.6369954985885404,-0.09340810254062715,0
201313,-0.9576638437476157,-2.6222247653925383,-0.10096131837949188,0
201317,-0.9559853513389791,-2.644213015945678,-0.09055466544594491,0
201321,-0.9583352407110703,-2.6373311970702678,-0.09458304722667277,0
201325,-0.9601815823605706,-2.6326314183260853,-0.10532539864194705,0
201329,-0.9475928892957961,-2.616517891203174,-0.10146486610208286,0
201333,-0.958503089951934,-2.636156252384222,-0.09273670557717249,0
201337,-0.9541390096894788,-2.628770885786221,-0.09424734874494545,0
201341,-0.9551461051346608,-2.6339742122529946,-0.08770122835126268,0
201345,-0.9605172808422979,-2.644716563668269,-0.09357595178149081,0
201348,-0.9573281452658884,-2.637666895551995,-0.09928282597085526,0
201352,-0.9472571908140688,-2.621889066910811,-0.09945067521171892,0
201356,-0.9558175020981154,-2.641695277332723,-0.10448615243762874,0
201360,-0.9569924467841611,-2.627763790341039,-0.09861142900740062,0
201364,-0.9569924467841611,-2.618028534370947,-0.09794003204394598,0
201368,-0.9527962157625696,-2.622896162355993,-0.09642938887617303,0
201372,-0.9563210498207064,-2.6136644541084917,-0.11086442359044785,0
201376,-0.9539711604486152,-2.6230640115968566,-0.10767528801403829,0
201380,-0.9534676127260242,-2.6181963836118105,-0.10801098649576561,0
201384,-0.9509498741130693,-2.6047684443427177,-0.11371786068513008,0
201388,-0.9472571908140688,-2.6094682230869,-0.1101930266269932,0
201391,-0.9502784771496147,-2.617860685130083,-0.10498970016021973,0
201395,-0.9499427786678873,-2.6232318608377203,-0.1148928053711757,0
201399,-0.9479285877775234,-2.6280994888227664,-0.11220721751735713,0
201403,-0.9454108491645685,-2.6004043640802625,-0.11052872510872053,0
201407,-0.9484321355001144,-2.604097047379263,-0.10482185091935607,0
201411,-0.9521248187991149,-2.6074540321965363,-0.1093537804226749,0
201415,-0.9532997634851605,-2.624910353246357,-0.10364690623331044,0
201419,-0.94272526131075,-2.634309910734722,-0.10666819256885633,0
201423,-0.9487678339818417,-2.619371328297856,-0.10666819256885633,0
201427,-0.9507820248722056,-2.6034256504158084,-0.1038147554741741,0
201431,-0.9454108491645685,-2.592011902037079,-0.10314335851071946,0
201434,-0.9499427786678873,-2.614000152590219,-0.10767528801403829,0
201438,-0.9538033112077515,-2.6192034790569925,-0.10901808194094759,0
201442,-0.9564888990615701,-2.620378423743038,-0.10817883573662927,0
201446,-0.9541390096894788,-2.625917448691539,-0.10733958953231097,0
201450,-0.951621271076524,-2.6161821927214466,-0.09693293659876402,0
201454,-0.9524605172808422,-2.6197070267795834,-0.11002517738612955,0
201458,-0.9519569695582513,-2.6242389562829023,-0.10750743877317463,0
201462,-0.9553139543755245,-2.633806363012131,-0.11002517738612955,0
201466,-0.9507820248722056,-2.6131609063859007,-0.10717174029144731,0
201470,-0.9564888990615701,-2.6136644541084917,-0.09659723811703669,0
201474,-0.951117723353933,-2.611985961699855,-0.0991149767299916,0
201477,-0.9521248187991149,-2.6108110170138095,-0.09877927824826428,0
201481,-0.9637064164187075,-2.6289387350270847,-0.10582894636453803,0
201485,-0.9554818036163881,-2.634645609216449,-0.10683604180971999,0
201489,-0.960013733119707,-2.6443808651865415,-0.1093537804226749,0
201493,-0.9571602960250247,-2.63514915693904,-0.12009613183794918,0
201497,-0.9548104066529335,-2.631792172121767,-0.11237506675822079,0
201501,-0.9564888990615701,-2.625917448691539,-0.10280766002899214,0
201505,-0.9623636224917982,-2.625917448691539,-0.07410543984130617,0
201509,-0.9410467689021134,-2.6457236591134508,-0.08434424353398946,0
201513,-0.9549782558937971,-2.635317006179904,-0.10230411230640116,0
201516,-0.9477607385366598,-2.628770885786221,-0.10952162966353857,0
201520,-0.9507820248722056,-2.6123216601815824,-0.10633249408712901,0
201524,-0.9509498741130693,-2.599732967116808,-0.10918593118181125,0
201528,-0.9581673914702067,-2.6200427252613108,-0.10700389105058365,0
201532,-0.9566567483024337,-2.619035629816129,-0.11892118715190356,0
201536,-0.9564888990615701,-2.6168535896849012,-0.1132143129625391,0
201540,-0.9472571908140688,-2.614000152590219,-0.12059967956054017,0
201544,-0.9561532005798428,-2.6064469367513543,-0.10834668497749293,0
201548,-0.9457465476462958,-2.6069504844739453,-0.10431830319676508,0
201552,-0.9472571908140688,-2.6082932784008546,-0.10733958953231097,0
201556,-0.951117723353933,-2.610139620050355,-0.10331120775158312,0
201559,-0.9504463263904783,-2.6265888456549935,-0.10062561989776454,0
201563,-0.9512855725947966,-2.6192034790569925,-0.09139391165026321,0
201567,-0.9504463263904783,-2.6349813076981765,-0.1021362630655375,0
201571,-0.950110627908751,-2.630785076676585,-0.10364690623331044,0
201575,-0.9504463263904783,-2.6368276493476768,-0.10331120775158312,0
201579,-0.9464179446097505,-2.6220569161516747,-0.09340810254062715,0
201583,-0.9472571908140688,-2.6141680018310827,-0.11203936827649347,0
201587,-0.9415503166247043,-2.6311207751583123,-0.09794003204394598,0
201591,-0.9526283665217059,-2.6275959411001755,-0.09978637369344624,0
201595,-0.9526283665217059,-2.627428091859312,-0.10364690623331044,0
201599,-0.9366826886396582,-2.6326314183260853,-0.10599679560540169,0
201602,-0.9452429999237049,-2.66771190966659,-0.10700389105058365,0
201606,-0.9480964370183871,-2.6280994888227664,-0.11203936827649347,0
201610,-0.9514534218356603,-2.622896162355993,-0.10415045395590142,0
201614,-0.9522926680399786,-2.6136644541084917,-0.10415045395590142,0
201618,-0.9554818036163881,-2.6289387350270847,-0.09491874570840009,0
201622,-0.951621271076524,-2.6138323033493553,-0.10968947890440223,0
201626,-0.9509498741130693,-2.605104142824445,-0.10331120775158312,0
201630,-0.9526283665217059,-2.618364232852674,-0.10498970016021973,0
201634,-0.9553139543755245,-2.6306172274357214,-0.10415045395590142,0
201638,-0.9538033112077515,-2.6301136797131304,-0.10096131837949188,0
201641,-0.951117723353933,-2.618867780575265,-0.10398260471503776,0
201645,-0.9480964370183871,-2.6057755397878997,-0.1148928053711757,0
201649,-0.9467536430914778,-2.5958724345769437,-0.10347905699244678,0
201653,-0.9432288090333409,-2.637163347829404,-0.10784313725490195,0
201657,-0.9554818036163881,-2.6383382925154497,-0.10247196154726482,0
201661,-0.9558175020981154,-2.649584191653315,-0.10364690623331044,0
201665,-0.957495994506752,-2.626924544136721,-0.10666819256885633,0
201669,-0.9573281452658884,-2.629274433508812,-0.10415045395590142,0
201673,-0.9538033112077515,-2.62642099641413,-0.11036087586785687,0
201677,-0.9499427786678873,-2.626756694895857,-0.10180056458381018,0
201681,-0.9546425574120698,-2.637163347829404,-0.10247196154726482,0
201684,-0.951117723353933,-2.6215533684290837,-0.0991149767299916,0
201688,-0.949103532463569,-2.6210498207064927,-0.11052872510872053,0
201692,-0.9544747081712062,-2.6339742122529946,-0.09794003204394598,0
201696,-0.9573281452658884,-2.631792172121767,-0.10750743877317463,0
201700,-0.9608529793240252,-2.645052262149996,-0.10163271534294652,0
201704,-0.9519569695582513,-2.634645609216449,-0.10549324788281071,0
201708,-0.9517891203173876,-2.629777981231403,-0.1165712977798123,0
201712,-0.9564888990615701,-2.623903257801175,-0.1140535591668574,0
201716,-0.9551461051346608,-2.6418631265735866,-0.10700389105058365,0
201720,-0.9507820248722056,-2.6143358510719463,-0.09844357976653696,0
201724,-0.9568245975432974,-2.6138323033493553,-0.09961852445258258,0
201727,-0.9539711604486152,-2.6237354085603113,-0.10733958953231097,0
201731,-0.9499427786678873,-2.6265888456549935,-0.10549324788281071,0
201735,-0.9553139543755245,-2.634813458457313,-0.10364690623331044,0
201739,-0.9430609597924773,-2.655458915083543,-0.10650034332799267,0
201743,-0.9532997634851605,-2.6463950560769054,-0.10180056458381018,0
201747,-0.960013733119707,-2.6484092469672693,-0.10566109712367437,0
201751,-0.942221713588159,-2.6532768749523155,-0.10230411230640116,0
201755,-0.9509498741130693,-2.6212176699473564,-0.08451209277485312,0
201759,-0.9606851300831616,-2.634645609216449,-0.09844357976653696,0
201763,-0.9534676127260242,-2.6217212176699474,-0.10515754940108339,0
201767,-0.9282902265964751,-2.6359884031433585,-0.10733958953231097,0
201770,-0.9551461051346608,-2.641191729610132,-0.10968947890440223,0
201774,-0.9534676127260242,-2.6197070267795834,-0.10582894636453803,0
201778,-0.9420538643472953,-2.642198825055314,-0.1038147554741741,0
201782,-0.9559853513389791,-2.6527733272297245,-0.11388570992599374,0
201786,-0.9469214923323415,-2.618532082093538,-0.10968947890440223,0
201790,-0.9559853513389791,-2.642702372777905,-0.10784313725490195,0
201794,-0.9494392309452964,-2.6207141222247654,-0.10733958953231097,0
201798,-0.9529640650034332,-2.623399710078584,-0.10801098649576561,0
201802,-0.9444037537193866,-2.6630121309224077,-0.11002517738612955,0
201806,-0.9569924467841611,-2.6329671168078126,-0.10717174029144731,0
201809,-0.9485999847409781,-2.622392614633402,-0.10733958953231097,0
201813,-0.9563210498207064,-2.6044327458609904,-0.10750743877317463,0
201817,-0.9514534218356603,-2.608628976882582,-0.10599679560540169,0
201821,-0.9497749294270237,-2.6143358510719463,-0.10901808194094759,0
201825,-0.9529640650034332,-2.619371328297856,-0.10717174029144731,0
201829,-0.9497749294270237,-2.6252460517280842,-0.1029755092698558,0
201833,-0.9497749294270237,-2.626756694895857,-0.10398260471503776,0
201837,-0.9521248187991149,-2.617860685130083,-0.10062561989776454,0
201841,-0.9637064164187075,-2.6311207751583123,-0.10549324788281071,0
201845,-0.9504463263904783,-2.6408560311284046,-0.09945067521171892,0
201849,-0.9568245975432974,-2.62642099641413,-0.10096131837949188,0
201852,-0.9531319142442969,-2.635652704661631,-0.10717174029144731,0
201856,-0.9526283665217059,-2.6306172274357214,-0.10817883573662927,0
201860,-0.9561532005798428,-2.612489509422446,-0.09676508735790035,0
201864,-0.9581673914702067,-2.6237354085603113,-0.10347905699244678,0
201868,-0.9392004272526131,-2.6443808651865415,-0.10666819256885633,0
201872,-0.957999542229343,-2.6349813076981765,-0.10415045395590142,0
201876,-0.9576638437476157,-2.6205462729839017,-0.10263981078812848,0
201880,-0.9464179446097505,-2.618867780575265,-0.10532539864194705,0
201884,-0.9561532005798428,-2.6057755397878997,-0.10532539864194705,0
201888,-0.9524605172808422,-2.6156786449988556,-0.11052872510872053,0
201892,-0.951621271076524,-2.611146715495537,-0.10482185091935607,0
201895,-0.9543068589303425,-2.6207141222247654,-0.10096131837949188,0
201899,-0.950110627908751,-2.6230640115968566,-0.1012970168612192,0
201903,-0.9541390096894788,-2.6202105745021744,-0.09760433356221866,0
201907,-0.9512855725947966,-2.6270923933775845,-0.10532539864194705,0
201911,-0.9532997634851605,-2.6349813076981765,-0.1046540016784924,0
201915,-0.9551461051346608,-2.639177538719768,-0.10347905699244678,0
201919,-0.9559853513389791,-2.6517662317845425,-0.10633249408712901,0
201923,-0.9615243762874799,-2.626924544136721,-0.10633249408712901,0
201927,-0.9554818036163881,-2.6368276493476768,-0.10230411230640116,0
201931,-0.9566567483024337,-2.6230640115968566,-0.10666819256885633,0
201934,-0.9487678339818417,-2.614000152590219,-0.10616464484626535,0
201938,-0.9544747081712062,-2.6344777599755855,-0.10230411230640116,0
201942,-0.9526283665217059,-2.6311207751583123,-0.11271076523994812,0
201946,-0.9559853513389791,-2.646562905317769,-0.10398260471503776,0
201950,-0.9413824673838407,-2.645052262149996,-0.1038147554741741,0
201954,-0.9544747081712062,-2.644716563668269,-0.10566109712367437,0
201958,-0.9420538643472953,-2.651094834821088,-0.10650034332799267,0
201962,-0.950110627908751,-2.63330281528954,-0.10498970016021973,0
201966,-0.9531319142442969,-2.6398489356832227,-0.10784313725490195,0
201970,-0.9499427786678873,-2.636324101625086,-0.11153582055390249,0
201960,,,,1
201974,-0.9524605172808422,-2.6294422827496757,-0.10045777065690088,0
201977,-0.9454108491645685,-2.6000686655985352,-0.11052872510872053,0
201981,-0.9517891203173876,-2.6148393987945373,-0.11036087586785687,0
201985,-0.9512855725947966,-2.6131609063859007,-0.1046540016784924,0
201989,-0.9522926680399786,-2.610139620050355,-0.10549324788281071,0
201993,-0.9543068589303425,-2.6171892881666285,-0.1029755092698558,0
201997,-0.9529640650034332,-2.6161821927214466,-0.11153582055390249,0
202001,-0.9526283665217059,-2.6227283131151293,-0.11052872510872053,0
202005,-0.9477607385366598,-2.6250782024872206,-0.10196841382467384,0
202009,-0.9437323567559319,-2.659822995345998,-0.10650034332799267,0
202013,-0.959006637674525,-2.638170443274586,-0.10650034332799267,0
202017,-0.9524605172808422,-2.6311207751583123,-0.10028992141603722,0
202020,-0.9598458838788433,-2.637666895551995,-0.10616464484626535,0
202024,-0.9527962157625696,-2.627763790341039,-0.10247196154726482,0
202028,-0.958503089951934,-2.641695277332723,-0.10112916762035554,0
202032,-0.9531319142442969,-2.6390096894789044,-0.10650034332799267,0
202036,-0.951621271076524,-2.626253147173266,-0.11522850385290302,0
202040,-0.9546425574120698,-2.635317006179904,-0.10633249408712901,0
202044,-0.9652170595864805,-2.6497520408941786,-0.10532539864194705,0
202048,-0.9457465476462958,-2.619371328297856,-0.11438925764858472,0
202052,-0.9534676127260242,-2.613496604867628,-0.11069657434958419,0
202056,-0.9556496528572518,-2.6289387350270847,-0.10549324788281071,0
202060,-0.9514534218356603,-2.6237354085603113,-0.11120012207217517,0
202063,-0.9526283665217059,-2.6237354085603113,-0.10482185091935607,0
202067,-0.9564888990615701,-2.6207141222247654,-0.09525444419012741,0
202071,-0.951621271076524,-2.611482413977264,-0.10750743877317463,0
202075,-0.9532997634851605,-2.626756694895857,-0.09844357976653696,0
202079,-0.9454108491645685,-2.60074006256199,-0.10280766002899214,0
202083,-0.9543068589303425,-2.6131609063859007,-0.10028992141603722,0
202087,-0.957999542229343,-2.6222247653925383,-0.10079346913862822,0
202091,-0.9576638437476157,-2.6161821927214466,-0.09861142900740062,0
202095,-0.957999542229343,-2.6250782024872206,-0.09139391165026321,0
202099,-0.9544747081712062,-2.633806363012131,-0.10180056458381018,0
202102,-0.9504463263904783,-2.637163347829404,-0.10314335851071946,0
202106,-0.9472571908140688,-2.6291065842679484,-0.10163271534294652,0
202110,-0.9536354619668879,-2.6181963836118105,-0.10885023270008393,0
202114,-0.9524605172808422,-2.6245746547646296,-0.12311741817349507,0
202118,-0.9470893415732051,-2.616014343480583,-0.1353704127565423,0
202122,-0.9485999847409781,-2.615510795757992,-0.13469901579308766,0
202126,-0.950614175631342,-2.6344777599755855,-0.11472495613031204,0
202130,-0.9454108491645685,-2.604097047379263,-0.08400854505226214,0
202134,-0.9615243762874799,-2.609132524605173,-0.05580987258716716,0
202138,-0.9433966582742046,-2.6369954985885404,-0.07511253528648813,0
202142,-0.9499427786678873,-2.630785076676585,-0.09810788128480964,0
202145,-0.9494392309452964,-2.6205462729839017,-0.12076752880140383,0
202149,-0.9454108491645685,-2.6000686655985352,-0.12630655374990463,0
202153,-0.9558175020981154,-2.6311207751583123,-0.12294956893263141,0
202157,-0.9653849088273442,-2.6482413977264057,-0.1093537804226749,0
202161,-0.9564888990615701,-2.6222247653925383,-0.11069657434958419,0
202165,-0.9521248187991149,-2.6156786449988556,-0.11220721751735713,0
202169,-0.9388647287708858,-2.633806363012131,-0.10885023270008393,0
202173,-0.9368505378805219,-2.6368276493476768,-0.10666819256885633,0
202177,-0.9440680552376592,-2.651430533302815,-0.1101930266269932,0
202181,-0.9459143968871595,-2.6192034790569925,-0.1170748455024033,0
202185,-0.9606851300831616,-2.633806363012131,-0.1148928053711757,0
202188,-0.9464179446097505,-2.6250782024872206,-0.11472495613031204,0
202192,-0.9637064164187075,-2.633806363012131,-0.10918593118181125,0
202196,-0.9610208285648889,-2.639177538719768,-0.09894712748912794,0
202200,-0.9544747081712062,-2.6438773174639505,-0.09508659494926375,0
202204,-0.957999542229343,-2.6388418402380407,-0.09223315785458151,0
202208,-0.957495994506752,-2.6230640115968566,-0.09458304722667277,0
202212,-0.9650492103456169,-2.6321278706034943,-0.09861142900740062,0
202216,-0.9544747081712062,-2.6398489356832227,-0.10028992141603722,0
202220,-0.9578316929884794,-2.6359884031433585,-0.1046540016784924,0
202224,-0.9583352407110703,-2.6309529259174487,-0.1021362630655375,0
202227,-0.9418860151064317,-2.648073548485542,-0.11136797131303883,0
202231,-0.9556496528572518,-2.6438773174639505,-0.11002517738612955,0
202235,-0.9551461051346608,-2.643205920500496,-0.10448615243762874,0
202239,-0.9564888990615701,-2.632295719844358,-0.09894712748912794,0
202243,-0.958503089951934,-2.638170443274586,-0.10918593118181125,0
202247,-0.9541390096894788,-2.6334706645304036,-0.10012207217517356,0
202251,-0.9650492103456169,-2.6400167849240863,-0.10515754940108339,0
202255,-0.960013733119707,-2.6468986037994964,-0.10230411230640116,0
202259,-0.9563210498207064,-2.6207141222247654,-0.10230411230640116,0
202263,-0.9558175020981154,-2.642534523537041,-0.10498970016021973,0
202267,-0.9618600747692072,-2.6369954985885404,-0.10616464484626535,0
202270,-0.9548104066529335,-2.6326314183260853,-0.10817883573662927,0
202274,-0.9553139543755245,-2.6393453879606317,-0.11120012207217517,0
202278,-0.9457465476462958,-2.612993057145037,-0.10515754940108339,0
202282,-0.9522926680399786,-2.609971770809491,-0.10885023270008393,0
202286,-0.9576638437476157,-2.608964675364309,-0.10112916762035554,0
202290,-0.9475928892957961,-2.608964675364309,-0.11136797131303883,0
202294,-0.9502784771496147,-2.618867780575265,-0.1021362630655375,0
202298,-0.94960708018616,-2.61450370031281,-0.10633249408712901,0
202302,-0.9489356832227054,-2.610139620050355,-0.10901808194094759,0
202306,-0.9487678339818417,-2.601579308766308,-0.10599679560540169,0
202310,-0.9588387884336613,-2.610643167772946,-0.10767528801403829,0
202313,-0.9467536430914778,-2.5999008163576716,-0.11153582055390249,0
202317,-0.9198977645532921,-2.601075761043717,-0.10733958953231097,0
202321,-0.9445716029602502,-2.642702372777905,-0.10666819256885633,0
202325,-0.9454108491645685,-2.601747158007172,-0.10750743877317463,0
202329,-0.9457465476462958,-2.5999008163576716,-0.10599679560540169,0
202333,-0.9529640650034332,-2.608628976882582,-0.0999542229343099,0
202337,-0.9455786984054322,-2.593690394445716,-0.09861142900740062,0
202341,-0.9521248187991149,-2.601579308766308,-0.10616464484626535,0
202345,-0.9499427786678873,-2.6166857404440376,-0.11153582055390249,0
202349,-0.9519569695582513,-2.6242389562829023,-0.09861142900740062,0
202353,-0.9554818036163881,-2.6289387350270847,-0.10230411230640116,0
202356,-0.9536354619668879,-2.6212176699473564,-0.10717174029144731,0
202360,-0.9558175020981154,-2.6418631265735866,-0.10498970016021973,0
202364,-0.9548104066529335,-2.6339742122529946,-0.10834668497749293,0
202368,-0.9549782558937971,-2.630785076676585,-0.10851453421835659,0
202372,-0.9611886778057526,-2.6497520408941786,-0.1029755092698558,0
202376,-0.960013733119707,-2.6492484931715876,-0.10415045395590142,0
202380,-0.9605172808422979,-2.6492484931715876,-0.10482185091935607,0
202384,-0.9556496528572518,-2.6443808651865415,-0.10314335851071946,0
202388,-0.9611886778057526,-2.6551232166018157,-0.1012970168612192,0
202392,-0.9561532005798428,-2.6232318608377203,-0.09726863508049134,0
202395,-0.9553139543755245,-2.634309910734722,-0.10028992141603722,0
202399,-0.9633707179369801,-2.641191729610132,-0.10750743877317463,0
202403,-0.9551461051346608,-2.643038071259632,-0.1140535591668574,0
202407,-0.9375219348439765,-2.635317006179904,-0.10918593118181125,0
202411,-0.9556496528572518,-2.6395132372014953,-0.1132143129625391,0
202415,-0.9620279240100709,-2.6336385137712672,-0.11187151903562981,0
202419,-0.9588387884336613,-2.62642099641413,-0.08954757000076295,0
202423,-0.9613565270466162,-2.6468986037994964,-0.08602273594262608,0
202427,-0.9588387884336613,-2.6299458304722667,-0.08736552986953536,0
202431,-0.9532997634851605,-2.6368276493476768,-0.09642938887617303,0
202435,-0.9454108491645685,-2.6029221026932174,-0.10448615243762874,0
202438,-0.9474250400549324,-2.6052719920653087,-0.10347905699244678,0
202442,-0.9460822461280232,-2.5958724345769437,-0.11069657434958419,0
202446,-0.9519569695582513,-2.6143358510719463,-0.1204318303196765,0
202450,-0.9608529793240252,-2.631288624399176,-0.11724269474326696,0
202454,-0.9445716029602502,-2.6586480506599526,-0.12563515678645,0
202458,-0.9460822461280232,-2.6242389562829023,-0.12009613183794918,0
202462,-0.9454108491645685,-2.5988937209124896,-0.10498970016021973,0
202466,-0.9573281452658884,-2.618364232852674,-0.10834668497749293,0
202470,-0.9544747081712062,-2.629777981231403,-0.0991149767299916,0
202474,-0.9559853513389791,-2.643541618982223,-0.11052872510872053,0
202478,-0.9462500953688868,-2.6151750972762646,-0.09861142900740062,0
202481,-0.9435645075150683,-2.6413595788509956,-0.1021362630655375,0
202485,-0.9464179446097505,-2.619874876020447,-0.10784313725490195,0
202489,-0.9455786984054322,-2.5945296406500344,-0.10448615243762874,0
202493,-0.9484321355001144,-2.6042648966201267,-0.10650034332799267,0
202497,-0.9329900053406577,-2.6383382925154497,-0.0999542229343099,0
202501,-0.9480964370183871,-2.611146715495537,-0.10230411230640116,0
202505,-0.9529640650034332,-2.617021438925765,-0.09189745937285419,0
202509,-0.9548104066529335,-2.62642099641413,-0.1029755092698558,0
202513,-0.9554818036163881,-2.6349813076981765,-0.10028992141603722,0
202517,-0.9539711604486152,-2.6306172274357214,-0.10431830319676508,0
202520,-0.960013733119707,-2.640688181887541,-0.10633249408712901,0
202524,-0.9563210498207064,-2.617860685130083,-0.11388570992599374,0
202528,-0.9539711604486152,-2.622392614633402,-0.1012970168612192,0
202532,-0.9573281452658884,-2.626924544136721,-0.09760433356221866,0
202536,-0.9522926680399786,-2.6156786449988556,-0.08602273594262608,0
202540,-0.9564888990615701,-2.619874876020447,-0.10431830319676508,0
202544,-0.9611886778057526,-2.641191729610132,-0.10566109712367437,0
202548,-0.9645456626230259,-2.644716563668269,-0.10616464484626535,0
202552,-0.9551461051346608,-2.6452201113908598,-0.10566109712367437,0
202556,-0.9538033112077515,-2.631792172121767,-0.10566109712367437,0
202560,-0.9531319142442969,-2.636324101625086,-0.10633249408712901,0
202563,-0.9544747081712062,-2.6383382925154497,-0.10331120775158312,0
202567,-0.9673990997177081,-2.6420309758144502,-0.10079346913862822,0
202571,-0.9454108491645685,-2.602250705729763,-0.10431830319676508,0
202575,-0.9517891203173876,-2.6118181124589914,-0.10163271534294652,0
202579,-0.9499427786678873,-2.6225604638742657,-0.10566109712367437,0
202583,-0.9499427786678873,-2.626756694895857,-0.10146486610208286,0
202587,-0.929297322041657,-2.6192034790569925,-0.11774624246585794,0
202591,-0.9460822461280232,-2.603593499656672,-0.10045777065690088,0
202595,-0.9521248187991149,-2.6049362935835814,-0.10566109712367437,0
202599,-0.9454108491645685,-2.5928511482413974,-0.10163271534294652,0
202603,-0.9541390096894788,-2.609971770809491,-0.10364690623331044,0
202606,-0.9548104066529335,-2.6186999313344015,-0.10515754940108339,0
202610,-0.9522926680399786,-2.610139620050355,-0.10331120775158312,0
202614,-0.9519569695582513,-2.619371328297856,-0.1179140917067216,0
202618,-0.9482642862592507,-2.6062790875104906,-0.09978637369344624,0
202622,-0.9571602960250247,-2.619035629816129,-0.09542229343099107,0
202626,-0.9532997634851605,-2.6336385137712672,-0.10985732814526589,0
202630,-0.9521248187991149,-2.617021438925765,-0.11153582055390249,0
202634,-0.9504463263904783,-2.6314564736400397,-0.10918593118181125,0
202638,-0.9499427786678873,-2.6296101319905394,-0.10650034332799267,0
202642,-0.9479285877775234,-2.6275959411001755,-0.1038147554741741,0
202646,-0.9489356832227054,-2.619371328297856,-0.10750743877317463,0
202649,-0.94960708018616,-2.6153429465171283,-0.10616464484626535,0
202653,-0.9527962157625696,-2.618532082093538,-0.10482185091935607,0
202657,-0.9653849088273442,-2.6448844129091325,-0.09945067521171892,0
202661,-0.9541390096894788,-2.6329671168078126,-0.1012970168612192,0
202665,-0.9554818036163881,-2.63330281528954,-0.11136797131303883,0
202669,-0.9534676127260242,-2.622392614633402,-0.09945067521171892,0
202673,-0.9517891203173876,-2.622392614633402,-0.10263981078812848,0
202677,-0.9345006485084306,-2.651598382543679,-0.10180056458381018,0
202681,-0.9517891203173876,-2.6316243228809033,-0.10163271534294652,0
202685,-0.9524605172808422,-2.629777981231403,-0.10968947890440223,0
202688,-0.9494392309452964,-2.618028534370947,-0.11623559929808498,0
202692,-0.9556496528572518,-2.6324635690852216,-0.1046540016784924,0
202696,-0.9544747081712062,-2.640688181887541,-0.0999542229343099,0
202700,-0.9538033112077515,-2.63330281528954,-0.09961852445258258,0
202704,-0.9559853513389791,-2.6489127946898603,-0.10616464484626535,0
202708,-0.951117723353933,-2.6299458304722667,-0.09273670557717249,0
202712,-0.957495994506752,-2.6210498207064927,-0.10448615243762874,0
202716,-0.9564888990615701,-2.619035629816129,-0.09861142900740062,0
202720,-0.9576638437476157,-2.6161821927214466,-0.1021362630655375,0
202724,-0.9548104066529335,-2.626253147173266,-0.10112916762035554,0
202728,-0.9454108491645685,-2.598725871671626,-0.09525444419012741,0
202731,-0.9556496528572518,-2.6210498207064927,-0.10616464484626535,0
202735,-0.9566567483024337,-2.619874876020447,-0.1101930266269932,0
202739,-0.9517891203173876,-2.6232318608377203,-0.10415045395590142,0
202743,-0.9611886778057526,-2.6477378500038147,-0.10364690623331044,0
202747,-0.9672312504768444,-2.6467307545586327,-0.09928282597085526,0
202751,-0.9497749294270237,-2.63514915693904,-0.10180056458381018,0
202755,-0.9437323567559319,-2.6606622415503165,-0.10633249408712901,0
202759,-0.9507820248722056,-2.624406805523766,-0.10733958953231097,0
202763,-0.9529640650034332,-2.626924544136721,-0.11170366979476615,0
202767,-0.9388647287708858,-2.6390096894789044,-0.10599679560540169,0
202771,-0.9536354619668879,-2.619371328297856,-0.10482185091935607,0
202774,-0.9517891203173876,-2.6235675593194476,-0.10851453421835659,0
202778,-0.9583352407110703,-2.6265888456549935,-0.10566109712367437,0
202782,-0.9492713817044327,-2.6260852979324025,-0.1046540016784924,0
202786,-0.9447394522011139,-2.6588158999008162,-0.09861142900740062,0
202790,-0.9553139543755245,-2.6502555886167696,-0.10700389105058365,0
202794,-0.9450751506828412,-2.675265125505455,-0.11287861448081178,0
202798,-0.942221713588159,-2.670229648279545,-0.10431830319676508,0
202802,-0.9531319142442969,-2.6522697795071335,-0.10784313725490195,0
202806,-0.9373540856031128,-2.6410238803692683,-0.10784313725490195,0
202810,-0.9539711604486152,-2.633806363012131,-0.1038147554741741,0
202813,-0.9532997634851605,-2.63514915693904,-0.10415045395590142,0
202817,-0.9517891203173876,-2.630785076676585,-0.0999542229343099,0
202821,-0.9378576333257038,-2.6452201113908598,-0.10247196154726482,0
202825,-0.951621271076524,-2.6232318608377203,-0.10767528801403829,0
202829,-0.9526283665217059,-2.6242389562829023,-0.10717174029144731,0
202833,-0.9517891203173876,-2.6158464942397193,-0.10599679560540169,0
202837,-0.9690775921263447,-2.634645609216449,-0.09760433356221866,0
202841,-0.9541390096894788,-2.6336385137712672,-0.10364690623331044,0
202845,-0.9485999847409781,-2.6250782024872206,-0.10582894636453803,0
202849,-0.9489356832227054,-2.6166857404440376,-0.10801098649576561,0
202853,-0.9559853513389791,-2.639177538719768,-0.09945067521171892,0
202856,-0.9395361257343404,-2.6507591363393606,-0.10834668497749293,0
202860,-0.9477607385366598,-2.63514915693904,-0.11892118715190356,0
202864,-0.9472571908140688,-2.6227283131151293,-0.10532539864194705,0
202868,-0.9512855725947966,-2.613496604867628,-0.10717174029144731,0
202872,-0.9588387884336613,-2.610978866254673,-0.11036087586785687,0
202876,-0.9543068589303425,-2.618364232852674,-0.10566109712367437,0
202880,-0.9538033112077515,-2.6227283131151293,-0.10650034332799267,0
202884,-0.9578316929884794,-2.62642099641413,-0.10918593118181125,0
202888,-0.9524605172808422,-2.625749599450675,-0.10633249408712901,0
202892,-0.951117723353933,-2.6148393987945373,-0.10717174029144731,0
202896,-0.9492713817044327,-2.622896162355993,-0.1101930266269932,0
202899,-0.951621271076524,-2.6153429465171283,-0.10968947890440223,0
202903,-0.9532997634851605,-2.6291065842679484,-0.10666819256885633,0
202907,-0.9454108491645685,-2.5988937209124896,-0.11002517738612955,0
202911,-0.9477607385366598,-2.6126573586633097,-0.10750743877317463,0
202915,-0.9541390096894788,-2.6215533684290837,-0.10683604180971999,0
202919,-0.9534676127260242,-2.615510795757992,-0.10582894636453803,0
202923,-0.9474250400549324,-2.609636072327764,-0.10666819256885633,0
202927,-0.9645456626230259,-2.6334706645304036,-0.09877927824826428,0
202929,,,,1
202931,-0.9553139543755245,-2.6331349660486763,-0.10247196154726482,0
202935,-0.9534676127260242,-2.621889066910811,-0.10868238345922025,0
202939,-0.951621271076524,-2.6141680018310827,-0.10616464484626535,0
202942,-0.951621271076524,-2.604097047379263,-0.10633249408712901,0
202946,-0.9418860151064317,-2.6390096894789044,-0.10230411230640116,0
202950,-0.951117723353933,-2.6197070267795834,-0.10280766002899214,0
202954,-0.9536354619668879,-2.6151750972762646,-0.10331120775158312,0
202958,-0.9536354619668879,-2.6131609063859007,-0.10918593118181125,0
202962,-0.9532997634851605,-2.6291065842679484,-0.10784313725490195,0
202966,-0.9519569695582513,-2.62642099641413,-0.10717174029144731,0
202970,-0.9603494316014343,-2.6275959411001755,-0.10515754940108339,0
202974,-0.9534676127260242,-2.6163500419623102,-0.1038147554741741,0
202978,-0.9529640650034332,-2.6210498207064927,-0.09861142900740062,0
202981,-0.9521248187991149,-2.618532082093538,-0.09894712748912794,0
202985,-0.9532997634851605,-2.6299458304722667,-0.1046540016784924,0
202989,-0.9527962157625696,-2.6270923933775845,-0.10398260471503776,0
202993,-0.9635385671778438,-2.6301136797131304,-0.10599679560540169,0
202997,-0.950110627908751,-2.628770885786221,-0.10616464484626535,0
203001,-0.9509498741130693,-2.6062790875104906,-0.10012207217517356,0
203005,-0.9467536430914778,-2.5963759822995347,-0.10650034332799267,0
203009,-0.950614175631342,-2.6237354085603113,-0.11271076523994812,0
203013,-0.9485999847409781,-2.618028534370947,-0.10415045395590142,0
203017,-0.9647135118638895,-2.634813458457313,-0.10062561989776454,0
203021,-0.9548104066529335,-2.6309529259174487,-0.10146486610208286,0
203024,-0.9559853513389791,-2.6462272068360417,-0.10885023270008393,0
203028,-0.9497749294270237,-2.636659800106813,-0.10868238345922025,0
203032,-0.9538033112077515,-2.627763790341039,-0.11808194094758526,0
203036,-0.9365148393987945,-2.642198825055314,-0.10817883573662927,0
203040,-0.9512855725947966,-2.6210498207064927,-0.09978637369344624,0
203044,-0.9536354619668879,-2.6131609063859007,-0.10415045395590142,0
203048,-0.9539711604486152,-2.6230640115968566,-0.10599679560540169,0
203052,-0.951117723353933,-2.615510795757992,-0.10398260471503776,0
203056,-0.9469214923323415,-2.60074006256199,-0.10314335851071946,0
203060,-0.9576638437476157,-2.6098039215686275,-0.10515754940108339,0
203064,-0.9532997634851605,-2.628770885786221,-0.09240100709544517,0
203067,-0.951117723353933,-2.61953917753872,-0.09760433356221866,0
203071,-0.9620279240100709,-2.6232318608377203,-0.10045777065690088,0
203075,-0.9541390096894788,-2.623399710078584,-0.10633249408712901,0
203079,-0.94960708018616,-2.6148393987945373,-0.10498970016021973,0
203083,-0.9423895628290226,-2.65394827191577,-0.10314335851071946,0
203087,-0.9571602960250247,-2.6405203326466773,-0.10230411230640116,0
203091,-0.9507820248722056,-2.605607690547036,-0.10801098649576561,0
203095,-0.9556496528572518,-2.6245746547646296,-0.09407949950408179,0
203099,-0.9512855725947966,-2.617524986648356,-0.10566109712367437,0
203103,-0.950614175631342,-2.6311207751583123,-0.12479591058213169,0
203106,-0.9731059739070725,-2.6418631265735866,-0.13352407110704204,0
203110,-0.949103532463569,-2.63514915693904,-0.13134203097581446,0
203114,-0.9541390096894788,-2.6291065842679484,-0.0991149767299916,0
203118,-0.9571602960250247,-2.6275959411001755,-0.07259479667353322,0
203122,-0.9546425574120698,-2.636156252384222,-0.06403448538948653,0
203126,-0.9452429999237049,-2.669222552834363,-0.07528038452735179,0
203130,-0.9475928892957961,-2.6265888456549935,-0.10079346913862822,0
203134,-0.9454108491645685,-2.593354695963989,-0.12378881513694971,0
203138,-0.9475928892957961,-2.601747158007172,-0.12378881513694971,0
203142,-0.9526283665217059,-2.6197070267795834,-0.1101930266269932,0
203146,-0.9583352407110703,-2.6275959411001755,-0.1012970168612192,0
203149,-0.9581673914702067,-2.629777981231403,-0.10918593118181125,0
203153,-0.94272526131075,-2.636324101625086,-0.11002517738612955,0
203157,-0.941214618142977,-2.6489127946898603,-0.09458304722667277,0
203161,-0.9398718242160677,-2.6606622415503165,-0.1093537804226749,0
203165,-0.9423895628290226,-2.670229648279545,-0.10347905699244678,0
203169,-0.9432288090333409,-2.6720759899290454,-0.11203936827649347,0
203173,-0.9455786984054322,-2.617524986648356,-0.11338216220340276,0
203177,-0.9588387884336613,-2.6176928358892195,-0.1170748455024033,0
203181,-0.960013733119707,-2.6364919508659495,-0.10817883573662927,0
203185,-0.9626993209735255,-2.642198825055314,-0.09760433356221866,0
203189,-0.9588387884336613,-2.629274433508812,-0.10062561989776454,0
203192,-0.9623636224917982,-2.6296101319905394,-0.09844357976653696,0
203196,-0.9746166170748455,-2.6591515983825436,-0.09357595178149081,0
203200,-0.9558175020981154,-2.6611657892729075,-0.10885023270008393,0
203204,-0.9440680552376592,-2.6636835278858624,-0.10515754940108339,0
203208,-0.9561532005798428,-2.625917448691539,-0.10112916762035554,0
203212,-0.9606851300831616,-2.64018463416495,-0.11136797131303883,0
203216,-0.9549782558937971,-2.6334706645304036,-0.1021362630655375,0
203220,-0.9531319142442969,-2.634309910734722,-0.09726863508049134,0
203224,-0.9593423361562523,-2.6321278706034943,-0.10314335851071946,0
203228,-0.9559853513389791,-2.648073548485542,-0.09760433356221866,0
203232,-0.9524605172808422,-2.6291065842679484,-0.10230411230640116,0
203235,-0.9519569695582513,-2.6304493781948577,-0.10733958953231097,0
203239,-0.9492713817044327,-2.6291065842679484,-0.09794003204394598,0
203243,-0.9553139543755245,-2.636156252384222,-0.09961852445258258,0
203247,-0.9586709391927977,-2.644045166704814,-0.10196841382467384,0
203251,-0.9485999847409781,-2.6280994888227664,-0.09894712748912794,0
203255,-0.9504463263904783,-2.634142061493858,-0.10448615243762874,0
203259,-0.9605172808422979,-2.6420309758144502,-0.10650034332799267,0
203263,-0.9475928892957961,-2.6227283131151293,-0.1093537804226749,0
203267,-0.9487678339818417,-2.616014343480583,-0.11203936827649347,0
203271,-0.9445716029602502,-2.6551232166018157,-0.11741054398413062,0
203274,-0.9527962157625696,-2.6336385137712672,-0.10851453421835659,0
203278,-0.9450751506828412,-2.665362020294499,-0.11237506675822079,0
203282,-0.94960708018616,-2.6304493781948577,-0.12244602121004043,0
203286,-0.9613565270466162,-2.6479056992446783,-0.1038147554741741,0
203290,-0.9474250400549324,-2.6245746547646296,-0.10230411230640116,0
203294,-0.9445716029602502,-2.6536125734340428,-0.11287861448081178,0
203298,-0.9452429999237049,-2.6730830853742273,-0.10196841382467384,0
203302,-0.9368505378805219,-2.657473105973907,-0.10885023270008393,0
203306,-0.9464179446097505,-2.6369954985885404,-0.09961852445258258,0
203310,-0.9400396734569314,-2.6289387350270847,-0.10717174029144731,0
203314,-0.9465857938506141,-2.6171892881666285,-0.10431830319676508,0
203317,-0.9454108491645685,-2.597215228503853,-0.10263981078812848,0
203321,-0.9526283665217059,-2.6121538109407187,-0.10666819256885633,0
203325,-0.9576638437476157,-2.611482413977264,-0.11774624246585794,0
203329,-0.957495994506752,-2.6128252079041734,-0.10683604180971999,0
203333,-0.9569924467841611,-2.616517891203174,-0.1038147554741741,0
203337,-0.9583352407110703,-2.621889066910811,-0.10650034332799267,0
203341,-0.9532997634851605,-2.6329671168078126,-0.10683604180971999,0
203345,-0.9541390096894788,-2.6280994888227664,-0.11036087586785687,0
203349,-0.9548104066529335,-2.624910353246357,-0.10616464484626535,0
203353,-0.9568245975432974,-2.617524986648356,-0.10482185091935607,0
203357,-0.9558175020981154,-2.6374990463111314,-0.10733958953231097,0
203360,-0.9522926680399786,-2.6247425040054932,-0.1021362630655375,0
203364,-0.950110627908751,-2.626756694895857,-0.11170366979476615,0
203368,-0.9534676127260242,-2.6168535896849012,-0.10062561989776454,0
203372,-0.9539711604486152,-2.6225604638742657,-0.09642938887617303,0
203376,-0.9665598535133898,-2.6522697795071335,-0.09945067521171892,0
203380,-0.9507820248722056,-2.621889066910811,-0.10062561989776454,0
203384,-0.9522926680399786,-2.6143358510719463,-0.10263981078812848,0
203388,-0.9521248187991149,-2.612993057145037,-0.10012207217517356,0
203392,-0.9591744869153886,-2.624910353246357,-0.10885023270008393,0
203396,-0.9591744869153886,-2.6364919508659495,-0.08921187151903563,0
203399,-0.960013733119707,-2.642702372777905,-0.11237506675822079,0
203403,-0.9536354619668879,-2.6299458304722667,-0.1204318303196765,0
203407,-0.9553139543755245,-2.642198825055314,-0.09810788128480964,0
203411,-0.9616922255283435,-2.622392614633402,-0.08988326848249027,0
203415,-0.9608529793240252,-2.634645609216449,-0.07880521858548867,0
203419,-0.9559853513389791,-2.6443808651865415,-0.08820477607385366,0
203423,-0.9467536430914778,-2.6166857404440376,-0.10498970016021973,0
203427,-0.9497749294270237,-2.625749599450675,-0.10415045395590142,0
203431,-0.9460822461280232,-2.606111238269627,-0.10398260471503776,0
203435,-0.9472571908140688,-2.608964675364309,-0.1140535591668574,0
203439,-0.9509498741130693,-2.60258640421149,-0.12345311665522239,0
203442,-0.9454108491645685,-2.588151369497215,-0.13167772945754178,0
203446,-0.950110627908751,-2.6057755397878997,-0.11992828259708552,0
203450,-0.9497749294270237,-2.6200427252613108,-0.11472495613031204,0
203454,-0.9623636224917982,-2.625749599450675,-0.0999542229343099,0
203458,-0.9482642862592507,-2.6074540321965363,-0.09894712748912794,0
203462,-0.9487678339818417,-2.6049362935835814,-0.10163271534294652,0
203466,-0.9484321355001144,-2.601747158007172,-0.1021362630655375,0
203470,-0.9524605172808422,-2.6176928358892195,-0.10347905699244678,0
203474,-0.9454108491645685,-2.5940260929274435,-0.0999542229343099,0
203478,-0.9494392309452964,-2.6014114595254445,-0.09844357976653696,0
203482,-0.9479285877775234,-2.6146715495536736,-0.09961852445258258,0
203485,-0.949103532463569,-2.6299458304722667,-0.08367284657053482,0
203489,-0.9521248187991149,-2.6138323033493553,-0.1012970168612192,0
203493,-0.9546425574120698,-2.6296101319905394,-0.1093537804226749,0
203497,-0.9598458838788433,-2.6418631265735866,-0.0999542229343099,0
203501,-0.9544747081712062,-2.641695277332723,-0.10817883573662927,0
203505,-0.9561532005798428,-2.6181963836118105,-0.10263981078812848,0
203509,-0.950614175631342,-2.634309910734722,-0.09894712748912794,0
203513,-0.9512855725947966,-2.624910353246357,-0.10549324788281071,0
203517,-0.9677347981994354,-2.6301136797131304,-0.10498970016021973,0
203521,-0.9554818036163881,-2.6368276493476768,-0.10331120775158312,0
203525,-0.9573281452658884,-2.632295719844358,-0.10448615243762874,0
203528,-0.9553139543755245,-2.641191729610132,-0.10901808194094759,0
203532,-0.957495994506752,-2.624406805523766,-0.10616464484626535,0
203536,-0.9576638437476157,-2.6192034790569925,-0.10666819256885633,0
203540,-0.9546425574120698,-2.6321278706034943,-0.10314335851071946,0
203544,-0.9568245975432974,-2.622392614633402,-0.10515754940108339,0
203548,-0.9583352407110703,-2.6245746547646296,-0.08988326848249027,0
203552,-0.9675669489585718,-2.626924544136721,-0.10885023270008393,0
203556,-0.9531319142442969,-2.630281528953994,-0.11841763942931258,0
203560,-0.9546425574120698,-2.6403524834058136,-0.10515754940108339,0
203564,-0.9559853513389791,-2.649584191653315,-0.0999542229343099,0
203567,-0.9581673914702067,-2.637163347829404,-0.11271076523994812,0
203571,-0.957999542229343,-2.6324635690852216,-0.10280766002899214,0
203575,-0.9489356832227054,-2.625413900968948,-0.09055466544594491,0
203579,-0.9531319142442969,-2.629274433508812,-0.1021362630655375,0
203583,-0.9559853513389791,-2.6468986037994964,-0.10549324788281071,0
203587,-0.9640421149004348,-2.658480201419089,-0.10683604180971999,0
203591,-0.951117723353933,-2.6304493781948577,-0.11203936827649347,0
203595,-0.9454108491645685,-2.597215228503853,-0.10549324788281071,0
203599,-0.949103532463569,-2.6153429465171283,-0.10062561989776454,0
203603,-0.9428931105516136,-2.6378347447928587,-0.09794003204394598,0
203607,-0.957495994506752,-2.6237354085603113,-0.10096131837949188,0
203610,-0.9497749294270237,-2.627428091859312,-0.10280766002899214,0
203614,-0.9519569695582513,-2.6265888456549935,-0.10347905699244678,0
203618,-0.9519569695582513,-2.6265888456549935,-0.09407949950408179,0
203622,-0.9531319142442969,-2.635820553902495,-0.10498970016021973,0
203626,-0.9531319142442969,-2.6395132372014953,-0.09357595178149081,0
203630,-0.9526283665217059,-2.6309529259174487,-0.09978637369344624,0
203634,-0.9695811398489357,-2.631792172121767,-0.10146486610208286,0
203638,-0.9465857938506141,-2.6171892881666285,-0.10028992141603722,0
203642,-0.9573281452658884,-2.626253147173266,-0.09794003204394598,0
203646,-0.9737773708705272,-2.627428091859312,-0.11170366979476615,0
203650,-0.9541390096894788,-2.631792172121767,-0.10045777065690088,0
203653,-0.9640421149004348,-2.6479056992446783,-0.09844357976653696,0
203657,-0.9519569695582513,-2.6378347447928587,-0.11170366979476615,0
203661,-0.950614175631342,-2.6390096894789044,-0.10180056458381018,0
203665,-0.9507820248722056,-2.6153429465171283,-0.08384069581139848,0
203669,-0.9608529793240252,-2.6311207751583123,-0.11103227283131151,0
203673,-0.9548104066529335,-2.624910353246357,-0.10364690623331044,0
203677,-0.9551461051346608,-2.6373311970702678,-0.11170366979476615,0
203681,-0.9526283665217059,-2.6314564736400397,-0.10515754940108339,0
203685,-0.9474250400549324,-2.618364232852674,-0.10750743877317463,0
203689,-0.9544747081712062,-2.6336385137712672,-0.10784313725490195,0
203692,-0.9536354619668879,-2.6197070267795834,-0.10549324788281071,0
203696,-0.9492713817044327,-2.6146715495536736,-0.10767528801403829,0
203700,-0.9502784771496147,-2.6222247653925383,-0.11086442359044785,0
203704,-0.9484321355001144,-2.616014343480583,-0.10683604180971999,0
203708,-0.9455786984054322,-2.593354695963989,-0.10163271534294652,0
203712,-0.9522926680399786,-2.598222323949035,-0.09206530861371785,0
203716,-0.959510185397116,-2.6163500419623102,-0.09659723811703669,0
203720,-0.9454108491645685,-2.596208133058671,-0.1012970168612192,0
203724,-0.9437323567559319,-2.64706645304036,-0.09877927824826428,0
203728,-0.9514534218356603,-2.621889066910811,-0.10431830319676508,0
203732,-0.9521248187991149,-2.618364232852674,-0.10582894636453803,0
203735,-0.9539711604486152,-2.617860685130083,-0.12009613183794918,0
203739,-0.9509498741130693,-2.6072861829556726,-0.1132143129625391,0
203743,-0.9517891203173876,-2.617021438925765,-0.10784313725490195,0
203747,-0.9457465476462958,-2.603089951934081,-0.10784313725490195,0
203751,-0.9548104066529335,-2.616517891203174,-0.10717174029144731,0
203755,-0.9532997634851605,-2.6301136797131304,-0.08669413290608072,0
203759,-0.9534676127260242,-2.618867780575265,-0.10582894636453803,0
203763,-0.9551461051346608,-2.6349813076981765,-0.10885023270008393,0
203767,-0.9521248187991149,-2.62138551918822,-0.11338216220340276,0
203771,-0.9509498741130693,-2.60258640421149,-0.10650034332799267,0
203775,-0.9497749294270237,-2.615007248035401,-0.12093537804226749,0
203778,-0.9497749294270237,-2.6220569161516747,-0.10599679560540169,0
203782,-0.9475928892957961,-2.6121538109407187,-0.10247196154726482,0
203786,-0.9517891203173876,-2.6176928358892195,-0.10482185091935607,0
203790,-0.9465857938506141,-2.6146715495536736,-0.09659723811703669,0
203794,-0.9373540856031128,-2.624910353246357,-0.11002517738612955,0
203798,-0.9454108491645685,-2.598222323949035,-0.10901808194094759,0
203802,-0.9459143968871595,-2.5965438315403984,-0.10415045395590142,0
203806,-0.9527962157625696,-2.6126573586633097,-0.10650034332799267,0
203810,-0.9573281452658884,-2.6225604638742657,-0.11757839322499428,0
203814,-0.9531319142442969,-2.63330281528954,-0.10700389105058365,0
203818,-0.957495994506752,-2.6202105745021744,-0.10817883573662927,0
203821,-0.9543068589303425,-2.6250782024872206,-0.11002517738612955,0
203825,-0.9536354619668879,-2.6138323033493553,-0.1259708552681773,0
203829,-0.9583352407110703,-2.6280994888227664,-0.11556420233463034,0
203833,-0.9588387884336613,-2.620378423743038,-0.11287861448081178,0
203837,-0.9621957732509345,-2.627428091859312,-0.11992828259708552,0
203841,-0.9561532005798428,-2.6087968261234455,-0.10666819256885633,0
203845,-0.9601815823605706,-2.619874876020447,-0.0863584344243534,0
203837,,,,1
203849,-0.9462500953688868,-2.6032578011749448,-0.10431830319676508,0
203853,-0.9454108491645685,-2.5898298619058515,-0.10868238345922025,0
203857,-0.9588387884336613,-2.6074540321965363,-0.10650034332799267,0
203860,-0.9548104066529335,-2.6171892881666285,-0.10650034332799267,0
203864,-0.9532997634851605,-2.6336385137712672,-0.1046540016784924,0
203868,-0.958503089951934,-2.637163347829404,-0.11237506675822079,0
203872,-0.9559853513389791,-2.6527733272297245,-0.10868238345922025,0
203876,-0.9596780346379796,-2.6400167849240863,-0.10582894636453803,0
203880,-0.9628671702143892,-2.63330281528954,-0.10431830319676508,0
203884,-0.9517891203173876,-2.6299458304722667,-0.09877927824826428,0
203888,-0.9586709391927977,-2.6428702220187685,-0.10415045395590142,0
203892,-0.9571602960250247,-2.6368276493476768,-0.10498970016021973,0
203896,-0.9532997634851605,-2.6400167849240863,-0.10549324788281071,0
203900,-0.9591744869153886,-2.638170443274586,-0.10331120775158312,0
203903,-0.9559853513389791,-2.6487449454489966,-0.11237506675822079,0
203907,-0.9603494316014343,-2.6403524834058136,-0.1029755092698558,0
203911,-0.9469214923323415,-2.6163500419623102,-0.1029755092698558,0
203915,-0.9524605172808422,-2.622392614633402,-0.12345311665522239,0
203919,-0.9558175020981154,-2.6423666742961776,-0.10901808194094759,0
203923,-0.9561532005798428,-2.6212176699473564,-0.11052872510872053,0
203927,-0.9561532005798428,-2.609132524605173,-0.1101930266269932,0
203931,-0.9502784771496147,-2.613496604867628,-0.11287861448081178,0
203935,-0.9499427786678873,-2.6212176699473564,-0.10028992141603722,0
203939,-0.9504463263904783,-2.632295719844358,-0.10062561989776454,0
203943,-0.949103532463569,-2.6275959411001755,-0.10700389105058365,0
203946,-0.9514534218356603,-2.6141680018310827,-0.09978637369344624,0
203950,-0.950614175631342,-2.6314564736400397,-0.10566109712367437,0
203954,-0.9469214923323415,-2.608964675364309,-0.10448615243762874,0
203958,-0.9454108491645685,-2.59251544975967,-0.10448615243762874,0
203962,-0.9479285877775234,-2.6103074692912185,-0.11086442359044785,0
203966,-0.957999542229343,-2.625749599450675,-0.11153582055390249,0
203970,-0.9499427786678873,-2.626756694895857,-0.11086442359044785,0
203974,-0.9571602960250247,-2.6286030365453574,-0.10532539864194705,0
203978,-0.9593423361562523,-2.6299458304722667,-0.11036087586785687,0
203982,-0.9601815823605706,-2.631288624399176,-0.10482185091935607,0
203985,-0.9527962157625696,-2.6286030365453574,-0.10868238345922025,0
203989,-0.9430609597924773,-2.64706645304036,-0.10801098649576561,0
203993,-0.9519569695582513,-2.6390096894789044,-0.11203936827649347,0
203997,-0.9521248187991149,-2.62138551918822,-0.10801098649576561,0
204001,-0.9532997634851605,-2.6314564736400397,-0.10415045395590142,0
204005,-0.9524605172808422,-2.629274433508812,-0.12429236285954069,0
204009,-0.9532997634851605,-2.634645609216449,-0.10885023270008393,0
204013,-0.9521248187991149,-2.6212176699473564,-0.10263981078812848,0
204017,-0.9538033112077515,-2.6316243228809033,-0.10280766002899214,0
204021,-0.9479285877775234,-2.6294422827496757,-0.10347905699244678,0
204025,-0.9549782558937971,-2.6284351873044938,-0.08753337911039902,0
204028,-0.951117723353933,-2.619035629816129,-0.10549324788281071,0
204032,-0.9571602960250247,-2.6227283131151293,-0.11539635309376668,0
204036,-0.9546425574120698,-2.638170443274586,-0.1029755092698558,0
204040,-0.9524605172808422,-2.6304493781948577,-0.10817883573662927,0
204044,-0.9539711604486152,-2.629777981231403,-0.10885023270008393,0
204048,-0.949103532463569,-2.6289387350270847,-0.10901808194094759,0
204052,-0.958503089951934,-2.6378347447928587,-0.10733958953231097,0
204056,-0.9632028686961165,-2.6410238803692683,-0.11355001144426642,0
204060,-0.9556496528572518,-2.641695277332723,-0.11355001144426642,0
204064,-0.9616922255283435,-2.6250782024872206,-0.11069657434958419,0
204068,-0.9591744869153886,-2.6294422827496757,-0.1187533379110399,0
204071,-0.9578316929884794,-2.6321278706034943,-0.10683604180971999,0
204075,-0.9564888990615701,-2.6247425040054932,-0.10985732814526589,0
204079,-0.9539711604486152,-2.63330281528954,-0.10431830319676508,0
204083,-0.9534676127260242,-2.6197070267795834,-0.09290455481803617,0
204087,-0.9544747081712062,-2.632799267566949,-0.10817883573662927,0
204091,-0.9519569695582513,-2.627260242618448,-0.10885023270008393,0
204095,-0.950110627908751,-2.622896162355993,-0.1264744029907683,0
204099,-0.9484321355001144,-2.6163500419623102,-0.10314335851071946,0
204103,-0.9464179446097505,-2.615007248035401,-0.11237506675822079,0
204107,-0.9492713817044327,-2.625917448691539,-0.10280766002899214,0
204111,-0.9521248187991149,-2.6163500419623102,-0.1101930266269932,0
204114,-0.9507820248722056,-2.603089951934081,-0.10163271534294652,0
204118,-0.9472571908140688,-2.609132524605173,-0.12832074464026855,0
204122,-0.9459143968871595,-2.6032578011749448,-0.13738460364690622,0
204126,-0.9449073014419775,-2.6453879606317234,-0.1370489051651789,0
204130,-0.9485999847409781,-2.6296101319905394,-0.11741054398413062,0
204134,-0.9514534218356603,-2.6143358510719463,-0.07846952010376135,0
204138,-0.9573281452658884,-2.627428091859312,-0.05950255588616769,0
204142,-0.951621271076524,-2.6168535896849012,-0.07897306782635233,0
204146,-0.9455786984054322,-2.5921797512779428,-0.11170366979476615,0
204150,-0.9450751506828412,-2.6497520408941786,-0.1362096589608606,0
204153,-0.9489356832227054,-2.6284351873044938,-0.13067063401235982,0
204157,-0.9559853513389791,-2.6453879606317234,-0.12127107652399481,0
204161,-0.9593423361562523,-2.64018463416495,-0.11556420233463034,0
204165,-0.959510185397116,-2.633806363012131,-0.11120012207217517,0
204169,-0.9559853513389791,-2.6458915083543144,-0.10918593118181125,0
204173,-0.9457465476462958,-2.6126573586633097,-0.11220721751735713,0
204177,-0.9365148393987945,-2.6286030365453574,-0.11036087586785687,0
204181,-0.9489356832227054,-2.6176928358892195,-0.1093537804226749,0
204185,-0.9435645075150683,-2.642534523537041,-0.12882429236285953,0
204189,-0.9489356832227054,-2.6230640115968566,-0.10901808194094759,0
204193,-0.9568245975432974,-2.6156786449988556,-0.11623559929808498,0
204196,-0.9541390096894788,-2.6280994888227664,-0.10918593118181125,0
204200,-0.9532997634851605,-2.634142061493858,-0.10096131837949188,0
204204,-0.9526283665217059,-2.6311207751583123,-0.08988326848249027,0
204208,-0.9532997634851605,-2.635652704661631,-0.097436484321355,0
204212,-0.9548104066529335,-2.6306172274357214,-0.09441519798580911,0
204216,-0.94960708018616,-2.6181963836118105,-0.10700389105058365,0
204220,-0.957495994506752,-2.616517891203174,-0.11002517738612955,0
204224,-0.9569924467841611,-2.6143358510719463,-0.10331120775158312,0
204228,-0.9618600747692072,-2.624406805523766,-0.11422140840772106,0
204232,-0.9620279240100709,-2.6294422827496757,-0.11925688563363088,0
204236,-0.9576638437476157,-2.6161821927214466,-0.11388570992599374,0
204239,-0.9561532005798428,-2.6103074692912185,-0.11355001144426642,0
204243,-0.958503089951934,-2.6336385137712672,-0.10683604180971999,0
204247,-0.9583352407110703,-2.6294422827496757,-0.1038147554741741,0
204251,-0.9576638437476157,-2.6197070267795834,-0.10901808194094759,0
204255,-0.957999542229343,-2.62642099641413,-0.10868238345922025,0
204259,-0.9568245975432974,-2.6212176699473564,-0.10616464484626535,0
204263,-0.9573281452658884,-2.6284351873044938,-0.10448615243762874,0
204267,-0.94960708018616,-2.6176928358892195,-0.11120012207217517,0
204271,-0.9543068589303425,-2.622392614633402,-0.11103227283131151,0
204275,-0.9526283665217059,-2.625749599450675,-0.11741054398413062,0
204278,-0.9524605172808422,-2.624406805523766,-0.11271076523994812,0
204282,-0.9459143968871595,-2.6067826352330816,-0.11002517738612955,0
204286,-0.9457465476462958,-2.6039291981383994,-0.11002517738612955,0
204290,-0.9479285877775234,-2.6123216601815824,-0.10817883573662927,0
204294,-0.9452429999237049,-2.6566338597695887,-0.10985732814526589,0
204298,-0.9398718242160677,-2.668383306630045,-0.11506065461203936,0
204302,-0.9444037537193866,-2.673754482337682,-0.11556420233463034,0
204306,-0.941718165865568,-2.6645227740901807,-0.12177462424658579,0
204310,-0.950110627908751,-2.642198825055314,-0.1132143129625391,0
204314,-0.941214618142977,-2.65394827191577,-0.12143892576485847,0
204318,-0.9479285877775234,-2.6359884031433585,-0.11690699626153964,0
204321,-0.9492713817044327,-2.6304493781948577,-0.11187151903562981,0
204325,-0.9418860151064317,-2.6499198901350423,-0.11640344853894864,0
204329,-0.9524605172808422,-2.6344777599755855,-0.11304646372167544,0
204333,-0.9527962157625696,-2.6306172274357214,-0.10717174029144731,0
204337,-0.9576638437476157,-2.6197070267795834,-0.11589990081635766,0
204341,-0.9544747081712062,-2.6336385137712672,-0.1195925841153582,0
204345,-0.9527962157625696,-2.6286030365453574,-0.10666819256885633,0
204349,-0.9534676127260242,-2.6186999313344015,-0.11254291599908445,0
204353,-0.9564888990615701,-2.619371328297856,-0.10851453421835659,0
204357,-0.9544747081712062,-2.6309529259174487,-0.10532539864194705,0
204361,-0.9576638437476157,-2.6217212176699474,-0.10549324788281071,0
204364,-0.9527962157625696,-2.6250782024872206,-0.10062561989776454,0
204368,-0.9539711604486152,-2.6275959411001755,-0.10431830319676508,0
204372,-0.9538033112077515,-2.628770885786221,-0.10683604180971999,0
204376,-0.9593423361562523,-2.6314564736400397,-0.09945067521171892,0
204380,-0.9492713817044327,-2.626924544136721,-0.10163271534294652,0
204384,-0.957495994506752,-2.6197070267795834,-0.09777218280308232,0
204388,-0.94272526131075,-2.631288624399176,-0.09861142900740062,0
204392,-0.949103532463569,-2.630281528953994,-0.09407949950408179,0
204396,-0.9499427786678873,-2.6291065842679484,-0.11220721751735713,0
204400,-0.9477607385366598,-2.627931639581903,-0.10498970016021973,0
204404,-0.9529640650034332,-2.624406805523766,-0.0999542229343099,0
204407,-0.9581673914702067,-2.6192034790569925,-0.10801098649576561,0
204411,-0.9549782558937971,-2.625413900968948,-0.09794003204394598,0
204415,-0.9460822461280232,-2.6057755397878997,-0.12227817196917677,0
204419,-0.9541390096894788,-2.619371328297856,-0.12244602121004043,0
204423,-0.9543068589303425,-2.6235675593194476,-0.10515754940108339,0
204427,-0.959510185397116,-2.6284351873044938,-0.09324025329976349,0
204431,-0.9606851300831616,-2.641695277332723,-0.08803692683299,0
204435,-0.9554818036163881,-2.6418631265735866,-0.10515754940108339,0
204439,-0.9454108491645685,-2.6067826352330816,-0.11304646372167544,0
204443,-0.9418860151064317,-2.6373311970702678,-0.1132143129625391,0
204446,-0.9457465476462958,-2.6146715495536736,-0.11522850385290302,0
204450,-0.9432288090333409,-2.64706645304036,-0.11522850385290302,0
204454,-0.9449073014419775,-2.660494392309453,-0.1179140917067216,0
204458,-0.9460822461280232,-2.620881971465629,-0.1204318303196765,0
204462,-0.941214618142977,-2.642534523537041,-0.12076752880140383,0
204466,-0.9492713817044327,-2.634309910734722,-0.12143892576485847,0
204470,-0.9457465476462958,-2.6094682230869,-0.11052872510872053,0
204474,-0.9588387884336613,-2.609132524605173,-0.10062561989776454,0
204478,-0.94960708018616,-2.6128252079041734,-0.10263981078812848,0
204482,-0.9462500953688868,-2.60258640421149,-0.10733958953231097,0
204486,-0.9475928892957961,-2.6072861829556726,-0.0999542229343099,0
204489,-0.94960708018616,-2.6049362935835814,-0.10767528801403829,0
204493,-0.950614175631342,-2.6260852979324025,-0.10566109712367437,0
204497,-0.9454108491645685,-2.5958724345769437,-0.1046540016784924,0
204501,-0.9492713817044327,-2.615510795757992,-0.10868238345922025,0
204505,-0.93080796520943,-2.6171892881666285,-0.10767528801403829,0
204509,-0.9507820248722056,-2.6029221026932174,-0.10784313725490195,0
204513,-0.9544747081712062,-2.625917448691539,-0.10784313725490195,0
204517,-0.9492713817044327,-2.626253147173266,-0.11069657434958419,0
204521,-0.9455786984054322,-2.5985580224307623,-0.11002517738612955,0
204525,-0.9556496528572518,-2.6225604638742657,-0.10968947890440223,0
204529,-0.9536354619668879,-2.6151750972762646,-0.10901808194094759,0
204532,-0.9553139543755245,-2.6321278706034943,-0.10112916762035554,0
204536,-0.9546425574120698,-2.6408560311284046,-0.10817883573662927,0
204540,-0.9564888990615701,-2.626756694895857,-0.10784313725490195,0
204544,-0.9517891203173876,-2.626756694895857,-0.10196841382467384,0
204548,-0.9538033112077515,-2.627428091859312,-0.10717174029144731,0
204552,-0.9460822461280232,-2.5995651178759442,-0.10733958953231097,0
204556,-0.9586709391927977,-2.625917448691539,-0.10515754940108339,0
204560,-0.9539711604486152,-2.6270923933775845,-0.10616464484626535,0
204564,-0.9616922255283435,-2.617524986648356,-0.10733958953231097,0
204568,-0.9541390096894788,-2.6202105745021744,-0.10482185091935607,0
204571,-0.9571602960250247,-2.6252460517280842,-0.10515754940108339,0
204575,-0.9531319142442969,-2.6400167849240863,-0.1046540016784924,0
204579,-0.9381933318074311,-2.6405203326466773,-0.10616464484626535,0
204583,-0.941718165865568,-2.6537804226749064,-0.11690699626153964,0
204587,-0.9400396734569314,-2.643541618982223,-0.10263981078812848,0
204591,-0.9499427786678873,-2.63514915693904,-0.10868238345922025,0
204595,-0.9373540856031128,-2.63330281528954,-0.11086442359044785,0
204599,-0.9534676127260242,-2.619371328297856,-0.10868238345922025,0
204603,-0.9544747081712062,-2.634645609216449,-0.10784313725490195,0
204607,-0.957495994506752,-2.621889066910811,-0.10079346913862822,0
204611,-0.9559853513389791,-2.642702372777905,-0.10247196154726482,0
204614,-0.9573281452658884,-2.635820553902495,-0.1046540016784924,0
204618,-0.9588387884336613,-2.625413900968948,-0.10448615243762874,0
204622,-0.9459143968871595,-2.6087968261234455,-0.10868238345922025,0
204626,-0.9487678339818417,-2.6062790875104906,-0.10112916762035554,0
204630,-0.9487678339818417,-2.6084611276417182,-0.10616464484626535,0
204634,-0.94272526131075,-2.6319600213626306,-0.10700389105058365,0
204638,-0.9450751506828412,-2.665362020294499,-0.08367284657053482,0
204642,-0.9469214923323415,-2.624910353246357,-0.1101930266269932,0
204646,-0.9593423361562523,-2.6296101319905394,-0.10717174029144731,0
204650,-0.9437323567559319,-2.660494392309453,-0.10918593118181125,0
204654,-0.9539711604486152,-2.6410238803692683,-0.10801098649576561,0
204657,-0.9605172808422979,-2.6438773174639505,-0.10196841382467384,0
204661,-0.9544747081712062,-2.644213015945678,-0.1038147554741741,0
204665,-0.9613565270466162,-2.6588158999008162,-0.10633249408712901,0
204669,-0.9512855725947966,-2.627428091859312,-0.11589990081635766,0
204673,-0.9613565270466162,-2.6467307545586327,-0.10650034332799267,0
204677,-0.9578316929884794,-2.6403524834058136,-0.11069657434958419,0
204681,-0.9628671702143892,-2.634813458457313,-0.1101930266269932,0
204685,-0.9432288090333409,-2.651934081025406,-0.11203936827649347,0
204689,-0.9623636224917982,-2.6388418402380407,-0.11036087586785687,0
204693,-0.9564888990615701,-2.628770885786221,-0.11136797131303883,0
204697,-0.9534676127260242,-2.619874876020447,-0.11170366979476615,0
204700,-0.9541390096894788,-2.6255817502098115,-0.11002517738612955,0
204704,-0.9553139543755245,-2.6354848554207675,-0.10952162966353857,0
204708,-0.9457465476462958,-2.6156786449988556,-0.10985732814526589,0
204712,-0.9502784771496147,-2.6197070267795834,-0.10817883573662927,0
204716,-0.9583352407110703,-2.627260242618448,-0.11187151903562981,0
204720,-0.9536354619668879,-2.61953917753872,-0.11371786068513008,0
204724,-0.9536354619668879,-2.619035629816129,-0.10750743877317463,0
204728,-0.9499427786678873,-2.6210498207064927,-0.1132143129625391,0
204732,-0.9464179446097505,-2.6133287556267644,-0.10700389105058365,0
204736,-0.950110627908751,-2.6225604638742657,-0.11287861448081178,0
204739,-0.9485999847409781,-2.6161821927214466,-0.10750743877317463,0
204743,-0.9536354619668879,-2.6217212176699474,-0.10599679560540169,0
204747,-0.9536354619668879,-2.6158464942397193,-0.1093537804226749,0
204751,-0.9311436636911573,-2.63330281528954,-0.10196841382467384,0
204755,-0.9658884565499352,-2.656969558251316,-0.10180056458381018,0
204759,-0.9581673914702067,-2.6364919508659495,-0.10263981078812848,0
204763,-0.9514534218356603,-2.6200427252613108,-0.11136797131303883,0
204767,-0.9576638437476157,-2.6143358510719463,-0.11203936827649347,0
204771,-0.9439002059967956,-2.6494163424124513,-0.1093537804226749,0
204775,-0.929800869764248,-2.6390096894789044,-0.11036087586785687,0
204779,-0.9507820248722056,-2.608628976882582,-0.09441519798580911,0
204782,-0.9514534218356603,-2.608628976882582,-0.11640344853894864,0
204786,-0.9390325780117494,-2.6420309758144502,-0.10700389105058365,0
204790,-0.9454108491645685,-2.6029221026932174,-0.11136797131303883,0
204794,-0.9454108491645685,-2.588990615701533,-0.10666819256885633,0
204798,-0.9477607385366598,-2.608628976882582,-0.11187151903562981,0
204802,-0.941214618142977,-2.6395132372014953,-0.10885023270008393,0
204806,-0.9454108491645685,-2.60258640421149,-0.10851453421835659,0
204810,-0.9474250400549324,-2.6054398413061723,-0.10180056458381018,0
204814,-0.951621271076524,-2.5993972686350806,-0.09861142900740062,0
204818,-0.9539711604486152,-2.616517891203174,-0.11506065461203936,0
204822,-0.9509498741130693,-2.602250705729763,-0.09508659494926375,0
204825,-0.9551461051346608,-2.6270923933775845,-0.10515754940108339,0
204829,-0.9569924467841611,-2.6186999313344015,-0.11220721751735713,0
204833,-0.9474250400549324,-2.6126573586633097,-0.11052872510872053,0
204837,-0.9462500953688868,-2.602754253452354,-0.1276493476768139,0
204841,-0.9536354619668879,-2.6087968261234455,-0.10901808194094759,0
204845,-0.9675669489585718,-2.6235675593194476,-0.10280766002899214,0
204849,-0.9462500953688868,-2.611146715495537,-0.11287861448081178,0
204853,-0.9532997634851605,-2.629777981231403,-0.10733958953231097,0
204857,-0.950110627908751,-2.627428091859312,-0.10582894636453803,0
204861,-0.9522926680399786,-2.617357137407492,-0.11623559929808498,0
204864,-0.9454108491645685,-2.5970473792629893,-0.11120012207217517,0
204868,-0.9532997634851605,-2.6212176699473564,-0.11287861448081178,0
204872,-0.9242618448157472,-2.615007248035401,-0.11237506675822079,0
204876,-0.9531319142442969,-2.631792172121767,-0.10599679560540169,0
204880,-0.9534676127260242,-2.618867780575265,-0.10666819256885633,0
204884,-0.9581673914702067,-2.624406805523766,-0.10985732814526589,0
204888,-0.9489356832227054,-2.618028534370947,-0.11589990081635766,0
204892,-0.9543068589303425,-2.6210498207064927,-0.1132143129625391,0
204896,-0.9554818036163881,-2.631792172121767,-0.10868238345922025,0
204900,-0.9519569695582513,-2.63330281528954,-0.12529945830472267,0
204904,-0.9576638437476157,-2.6222247653925383,-0.10263981078812848,0
204907,-0.9526283665217059,-2.6265888456549935,-0.11254291599908445,0
204911,-0.9507820248722056,-2.6062790875104906,-0.09626153963530937,0
204915,-0.9522926680399786,-2.610139620050355,-0.10549324788281071,0
204919,-0.9568245975432974,-2.6113145647364004,-0.10549324788281071,0
204923,-0.9526283665217059,-2.6225604638742657,-0.10666819256885633,0
204927,-0.9484321355001144,-2.617860685130083,-0.1093537804226749,0
204931,-0.9521248187991149,-2.6113145647364004,-0.11136797131303883,0
204935,-0.9647135118638895,-2.6319600213626306,-0.09978637369344624,0
204939,-0.951117723353933,-2.6217212176699474,-0.11455710688944838,0
204943,-0.9509498741130693,-2.606614785992218,-0.10918593118181125,0
204947,-0.9536354619668879,-2.6054398413061723,-0.10750743877317463,0
204950,-0.9519569695582513,-2.6161821927214466,-0.10834668497749293,0
204954,-0.9477607385366598,-2.628770885786221,-0.10398260471503776,0
204958,-0.957999542229343,-2.6265888456549935,-0.1093537804226749,0
204962,-0.9534676127260242,-2.618532082093538,-0.11136797131303883,0
204946,,,,1
204966,-0.9546425574120698,-2.636156252384222,-0.13218127718013276,0
204970,-0.9507820248722056,-2.6151750972762646,-0.11103227283131151,0
204974,-0.959006637674525,-2.6151750972762646,-0.1093537804226749,0
204978,-0.9578316929884794,-2.625413900968948,-0.10985732814526589,0
204982,-0.9558175020981154,-2.642702372777905,-0.10196841382467384,0
204986,-0.9576638437476157,-2.6275959411001755,-0.09877927824826428,0
204990,-0.9507820248722056,-2.608964675364309,-0.1093537804226749,0
204993,-0.9603494316014343,-2.619035629816129,-0.09391165026321813,0
204997,-0.9532997634851605,-2.6364919508659495,-0.10331120775158312,0
205001,-0.9522926680399786,-2.62138551918822,-0.10700389105058365,0
205005,-0.9489356832227054,-2.6163500419623102,-0.09961852445258258,0
205009,-0.9526283665217059,-2.6220569161516747,-0.11002517738612955,0
205013,-0.9564888990615701,-2.6210498207064927,-0.097436484321355,0
205017,-0.9568245975432974,-2.6156786449988556,-0.10247196154726482,0
205021,-0.940711070420386,-2.6423666742961776,-0.10784313725490195,0
205025,-0.9679026474402991,-2.6474021515220874,-0.10683604180971999,0
205029,-0.9529640650034332,-2.6329671168078126,-0.10331120775158312,0
205032,-0.9586709391927977,-2.64018463416495,-0.10834668497749293,0
205036,-0.9489356832227054,-2.6235675593194476,-0.10683604180971999,0
205040,-0.9571602960250247,-2.6255817502098115,-0.10700389105058365,0
205044,-0.9548104066529335,-2.627428091859312,-0.08937972075989929,0
205048,-0.9475928892957961,-2.6116502632181278,-0.1093537804226749,0
205052,-0.9568245975432974,-2.6128252079041734,-0.10784313725490195,0
205056,-0.9564888990615701,-2.6113145647364004,-0.10549324788281071,0
205060,-0.94960708018616,-2.610643167772946,-0.10700389105058365,0
205064,-0.9660563057907988,-2.6415274280918593,-0.10599679560540169,0
205068,-0.9529640650034332,-2.632295719844358,-0.11690699626153964,0
205072,-0.9596780346379796,-2.6334706645304036,-0.10415045395590142,0
205079,-0.941214618142977,-2.6497520408941786,-0.11220721751735713,0
205083,-0.957999542229343,-2.6405203326466773,-0.10498970016021973,0
205087,-0.9521248187991149,-2.6225604638742657,-0.10885023270008393,0
205091,-0.9454108491645685,-2.5948653391317618,-0.09794003204394598,0
205095,-0.9502784771496147,-2.6146715495536736,-0.1093537804226749,0
205099,-0.9556496528572518,-2.6291065842679484,-0.10012207217517356,0
205103,-0.9470893415732051,-2.620378423743038,-0.0991149767299916,0
205107,-0.9499427786678873,-2.627260242618448,-0.09659723811703669,0
205111,-0.9591744869153886,-2.631792172121767,-0.10196841382467384,0
205115,-0.9531319142442969,-2.6326314183260853,-0.10028992141603722,0
205118,-0.951117723353933,-2.62138551918822,-0.1021362630655375,0
205122,-0.9509498741130693,-2.6057755397878997,-0.10398260471503776,0
205126,-0.9509498741130693,-2.598222323949035,-0.11002517738612955,0
205130,-0.9526283665217059,-2.6151750972762646,-0.10028992141603722,0
205134,-0.9534676127260242,-2.6148393987945373,-0.08702983138780804,0
205138,-0.9564888990615701,-2.6128252079041734,-0.10398260471503776,0
205142,-0.9566567483024337,-2.6168535896849012,-0.12362096589608605,0
205146,-0.9610208285648889,-2.6349813076981765,-0.13150988021667812,0
205150,-0.9538033112077515,-2.6321278706034943,-0.13302052338445106,0
205154,-0.9576638437476157,-2.625749599450675,-0.1298313878080415,0
205157,-0.9596780346379796,-2.628770885786221,-0.09307240405889983,0
205161,-0.9658884565499352,-2.6497520408941786,-0.06353093766689555,0
205165,-0.957999542229343,-2.6388418402380407,-0.060341802090486,0
205169,-0.9548104066529335,-2.6314564736400397,-0.07914091706721599,0
205173,-0.9454108491645685,-2.601075761043717,-0.10700389105058365,0
205177,-0.9309758144502936,-2.629777981231403,-0.12714579995422293,0
205181,-0.959006637674525,-2.6192034790569925,-0.12076752880140383,0
205185,-0.9605172808422979,-2.641191729610132,-0.10767528801403829,0
205189,-0.960013733119707,-2.644045166704814,-0.10633249408712901,0
205193,-0.9509498741130693,-2.617357137407492,-0.11741054398413062,0
205197,-0.9433966582742046,-2.6390096894789044,-0.10985732814526589,0
205200,-0.9390325780117494,-2.65210193026627,-0.1187533379110399,0
205204,-0.9365148393987945,-2.6467307545586327,-0.115732051575494,0
205208,-0.9420538643472953,-2.6557946135652704,-0.11371786068513008,0
205212,-0.950110627908751,-2.6374990463111314,-0.1165712977798123,0
205216,-0.9507820248722056,-2.612489509422446,-0.1281528953994049,0
205220,-0.9598458838788433,-2.631288624399176,-0.11355001144426642,0
205224,-0.9543068589303425,-2.6309529259174487,-0.09156176089112687,0
205228,-0.9668955519951171,-2.6222247653925383,-0.09794003204394598,0
205232,-0.950110627908751,-2.626924544136721,-0.097436484321355,0
205236,-0.9606851300831616,-2.638170443274586,-0.09659723811703669,0
205240,-0.9568245975432974,-2.6225604638742657,-0.09307240405889983,0
205243,-0.9487678339818417,-2.6158464942397193,-0.09592584115358205,0
205247,-0.9608529793240252,-2.635317006179904,-0.09777218280308232,0
205251,-0.9621957732509345,-2.6334706645304036,-0.09961852445258258,0
205255,-0.9635385671778438,-2.643038071259632,-0.1093537804226749,0
205259,-0.9663920042725261,-2.6561303120469977,-0.09777218280308232,0
205263,-0.9702525368123903,-2.6556267643244067,-0.09357595178149081,0
205267,-0.9633707179369801,-2.650926985580224,-0.09928282597085526,0
205271,-0.9623636224917982,-2.6380025940337224,-0.09156176089112687,0
205275,-0.9591744869153886,-2.6383382925154497,-0.09038681620508125,0
205279,-0.9569924467841611,-2.6247425040054932,-0.09844357976653696,0
205283,-0.9591744869153886,-2.6301136797131304,-0.10431830319676508,0
205286,-0.9626993209735255,-2.6395132372014953,-0.10163271534294652,0
205290,-0.9544747081712062,-2.6423666742961776,-0.10196841382467384,0
205294,-0.9559853513389791,-2.6487449454489966,-0.10549324788281071,0
205298,-0.9615243762874799,-2.627763790341039,-0.10280766002899214,0
205302,-0.9494392309452964,-2.6202105745021744,-0.10700389105058365,0
205306,-0.9454108491645685,-2.5980544747081713,-0.08753337911039902,0
205310,-0.959006637674525,-2.6087968261234455,-0.10784313725490195,0
205314,-0.9462500953688868,-2.594193942168307,-0.08686198214694438,0
205318,-0.9536354619668879,-2.606614785992218,-0.10952162966353857,0
205322,-0.9484321355001144,-2.610978866254673,-0.10582894636453803,0
205325,-0.9544747081712062,-2.6301136797131304,-0.10750743877317463,0
205329,-0.9484321355001144,-2.6207141222247654,-0.10885023270008393,0
205333,-0.950614175631342,-2.6296101319905394,-0.10901808194094759,0
205337,-0.9480964370183871,-2.6094682230869,-0.10549324788281071,0
205341,-0.9484321355001144,-2.610643167772946,-0.11741054398413062,0
205345,-0.9494392309452964,-2.609636072327764,-0.11388570992599374,0
205349,-0.9450751506828412,-2.655962462806134,-0.10985732814526589,0
205353,-0.9521248187991149,-2.6309529259174487,-0.10868238345922025,0
205357,-0.9499427786678873,-2.6299458304722667,-0.11824979018844892,0
205361,-0.9454108491645685,-2.5988937209124896,-0.10868238345922025,0
205365,-0.9484321355001144,-2.6121538109407187,-0.10448615243762874,0
205368,-0.9487678339818417,-2.609132524605173,-0.10885023270008393,0
205372,-0.9467536430914778,-2.600572213321126,-0.10196841382467384,0
205376,-0.9433966582742046,-2.636659800106813,-0.11170366979476615,0
205380,-0.9529640650034332,-2.6306172274357214,-0.10817883573662927,0
205384,-0.9504463263904783,-2.636324101625086,-0.12227817196917677,0
205388,-0.9556496528572518,-2.6393453879606317,-0.10817883573662927,0
205392,-0.9596780346379796,-2.631792172121767,-0.10566109712367437,0
205396,-0.9548104066529335,-2.6296101319905394,-0.10146486610208286,0
205400,-0.960013733119707,-2.6403524834058136,-0.09424734874494545,0
205404,-0.959006637674525,-2.6284351873044938,-0.08736552986953536,0
205408,-0.957495994506752,-2.6192034790569925,-0.10515754940108339,0
205411,-0.9632028686961165,-2.638673990997177,-0.1012970168612192,0
205415,-0.9591744869153886,-2.634645609216449,-0.10247196154726482,0
205419,-0.9588387884336613,-2.623903257801175,-0.10180056458381018,0
205423,-0.950614175631342,-2.6344777599755855,-0.1029755092698558,0
205427,-0.9588387884336613,-2.625413900968948,-0.09693293659876402,0
205431,-0.9521248187991149,-2.6156786449988556,-0.11136797131303883,0
205435,-0.9598458838788433,-2.636659800106813,-0.10582894636453803,0
205439,-0.9621957732509345,-2.633806363012131,-0.11187151903562981,0
205443,-0.9563210498207064,-2.6116502632181278,-0.11254291599908445,0
205447,-0.9553139543755245,-2.630281528953994,-0.12143892576485847,0
205450,-0.9541390096894788,-2.6299458304722667,-0.09642938887617303,0
205454,-0.9558175020981154,-2.6458915083543144,-0.0855191882200351,0
205458,-0.9548104066529335,-2.6324635690852216,-0.0841763942931258,0
205462,-0.9455786984054322,-2.6014114595254445,-0.08837262531471732,0
205466,-0.9376897840848402,-2.6225604638742657,-0.11187151903562981,0
205470,-0.9442359044785229,-2.643038071259632,-0.10717174029144731,0
205474,-0.9494392309452964,-2.6207141222247654,-0.13033493553063247,0
205478,-0.950110627908751,-2.6202105745021744,-0.1093537804226749,0
205482,-0.9554818036163881,-2.6316243228809033,-0.11220721751735713,0
205486,-0.9470893415732051,-2.618364232852674,-0.11472495613031204,0
205490,-0.9460822461280232,-2.601243610284581,-0.11388570992599374,0
205493,-0.9469214923323415,-2.6004043640802625,-0.09424734874494545,0
205497,-0.9485999847409781,-2.6087968261234455,-0.10901808194094759,0
205501,-0.9531319142442969,-2.6291065842679484,-0.1038147554741741,0
205505,-0.9454108491645685,-2.6009079118028535,-0.10515754940108339,0
205509,-0.9507820248722056,-2.5978866254673076,-0.11808194094758526,0
205513,-0.9474250400549324,-2.601579308766308,-0.11237506675822079,0
205517,-0.9452429999237049,-2.650591287098497,-0.10750743877317463,0
205521,-0.9470893415732051,-2.624910353246357,-0.10901808194094759,0
205525,-0.9425574120698863,-2.6552910658426794,-0.10700389105058365,0
205529,-0.9465857938506141,-2.6294422827496757,-0.10784313725490195,0
205533,-0.9551461051346608,-2.6336385137712672,-0.10045777065690088,0
205536,-0.9517891203173876,-2.6296101319905394,-0.10180056458381018,0
205540,-0.9452429999237049,-2.6660334172579536,-0.10415045395590142,0
205544,-0.9564888990615701,-2.6383382925154497,-0.10633249408712901,0
205548,-0.9551461051346608,-2.6433737697413595,-0.10666819256885633,0
205552,-0.9549782558937971,-2.633806363012131,-0.11422140840772106,0
205556,-0.9551461051346608,-2.6385061417563134,-0.1093537804226749,0
205560,-0.9559853513389791,-2.650087739375906,-0.11388570992599374,0
205564,-0.9534676127260242,-2.627931639581903,-0.13419546807049668,0
205568,-0.9551461051346608,-2.6410238803692683,-0.10280766002899214,0
205572,-0.9583352407110703,-2.634309910734722,-0.10817883573662927,0
205576,-0.9469214923323415,-2.614000152590219,-0.11103227283131151,0
205579,-0.949103532463569,-2.6247425040054932,-0.11522850385290302,0
205583,-0.9526283665217059,-2.6250782024872206,-0.09760433356221866,0
205587,-0.9527962157625696,-2.6245746547646296,-0.1101930266269932,0
205591,-0.9479285877775234,-2.6270923933775845,-0.10784313725490195,0
205595,-0.9606851300831616,-2.636324101625086,-0.10868238345922025,0
205599,-0.9477607385366598,-2.6319600213626306,-0.11388570992599374,0
205603,-0.9472571908140688,-2.617524986648356,-0.11136797131303883,0
205607,-0.951117723353933,-2.6126573586633097,-0.10918593118181125,0
205611,-0.9465857938506141,-2.608964675364309,-0.10532539864194705,0
205615,-0.9526283665217059,-2.6200427252613108,-0.10498970016021973,0
205618,-0.9437323567559319,-2.653109025711452,-0.10733958953231097,0
205622,-0.9544747081712062,-2.645555809872587,-0.1029755092698558,0
205626,-0.9497749294270237,-2.6354848554207675,-0.11271076523994812,0
205630,-0.9561532005798428,-2.6148393987945373,-0.10851453421835659,0
205634,-0.9521248187991149,-2.610978866254673,-0.10364690623331044,0
205638,-0.9519569695582513,-2.618867780575265,-0.10968947890440223,0
205642,-0.9519569695582513,-2.6230640115968566,-0.11170366979476615,0
205646,-0.951117723353933,-2.620378423743038,-0.11338216220340276,0
205650,-0.950614175631342,-2.634309910734722,-0.11539635309376668,0
205654,-0.9512855725947966,-2.6220569161516747,-0.1320134279392691,0
205658,-0.957495994506752,-2.6151750972762646,-0.10633249408712901,0
205661,-0.9583352407110703,-2.623399710078584,-0.10733958953231097,0
205665,-0.9553139543755245,-2.635652704661631,-0.10885023270008393,0
205669,-0.9569924467841611,-2.6237354085603113,-0.1093537804226749,0
205673,-0.9563210498207064,-2.6136644541084917,-0.10901808194094759,0
205677,-0.9526283665217059,-2.620881971465629,-0.09810788128480964,0
205681,-0.9534676127260242,-2.6138323033493553,-0.10750743877317463,0
205685,-0.9532997634851605,-2.63514915693904,-0.1029755092698558,0
205689,-0.9548104066529335,-2.6316243228809033,-0.10599679560540169,0
205693,-0.9514534218356603,-2.6197070267795834,-0.11254291599908445,0
205697,-0.9553139543755245,-2.632295719844358,-0.10817883573662927,0
205701,-0.9532997634851605,-2.6383382925154497,-0.10498970016021973,0
205704,-0.9504463263904783,-2.642198825055314,-0.0999542229343099,0
205708,-0.9564888990615701,-2.6275959411001755,-0.11623559929808498,0
205712,-0.9459143968871595,-2.6094682230869,-0.10415045395590142,0
205716,-0.950614175631342,-2.627260242618448,-0.10784313725490195,0
205720,-0.9601815823605706,-2.625749599450675,-0.11036087586785687,0
205724,-0.9497749294270237,-2.6301136797131304,-0.11052872510872053,0
205728,-0.9569924467841611,-2.618364232852674,-0.11472495613031204,0
205732,-0.959006637674525,-2.617021438925765,-0.1101930266269932,0
205736,-0.9563210498207064,-2.6076218814374,-0.11069657434958419,0
205740,-0.9527962157625696,-2.6163500419623102,-0.11153582055390249,0
205743,-0.9489356832227054,-2.6116502632181278,-0.12613870450904097,0
205747,-0.94960708018616,-2.6087968261234455,-0.10767528801403829,0
205751,-0.9467536430914778,-2.6000686655985352,-0.1165712977798123,0
205755,-0.9559853513389791,-2.631288624399176,-0.11304646372167544,0
205759,-0.9487678339818417,-2.618364232852674,-0.1140535591668574,0
205763,-0.9452429999237049,-2.662005035477226,-0.11522850385290302,0
205767,-0.9439002059967956,-2.671236743724727,-0.11287861448081178,0
205771,-0.9509498741130693,-2.6284351873044938,-0.10616464484626535,0
205775,-0.9465857938506141,-2.6202105745021744,-0.10700389105058365,0
205779,-0.9489356832227054,-2.6121538109407187,-0.11170366979476615,0
205783,-0.9454108491645685,-2.5926832990005337,-0.12093537804226749,0
205786,-0.9527962157625696,-2.6094682230869,-0.10885023270008393,0
205790,-0.9532997634851605,-2.627763790341039,-0.11254291599908445,0
205794,-0.9532997634851605,-2.6369954985885404,-0.10767528801403829,0
205798,-0.9459143968871595,-2.6108110170138095,-0.10247196154726482,0
205802,-0.94272526131075,-2.630281528953994,-0.10868238345922025,0
205806,-0.9499427786678873,-2.6311207751583123,-0.10616464484626535,0
205810,-0.950614175631342,-2.6339742122529946,-0.10549324788281071,0
205814,-0.9517891203173876,-2.6311207751583123,-0.10666819256885633,0
205818,-0.9447394522011139,-2.6625085831998168,-0.11203936827649347,0
205822,-0.9480964370183871,-2.6245746547646296,-0.1140535591668574,0
205826,-0.9559853513389791,-2.6448844129091325,-0.10801098649576561,0
205829,-0.9494392309452964,-2.626253147173266,-0.11136797131303883,0
205833,-0.9432288090333409,-2.6482413977264057,-0.12026398107881284,0
205837,-0.9519569695582513,-2.6344777599755855,-0.10817883573662927,0
205841,-0.9509498741130693,-2.6121538109407187,-0.10700389105058365,0
205845,-0.950614175631342,-2.6289387350270847,-0.11153582055390249,0
205849,-0.9551461051346608,-2.637666895551995,-0.1195925841153582,0
205853,-0.9526283665217059,-2.6314564736400397,-0.11556420233463034,0
205857,-0.9502784771496147,-2.6260852979324025,-0.11086442359044785,0
205861,-0.9548104066529335,-2.627260242618448,-0.12261387045090409,0
205865,-0.9477607385366598,-2.6270923933775845,-0.11472495613031204,0
205869,-0.9576638437476157,-2.6163500419623102,-0.10448615243762874,0
205872,-0.9477607385366598,-2.622392614633402,-0.11522850385290302,0
205876,-0.9628671702143892,-2.6240711070420386,-0.10717174029144731,0
205880,-0.9536354619668879,-2.6181963836118105,-0.11673914702067598,0
205884,-0.9477607385366598,-2.6260852979324025,-0.10566109712367437,0
205888,-0.9616922255283435,-2.6171892881666285,-0.10968947890440223,0
205892,-0.9514534218356603,-2.6108110170138095,-0.11774624246585794,0
205896,-0.9566567483024337,-2.6171892881666285,-0.1101930266269932,0
205900,-0.9558175020981154,-2.640688181887541,-0.11136797131303883,0
205904,-0.9472571908140688,-2.6250782024872206,-0.11120012207217517,0
205908,-0.9576638437476157,-2.622896162355993,-0.10733958953231097,0
205911,-0.9457465476462958,-2.6059433890287633,-0.11220721751735713,0
205915,-0.9566567483024337,-2.6123216601815824,-0.11153582055390249,0
205919,-0.9539711604486152,-2.623399710078584,-0.11455710688944838,0
205923,-0.9512855725947966,-2.6156786449988556,-0.1093537804226749,0
205927,-0.9538033112077515,-2.621889066910811,-0.11438925764858472,0
205931,-0.9529640650034332,-2.6217212176699474,-0.11589990081635766,0
205935,-0.9527962157625696,-2.6227283131151293,-0.11069657434958419,0
205939,-0.9729381246662089,-2.637163347829404,-0.11388570992599374,0
205943,-0.9534676127260242,-2.621889066910811,-0.10012207217517356,0
205947,-0.9464179446097505,-2.6084611276417182,-0.11103227283131151,0
205951,-0.9497749294270237,-2.619371328297856,-0.11086442359044785,0
205954,-0.9517891203173876,-2.621889066910811,-0.11153582055390249,0
205958,-0.9578316929884794,-2.62642099641413,-0.11153582055390249,0
205962,-0.9454108491645685,-2.5985580224307623,-0.10700389105058365,0
205966,-0.9549782558937971,-2.6128252079041734,-0.11438925764858472,0
205970,-0.9420538643472953,-2.6369954985885404,-0.11086442359044785,0
205974,-0.9487678339818417,-2.6205462729839017,-0.1140535591668574,0
205978,-0.9527962157625696,-2.619035629816129,-0.10851453421835659,0
205982,-0.929800869764248,-2.618867780575265,-0.11388570992599374,0
205986,-0.9521248187991149,-2.612489509422446,-0.10834668497749293,0
205990,-0.9534676127260242,-2.6094682230869,-0.11623559929808498,0
205994,-0.9499427786678873,-2.6215533684290837,-0.11455710688944838,0
205997,-0.9536354619668879,-2.6118181124589914,-0.10398260471503776,0
206001,-0.950614175631342,-2.6304493781948577,-0.11052872510872053,0
206005,-0.9539711604486152,-2.6289387350270847,-0.10028992141603722,0
206009,-0.9541390096894788,-2.6265888456549935,-0.11002517738612955,0
206013,-0.9512855725947966,-2.6181963836118105,-0.11724269474326696,0
206017,-0.9573281452658884,-2.6250782024872206,-0.10717174029144731,0
206021,-0.94960708018616,-2.617524986648356,-0.10650034332799267,0
206024,,,,1
206025,-0.9606851300831616,-2.63330281528954,-0.09726863508049134,0
206029,-0.9635385671778438,-2.637163347829404,-0.10112916762035554,0
206033,-0.9543068589303425,-2.6304493781948577,-0.10683604180971999,0
206036,-0.9546425574120698,-2.637163347829404,-0.11136797131303883,0
206040,-0.9532997634851605,-2.637666895551995,-0.10431830319676508,0
206044,-0.9541390096894788,-2.6291065842679484,-0.10112916762035554,0
206048,-0.9529640650034332,-2.6270923933775845,-0.10868238345922025,0
206052,-0.9484321355001144,-2.620378423743038,-0.11069657434958419,0
206056,-0.9564888990615701,-2.618532082093538,-0.12211032272831311,0
206060,-0.9578316929884794,-2.626253147173266,-0.1148928053711757,0
206064,-0.9573281452658884,-2.6306172274357214,-0.10566109712367437,0
206068,-0.9549782558937971,-2.6260852979324025,-0.11287861448081178,0
206072,-0.9442359044785229,-2.6438773174639505,-0.12211032272831311,0
206076,-0.9558175020981154,-2.6601586938277255,-0.11741054398413062,0
206079,-0.9529640650034332,-2.6378347447928587,-0.13251697566186008,0
206083,-0.958503089951934,-2.643541618982223,-0.12261387045090409,0
206087,-0.9593423361562523,-2.637163347829404,-0.09172961013199053,0
206091,-0.9538033112077515,-2.6369954985885404,-0.07293049515526054,0
206095,-0.9588387884336613,-2.621889066910811,-0.09223315785458151,0
206099,-0.9487678339818417,-2.6123216601815824,-0.1093537804226749,0
206103,-0.9323186083772029,-2.634142061493858,-0.1284885938811322,0
206107,-0.9371862363622492,-2.648577096208133,-0.15551232166018158,0
206111,-0.9400396734569314,-2.63330281528954,-0.14611276417181657,0
206115,-0.9432288090333409,-2.6532768749523155,-0.13956664377813383,0
206119,-0.9430609597924773,-2.6625085831998168,-0.12127107652399481,0
206122,-0.9445716029602502,-2.6725795376516364,-0.09491874570840009,0
206126,-0.9492713817044327,-2.6487449454489966,-0.10146486610208286,0
206130,-0.9454108491645685,-2.606111238269627,-0.09794003204394598,0
206134,-0.9460822461280232,-2.5940260929274435,-0.10230411230640116,0
206138,-0.9492713817044327,-2.609971770809491,-0.11422140840772106,0
206142,-0.9502784771496147,-2.621889066910811,-0.10717174029144731,0
206146,-0.9538033112077515,-2.625749599450675,-0.10901808194094759,0
206150,-0.9497749294270237,-2.62642099641413,-0.11086442359044785,0
206154,-0.9527962157625696,-2.625917448691539,-0.10028992141603722,0
206158,-0.9633707179369801,-2.6390096894789044,-0.10817883573662927,0
206162,-0.9454108491645685,-2.6037613488975357,-0.10666819256885633,0
206165,-0.9558175020981154,-2.6368276493476768,-0.10549324788281071,0
206169,-0.9470893415732051,-2.619371328297856,-0.11455710688944838,0
206173,-0.9553139543755245,-2.637666895551995,-0.09861142900740062,0
206177,-0.9593423361562523,-2.636659800106813,-0.10331120775158312,0
206181,-0.9593423361562523,-2.639681086442359,-0.11237506675822079,0
206185,-0.9568245975432974,-2.623399710078584,-0.10868238345922025,0
206189,-0.9549782558937971,-2.626756694895857,-0.11808194094758526,0
206193,-0.9558175020981154,-2.643038071259632,-0.11136797131303883,0
206197,-0.9539711604486152,-2.6344777599755855,-0.1140535591668574,0
206201,-0.9532997634851605,-2.64018463416495,-0.10700389105058365,0
206204,-0.9569924467841611,-2.624910353246357,-0.10767528801403829,0
206208,-0.950110627908751,-2.6247425040054932,-0.10045777065690088,0
206212,-0.9554818036163881,-2.6319600213626306,-0.10532539864194705,0
206216,-0.9450751506828412,-2.6680476081483175,-0.10331120775158312,0
206220,-0.9524605172808422,-2.6418631265735866,-0.10733958953231097,0
206224,-0.9479285877775234,-2.6324635690852216,-0.11472495613031204,0
206228,-0.9499427786678873,-2.6329671168078126,-0.10985732814526589,0
206232,-0.9551461051346608,-2.6378347447928587,-0.10498970016021973,0
206236,-0.9524605172808422,-2.630785076676585,-0.11170366979476615,0
206240,-0.9512855725947966,-2.6197070267795834,-0.10834668497749293,0
206244,-0.9527962157625696,-2.6225604638742657,-0.10868238345922025,0
206247,-0.9462500953688868,-2.6052719920653087,-0.1140535591668574,0
206251,-0.9395361257343404,-2.63514915693904,-0.11808194094758526,0
206255,-0.9489356832227054,-2.6230640115968566,-0.11237506675822079,0
206259,-0.9467536430914778,-2.6098039215686275,-0.11103227283131151,0
206263,-0.9521248187991149,-2.611985961699855,-0.10733958953231097,0
206267,-0.9531319142442969,-2.6250782024872206,-0.1046540016784924,0
206271,-0.9524605172808422,-2.6230640115968566,-0.11002517738612955,0
206275,-0.9345006485084306,-2.652605477988861,-0.10012207217517356,0
206279,-0.950614175631342,-2.6482413977264057,-0.11271076523994812,0
206283,-0.9457465476462958,-2.6207141222247654,-0.1093537804226749,0
206287,-0.9457465476462958,-2.6049362935835814,-0.10599679560540169,0
206290,-0.9568245975432974,-2.609132524605173,-0.08736552986953536,0
206294,-0.9507820248722056,-2.60074006256199,-0.10968947890440223,0
206298,-0.9492713817044327,-2.617021438925765,-0.1093537804226749,0
206302,-0.9450751506828412,-2.6591515983825436,-0.10717174029144731,0
206306,-0.9633707179369801,-2.651430533302815,-0.11455710688944838,0
206310,-0.9556496528572518,-2.6472343022812237,-0.10918593118181125,0
206314,-0.9566567483024337,-2.6301136797131304,-0.10515754940108339,0
206318,-0.9578316929884794,-2.629274433508812,-0.115732051575494,0
206322,-0.9608529793240252,-2.646059357595178,-0.10599679560540169,0
206326,-0.9568245975432974,-2.6227283131151293,-0.10398260471503776,0
206329,-0.9541390096894788,-2.6237354085603113,-0.10901808194094759,0
206333,-0.9529640650034332,-2.625749599450675,-0.10314335851071946,0
206337,-0.957999542229343,-2.618364232852674,-0.09659723811703669,0
206341,-0.9418860151064317,-2.644548714427405,-0.11287861448081178,0
206345,-0.9538033112077515,-2.634142061493858,-0.10918593118181125,0
206349,-0.9534676127260242,-2.623399710078584,-0.11539635309376668,0
206353,-0.9532997634851605,-2.639177538719768,-0.12798504615854123,0
206357,-0.9534676127260242,-2.622392614633402,-0.14376287479972533,0
206361,-0.9514534218356603,-2.61450370031281,-0.11472495613031204,0
206365,-0.957999542229343,-2.6227283131151293,-0.09861142900740062,0
206369,-0.9527962157625696,-2.6252460517280842,-0.09290455481803617,0
206372,-0.9489356832227054,-2.618028534370947,-0.0991149767299916,0
206376,-0.9381933318074311,-2.6314564736400397,-0.11355001144426642,0
206380,-0.9386968795300221,-2.637163347829404,-0.1165712977798123,0
206384,-0.9375219348439765,-2.634142061493858,-0.1165712977798123,0
206388,-0.9440680552376592,-2.6492484931715876,-0.11673914702067598,0
206392,-0.950110627908751,-2.632799267566949,-0.11338216220340276,0
206396,-0.9522926680399786,-2.6192034790569925,-0.10448615243762874,0
206400,-0.950614175631342,-2.630281528953994,-0.11757839322499428,0
206404,-0.9482642862592507,-2.602754253452354,-0.11992828259708552,0
206408,-0.9531319142442969,-2.624910353246357,-0.10650034332799267,0
206412,-0.9635385671778438,-2.637163347829404,-0.10498970016021973,0
206415,-0.950614175631342,-2.6393453879606317,-0.11455710688944838,0
206419,-0.9502784771496147,-2.6304493781948577,-0.11858548867017624,0
206423,-0.9566567483024337,-2.620881971465629,-0.11589990081635766,0
206427,-0.9507820248722056,-2.6057755397878997,-0.12211032272831311,0
206431,-0.9415503166247043,-2.6294422827496757,-0.1284885938811322,0
206435,-0.959510185397116,-2.6247425040054932,-0.11472495613031204,0
206439,-0.9398718242160677,-2.656969558251316,-0.11153582055390249,0
206443,-0.9475928892957961,-2.6294422827496757,-0.10666819256885633,0
206447,-0.950110627908751,-2.62642099641413,-0.11388570992599374,0
206451,-0.9455786984054322,-2.5995651178759442,-0.1029755092698558,0
206455,-0.9485999847409781,-2.6064469367513543,-0.10918593118181125,0
206458,-0.951117723353933,-2.6103074692912185,-0.10347905699244678,0
206462,-0.9526283665217059,-2.6217212176699474,-0.0982757305256733,0
206466,-0.9603494316014343,-2.626924544136721,-0.10431830319676508,0
206470,-0.9583352407110703,-2.6284351873044938,-0.10885023270008393,0
206474,-0.9559853513389791,-2.637666895551995,-0.11052872510872053,0
206478,-0.9532997634851605,-2.6395132372014953,-0.10985732814526589,0
206482,-0.9527962157625696,-2.6289387350270847,-0.11438925764858472,0
206486,-0.9462500953688868,-2.606614785992218,-0.12211032272831311,0
206490,-0.9479285877775234,-2.618028534370947,-0.11640344853894864,0
206494,-0.9568245975432974,-2.614000152590219,-0.11136797131303883,0
206497,-0.9593423361562523,-2.623399710078584,-0.11170366979476615,0
206501,-0.9679026474402991,-2.643038071259632,-0.1093537804226749,0
206505,-0.9583352407110703,-2.634813458457313,-0.10885023270008393,0
206509,-0.9534676127260242,-2.6230640115968566,-0.10801098649576561,0
206513,-0.9546425574120698,-2.634813458457313,-0.10415045395590142,0
206517,-0.94960708018616,-2.6220569161516747,-0.11220721751735713,0
206521,-0.9363469901579309,-2.6373311970702678,-0.10247196154726482,0
206525,-0.9492713817044327,-2.6270923933775845,-0.10834668497749293,0
206529,-0.9526283665217059,-2.6250782024872206,-0.10851453421835659,0
206533,-0.9529640650034332,-2.624406805523766,-0.10784313725490195,0
206537,-0.9527962157625696,-2.623903257801175,-0.11338216220340276,0
206540,-0.951117723353933,-2.616014343480583,-0.10968947890440223,0
206544,-0.9615243762874799,-2.6168535896849012,-0.11254291599908445,0
206548,-0.9532997634851605,-2.627260242618448,-0.1148928053711757,0
206552,-0.9544747081712062,-2.6359884031433585,-0.10851453421835659,0
206556,-0.950110627908751,-2.627260242618448,-0.12479591058213169,0
206560,-0.9452429999237049,-2.664354924849317,-0.10733958953231097,0
206564,-0.951117723353933,-2.634645609216449,-0.1140535591668574,0
206568,-0.9484321355001144,-2.6222247653925383,-0.09693293659876402,0
206572,-0.9532997634851605,-2.6336385137712672,-0.11187151903562981,0
206576,-0.9531319142442969,-2.6373311970702678,-0.12362096589608605,0
206580,-0.951117723353933,-2.62138551918822,-0.10801098649576561,0
206583,-0.94960708018616,-2.6163500419623102,-0.11388570992599374,0
206587,-0.9532997634851605,-2.6311207751583123,-0.12009613183794918,0
206591,-0.969413290608072,-2.654955367360952,-0.09609369039444571,0
206595,-0.9534676127260242,-2.6284351873044938,-0.10801098649576561,0
206599,-0.9531319142442969,-2.635820553902495,-0.11203936827649347,0
206603,-0.9517891203173876,-2.629777981231403,-0.09894712748912794,0
206607,-0.9588387884336613,-2.625917448691539,-0.10968947890440223,0
206611,-0.9439002059967956,-2.657473105973907,-0.09877927824826428,0
206615,-0.9571602960250247,-2.6398489356832227,-0.09945067521171892,0
206619,-0.9581673914702067,-2.626924544136721,-0.10549324788281071,0
206622,-0.9494392309452964,-2.6146715495536736,-0.10616464484626535,0
206626,-0.9454108491645685,-2.5948653391317618,-0.10683604180971999,0
206630,-0.9460822461280232,-2.5965438315403984,-0.10398260471503776,0
206634,-0.9626993209735255,-2.6230640115968566,-0.10733958953231097,0
206638,-0.9554818036163881,-2.6329671168078126,-0.10532539864194705,0
206642,-0.9556496528572518,-2.6405203326466773,-0.10532539864194705,0
206646,-0.9596780346379796,-2.6284351873044938,-0.10901808194094759,0
206650,-0.9480964370183871,-2.6093003738460365,-0.10717174029144731,0
206654,-0.9539711604486152,-2.61953917753872,-0.10683604180971999,0
206658,-0.9485999847409781,-2.611985961699855,-0.10717174029144731,0
206662,-0.9543068589303425,-2.6202105745021744,-0.11170366979476615,0
206665,-0.9532997634851605,-2.632799267566949,-0.11002517738612955,0
206669,-0.9618600747692072,-2.629777981231403,-0.11506065461203936,0
206673,-0.9559853513389791,-2.6462272068360417,-0.11623559929808498,0
206677,-0.9494392309452964,-2.62642099641413,-0.11455710688944838,0
206681,-0.970923933775845,-2.641191729610132,-0.09642938887617303,0
206685,-0.9474250400549324,-2.6225604638742657,-0.10817883573662927,0
206689,-0.9564888990615701,-2.6181963836118105,-0.10817883573662927,0
206693,-0.9573281452658884,-2.626924544136721,-0.11170366979476615,0
206697,-0.9457465476462958,-2.612489509422446,-0.11237506675822079,0
206701,-0.9489356832227054,-2.6163500419623102,-0.10314335851071946,0
206705,-0.9521248187991149,-2.6052719920653087,-0.10901808194094759,0
206708,-0.9502784771496147,-2.6158464942397193,-0.09794003204394598,0
206712,-0.9541390096894788,-2.616517891203174,-0.10666819256885633,0
206716,-0.9558175020981154,-2.642702372777905,-0.10146486610208286,0
206720,-0.9526283665217059,-2.633806363012131,-0.09961852445258258,0
206724,-0.9564888990615701,-2.6260852979324025,-0.09575799191271839,0
206728,-0.9536354619668879,-2.618028534370947,-0.10733958953231097,0
206732,-0.9502784771496147,-2.621889066910811,-0.10666819256885633,0
206736,-0.9558175020981154,-2.6400167849240863,-0.1046540016784924,0
206740,-0.9512855725947966,-2.6240711070420386,-0.11086442359044785,0
206744,-0.9538033112077515,-2.627763790341039,-0.1101930266269932,0
206748,-0.9564888990615701,-2.623399710078584,-0.11371786068513008,0
206751,-0.9583352407110703,-2.6255817502098115,-0.11203936827649347,0
206755,-0.9519569695582513,-2.6265888456549935,-0.11136797131303883,0
206759,-0.9507820248722056,-2.6116502632181278,-0.1132143129625391,0
206763,-0.9647135118638895,-2.6354848554207675,-0.11153582055390249,0
206767,-0.9534676127260242,-2.620881971465629,-0.10700389105058365,0
206771,-0.9657206073090715,-2.6314564736400397,-0.10834668497749293,0
206775,-0.9499427786678873,-2.635652704661631,-0.11187151903562981,0
206779,-0.9393682764934768,-2.650926985580224,-0.11086442359044785,0
206783,-0.9531319142442969,-2.643709468223087,-0.10968947890440223,0
206787,-0.9531319142442969,-2.644213015945678,-0.115732051575494,0
206790,-0.9522926680399786,-2.62642099641413,-0.10498970016021973,0
206794,-0.9239261463340199,-2.6062790875104906,-0.12378881513694971,0
206798,-0.9544747081712062,-2.6270923933775845,-0.11271076523994812,0
206802,-0.9526283665217059,-2.627260242618448,-0.11237506675822079,0
206806,-0.9532997634851605,-2.6349813076981765,-0.1179140917067216,0
206810,-0.9502784771496147,-2.62826733806363,-0.1140535591668574,0
206814,-0.951117723353933,-2.6156786449988556,-0.11371786068513008,0
206818,-0.9529640650034332,-2.6181963836118105,-0.13083848325322348,0
206822,-0.9610208285648889,-2.635317006179904,-0.11237506675822079,0
206826,-0.9626993209735255,-2.64018463416495,-0.1132143129625391,0
206830,-0.9569924467841611,-2.6247425040054932,-0.10398260471503776,0
206833,-0.9507820248722056,-2.608125429159991,-0.11539635309376668,0
206837,-0.9435645075150683,-2.6354848554207675,-0.10650034332799267,0
206841,-0.9485999847409781,-2.619371328297856,-0.10968947890440223,0
206845,-0.9462500953688868,-2.603089951934081,-0.10263981078812848,0
206849,-0.9489356832227054,-2.6077897306782636,-0.10331120775158312,0
206853,-0.9465857938506141,-2.609132524605173,-0.09710078583962768,0
206857,-0.9531319142442969,-2.625749599450675,-0.09626153963530937,0
206861,-0.9647135118638895,-2.636324101625086,-0.09844357976653696,0
206865,-0.9556496528572518,-2.6393453879606317,-0.1012970168612192,0
206869,-0.9558175020981154,-2.6482413977264057,-0.09961852445258258,0
206873,-0.9556496528572518,-2.649584191653315,-0.10901808194094759,0
206876,-0.9549782558937971,-2.635820553902495,-0.10196841382467384,0
206880,-0.957495994506752,-2.6309529259174487,-0.09172961013199053,0
206884,-0.9459143968871595,-2.6042648966201267,-0.11086442359044785,0
206888,-0.9470893415732051,-2.6077897306782636,-0.11355001144426642,0
206892,-0.950614175631342,-2.627763790341039,-0.10532539864194705,0
206896,-0.9539711604486152,-2.6319600213626306,-0.12966353856717783,0
206900,-0.9449073014419775,-2.663851377126726,-0.12076752880140383,0
206863,,,,1
206904,-0.9573281452658884,-2.6405203326466773,-0.10868238345922025,0
206908,-0.9564888990615701,-2.6280994888227664,-0.08837262531471732,0
206912,-0.9616922255283435,-2.620881971465629,-0.07528038452735179,0
206915,-0.9543068589303425,-2.62642099641413,-0.08585488670176242,0
206919,-0.9514534218356603,-2.6166857404440376,-0.1187533379110399,0
206923,-0.9454108491645685,-2.5950331883726254,-0.13805600061036086,0
206927,-0.9371862363622492,-2.632799267566949,-0.15349813076981764,0
206931,-0.9433966582742046,-2.6463950560769054,-0.14057373922331579,0
206935,-0.9465857938506141,-2.6301136797131304,-0.12328526741435873,0
206939,-0.9492713817044327,-2.6289387350270847,-0.1187533379110399,0
206943,-0.9484321355001144,-2.6148393987945373,-0.09777218280308232,0
206947,-0.9454108491645685,-2.591004806591897,-0.10146486610208286,0
206951,-0.9465857938506141,-2.5916762035553518,-0.11539635309376668,0
206955,-0.9437323567559319,-2.6433737697413595,-0.10180056458381018,0
206958,-0.9383611810482948,-2.650591287098497,-0.10163271534294652,0
206962,-0.9442359044785229,-2.65898374914168,-0.10834668497749293,0
206966,-0.9507820248722056,-2.6220569161516747,-0.11506065461203936,0
206970,-0.9452429999237049,-2.66771190966659,-0.09206530861371785,0
206974,-0.9532997634851605,-2.648577096208133,-0.11271076523994812,0
206978,-0.958503089951934,-2.6482413977264057,-0.11120012207217517,0
206982,-0.9620279240100709,-2.6438773174639505,-0.11036087586785687,0
206986,-0.9447394522011139,-2.6641870756084534,-0.10112916762035554,0
206990,-0.9576638437476157,-2.63514915693904,-0.10817883573662927,0
206994,-0.9539711604486152,-2.6344777599755855,-0.10616464484626535,0
206998,-0.9509498741130693,-2.6103074692912185,-0.10851453421835659,0
207001,-0.959510185397116,-2.622392614633402,-0.10398260471503776,0
207005,-0.9583352407110703,-2.6286030365453574,-0.11371786068513008,0
207009,-0.9569924467841611,-2.621889066910811,-0.1132143129625391,0
207013,-0.9526283665217059,-2.6235675593194476,-0.11052872510872053,0
207017,-0.9576638437476157,-2.6176928358892195,-0.10700389105058365,0
207021,-0.9620279240100709,-2.626756694895857,-0.10196841382467384,0
207025,-0.9492713817044327,-2.6237354085603113,-0.10633249408712901,0
207029,-0.9576638437476157,-2.61953917753872,-0.09475089646753643,0
207033,-0.9616922255283435,-2.6168535896849012,-0.09877927824826428,0
207037,-0.9558175020981154,-2.6418631265735866,-0.10347905699244678,0
207041,-0.9553139543755245,-2.6378347447928587,-0.10784313725490195,0
207044,-0.9645456626230259,-2.6438773174639505,-0.09508659494926375,0
207048,-0.9509498741130693,-2.615007248035401,-0.10045777065690088,0
207052,-0.9502784771496147,-2.623903257801175,-0.10801098649576561,0
207056,-0.951621271076524,-2.6131609063859007,-0.10398260471503776,0
207060,-0.950110627908751,-2.6252460517280842,-0.08921187151903563,0
207064,-0.9556496528572518,-2.63330281528954,-0.10717174029144731,0
207068,-0.9452429999237049,-2.667879758907454,-0.10280766002899214,0
207072,-0.9591744869153886,-2.650926985580224,-0.10666819256885633,0
207076,-0.9524605172808422,-2.63330281528954,-0.10918593118181125,0
207080,-0.9492713817044327,-2.6296101319905394,-0.11170366979476615,0
207083,-0.9484321355001144,-2.616517891203174,-0.11002517738612955,0
207087,-0.9477607385366598,-2.6237354085603113,-0.11287861448081178,0
207091,-0.9532997634851605,-2.6329671168078126,-0.10784313725490195,0
207095,-0.9479285877775234,-2.626924544136721,-0.11774624246585794,0
207099,-0.9527962157625696,-2.625413900968948,-0.10985732814526589,0
207103,-0.9479285877775234,-2.6240711070420386,-0.10398260471503776,0
207107,-0.94960708018616,-2.617524986648356,-0.0991149767299916,0
207111,-0.9532997634851605,-2.6284351873044938,-0.1046540016784924,0
207115,-0.9558175020981154,-2.644045166704814,-0.10801098649576561,0
207119,-0.9504463263904783,-2.6457236591134508,-0.1101930266269932,0
207123,-0.9556496528572518,-2.643038071259632,-0.09592584115358205,0
207126,-0.9534676127260242,-2.627763790341039,-0.10750743877317463,0
207130,-0.9647135118638895,-2.634813458457313,-0.11774624246585794,0
207134,-0.9554818036163881,-2.63514915693904,-0.10750743877317463,0
207138,-0.9588387884336613,-2.6222247653925383,-0.10599679560540169,0
207142,-0.9556496528572518,-2.634142061493858,-0.10700389105058365,0
207146,-0.9556496528572518,-2.635652704661631,-0.10498970016021973,0
207150,-0.960013733119707,-2.6443808651865415,-0.08602273594262608,0
207154,-0.9611886778057526,-2.6542839703974974,-0.10331120775158312,0
207158,-0.9581673914702067,-2.6405203326466773,-0.09844357976653696,0
207162,-0.9586709391927977,-2.638170443274586,-0.10515754940108339,0
207166,-0.9497749294270237,-2.6373311970702678,-0.10045777065690088,0
207169,-0.9576638437476157,-2.6235675593194476,-0.11153582055390249,0
207173,-0.9531319142442969,-2.6336385137712672,-0.1046540016784924,0
207177,-0.9521248187991149,-2.62138551918822,-0.11422140840772106,0
207181,-0.9662241550316625,-2.643541618982223,-0.12278171969176775,0
207185,-0.9532997634851605,-2.6420309758144502,-0.11976043335622186,0
207189,-0.9569924467841611,-2.625413900968948,-0.09256885633630883,0
207193,-0.9610208285648889,-2.637666895551995,-0.0855191882200351,0
207197,-0.9588387884336613,-2.627260242618448,-0.07662317845426107,0
207201,-0.9287937743190661,-2.6369954985885404,-0.08568703746089876,0
207205,-0.9442359044785229,-2.6487449454489966,-0.10028992141603722,0
207208,-0.9482642862592507,-2.611146715495537,-0.11455710688944838,0
207212,-0.9470893415732051,-2.6103074692912185,-0.11606775005722132,0
207216,-0.9526283665217059,-2.620378423743038,-0.10498970016021973,0
207220,-0.9459143968871595,-2.60074006256199,-0.12664225223163195,0
207224,-0.9454108491645685,-2.5930189974822615,-0.12143892576485847,0
207228,-0.9450751506828412,-2.650591287098497,-0.10650034332799267,0
207232,-0.9527962157625696,-2.634309910734722,-0.10163271534294652,0
207236,-0.9514534218356603,-2.620881971465629,-0.10683604180971999,0
207240,-0.9479285877775234,-2.6237354085603113,-0.09609369039444571,0
207244,-0.9469214923323415,-2.6093003738460365,-0.11824979018844892,0
207248,-0.9502784771496147,-2.6153429465171283,-0.11724269474326696,0
207251,-0.9454108491645685,-2.591508354314488,-0.11741054398413062,0
207255,-0.9497749294270237,-2.611482413977264,-0.10498970016021973,0
207259,-0.9477607385366598,-2.6186999313344015,-0.09609369039444571,0
207263,-0.9502784771496147,-2.62138551918822,-0.097436484321355,0
207267,-0.9465857938506141,-2.6146715495536736,-0.09760433356221866,0
207271,-0.9546425574120698,-2.6304493781948577,-0.09710078583962768,0
207275,-0.9598458838788433,-2.6415274280918593,-0.09961852445258258,0
207279,-0.9546425574120698,-2.6413595788509956,-0.10096131837949188,0
207283,-0.9526283665217059,-2.6349813076981765,-0.10263981078812848,0
207287,-0.9507820248722056,-2.608964675364309,-0.10163271534294652,0
207291,-0.9531319142442969,-2.6284351873044938,-0.09961852445258258,0
207294,-0.9532997634851605,-2.638170443274586,-0.10498970016021973,0
207298,-0.9556496528572518,-2.6433737697413595,-0.10582894636453803,0
207302,-0.9581673914702067,-2.6339742122529946,-0.11254291599908445,0
207306,-0.9457465476462958,-2.6121538109407187,-0.1132143129625391,0
207310,-0.9536354619668879,-2.6077897306782636,-0.1320134279392691,0
207314,-0.9405432211795224,-2.6324635690852216,-0.09877927824826428,0
207318,-0.9539711604486152,-2.6309529259174487,-0.10163271534294652,0
207322,-0.9532997634851605,-2.6364919508659495,-0.09575799191271839,0
207326,-0.9524605172808422,-2.6326314183260853,-0.10885023270008393,0
207330,-0.9543068589303425,-2.630281528953994,-0.08568703746089876,0
207334,-0.9559853513389791,-2.6438773174639505,-0.11304646372167544,0
207337,-0.9532997634851605,-2.6423666742961776,-0.10582894636453803,0
207341,-0.9504463263904783,-2.6398489356832227,-0.10314335851071946,0
207345,-0.9519569695582513,-2.631792172121767,-0.08652628366521706,0
207349,-0.957495994506752,-2.6186999313344015,-0.11103227283131151,0
207353,-0.9529640650034332,-2.6225604638742657,-0.11069657434958419,0
207357,-0.9454108491645685,-2.601747158007172,-0.1046540016784924,0
207361,-0.9549782558937971,-2.618028534370947,-0.10616464484626535,0
207365,-0.9494392309452964,-2.6113145647364004,-0.1038147554741741,0
207369,-0.9514534218356603,-2.6084611276417182,-0.10566109712367437,0
207373,-0.9482642862592507,-2.602250705729763,-0.1093537804226749,0
207376,-0.9544747081712062,-2.624406805523766,-0.10431830319676508,0
207380,-0.9527962157625696,-2.623903257801175,-0.09307240405889983,0
207384,-0.9455786984054322,-2.598725871671626,-0.10700389105058365,0
207388,-0.9509498741130693,-2.59385824368658,-0.10616464484626535,0
207392,-0.9522926680399786,-2.6004043640802625,-0.10868238345922025,0
207396,-0.9541390096894788,-2.6151750972762646,-0.09877927824826428,0
207400,-0.949103532463569,-2.6242389562829023,-0.12345311665522239,0
207404,-0.9544747081712062,-2.6334706645304036,-0.0999542229343099,0
207408,-0.950614175631342,-2.6398489356832227,-0.10733958953231097,0
207412,-0.9578316929884794,-2.6374990463111314,-0.09726863508049134,0
207416,-0.9512855725947966,-2.622392614633402,-0.0991149767299916,0
207419,-0.9563210498207064,-2.610475318532082,-0.09525444419012741,0
207423,-0.9489356832227054,-2.608628976882582,-0.10398260471503776,0
207427,-0.960013733119707,-2.6316243228809033,-0.10230411230640116,0
207431,-0.9534676127260242,-2.6163500419623102,-0.09894712748912794,0
207435,-0.9558175020981154,-2.6413595788509956,-0.10633249408712901,0
207439,-0.9543068589303425,-2.6324635690852216,-0.10062561989776454,0
207443,-0.9566567483024337,-2.6235675593194476,-0.11992828259708552,0
207447,-0.9526283665217059,-2.6252460517280842,-0.10498970016021973,0
207451,-0.9543068589303425,-2.6232318608377203,-0.10498970016021973,0
207455,-0.9437323567559319,-2.6578088044556343,-0.11136797131303883,0
207459,-0.9524605172808422,-2.6390096894789044,-0.10599679560540169,0
207462,-0.951621271076524,-2.619035629816129,-0.11220721751735713,0
207466,-0.9524605172808422,-2.625749599450675,-0.10851453421835659,0
207470,-0.9527962157625696,-2.6217212176699474,-0.10532539864194705,0
207474,-0.9499427786678873,-2.623903257801175,-0.10599679560540169,0
207478,-0.9497749294270237,-2.626924544136721,-0.10515754940108339,0
207482,-0.9610208285648889,-2.6385061417563134,-0.10263981078812848,0
207486,-0.9507820248722056,-2.611985961699855,-0.10498970016021973,0
207490,-0.9454108491645685,-2.5918440527962154,-0.12563515678645,0
207494,-0.9539711604486152,-2.6094682230869,-0.09391165026321813,0
207498,-0.9559853513389791,-2.6398489356832227,-0.097436484321355,0
207501,-0.9519569695582513,-2.629274433508812,-0.10415045395590142,0
207505,-0.9526283665217059,-2.630281528953994,-0.10331120775158312,0
207509,-0.9534676127260242,-2.6215533684290837,-0.10230411230640116,0
207513,-0.957495994506752,-2.617524986648356,-0.10784313725490195,0
207517,-0.9536354619668879,-2.6131609063859007,-0.10918593118181125,0
207521,-0.9460822461280232,-2.6004043640802625,-0.10196841382467384,0
207525,-0.950614175631342,-2.623399710078584,-0.1140535591668574,0
207529,-0.9554818036163881,-2.634309910734722,-0.10968947890440223,0
207533,-0.9563210498207064,-2.610978866254673,-0.10347905699244678,0
207537,-0.951621271076524,-2.609636072327764,-0.10599679560540169,0
207541,-0.9526283665217059,-2.619035629816129,-0.11355001144426642,0
207544,-0.9519569695582513,-2.6252460517280842,-0.10616464484626535,0
207548,-0.9509498741130693,-2.6069504844739453,-0.11052872510872053,0
207552,-0.9527962157625696,-2.6168535896849012,-0.10650034332799267,0
207556,-0.9465857938506141,-2.6153429465171283,-0.10717174029144731,0
207560,-0.9519569695582513,-2.6207141222247654,-0.10314335851071946,0
207564,-0.9472571908140688,-2.6171892881666285,-0.1029755092698558,0
207568,-0.9608529793240252,-2.6306172274357214,-0.09978637369344624,0
207572,-0.950614175631342,-2.635820553902495,-0.1179140917067216,0
207576,-0.9509498741130693,-2.611146715495537,-0.10851453421835659,0
207580,-0.9521248187991149,-2.608964675364309,-0.12278171969176775,0
207584,-0.9469214923323415,-2.601243610284581,-0.09894712748912794,0
207587,-0.9554818036163881,-2.6260852979324025,-0.10280766002899214,0
207591,-0.9546425574120698,-2.634309910734722,-0.10012207217517356,0
207595,-0.9544747081712062,-2.639177538719768,-0.10448615243762874,0
207599,-0.9462500953688868,-2.6072861829556726,-0.09844357976653696,0
207603,-0.9514534218356603,-2.606614785992218,-0.10314335851071946,0
207607,-0.9553139543755245,-2.628770885786221,-0.10532539864194705,0
207611,-0.9428931105516136,-2.6393453879606317,-0.10616464484626535,0
207615,-0.9532997634851605,-2.6398489356832227,-0.10650034332799267,0
207619,-0.9519569695582513,-2.6336385137712672,-0.10096131837949188,0
207623,-0.9499427786678873,-2.6291065842679484,-0.09760433356221866,0
207627,-0.9556496528572518,-2.6403524834058136,-0.1046540016784924,0
207630,-0.9489356832227054,-2.619874876020447,-0.10163271534294652,0
207634,-0.9472571908140688,-2.618028534370947,-0.10767528801403829,0
207638,-0.9509498741130693,-2.6059433890287633,-0.09609369039444571,0
207642,-0.9559853513389791,-2.634142061493858,-0.10045777065690088,0
207646,-0.9543068589303425,-2.627428091859312,-0.10834668497749293,0
207650,-0.9541390096894788,-2.624406805523766,-0.1132143129625391,0
207654,-0.9507820248722056,-2.6052719920653087,-0.1038147554741741,0
207658,-0.9492713817044327,-2.618364232852674,-0.10180056458381018,0
207662,-0.951621271076524,-2.6133287556267644,-0.10901808194094759,0
207666,-0.9519569695582513,-2.6225604638742657,-0.11237506675822079,0
207669,-0.9452429999237049,-2.6626764324406804,-0.10968947890440223,0
207673,-0.9489356832227054,-2.6326314183260853,-0.10263981078812848,0
207677,-0.9459143968871595,-2.608628976882582,-0.10700389105058365,0
207681,-0.9519569695582513,-2.6197070267795834,-0.10448615243762874,0
207685,-0.9504463263904783,-2.6336385137712672,-0.10515754940108339,0
207689,-0.9475928892957961,-2.618364232852674,-0.10834668497749293,0
207693,-0.941214618142977,-2.6453879606317234,-0.10834668497749293,0
207697,-0.9532997634851605,-2.6423666742961776,-0.10717174029144731,0
207701,-0.950614175631342,-2.646562905317769,-0.1012970168612192,0
207705,-0.9489356832227054,-2.6166857404440376,-0.10650034332799267,0
207709,-0.951621271076524,-2.6126573586633097,-0.10180056458381018,0
207712,-0.9504463263904783,-2.634645609216449,-0.10566109712367437,0
207716,-0.950614175631342,-2.6380025940337224,-0.1012970168612192,0
207720,-0.9485999847409781,-2.617021438925765,-0.10650034332799267,0
207724,-0.9504463263904783,-2.6316243228809033,-0.1021362630655375,0
207728,-0.9543068589303425,-2.6284351873044938,-0.0991149767299916,0
207732,-0.9581673914702067,-2.6275959411001755,-0.09508659494926375,0
207702,,,,1
207736,-0.9538033112077515,-2.629777981231403,-0.10028992141603722,0
207740,-0.9517891203173876,-2.6255817502098115,-0.09794003204394598,0
207744,-0.9512855725947966,-2.6168535896849012,-0.09961852445258258,0
207748,-0.9591744869153886,-2.6230640115968566,-0.10566109712367437,0
207752,-0.9509498741130693,-2.6062790875104906,-0.11136797131303883,0
207755,-0.94960708018616,-2.6087968261234455,-0.09642938887617303,0
207759,-0.9514534218356603,-2.6108110170138095,-0.1046540016784924,0
207763,-0.9492713817044327,-2.6240711070420386,-0.11640344853894864,0
207767,-0.9519569695582513,-2.6237354085603113,-0.13067063401235982,0
207771,-0.9553139543755245,-2.6388418402380407,-0.12345311665522239,0
207775,-0.9536354619668879,-2.6225604638742657,-0.10347905699244678,0
207779,-0.958503089951934,-2.634309910734722,-0.07645532921339741,0
207783,-0.9527962157625696,-2.628770885786221,-0.05933470664530403,0
207787,-0.9541390096894788,-2.626756694895857,-0.08132295719844358,0
207791,-0.9480964370183871,-2.609636072327764,-0.10952162966353857,0
207794,-0.9452429999237049,-2.6536125734340428,-0.13134203097581446,0
207798,-0.9459143968871595,-2.6217212176699474,-0.11741054398413062,0
207802,-0.957999542229343,-2.626924544136721,-0.1148928053711757,0
207806,-0.9593423361562523,-2.6299458304722667,-0.12412451361867703,0
207810,-0.9450751506828412,-2.6646906233310443,-0.13318837262531472,0
207814,-0.9460822461280232,-2.6227283131151293,-0.11539635309376668,0
207818,-0.9432288090333409,-2.6448844129091325,-0.10733958953231097,0
207822,-0.9454108491645685,-2.607118333714809,-0.11506065461203936,0
207826,-0.9395361257343404,-2.643038071259632,-0.11724269474326696,0
207830,-0.9477607385366598,-2.6309529259174487,-0.11304646372167544,0
207834,-0.9477607385366598,-2.628770885786221,-0.10801098649576561,0
207837,-0.9571602960250247,-2.629274433508812,-0.10750743877317463,0
207841,-0.9538033112077515,-2.6301136797131304,-0.11371786068513008,0
207845,-0.9524605172808422,-2.6284351873044938,-0.09626153963530937,0
207849,-0.9507820248722056,-2.6131609063859007,-0.1021362630655375,0
207853,-0.9564888990615701,-2.6156786449988556,-0.10280766002899214,0
207857,-0.9648813611047532,-2.631792172121767,-0.09777218280308232,0
207861,-0.9588387884336613,-2.624406805523766,-0.10012207217517356,0
207865,-0.958503089951934,-2.6359884031433585,-0.10314335851071946,0
207869,-0.9484321355001144,-2.6326314183260853,-0.10263981078812848,0
207873,-0.9593423361562523,-2.6336385137712672,-0.10767528801403829,0
207877,-0.9544747081712062,-2.637666895551995,-0.10801098649576561,0
207880,-0.9559853513389791,-2.6546196688792247,-0.11103227283131151,0
207884,-0.94960708018616,-2.629777981231403,-0.09961852445258258,0
207888,-0.9479285877775234,-2.629274433508812,-0.10717174029144731,0
207892,-0.9571602960250247,-2.632295719844358,-0.09794003204394598,0
207896,-0.9544747081712062,-2.639177538719768,-0.09693293659876402,0
207900,-0.9428931105516136,-2.644213015945678,-0.10180056458381018,0
207904,-0.9499427786678873,-2.63514915693904,-0.10096131837949188,0
207908,-0.9566567483024337,-2.625749599450675,-0.09307240405889983,0
207912,-0.9606851300831616,-2.6388418402380407,-0.09978637369344624,0
207916,-0.957999542229343,-2.634645609216449,-0.10196841382467384,0
207920,-0.9638742656595711,-2.6463950560769054,-0.09810788128480964,0
207923,-0.9573281452658884,-2.638673990997177,-0.1038147554741741,0
207927,-0.9605172808422979,-2.644213015945678,-0.10347905699244678,0
207931,-0.9556496528572518,-2.644045166704814,-0.10700389105058365,0
207935,-0.951621271076524,-2.623903257801175,-0.10817883573662927,0
207939,-0.9485999847409781,-2.619035629816129,-0.10062561989776454,0
207943,-0.9454108491645685,-2.593186846723125,-0.11539635309376668,0
207947,-0.9504463263904783,-2.623903257801175,-0.10767528801403829,0
207951,-0.9445716029602502,-2.6588158999008162,-0.10817883573662927,0
207955,-0.9447394522011139,-2.668719005111772,-0.10968947890440223,0
207959,-0.9477607385366598,-2.645052262149996,-0.1187533379110399,0
207962,-0.9433966582742046,-2.651934081025406,-0.115732051575494,0
207966,-0.9502784771496147,-2.634813458457313,-0.11388570992599374,0
207970,-0.9583352407110703,-2.6339742122529946,-0.11136797131303883,0
207974,-0.9485999847409781,-2.6200427252613108,-0.11086442359044785,0
207978,-0.94960708018616,-2.6163500419623102,-0.09928282597085526,0
207982,-0.9526283665217059,-2.620881971465629,-0.11120012207217517,0
207986,-0.9521248187991149,-2.616517891203174,-0.10985732814526589,0
207990,-0.9378576333257038,-2.6369954985885404,-0.12143892576485847,0
207994,-0.9544747081712062,-2.6368276493476768,-0.09861142900740062,0
207998,-0.9309758144502936,-2.6408560311284046,-0.097436484321355,0
208002,-0.9554818036163881,-2.6400167849240863,-0.10482185091935607,0
208005,-0.9499427786678873,-2.634142061493858,-0.10431830319676508,0
208009,-0.9538033112077515,-2.632799267566949,-0.10566109712367437,0
208013,-0.950614175631342,-2.6395132372014953,-0.10566109712367437,0
208017,-0.9517891203173876,-2.6306172274357214,-0.10196841382467384,0
208021,-0.9459143968871595,-2.6153429465171283,-0.10532539864194705,0
208025,-0.950614175631342,-2.627428091859312,-0.10062561989776454,0
208029,-0.9514534218356603,-2.61450370031281,-0.09961852445258258,0
208033,-0.9549782558937971,-2.623399710078584,-0.10180056458381018,0
208037,-0.9499427786678873,-2.6275959411001755,-0.10482185091935607,0
208041,-0.9548104066529335,-2.6294422827496757,-0.09928282597085526,0
208045,-0.9569924467841611,-2.617021438925765,-0.0863584344243534,0
208048,-0.9563210498207064,-2.6067826352330816,-0.10415045395590142,0
208052,-0.9541390096894788,-2.618532082093538,-0.10415045395590142,0
208056,-0.9526283665217059,-2.6240711070420386,-0.10616464484626535,0
208060,-0.9677347981994354,-2.630785076676585,-0.10817883573662927,0
208064,-0.9558175020981154,-2.6453879606317234,-0.12076752880140383,0
208068,-0.942221713588159,-2.662340733958953,-0.12546730754558633,0
208072,-0.9645456626230259,-2.6556267643244067,-0.12479591058213169,0
208076,-0.969916838330663,-2.6561303120469977,-0.11388570992599374,0
208080,-0.94272526131075,-2.653109025711452,-0.07897306782635233,0
208084,-0.9480964370183871,-2.615510795757992,-0.08870832379644464,0
208087,-0.929297322041657,-2.608125429159991,-0.10196841382467384,0
208091,-0.9368505378805219,-2.6289387350270847,-0.1187533379110399,0
208095,-0.9425574120698863,-2.6551232166018157,-0.11203936827649347,0
208099,-0.9529640650034332,-2.6369954985885404,-0.11254291599908445,0
208103,-0.9568245975432974,-2.6222247653925383,-0.11539635309376668,0
208107,-0.9667277027542535,-2.652605477988861,-0.12630655374990463,0
208111,-0.9564888990615701,-2.6324635690852216,-0.11606775005722132,0
208115,-0.9527962157625696,-2.623903257801175,-0.11506065461203936,0
208119,-0.9522926680399786,-2.6103074692912185,-0.10398260471503776,0
208123,-0.9482642862592507,-2.60074006256199,-0.10415045395590142,0
208127,-0.9519569695582513,-2.6138323033493553,-0.09676508735790035,0
208130,-0.950614175631342,-2.6301136797131304,-0.09961852445258258,0
208134,-0.9467536430914778,-2.605607690547036,-0.10062561989776454,0
208138,-0.9494392309452964,-2.6076218814374,-0.10263981078812848,0
208142,-0.9403753719386587,-2.633806363012131,-0.1038147554741741,0
208146,-0.9487678339818417,-2.6192034790569925,-0.11136797131303883,0
208150,-0.9702525368123903,-2.6398489356832227,-0.10180056458381018,0
208154,-0.9469214923323415,-2.613496604867628,-0.10180056458381018,0
208158,-0.9538033112077515,-2.622392614633402,-0.10851453421835659,0
208162,-0.9558175020981154,-2.6415274280918593,-0.10028992141603722,0
208166,-0.9524605172808422,-2.6324635690852216,-0.10733958953231097,0
208170,-0.9497749294270237,-2.6329671168078126,-0.10650034332799267,0
208173,-0.9556496528572518,-2.638170443274586,-0.10918593118181125,0
208177,-0.9526283665217059,-2.631792172121767,-0.1038147554741741,0
208181,-0.9563210498207064,-2.612993057145037,-0.10415045395590142,0
208185,-0.9527962157625696,-2.6192034790569925,-0.09861142900740062,0
208189,-0.9512855725947966,-2.6168535896849012,-0.10650034332799267,0
208193,-0.9554818036163881,-2.631792172121767,-0.10784313725490195,0
208197,-0.9573281452658884,-2.6319600213626306,-0.1029755092698558,0
208201,-0.9596780346379796,-2.631288624399176,-0.09961852445258258,0
208205,-0.9638742656595711,-2.6512626840619515,-0.11120012207217517,0
208209,-0.9586709391927977,-2.651598382543679,-0.10314335851071946,0
208213,-0.9464179446097505,-2.6354848554207675,-0.10549324788281071,0
208216,-0.9532997634851605,-2.640688181887541,-0.10549324788281071,0
208220,-0.9348363469901579,-2.634645609216449,-0.10146486610208286,0
208224,-0.9522926680399786,-2.618867780575265,-0.10314335851071946,0
208228,-0.9526283665217059,-2.6215533684290837,-0.1046540016784924,0
208232,-0.942221713588159,-2.642534523537041,-0.1029755092698558,0
208236,-0.9512855725947966,-2.6235675593194476,-0.09978637369344624,0
208240,-0.9621957732509345,-2.6294422827496757,-0.09810788128480964,0
208244,-0.9462500953688868,-2.611482413977264,-0.10482185091935607,0
208248,-0.9512855725947966,-2.6108110170138095,-0.08904402227817197,0
208252,-0.9507820248722056,-2.6000686655985352,-0.11103227283131151,0
208255,-0.9519569695582513,-2.61450370031281,-0.10851453421835659,0
208259,-0.9543068589303425,-2.6235675593194476,-0.09324025329976349,0
208263,-0.9541390096894788,-2.623903257801175,-0.10767528801403829,0
208267,-0.9563210498207064,-2.6084611276417182,-0.10532539864194705,0
208271,-0.9544747081712062,-2.6284351873044938,-0.10666819256885633,0
208275,-0.9588387884336613,-2.623399710078584,-0.10700389105058365,0
208279,-0.9527962157625696,-2.6235675593194476,-0.10952162966353857,0
208283,-0.950614175631342,-2.6359884031433585,-0.09978637369344624,0
208287,-0.9469214923323415,-2.612489509422446,-0.10415045395590142,0
208291,-0.9536354619668879,-2.6113145647364004,-0.10633249408712901,0
208295,-0.949103532463569,-2.6220569161516747,-0.1012970168612192,0
208298,-0.9581673914702067,-2.6242389562829023,-0.1029755092698558,0
208302,-0.9512855725947966,-2.618867780575265,-0.10364690623331044,0
208306,-0.9556496528572518,-2.6329671168078126,-0.09810788128480964,0
208310,-0.9566567483024337,-2.6225604638742657,-0.10364690623331044,0
208314,-0.9497749294270237,-2.62642099641413,-0.10650034332799267,0
208318,-0.9529640650034332,-2.623903257801175,-0.09710078583962768,0
208322,-0.9532997634851605,-2.632295719844358,-0.10616464484626535,0
208326,-0.9470893415732051,-2.618867780575265,-0.10112916762035554,0
208330,-0.9484321355001144,-2.612993057145037,-0.11153582055390249,0
208334,-0.9475928892957961,-2.609636072327764,-0.10801098649576561,0
208338,-0.9465857938506141,-2.608964675364309,-0.10717174029144731,0
208341,-0.9455786984054322,-2.5935225452048525,-0.10263981078812848,0
208345,-0.9558175020981154,-2.629274433508812,-0.10834668497749293,0
208349,-0.951117723353933,-2.6227283131151293,-0.09273670557717249,0
208353,-0.9440680552376592,-2.644716563668269,-0.10750743877317463,0
208357,-0.951117723353933,-2.625749599450675,-0.09726863508049134,0
208361,-0.9445716029602502,-2.653109025711452,-0.10230411230640116,0
208365,-0.951621271076524,-2.629777981231403,-0.1093537804226749,0
208369,-0.9568245975432974,-2.6171892881666285,-0.10582894636453803,0
208373,-0.9616922255283435,-2.6138323033493553,-0.10448615243762874,0
208377,-0.9519569695582513,-2.6227283131151293,-0.09894712748912794,0
208380,-0.9529640650034332,-2.6227283131151293,-0.10868238345922025,0
208384,-0.9558175020981154,-2.642198825055314,-0.09710078583962768,0
208388,-0.9563210498207064,-2.6192034790569925,-0.10549324788281071,0
208392,-0.9544747081712062,-2.6354848554207675,-0.10885023270008393,0
208396,-0.9586709391927977,-2.649584191653315,-0.10750743877317463,0
208400,-0.9487678339818417,-2.6319600213626306,-0.10683604180971999,0
208404,-0.960013733119707,-2.6405203326466773,-0.10196841382467384,0
208408,-0.9454108491645685,-2.6069504844739453,-0.10532539864194705,0
208412,-0.9546425574120698,-2.6294422827496757,-0.10717174029144731,0
208416,-0.9566567483024337,-2.624910353246357,-0.1046540016784924,0
208420,-0.9544747081712062,-2.6324635690852216,-0.1148928053711757,0
208423,-0.9432288090333409,-2.655458915083543,-0.11153582055390249,0
208427,-0.9569924467841611,-2.632799267566949,-0.1132143129625391,0
208431,-0.9449073014419775,-2.6536125734340428,-0.11052872510872053,0
208435,-0.9581673914702067,-2.642534523537041,-0.10918593118181125,0
208439,-0.9601815823605706,-2.637666895551995,-0.09172961013199053,0
208443,-0.9517891203173876,-2.6329671168078126,-0.1132143129625391,0
208447,-0.9544747081712062,-2.6383382925154497,-0.10750743877317463,0
208451,-0.9546425574120698,-2.644213015945678,-0.1101930266269932,0
208455,-0.9569924467841611,-2.626924544136721,-0.10733958953231097,0
208459,-0.950110627908751,-2.6316243228809033,-0.10901808194094759,0
208463,-0.9536354619668879,-2.618364232852674,-0.10733958953231097,0
208466,-0.950614175631342,-2.639681086442359,-0.1132143129625391,0
208470,-0.9526283665217059,-2.632799267566949,-0.11287861448081178,0
208474,-0.949103532463569,-2.6299458304722667,-0.11103227283131151,0
208478,-0.9519569695582513,-2.6284351873044938,-0.10733958953231097,0
208482,-0.9474250400549324,-2.615510795757992,-0.1140535591668574,0
208486,-0.9522926680399786,-2.6116502632181278,-0.10482185091935607,0
208490,-0.9485999847409781,-2.609971770809491,-0.10431830319676508,0
208494,-0.9524605172808422,-2.6192034790569925,-0.10801098649576561,0
208498,-0.9507820248722056,-2.6009079118028535,-0.10247196154726482,0
208502,-0.9522926680399786,-2.6057755397878997,-0.11623559929808498,0
208506,-0.9504463263904783,-2.6265888456549935,-0.11187151903562981,0
208509,-0.9464179446097505,-2.612993057145037,-0.1301670862897688,0
208513,-0.9541390096894788,-2.6250782024872206,-0.10918593118181125,0
208517,-0.9514534218356603,-2.6215533684290837,-0.10733958953231097,0
208521,-0.9519569695582513,-2.6237354085603113,-0.11472495613031204,0
208525,-0.9509498741130693,-2.6049362935835814,-0.11472495613031204,0
208529,-0.9497749294270237,-2.617860685130083,-0.09642938887617303,0
208533,-0.9509498741130693,-2.6103074692912185,-0.10431830319676508,0
208537,-0.9514534218356603,-2.6084611276417182,-0.10918593118181125,0
208541,-0.950110627908751,-2.615510795757992,-0.11002517738612955,0
208545,-0.9524605172808422,-2.6235675593194476,-0.115732051575494,0
208548,-0.9522926680399786,-2.6126573586633097,-0.11187151903562981,0
208552,-0.950614175631342,-2.629777981231403,-0.10968947890440223,0
208556,-0.949103532463569,-2.6280994888227664,-0.10096131837949188,0
208560,-0.9381933318074311,-2.644548714427405,-0.10817883573662927,0
208564,-0.9558175020981154,-2.6463950560769054,-0.10599679560540169,0
208568,-0.9546425574120698,-2.644548714427405,-0.10650034332799267,0
208572,-0.9492713817044327,-2.636324101625086,-0.10364690623331044,0
208576,-0.9514534218356603,-2.618364232852674,-0.1046540016784924,0
208580,-0.9492713817044327,-2.6260852979324025,-0.10314335851071946,0
208584,-0.9484321355001144,-2.6192034790569925,-0.09978637369344624,0
208588,-0.9546425574120698,-2.6324635690852216,-0.09391165026321813,0
208591,-0.9527962157625696,-2.6265888456549935,-0.0999542229343099,0
208595,-0.9568245975432974,-2.6202105745021744,-0.10532539864194705,0
208599,-0.9465857938506141,-2.6168535896849012,-0.12563515678645,0
208603,-0.9568245975432974,-2.6131609063859007,-0.10918593118181125,0
208607,-0.9519569695582513,-2.6225604638742657,-0.10532539864194705,0
208611,-0.9467536430914778,-2.608628976882582,-0.11220721751735713,0
208615,-0.9539711604486152,-2.62138551918822,-0.11086442359044785,0
208619,-0.9494392309452964,-2.613496604867628,-0.09726863508049134,0
208623,-0.9566567483024337,-2.615007248035401,-0.11086442359044785,0
208627,-0.9494392309452964,-2.614000152590219,-0.11203936827649347,0
208631,-0.9499427786678873,-2.621889066910811,-0.10582894636453803,0
208634,-0.9484321355001144,-2.6200427252613108,-0.09626153963530937,0
208638,-0.9470893415732051,-2.6148393987945373,-0.10633249408712901,0
208642,-0.9485999847409781,-2.6143358510719463,-0.10784313725490195,0
208646,-0.9615243762874799,-2.611482413977264,-0.09256885633630883,0
208650,-0.9475928892957961,-2.611146715495537,-0.10096131837949188,0
208650,,,,1
208654,-0.9480964370183871,-2.5988937209124896,-0.10448615243762874,0
208658,-0.9527962157625696,-2.6166857404440376,-0.10146486610208286,0
208662,-0.949103532463569,-2.626924544136721,-0.09928282597085526,0
208666,-0.9517891203173876,-2.624910353246357,-0.10582894636453803,0
208670,-0.9437323567559319,-2.655962462806134,-0.1029755092698558,0
208673,-0.9487678339818417,-2.6314564736400397,-0.10364690623331044,0
208677,-0.9480964370183871,-2.609971770809491,-0.10045777065690088,0
208681,-0.9460822461280232,-2.6000686655985352,-0.09844357976653696,0
208685,-0.960013733119707,-2.6309529259174487,-0.10180056458381018,0
208689,-0.9455786984054322,-2.6024185549706265,-0.14191653315022507,0
208693,-0.9541390096894788,-2.6163500419623102,-0.12999923704890515,0
208697,-0.9563210498207064,-2.608628976882582,-0.13469901579308766,0
208701,-0.9546425574120698,-2.6354848554207675,-0.12227817196917677,0
208705,-0.9588387884336613,-2.6235675593194476,-0.08937972075989929,0
208709,-0.9616922255283435,-2.613496604867628,-0.07830167086289769,0
208713,-0.9554818036163881,-2.6316243228809033,-0.08736552986953536,0
208716,-0.9470893415732051,-2.61953917753872,-0.10817883573662927,0
208720,-0.9467536430914778,-2.602250705729763,-0.12546730754558633,0
208724,-0.929800869764248,-2.6217212176699474,-0.11371786068513008,0
208728,-0.9531319142442969,-2.632799267566949,-0.11136797131303883,0
208732,-0.959006637674525,-2.6265888456549935,-0.10700389105058365,0
208736,-0.9494392309452964,-2.6153429465171283,-0.11355001144426642,0
208740,-0.9400396734569314,-2.626924544136721,-0.11673914702067598,0
208744,-0.9462500953688868,-2.6042648966201267,-0.1179140917067216,0
208748,-0.9380254825665675,-2.624910353246357,-0.12429236285954069,0
208752,-0.9465857938506141,-2.6161821927214466,-0.11539635309376668,0
208756,-0.9509498741130693,-2.604600595101854,-0.1165712977798123,0
208759,-0.9454108491645685,-2.5893263141832605,-0.1195925841153582,0
208763,-0.9561532005798428,-2.592011902037079,-0.12311741817349507,0
208767,-0.9546425574120698,-2.619371328297856,-0.12160677500572213,0
208771,-0.9541390096894788,-2.6230640115968566,-0.10784313725490195,0
208775,-0.9544747081712062,-2.6385061417563134,-0.1021362630655375,0
208779,-0.9509498741130693,-2.616014343480583,-0.10985732814526589,0
208783,-0.9497749294270237,-2.6220569161516747,-0.0982757305256733,0
208787,-0.9467536430914778,-2.605104142824445,-0.09810788128480964,0
208791,-0.9527962157625696,-2.6153429465171283,-0.10196841382467384,0
208795,-0.950614175631342,-2.632799267566949,-0.1046540016784924,0
208799,-0.9544747081712062,-2.637666895551995,-0.10700389105058365,0
208802,-0.9561532005798428,-2.616014343480583,-0.1012970168612192,0
208806,-0.9576638437476157,-2.6171892881666285,-0.11052872510872053,0
208810,-0.94960708018616,-2.6126573586633097,-0.10515754940108339,0
208814,-0.9548104066529335,-2.6207141222247654,-0.10482185091935607,0
208818,-0.9519569695582513,-2.6252460517280842,-0.10700389105058365,0
208822,-0.9598458838788433,-2.6385061417563134,-0.11103227283131151,0
208826,-0.9601815823605706,-2.635652704661631,-0.10012207217517356,0
208830,-0.9514534218356603,-2.6192034790569925,-0.10431830319676508,0
208834,-0.9522926680399786,-2.6138323033493553,-0.10280766002899214,0
208838,-0.9541390096894788,-2.6205462729839017,-0.11136797131303883,0
208841,-0.9531319142442969,-2.632799267566949,-0.1093537804226749,0
208845,-0.9804913405050736,-2.644716563668269,-0.11069657434958419,0
208849,-0.9588387884336613,-2.629777981231403,-0.10549324788281071,0
208853,-0.9541390096894788,-2.627260242618448,-0.10263981078812848,0
208857,-0.9467536430914778,-2.5990615701533533,-0.10616464484626535,0
208861,-0.9499427786678873,-2.613496604867628,-0.10700389105058365,0
208865,-0.9425574120698863,-2.6479056992446783,-0.10582894636453803,0
208869,-0.9454108491645685,-2.6069504844739453,-0.1140535591668574,0
208873,-0.9524605172808422,-2.6143358510719463,-0.11203936827649347,0
208877,-0.9459143968871595,-2.602082856488899,-0.11153582055390249,0
208881,-0.9489356832227054,-2.605607690547036,-0.0871976806286717,0
208884,-0.9479285877775234,-2.6141680018310827,-0.10666819256885633,0
208888,-0.9380254825665675,-2.6331349660486763,-0.10918593118181125,0
208892,-0.9485999847409781,-2.6205462729839017,-0.11069657434958419,0
208896,-0.9546425574120698,-2.634813458457313,-0.1140535591668574,0
208900,-0.9517891203173876,-2.627763790341039,-0.1187533379110399,0
208904,-0.9527962157625696,-2.6225604638742657,-0.11422140840772106,0
208908,-0.9279545281147478,-2.62642099641413,-0.10784313725490195,0
208912,-0.9529640650034332,-2.6225604638742657,-0.11422140840772106,0
208916,-0.9474250400549324,-2.612489509422446,-0.10616464484626535,0
208920,-0.9497749294270237,-2.6200427252613108,-0.10314335851071946,0
208924,-0.9470893415732051,-2.6143358510719463,-0.09794003204394598,0
208927,-0.9432288090333409,-2.6408560311284046,-0.11069657434958419,0
208931,-0.9480964370183871,-2.6143358510719463,-0.10347905699244678,0
208935,-0.9522926680399786,-2.6103074692912185,-0.10532539864194705,0
208939,-0.9449073014419775,-2.6504234378576332,-0.10683604180971999,0
208943,-0.950614175631342,-2.6418631265735866,-0.10515754940108339,0
208947,-0.9487678339818417,-2.6235675593194476,-0.10314335851071946,0
208951,-0.9449073014419775,-2.6568017090104523,-0.09928282597085526,0
208955,-0.9519569695582513,-2.642702372777905,-0.10347905699244678,0
208959,-0.9447394522011139,-2.659990844586862,-0.1046540016784924,0
208963,-0.9526283665217059,-2.6398489356832227,-0.09726863508049134,0
208966,-0.9593423361562523,-2.637163347829404,-0.10952162966353857,0
208970,-0.9479285877775234,-2.6291065842679484,-0.10817883573662927,0
208974,-0.9543068589303425,-2.627931639581903,-0.1179140917067216,0
208978,-0.951621271076524,-2.6197070267795834,-0.11002517738612955,0
208982,-0.9556496528572518,-2.6314564736400397,-0.10784313725490195,0
208986,-0.9543068589303425,-2.631792172121767,-0.11388570992599374,0
208990,-0.9571602960250247,-2.6291065842679484,-0.115732051575494,0
208994,-0.950614175631342,-2.638673990997177,-0.11741054398413062,0
208998,-0.9548104066529335,-2.6301136797131304,-0.1187533379110399,0
209002,-0.9464179446097505,-2.6171892881666285,-0.09894712748912794,0
209006,-0.9633707179369801,-2.6334706645304036,-0.08602273594262608,0
209009,-0.9460822461280232,-2.6156786449988556,-0.09340810254062715,0
209013,-0.9465857938506141,-2.610978866254673,-0.10482185091935607,0
209017,-0.9356755931944762,-2.629274433508812,-0.12026398107881284,0
209021,-0.9388647287708858,-2.636659800106813,-0.11741054398413062,0
209025,-0.94272526131075,-2.643205920500496,-0.11824979018844892,0
209029,-0.9474250400549324,-2.6232318608377203,-0.11808194094758526,0
209033,-0.951117723353933,-2.6161821927214466,-0.12143892576485847,0
209037,-0.9564888990615701,-2.6146715495536736,-0.11203936827649347,0
209041,-0.9487678339818417,-2.612489509422446,-0.10180056458381018,0
209045,-0.9462500953688868,-2.5978866254673076,-0.10347905699244678,0
209049,-0.9445716029602502,-2.6423666742961776,-0.10196841382467384,0
209052,-0.9494392309452964,-2.618364232852674,-0.10398260471503776,0
209056,-0.9539711604486152,-2.6255817502098115,-0.11304646372167544,0
209060,-0.9470893415732051,-2.6181963836118105,-0.11774624246585794,0
209064,-0.9507820248722056,-2.605104142824445,-0.10851453421835659,0
209068,-0.9437323567559319,-2.650926985580224,-0.10968947890440223,0
209072,-0.9524605172808422,-2.635820553902495,-0.1132143129625391,0
209076,-0.9517891203173876,-2.629274433508812,-0.10566109712367437,0
209080,-0.9524605172808422,-2.6326314183260853,-0.09626153963530937,0
209084,-0.9512855725947966,-2.621889066910811,-0.09542229343099107,0
209088,-0.9479285877775234,-2.6265888456549935,-0.10431830319676508,0
209092,-0.9534676127260242,-2.616014343480583,-0.11120012207217517,0
209095,-0.951117723353933,-2.6141680018310827,-0.1170748455024033,0
209099,-0.9531319142442969,-2.6329671168078126,-0.09961852445258258,0
209103,-0.9519569695582513,-2.6260852979324025,-0.10163271534294652,0
209107,-0.9440680552376592,-2.6423666742961776,-0.10280766002899214,0
209111,-0.9569924467841611,-2.62826733806363,-0.08652628366521706,0
209115,-0.9551461051346608,-2.6400167849240863,-0.10280766002899214,0
209119,-0.9539711604486152,-2.634813458457313,-0.10280766002899214,0
209123,-0.9541390096894788,-2.631288624399176,-0.09391165026321813,0
209127,-0.9538033112077515,-2.6309529259174487,-0.10180056458381018,0
209131,-0.9556496528572518,-2.637163347829404,-0.11052872510872053,0
209134,-0.9563210498207064,-2.6171892881666285,-0.10851453421835659,0
209138,-0.9553139543755245,-2.632799267566949,-0.10801098649576561,0
209142,-0.9519569695582513,-2.627763790341039,-0.10180056458381018,0
209146,-0.9558175020981154,-2.6472343022812237,-0.10431830319676508,0
209150,-0.9549782558937971,-2.6339742122529946,-0.10230411230640116,0
209154,-0.9546425574120698,-2.641695277332723,-0.10398260471503776,0
209158,-0.9554818036163881,-2.6405203326466773,-0.09256885633630883,0
209162,-0.950110627908751,-2.6344777599755855,-0.10700389105058365,0
209166,-0.9454108491645685,-2.601075761043717,-0.11120012207217517,0
209170,-0.9480964370183871,-2.5955367360952164,-0.11355001144426642,0
209174,-0.94960708018616,-2.606614785992218,-0.10532539864194705,0
209177,-0.9494392309452964,-2.6072861829556726,-0.10868238345922025,0
209181,-0.9447394522011139,-2.6463950560769054,-0.10028992141603722,0
209185,-0.9454108491645685,-2.608628976882582,-0.10448615243762874,0
209189,-0.9482642862592507,-2.6049362935835814,-0.11170366979476615,0
209193,-0.9502784771496147,-2.6138323033493553,-0.10314335851071946,0
209197,-0.9418860151064317,-2.6398489356832227,-0.10616464484626535,0
209201,-0.9472571908140688,-2.622896162355993,-0.10784313725490195,0
209205,-0.9519569695582513,-2.6240711070420386,-0.10112916762035554,0
209209,-0.9489356832227054,-2.62138551918822,-0.11069657434958419,0
209213,-0.9548104066529335,-2.6217212176699474,-0.10666819256885633,0
209217,-0.9553139543755245,-2.6336385137712672,-0.10263981078812848,0
209220,-0.9512855725947966,-2.6212176699473564,-0.11187151903562981,0
209224,-0.9553139543755245,-2.639177538719768,-0.10398260471503776,0
209228,-0.9474250400549324,-2.619874876020447,-0.10868238345922025,0
209232,-0.9544747081712062,-2.6334706645304036,-0.09961852445258258,0
209236,-0.9568245975432974,-2.6210498207064927,-0.1093537804226749,0
209240,-0.9682383459220264,-2.6326314183260853,-0.11069657434958419,0
209244,-0.969916838330663,-2.6487449454489966,-0.10482185091935607,0
209248,-0.9524605172808422,-2.63514915693904,-0.09928282597085526,0
209252,-0.9450751506828412,-2.669390402075227,-0.0999542229343099,0
209256,-0.9413824673838407,-2.651094834821088,-0.10482185091935607,0
209259,-0.9375219348439765,-2.641695277332723,-0.11673914702067598,0
209263,-0.9469214923323415,-2.612489509422446,-0.11237506675822079,0
209267,-0.9435645075150683,-2.6472343022812237,-0.11254291599908445,0
209271,-0.9684061951628901,-2.6373311970702678,-0.11187151903562981,0
209275,-0.9526283665217059,-2.6306172274357214,-0.11438925764858472,0
209279,-0.9455786984054322,-2.602082856488899,-0.07763027389944305,0
209283,-0.9502784771496147,-2.6161821927214466,-0.11086442359044785,0
209287,-0.932822156099794,-2.627763790341039,-0.11086442359044785,0
209291,-0.9576638437476157,-2.6161821927214466,-0.11371786068513008,0
209295,-0.9551461051346608,-2.6378347447928587,-0.11925688563363088,0
209299,-0.9583352407110703,-2.6405203326466773,-0.10968947890440223,0
209302,-0.9546425574120698,-2.6410238803692683,-0.10868238345922025,0
209306,-0.959510185397116,-2.635820553902495,-0.10163271534294652,0
209310,-0.9457465476462958,-2.6113145647364004,-0.10599679560540169,0
209314,-0.9452429999237049,-2.6571374074921796,-0.10163271534294652,0
209318,-0.940711070420386,-2.6487449454489966,-0.1046540016784924,0
209322,-0.9455786984054322,-2.6074540321965363,-0.10280766002899214,0
209326,-0.9482642862592507,-2.6000686655985352,-0.11271076523994812,0
209330,-0.9482642862592507,-2.599732967116808,-0.1148928053711757,0
209334,-0.9539711604486152,-2.6181963836118105,-0.10717174029144731,0
209338,-0.9454108491645685,-2.59251544975967,-0.11287861448081178,0
209342,-0.9479285877775234,-2.609971770809491,-0.10717174029144731,0
209345,-0.9433966582742046,-2.639177538719768,-0.11052872510872053,0
209349,-0.9380254825665675,-2.642198825055314,-0.10985732814526589,0
209353,-0.9479285877775234,-2.634142061493858,-0.1179140917067216,0
209357,-0.9499427786678873,-2.627260242618448,-0.10851453421835659,0
209361,-0.9454108491645685,-2.597718776226444,-0.10834668497749293,0
209365,-0.9435645075150683,-2.636324101625086,-0.11086442359044785,0
209369,-0.9474250400549324,-2.6176928358892195,-0.11220721751735713,0
209373,-0.9465857938506141,-2.613496604867628,-0.11170366979476615,0
209377,-0.930304417486839,-2.6275959411001755,-0.10952162966353857,0
209381,-0.9512855725947966,-2.6153429465171283,-0.11304646372167544,0
209385,-0.9517891203173876,-2.620378423743038,-0.11673914702067598,0
209388,-0.9524605172808422,-2.6247425040054932,-0.11741054398413062,0
209392,-0.9494392309452964,-2.6161821927214466,-0.10549324788281071,0
209396,-0.9504463263904783,-2.6324635690852216,-0.10885023270008393,0
209400,-0.9519569695582513,-2.62642099641413,-0.10582894636453803,0
209404,-0.951621271076524,-2.6141680018310827,-0.1038147554741741,0
209408,-0.9507820248722056,-2.602754253452354,-0.1046540016784924,0
209412,-0.9447394522011139,-2.6457236591134508,-0.10918593118181125,0
209416,-0.950614175631342,-2.6428702220187685,-0.10314335851071946,0
209420,-0.950110627908751,-2.6314564736400397,-0.11170366979476615,0
209424,-0.9494392309452964,-2.6158464942397193,-0.10096131837949188,0
209427,-0.9462500953688868,-2.601243610284581,-0.10448615243762874,0
209431,-0.9548104066529335,-2.618867780575265,-0.09659723811703669,0
209435,-0.9568245975432974,-2.6156786449988556,-0.10700389105058365,0
209439,-0.9519569695582513,-2.622392614633402,-0.10901808194094759,0
209443,-0.9524605172808422,-2.6242389562829023,-0.10582894636453803,0
209447,-0.9625314717326618,-2.640688181887541,-0.09894712748912794,0
209451,-0.9551461051346608,-2.642702372777905,-0.10515754940108339,0
209455,-0.9623636224917982,-2.635317006179904,-0.1093537804226749,0
209459,-0.9534676127260242,-2.62138551918822,-0.10633249408712901,0
209463,-0.9504463263904783,-2.6324635690852216,-0.10817883573662927,0
209467,-0.9375219348439765,-2.6301136797131304,-0.1029755092698558,0
209470,-0.9571602960250247,-2.6255817502098115,-0.10650034332799267,0
209474,-0.9559853513389791,-2.643038071259632,-0.10683604180971999,0
209478,-0.94960708018616,-2.624910353246357,-0.10498970016021973,0
209482,-0.9423895628290226,-2.654451819638361,-0.10750743877317463,0
209486,-0.9430609597924773,-2.661501487754635,-0.11036087586785687,0
209490,-0.9543068589303425,-2.639681086442359,-0.1093537804226749,0
209494,-0.9633707179369801,-2.641695277332723,-0.10331120775158312,0
209498,-0.9504463263904783,-2.642534523537041,-0.10263981078812848,0
209502,-0.9512855725947966,-2.623903257801175,-0.09592584115358205,0
209506,-0.951621271076524,-2.6141680018310827,-0.09877927824826428,0
209510,-0.9497749294270237,-2.620378423743038,-0.10801098649576561,0
209513,-0.9455786984054322,-2.598222323949035,-0.10347905699244678,0
209517,-0.9487678339818417,-2.604097047379263,-0.09810788128480964,0
209521,-0.9360112916762036,-2.6197070267795834,-0.09777218280308232,0
209525,-0.9494392309452964,-2.6118181124589914,-0.10498970016021973,0
209529,-0.9512855725947966,-2.610475318532082,-0.1046540016784924,0
209533,-0.9544747081712062,-2.6286030365453574,-0.10230411230640116,0
209537,-0.9598458838788433,-2.6408560311284046,-0.10918593118181125,0
209541,-0.9477607385366598,-2.633806363012131,-0.10968947890440223,0
209545,-0.9499427786678873,-2.6291065842679484,-0.11640344853894864,0
209549,-0.9454108491645685,-2.6029221026932174,-0.10599679560540169,0
209552,-0.9499427786678873,-2.617357137407492,-0.10532539864194705,0
209556,-0.940711070420386,-2.633806363012131,-0.10112916762035554,0
209560,-0.9536354619668879,-2.6181963836118105,-0.11589990081635766,0
209564,-0.9519569695582513,-2.6210498207064927,-0.10532539864194705,0
209568,-0.9553139543755245,-2.634309910734722,-0.11069657434958419,0
209572,-0.959006637674525,-2.6227283131151293,-0.10196841382467384,0
209576,-0.9526283665217059,-2.625917448691539,-0.09877927824826428,0
209580,-0.9559853513389791,-2.646059357595178,-0.09391165026321813,0
209584,-0.9472571908140688,-2.6240711070420386,-0.10666819256885633,0
209588,-0.9507820248722056,-2.6062790875104906,-0.09290455481803617,0
209592,-0.9539711604486152,-2.6181963836118105,-0.10683604180971999,0
209595,-0.9559853513389791,-2.6410238803692683,-0.09659723811703669,0
209599,-0.957495994506752,-2.62642099641413,-0.10163271534294652,0
209603,-0.9541390096894788,-2.6240711070420386,-0.10112916762035554,0
209607,-0.9514534218356603,-2.614000152590219,-0.09726863508049134,0
209611,-0.9454108491645685,-2.589662012664988,-0.10163271534294652,0
209615,-0.9532997634851605,-2.6202105745021744,-0.09357595178149081,0
209619,-0.9452429999237049,-2.661501487754635,-0.10885023270008393,0
209623,-0.9519569695582513,-2.642198825055314,-0.09240100709544517,0
209627,-0.9739452201113908,-2.659319447623407,-0.09978637369344624,0
209631,-0.949103532463569,-2.639681086442359,-0.12496375982299535,0
209635,-0.9606851300831616,-2.6463950560769054,-0.13033493553063247,0
209638,-0.9561532005798428,-2.6166857404440376,-0.13218127718013276,0
209642,-0.9598458838788433,-2.6380025940337224,-0.10767528801403829,0
209646,-0.9531319142442969,-2.645555809872587,-0.08266575112535286,0
209609,,,,1
209650,-0.9454108491645685,-2.597215228503853,-0.06537727931639582,0
209654,-0.941214618142977,-2.633806363012131,-0.06873426413366902,0
209658,-0.9388647287708858,-2.638673990997177,-0.11976043335622186,0
209662,-0.9385290302891585,-2.65898374914168,-0.12613870450904097,0
209666,-0.9449073014419775,-2.664354924849317,-0.11942473487449454,0
209670,-0.9519569695582513,-2.643205920500496,-0.10801098649576561,0
209674,-0.9548104066529335,-2.635317006179904,-0.10733958953231097,0
209678,-0.9497749294270237,-2.632799267566949,-0.10885023270008393,0
209681,-0.9465857938506141,-2.6222247653925383,-0.11824979018844892,0
209685,-0.9376897840848402,-2.6324635690852216,-0.1170748455024033,0
209689,-0.9418860151064317,-2.649080643930724,-0.1195925841153582,0
209693,-0.9472571908140688,-2.618028534370947,-0.11690699626153964,0
209697,-0.9543068589303425,-2.6222247653925383,-0.11640344853894864,0
209701,-0.9554818036163881,-2.6326314183260853,-0.1132143129625391,0
209705,-0.9521248187991149,-2.6158464942397193,-0.11673914702067598,0
209709,-0.9576638437476157,-2.6176928358892195,-0.10431830319676508,0
209713,-0.9766308079652094,-2.6551232166018157,-0.09928282597085526,0
209717,-0.9816662851911192,-2.6672083619439992,-0.09055466544594491,0
209720,-0.9532997634851605,-2.651934081025406,-0.09961852445258258,0
209724,-0.9507820248722056,-2.618028534370947,-0.10045777065690088,0
209728,-0.9527962157625696,-2.619874876020447,-0.10733958953231097,0
209732,-0.9452429999237049,-2.663347829404135,-0.10532539864194705,0
209736,-0.9378576333257038,-2.6576409552147706,-0.09861142900740062,0
209740,-0.9541390096894788,-2.6336385137712672,-0.10868238345922025,0
209744,-0.9480964370183871,-2.6074540321965363,-0.10112916762035554,0
209748,-0.9464179446097505,-2.6118181124589914,-0.11052872510872053,0
209752,-0.9529640650034332,-2.6197070267795834,-0.10582894636453803,0
209756,-0.9460822461280232,-2.605104142824445,-0.10683604180971999,0
209760,-0.9638742656595711,-2.6393453879606317,-0.0991149767299916,0
209763,-0.9538033112077515,-2.6336385137712672,-0.09861142900740062,0
209767,-0.9536354619668879,-2.6205462729839017,-0.10280766002899214,0
209771,-0.9559853513389791,-2.64706645304036,-0.10448615243762874,0
209775,-0.9549782558937971,-2.633806363012131,-0.10784313725490195,0
209779,-0.9558175020981154,-2.6468986037994964,-0.09961852445258258,0
209783,-0.9549782558937971,-2.631792172121767,-0.10549324788281071,0
209787,-0.9524605172808422,-2.6289387350270847,-0.10784313725490195,0
209791,-0.9532997634851605,-2.6336385137712672,-0.10247196154726482,0
209795,-0.9467536430914778,-2.608125429159991,-0.11002517738612955,0
209799,-0.9527962157625696,-2.6146715495536736,-0.14242008087281605,0
209803,-0.9459143968871595,-2.6039291981383994,-0.11103227283131151,0
209806,-0.9655527580682078,-2.6270923933775845,-0.10968947890440223,0
209810,-0.9454108491645685,-2.6000686655985352,-0.1132143129625391,0
209814,-0.9385290302891585,-2.635820553902495,-0.1187533379110399,0
209818,-0.9470893415732051,-2.618867780575265,-0.11422140840772106,0
209822,-0.958503089951934,-2.6339742122529946,-0.1140535591668574,0
209826,-0.941718165865568,-2.6566338597695887,-0.10750743877317463,0
209830,-0.9489356832227054,-2.624406805523766,-0.11136797131303883,0
209834,-0.9571602960250247,-2.629777981231403,-0.1093537804226749,0
209838,-0.951621271076524,-2.617524986648356,-0.11187151903562981,0
209842,-0.951117723353933,-2.61450370031281,-0.11371786068513008,0
209845,-0.9526283665217059,-2.622392614633402,-0.1093537804226749,0
209849,-0.950110627908751,-2.622896162355993,-0.10952162966353857,0
209853,-0.9648813611047532,-2.6378347447928587,-0.1038147554741741,0
209857,-0.970420386053254,-2.647570000762951,-0.11170366979476615,0
209861,-0.9621957732509345,-2.6383382925154497,-0.10062561989776454,0
209865,-0.941214618142977,-2.6527733272297245,-0.10515754940108339,0
209869,-0.9492713817044327,-2.636324101625086,-0.10918593118181125,0
209873,-0.9514534218356603,-2.6205462729839017,-0.10885023270008393,0
209877,-0.9472571908140688,-2.6146715495536736,-0.10717174029144731,0
209881,-0.9529640650034332,-2.618028534370947,-0.10498970016021973,0
209885,-0.9536354619668879,-2.618028534370947,-0.09156176089112687,0
209888,-0.9549782558937971,-2.6240711070420386,-0.10851453421835659,0
209892,-0.9563210498207064,-2.609971770809491,-0.1093537804226749,0
209896,-0.9710917830167086,-2.634813458457313,-0.10331120775158312,0
209900,-0.9512855725947966,-2.626253147173266,-0.09491874570840009,0
209904,-0.9444037537193866,-2.656466010528725,-0.10532539864194705,0
209908,-0.9524605172808422,-2.6405203326466773,-0.1021362630655375,0
209912,-0.9818341344319829,-2.6576409552147706,-0.10196841382467384,0
209916,-0.951117723353933,-2.6378347447928587,-0.08702983138780804,0
209920,-0.9581673914702067,-2.6299458304722667,-0.09978637369344624,0
209924,-0.9514534218356603,-2.618364232852674,-0.10851453421835659,0
209928,-0.9596780346379796,-2.630281528953994,-0.11640344853894864,0
209931,-0.9551461051346608,-2.634309910734722,-0.11892118715190356,0
209935,-0.9521248187991149,-2.6197070267795834,-0.08216220340276188,0
209939,-0.9757915617608911,-2.6472343022812237,-0.09105821316853589,0
209943,-0.9732738231479362,-2.659487296864271,-0.09324025329976349,0
209947,-0.9625314717326618,-2.651934081025406,-0.08803692683299,0
209951,-0.9365148393987945,-2.646059357595178,-0.08870832379644464,0
209955,-0.9259403372243838,-2.62642099641413,-0.10163271534294652,0
209959,-0.9291294728007934,-2.6418631265735866,-0.11623559929808498,0
209963,-0.9442359044785229,-2.6541161211566338,-0.12059967956054017,0
209967,-0.9474250400549324,-2.6245746547646296,-0.11203936827649347,0
209971,-0.9484321355001144,-2.6202105745021744,-0.11254291599908445,0
209974,-0.9492713817044327,-2.6242389562829023,-0.10750743877317463,0
209978,-0.9546425574120698,-2.6334706645304036,-0.09928282597085526,0
209982,-0.9608529793240252,-2.641191729610132,-0.10498970016021973,0
209986,-0.9714274814984359,-2.6542839703974974,-0.10817883573662927,0
209990,-0.9519569695582513,-2.6452201113908598,-0.09945067521171892,0
209994,-0.9497749294270237,-2.6364919508659495,-0.09961852445258258,0
209998,-0.9509498741130693,-2.613496604867628,-0.10196841382467384,0
210002,-0.9477607385366598,-2.618532082093538,-0.09877927824826428,0
210006,-0.9388647287708858,-2.6408560311284046,-0.09072251468680857,0
210010,-0.94960708018616,-2.6202105745021744,-0.10666819256885633,0
210013,-0.9492713817044327,-2.6275959411001755,-0.10599679560540169,0
210017,-0.9536354619668879,-2.619371328297856,-0.10247196154726482,0
210021,-0.9613565270466162,-2.6403524834058136,-0.1021362630655375,0
210025,-0.9450751506828412,-2.6715724422064544,-0.10263981078812848,0
210029,-0.9541390096894788,-2.646059357595178,-0.10180056458381018,0
210033,-0.9526283665217059,-2.6369954985885404,-0.10532539864194705,0
210037,-0.9564888990615701,-2.6230640115968566,-0.09542229343099107,0
210041,-0.9598458838788433,-2.6380025940337224,-0.10280766002899214,0
210045,-0.9559853513389791,-2.6499198901350423,-0.1029755092698558,0
210049,-0.9573281452658884,-2.6398489356832227,-0.09693293659876402,0
210053,-0.969413290608072,-2.6532768749523155,-0.10683604180971999,0
210056,-0.9568245975432974,-2.6291065842679484,-0.1029755092698558,0
210060,-0.9559853513389791,-2.6494163424124513,-0.10700389105058365,0
210064,-0.9519569695582513,-2.6403524834058136,-0.09928282597085526,0
210068,-0.951621271076524,-2.620881971465629,-0.10263981078812848,0
210072,-0.9457465476462958,-2.608628976882582,-0.1187533379110399,0
210076,-0.94960708018616,-2.6082932784008546,-0.11103227283131151,0
210080,-0.9538033112077515,-2.623399710078584,-0.10196841382467384,0
210084,-0.9454108491645685,-2.594193942168307,-0.10717174029144731,0
210088,-0.9559853513389791,-2.6324635690852216,-0.10230411230640116,0
210092,-0.9524605172808422,-2.6326314183260853,-0.09861142900740062,0
210096,-0.9521248187991149,-2.621889066910811,-0.08753337911039902,0
210099,-0.9400396734569314,-2.6275959411001755,-0.10599679560540169,0
210103,-0.9469214923323415,-2.6076218814374,-0.10263981078812848,0
210107,-0.9519569695582513,-2.6163500419623102,-0.0999542229343099,0
210111,-0.930304417486839,-2.6299458304722667,-0.10247196154726482,0
210115,-0.9465857938506141,-2.6200427252613108,-0.09945067521171892,0
210119,-0.9524605172808422,-2.6232318608377203,-0.10885023270008393,0
210123,-0.9522926680399786,-2.6131609063859007,-0.1021362630655375,0
210127,-0.9573281452658884,-2.6230640115968566,-0.09894712748912794,0
210131,-0.9499427786678873,-2.624406805523766,-0.11103227283131151,0
210135,-0.951621271076524,-2.617524986648356,-0.11036087586785687,0
210138,-0.9564888990615701,-2.617021438925765,-0.10901808194094759,0
210142,-0.9459143968871595,-2.604600595101854,-0.11203936827649347,0
210146,-0.9480964370183871,-2.5993972686350806,-0.10498970016021973,0
210150,-0.9522926680399786,-2.602250705729763,-0.11103227283131151,0
210154,-0.951621271076524,-2.6098039215686275,-0.10515754940108339,0
210158,-0.9538033112077515,-2.6171892881666285,-0.10331120775158312,0
210162,-0.959510185397116,-2.6205462729839017,-0.11103227283131151,0
210166,-0.951117723353933,-2.6087968261234455,-0.1140535591668574,0
210170,-0.9509498741130693,-2.602082856488899,-0.10146486610208286,0
210174,-0.951117723353933,-2.6067826352330816,-0.09726863508049134,0
210178,-0.9527962157625696,-2.6212176699473564,-0.10901808194094759,0
210181,-0.958503089951934,-2.634645609216449,-0.10817883573662927,0
210185,-0.9554818036163881,-2.641191729610132,-0.09592584115358205,0
210189,-0.951621271076524,-2.6217212176699474,-0.10968947890440223,0
210193,-0.950110627908751,-2.622896162355993,-0.10717174029144731,0
210197,-0.9571602960250247,-2.6265888456549935,-0.09139391165026321,0
210201,-0.9534676127260242,-2.6168535896849012,-0.10599679560540169,0
210205,-0.9439002059967956,-2.653444724193179,-0.09961852445258258,0
210209,-0.9475928892957961,-2.6309529259174487,-0.097436484321355,0
210213,-0.9432288090333409,-2.6492484931715876,-0.10683604180971999,0
210217,-0.9538033112077515,-2.64018463416495,-0.10247196154726482,0
210221,-0.9591744869153886,-2.6359884031433585,-0.11271076523994812,0
210224,-0.9522926680399786,-2.6197070267795834,-0.10918593118181125,0
210228,-0.9538033112077515,-2.6255817502098115,-0.10616464484626535,0
210232,-0.9492713817044327,-2.626924544136721,-0.10616464484626535,0
210236,-0.951117723353933,-2.618867780575265,-0.11002517738612955,0
210240,-0.9512855725947966,-2.6166857404440376,-0.10985732814526589,0
210244,-0.9546425574120698,-2.6329671168078126,-0.10834668497749293,0
210248,-0.9673990997177081,-2.6349813076981765,-0.09491874570840009,0
210252,-0.9546425574120698,-2.638673990997177,-0.10364690623331044,0
210256,-0.9526283665217059,-2.6255817502098115,-0.13990234225986115,0
210260,-0.9524605172808422,-2.6299458304722667,-0.10968947890440223,0
210264,-0.9489356832227054,-2.617021438925765,-0.10801098649576561,0
210267,-0.9455786984054322,-2.5916762035553518,-0.10834668497749293,0
210271,-0.9569924467841611,-2.6029221026932174,-0.11892118715190356,0
210275,-0.9439002059967956,-2.646562905317769,-0.09340810254062715,0
210279,-0.9541390096894788,-2.634813458457313,-0.10650034332799267,0
210283,-0.9470893415732051,-2.6217212176699474,-0.1038147554741741,0
210287,-0.9482642862592507,-2.6076218814374,-0.11355001144426642,0
210291,-0.9549782558937971,-2.617021438925765,-0.10817883573662927,0
210295,-0.9482642862592507,-2.6059433890287633,-0.11187151903562981,0
210299,-0.9522926680399786,-2.608964675364309,-0.10834668497749293,0
210303,-0.9497749294270237,-2.6121538109407187,-0.10532539864194705,0
210306,-0.9548104066529335,-2.617860685130083,-0.09206530861371785,0
210310,-0.9484321355001144,-2.6131609063859007,-0.10784313725490195,0
210314,-0.9499427786678873,-2.6215533684290837,-0.10700389105058365,0
210318,-0.9512855725947966,-2.6156786449988556,-0.11170366979476615,0
210322,-0.951117723353933,-2.610978866254673,-0.10968947890440223,0
210326,-0.9538033112077515,-2.6207141222247654,-0.1046540016784924,0
210330,-0.9559853513389791,-2.642534523537041,-0.11052872510872053,0
210334,-0.9529640650034332,-2.6314564736400397,-0.11052872510872053,0
210338,-0.9603494316014343,-2.6294422827496757,-0.10582894636453803,0
210342,-0.9548104066529335,-2.6280994888227664,-0.10885023270008393,0
210346,-0.9519569695582513,-2.6215533684290837,-0.11976043335622186,0
210349,-0.959510185397116,-2.6286030365453574,-0.10683604180971999,0
210353,-0.9549782558937971,-2.627260242618448,-0.10398260471503776,0
210357,-0.9534676127260242,-2.6171892881666285,-0.1046540016784924,0
210361,-0.9583352407110703,-2.6197070267795834,-0.11220721751735713,0
210365,-0.9524605172808422,-2.6235675593194476,-0.09273670557717249,0
210369,-0.9492713817044327,-2.6232318608377203,-0.09877927824826428,0
210373,-0.9459143968871595,-2.6084611276417182,-0.09978637369344624,0
210377,-0.9485999847409781,-2.6103074692912185,-0.10415045395590142,0
210381,-0.9504463263904783,-2.626924544136721,-0.0991149767299916,0
210385,-0.9475928892957961,-2.6161821927214466,-0.1046540016784924,0
210389,-0.9569924467841611,-2.619035629816129,-0.10599679560540169,0
210392,-0.9522926680399786,-2.615007248035401,-0.11640344853894864,0
210396,-0.9625314717326618,-2.631792172121767,-0.10901808194094759,0
210400,-0.9531319142442969,-2.637163347829404,-0.10885023270008393,0
210404,-0.9621957732509345,-2.630281528953994,-0.11371786068513008,0
210408,-0.9541390096894788,-2.6284351873044938,-0.11136797131303883,0
210412,-0.9469214923323415,-2.6121538109407187,-0.10582894636453803,0
210416,-0.94960708018616,-2.611985961699855,-0.11069657434958419,0
210420,-0.9484321355001144,-2.6138323033493553,-0.09894712748912794,0
210424,-0.9564888990615701,-2.6138323033493553,-0.10616464484626535,0
210428,-0.9536354619668879,-2.6131609063859007,-0.1148928053711757,0
210431,-0.9482642862592507,-2.605104142824445,-0.11455710688944838,0
210435,-0.9531319142442969,-2.6240711070420386,-0.12781719691767757,0
210439,-0.9499427786678873,-2.627763790341039,-0.10515754940108339,0
210443,-0.9546425574120698,-2.6368276493476768,-0.11237506675822079,0
210447,-0.9548104066529335,-2.630785076676585,-0.11086442359044785,0
210451,-0.9529640650034332,-2.628770885786221,-0.1012970168612192,0
210455,-0.960013733119707,-2.6388418402380407,-0.10062561989776454,0
210459,-0.9539711604486152,-2.6275959411001755,-0.11187151903562981,0
210463,-0.9529640650034332,-2.627260242618448,-0.10901808194094759,0
210467,-0.9484321355001144,-2.617524986648356,-0.10364690623331044,0
210471,-0.9543068589303425,-2.619035629816129,-0.10180056458381018,0
210474,-0.9549782558937971,-2.622392614633402,-0.10062561989776454,0
210478,-0.9544747081712062,-2.6359884031433585,-0.10247196154726482,0
210482,-0.9564888990615701,-2.6291065842679484,-0.10196841382467384,0
210457,,,,1
210486,-0.9586709391927977,-2.6374990463111314,-0.10666819256885633,0
210490,-0.9632028686961165,-2.6433737697413595,-0.10650034332799267,0
210494,-0.950110627908751,-2.6334706645304036,-0.10582894636453803,0
210498,-0.9532997634851605,-2.6378347447928587,-0.10347905699244678,0
210502,-0.951621271076524,-2.622392614633402,-0.10515754940108339,0
210506,-0.9517891203173876,-2.623399710078584,-0.10096131837949188,0
210510,-0.9454108491645685,-2.6024185549706265,-0.09760433356221866,0
210514,-0.9538033112077515,-2.6181963836118105,-0.10549324788281071,0
210517,-0.9571602960250247,-2.6252460517280842,-0.10750743877317463,0
210521,-0.9566567483024337,-2.620378423743038,-0.10314335851071946,0
210525,-0.9531319142442969,-2.6331349660486763,-0.12832074464026855,0
210529,-0.9551461051346608,-2.6410238803692683,-0.11472495613031204,0
210533,-0.9527962157625696,-2.6304493781948577,-0.1311741817349508,0
210537,-0.9563210498207064,-2.6186999313344015,-0.13234912642099642,0
210541,-0.9447394522011139,-2.650926985580224,-0.13570611123826962,0
210545,-0.9502784771496147,-2.637163347829404,-0.10817883573662927,0
210549,-0.9569924467841611,-2.6252460517280842,-0.07158770122835126,0
210553,-0.9432288090333409,-2.644548714427405,-0.05899900816357671,0
210557,-0.9502784771496147,-2.632799267566949,-0.06890211337453268,0
210560,-0.9413824673838407,-2.636324101625086,-0.09559014267185473,0
210564,-0.9447394522011139,-2.6573052567330433,-0.12412451361867703,0
210568,-0.9454108491645685,-2.610643167772946,-0.13335622186617838,0
210572,-0.9517891203173876,-2.618028534370947,-0.12429236285954069,0
210576,-0.9591744869153886,-2.6242389562829023,-0.12009613183794918,0
210580,-0.9519569695582513,-2.6250782024872206,-0.1101930266269932,0
210584,-0.9432288090333409,-2.6477378500038147,-0.11757839322499428,0
210588,-0.9348363469901579,-2.627931639581903,-0.11036087586785687,0
210592,-0.932822156099794,-2.6319600213626306,-0.11103227283131151,0
210596,-0.94272526131075,-2.640688181887541,-0.10834668497749293,0
210599,-0.9492713817044327,-2.632295719844358,-0.1140535591668574,0
210603,-0.9524605172808422,-2.6311207751583123,-0.10566109712367437,0
210607,-0.9586709391927977,-2.6388418402380407,-0.10868238345922025,0
210611,-0.9601815823605706,-2.634813458457313,-0.09021896696421759,0
210615,-0.9581673914702067,-2.632799267566949,-0.1311741817349508,0
210619,-0.9642099641412984,-2.6291065842679484,-0.10431830319676508,0
210623,-0.9554818036163881,-2.6336385137712672,-0.10398260471503776,0
210627,-0.9591744869153886,-2.6378347447928587,-0.09525444419012741,0
210631,-0.957999542229343,-2.633806363012131,-0.09642938887617303,0
210635,-0.959006637674525,-2.6247425040054932,-0.09659723811703669,0
210639,-0.9601815823605706,-2.630281528953994,-0.10196841382467384,0
210642,-0.9630350194552528,-2.6309529259174487,-0.11170366979476615,0
210646,-0.959006637674525,-2.6242389562829023,-0.11371786068513008,0
210650,-0.9571602960250247,-2.6280994888227664,-0.10566109712367437,0
210654,-0.9447394522011139,-2.6573052567330433,-0.10733958953231097,0
210658,-0.9603494316014343,-2.642534523537041,-0.09961852445258258,0
210662,-0.9559853513389791,-2.6532768749523155,-0.0982757305256733,0
210666,-0.9576638437476157,-2.630281528953994,-0.11002517738612955,0
210670,-0.9576638437476157,-2.6202105745021744,-0.10062561989776454,0
210674,-0.959510185397116,-2.6291065842679484,-0.09693293659876402,0
210678,-0.9532997634851605,-2.6331349660486763,-0.10230411230640116,0
210682,-0.9564888990615701,-2.621889066910811,-0.1021362630655375,0
210685,-0.960013733119707,-2.6403524834058136,-0.10784313725490195,0
210689,-0.9613565270466162,-2.654451819638361,-0.10650034332799267,0
210693,-0.9492713817044327,-2.641695277332723,-0.10918593118181125,0
210697,-0.9489356832227054,-2.62138551918822,-0.11237506675822079,0
210701,-0.9470893415732051,-2.6143358510719463,-0.11338216220340276,0
210705,-0.9484321355001144,-2.6121538109407187,-0.13486686503395132,0
210709,-0.9469214923323415,-2.60074006256199,-0.10985732814526589,0
210713,-0.950110627908751,-2.615510795757992,-0.11220721751735713,0
210717,-0.9395361257343404,-2.643709468223087,-0.11187151903562981,0
210721,-0.9519569695582513,-2.6301136797131304,-0.11153582055390249,0
210724,-0.9469214923323415,-2.609636072327764,-0.12009613183794918,0
210728,-0.9437323567559319,-2.6494163424124513,-0.11036087586785687,0
210732,-0.9341649500267033,-2.654955367360952,-0.10851453421835659,0
210736,-0.9418860151064317,-2.6578088044556343,-0.10968947890440223,0
210740,-0.9502784771496147,-2.642534523537041,-0.11069657434958419,0
210744,-0.9512855725947966,-2.6232318608377203,-0.11287861448081178,0
210748,-0.9527962157625696,-2.62138551918822,-0.12093537804226749,0
210752,-0.957999542229343,-2.6247425040054932,-0.11522850385290302,0
210756,-0.9465857938506141,-2.6163500419623102,-0.10582894636453803,0
210760,-0.9524605172808422,-2.6227283131151293,-0.10314335851071946,0
210764,-0.9596780346379796,-2.6284351873044938,-0.10398260471503776,0
210767,-0.9559853513389791,-2.646562905317769,-0.10717174029144731,0
210771,-0.9569924467841611,-2.6284351873044938,-0.10331120775158312,0
210775,-0.9538033112077515,-2.627763790341039,-0.11103227283131151,0
210779,-0.957495994506752,-2.6212176699473564,-0.10717174029144731,0
210783,-0.9581673914702067,-2.627428091859312,-0.11371786068513008,0
210787,-0.9573281452658884,-2.6299458304722667,-0.10968947890440223,0
210791,-0.9571602960250247,-2.6299458304722667,-0.10415045395590142,0
210795,-0.9566567483024337,-2.623903257801175,-0.11472495613031204,0
210799,-0.9593423361562523,-2.628770885786221,-0.10750743877317463,0
210803,-0.9548104066529335,-2.6289387350270847,-0.10347905699244678,0
210807,-0.9551461051346608,-2.638673990997177,-0.10012207217517356,0
210810,-0.9561532005798428,-2.6136644541084917,-0.09844357976653696,0
210814,-0.9543068589303425,-2.62138551918822,-0.09710078583962768,0
210818,-0.9626993209735255,-2.6316243228809033,-0.11388570992599374,0
210822,-0.9536354619668879,-2.624406805523766,-0.12261387045090409,0
210826,-0.9512855725947966,-2.6163500419623102,-0.12076752880140383,0
210830,-0.957999542229343,-2.624406805523766,-0.09307240405889983,0
210834,-0.957495994506752,-2.619874876020447,-0.07209124895094224,0
210838,-0.9601815823605706,-2.627428091859312,-0.08048371099412527,0
210842,-0.9512855725947966,-2.617021438925765,-0.10163271534294652,0
210846,-0.9363469901579309,-2.6284351873044938,-0.11589990081635766,0
210850,-0.941214618142977,-2.647570000762951,-0.11153582055390249,0
210853,-0.9480964370183871,-2.616014343480583,-0.11170366979476615,0
210857,-0.9479285877775234,-2.6217212176699474,-0.1101930266269932,0
210861,-0.9472571908140688,-2.6168535896849012,-0.10985732814526589,0
210865,-0.9475928892957961,-2.609636072327764,-0.10549324788281071,0
210869,-0.9455786984054322,-2.587144274052033,-0.10163271534294652,0
210873,-0.9449073014419775,-2.641191729610132,-0.11422140840772106,0
210877,-0.9497749294270237,-2.6336385137712672,-0.11304646372167544,0
210881,-0.9472571908140688,-2.619874876020447,-0.11153582055390249,0
210885,-0.9480964370183871,-2.6082932784008546,-0.1046540016784924,0
210889,-0.9497749294270237,-2.6200427252613108,-0.10901808194094759,0
210892,-0.951117723353933,-2.6131609063859007,-0.10868238345922025,0
210896,-0.9532997634851605,-2.6301136797131304,-0.10817883573662927,0
210900,-0.950614175631342,-2.636659800106813,-0.1029755092698558,0
210904,-0.9484321355001144,-2.6222247653925383,-0.10079346913862822,0
210908,-0.9462500953688868,-2.60074006256199,-0.09894712748912794,0
210912,-0.9479285877775234,-2.6156786449988556,-0.10045777065690088,0
210916,-0.9517891203173876,-2.624406805523766,-0.10163271534294652,0
210920,-0.9534676127260242,-2.6116502632181278,-0.09928282597085526,0
210924,-0.9529640650034332,-2.615510795757992,-0.10633249408712901,0
210928,-0.9536354619668879,-2.611985961699855,-0.1046540016784924,0
210932,-0.9546425574120698,-2.631792172121767,-0.1038147554741741,0
210935,-0.9439002059967956,-2.6566338597695887,-0.10767528801403829,0
210939,-0.9593423361562523,-2.641695277332723,-0.09945067521171892,0
210943,-0.9556496528572518,-2.6395132372014953,-0.10431830319676508,0
210947,-0.9593423361562523,-2.6368276493476768,-0.09844357976653696,0
210951,-0.9477607385366598,-2.631792172121767,-0.10801098649576561,0
210955,-0.9613565270466162,-2.6497520408941786,-0.1046540016784924,0
210959,-0.9640421149004348,-2.6552910658426794,-0.10817883573662927,0
210963,-0.9616922255283435,-2.6319600213626306,-0.11136797131303883,0
210967,-0.957495994506752,-2.6210498207064927,-0.1038147554741741,0
210971,-0.9566567483024337,-2.619371328297856,-0.10112916762035554,0
210975,-0.9571602960250247,-2.6301136797131304,-0.08988326848249027,0
210978,-0.9566567483024337,-2.6235675593194476,-0.10112916762035554,0
210982,-0.9541390096894788,-2.626253147173266,-0.1046540016784924,0
210986,-0.9559853513389791,-2.6452201113908598,-0.09810788128480964,0
210990,-0.9512855725947966,-2.623399710078584,-0.09961852445258258,0
210994,-0.9571602960250247,-2.628770885786221,-0.10012207217517356,0
210998,-0.9598458838788433,-2.64018463416495,-0.09726863508049134,0
211002,-0.9541390096894788,-2.6329671168078126,-0.10096131837949188,0
211006,-0.950614175631342,-2.640688181887541,-0.10834668497749293,0
211010,-0.9539711604486152,-2.628770885786221,-0.10364690623331044,0
211014,-0.9541390096894788,-2.626756694895857,-0.10767528801403829,0
211017,-0.9527962157625696,-2.626924544136721,-0.11371786068513008,0
211021,-0.9553139543755245,-2.635652704661631,-0.10163271534294652,0
211025,-0.9439002059967956,-2.6640192263675897,-0.11120012207217517,0
211029,-0.9549782558937971,-2.644716563668269,-0.10448615243762874,0
211033,-0.9536354619668879,-2.625413900968948,-0.10498970016021973,0
211037,-0.9522926680399786,-2.618028534370947,-0.10549324788281071,0
211041,-0.9532997634851605,-2.629777981231403,-0.10683604180971999,0
211045,-0.9485999847409781,-2.619874876020447,-0.10263981078812848,0
211049,-0.9532997634851605,-2.6309529259174487,-0.09760433356221866,0
211053,-0.9475928892957961,-2.619371328297856,-0.11539635309376668,0
211057,-0.9502784771496147,-2.6242389562829023,-0.10532539864194705,0
211060,-0.9462500953688868,-2.608628976882582,-0.10415045395590142,0
211064,-0.949103532463569,-2.617860685130083,-0.10750743877317463,0
211068,-0.957999542229343,-2.6245746547646296,-0.10566109712367437,0
211072,-0.9566567483024337,-2.61953917753872,-0.1012970168612192,0
211076,-0.9527962157625696,-2.6280994888227664,-0.10801098649576561,0
211080,-0.9474250400549324,-2.6103074692912185,-0.10650034332799267,0
211084,-0.9573281452658884,-2.6215533684290837,-0.10347905699244678,0
211088,-0.9539711604486152,-2.6240711070420386,-0.09961852445258258,0
211092,-0.9517891203173876,-2.6260852979324025,-0.09777218280308232,0
211096,-0.9571602960250247,-2.630785076676585,-0.11120012207217517,0
211100,-0.9558175020981154,-2.6479056992446783,-0.09978637369344624,0
211103,-0.9569924467841611,-2.627931639581903,-0.1029755092698558,0
211107,-0.9543068589303425,-2.6255817502098115,-0.10431830319676508,0
211111,-0.9538033112077515,-2.625917448691539,-0.11086442359044785,0
211115,-0.9454108491645685,-2.5985580224307623,-0.1132143129625391,0
211119,-0.9534676127260242,-2.6067826352330816,-0.1029755092698558,0
211123,-0.9472571908140688,-2.6093003738460365,-0.10952162966353857,0
211127,-0.9519569695582513,-2.618364232852674,-0.11136797131303883,0
211131,-0.9474250400549324,-2.6171892881666285,-0.09290455481803617,0
211135,-0.9613565270466162,-2.643709468223087,-0.10112916762035554,0
211139,-0.9549782558937971,-2.6344777599755855,-0.09928282597085526,0
211143,-0.9541390096894788,-2.627260242618448,-0.10733958953231097,0
211146,-0.9640421149004348,-2.6452201113908598,-0.10784313725490195,0
211150,-0.9509498741130693,-2.6181963836118105,-0.0991149767299916,0
211154,-0.9519569695582513,-2.6230640115968566,-0.09961852445258258,0
211158,-0.9637064164187075,-2.633806363012131,-0.09642938887617303,0
211162,-0.9534676127260242,-2.620881971465629,-0.10347905699244678,0
211166,-0.9591744869153886,-2.6291065842679484,-0.10347905699244678,0
211170,-0.950614175631342,-2.633806363012131,-0.1046540016784924,0
211174,-0.9548104066529335,-2.628770885786221,-0.10263981078812848,0
211178,-0.9556496528572518,-2.63514915693904,-0.11741054398413062,0
211182,-0.9492713817044327,-2.630785076676585,-0.11002517738612955,0
211185,-0.9512855725947966,-2.6240711070420386,-0.11136797131303883,0
211189,-0.960013733119707,-2.6380025940337224,-0.11338216220340276,0
211193,-0.951621271076524,-2.6230640115968566,-0.1101930266269932,0
211197,-0.9465857938506141,-2.617021438925765,-0.11203936827649347,0
211201,-0.9480964370183871,-2.6059433890287633,-0.10733958953231097,0
211205,-0.9371862363622492,-2.6388418402380407,-0.11287861448081178,0
211209,-0.94960708018616,-2.6222247653925383,-0.11254291599908445,0
211213,-0.9536354619668879,-2.6158464942397193,-0.11304646372167544,0
211217,-0.9539711604486152,-2.62642099641413,-0.10633249408712901,0
211221,-0.9531319142442969,-2.6336385137712672,-0.11136797131303883,0
211225,-0.9532997634851605,-2.640688181887541,-0.11220721751735713,0
211228,-0.9512855725947966,-2.6222247653925383,-0.1187533379110399,0
211232,-0.9544747081712062,-2.63514915693904,-0.11304646372167544,0
211236,-0.9519569695582513,-2.630281528953994,-0.11036087586785687,0
211240,-0.9548104066529335,-2.6280994888227664,-0.10498970016021973,0
211244,-0.9484321355001144,-2.619371328297856,-0.10415045395590142,0
211248,-0.9526283665217059,-2.6220569161516747,-0.1012970168612192,0
211252,-0.9531319142442969,-2.6314564736400397,-0.10180056458381018,0
211256,-0.9499427786678873,-2.6301136797131304,-0.1093537804226749,0
211260,-0.9573281452658884,-2.629274433508812,-0.11254291599908445,0
211264,-0.9457465476462958,-2.610139620050355,-0.11220721751735713,0
211268,-0.9553139543755245,-2.627763790341039,-0.11069657434958419,0
211271,-0.9532997634851605,-2.6344777599755855,-0.1140535591668574,0
211275,-0.9610208285648889,-2.644045166704814,-0.10784313725490195,0
211279,-0.9543068589303425,-2.6306172274357214,-0.11069657434958419,0
211283,-0.958503089951934,-2.6374990463111314,-0.10582894636453803,0
211287,-0.9632028686961165,-2.643205920500496,-0.09525444419012741,0
211291,-0.9601815823605706,-2.6373311970702678,-0.09844357976653696,0
211295,-0.9432288090333409,-2.6532768749523155,-0.09491874570840009,0
211299,-0.9643778133821621,-2.6398489356832227,-0.09525444419012741,0
211303,-0.9640421149004348,-2.6541161211566338,-0.08316929884794384,0
211307,-0.959006637674525,-2.6321278706034943,-0.09105821316853589,0
211310,-0.9465857938506141,-2.618532082093538,-0.08786907759212634,0
211314,-0.9462500953688868,-2.6019150072480355,-0.09072251468680857,0
211316,,,,1
211318,-0.9454108491645685,-2.582276646066987,-0.09005111772335393,0
211322,-0.9454108491645685,-2.5774090180819407,-0.1046540016784924,0
211326,-0.9502784771496147,-2.605104142824445,-0.1029755092698558,0
211330,-0.9549782558937971,-2.619874876020447,-0.09777218280308232,0
211334,-0.9532997634851605,-2.6349813076981765,-0.10532539864194705,0
211338,-0.9459143968871595,-2.6148393987945373,-0.12882429236285953,0
211342,-0.9573281452658884,-2.624406805523766,-0.12278171969176775,0
211346,-0.9546425574120698,-2.6349813076981765,-0.10918593118181125,0
211350,-0.9588387884336613,-2.6232318608377203,-0.08702983138780804,0
211353,-0.9571602960250247,-2.628770885786221,-0.07947661554894331,0
211357,-0.9610208285648889,-2.636156252384222,-0.07880521858548867,0
211361,-0.9499427786678873,-2.631792172121767,-0.08602273594262608,0
211365,-0.9553139543755245,-2.6420309758144502,-0.12479591058213169,0
211369,-0.9415503166247043,-2.6474021515220874,-0.1400701915007248,0
211373,-0.9452429999237049,-2.6720759899290454,-0.14225223163195239,0
211377,-0.9620279240100709,-2.6502555886167696,-0.1273136491950866,0
211381,-0.9558175020981154,-2.6541161211566338,-0.10096131837949188,0
211385,-0.9454108491645685,-2.611985961699855,-0.09156176089112687,0
211389,-0.959006637674525,-2.6126573586633097,-0.08501564049744412,0
211393,-0.9616922255283435,-2.6108110170138095,-0.08585488670176242,0
211396,-0.9549782558937971,-2.6210498207064927,-0.08937972075989929,0
211400,-0.9485999847409781,-2.619371328297856,-0.09156176089112687,0
211404,-0.9522926680399786,-2.6163500419623102,-0.09475089646753643,0
211408,-0.960013733119707,-2.6354848554207675,-0.10347905699244678,0
211412,-0.9395361257343404,-2.6522697795071335,-0.10096131837949188,0
211416,-0.9605172808422979,-2.652437628747997,-0.10028992141603722,0
211420,-0.9564888990615701,-2.6304493781948577,-0.09726863508049134,0
211424,-0.9588387884336613,-2.6240711070420386,-0.08753337911039902,0
211428,-0.9578316929884794,-2.6309529259174487,-0.09122606240939955,0
211432,-0.9635385671778438,-2.6400167849240863,-0.09777218280308232,0
211436,-0.9630350194552528,-2.6393453879606317,-0.09861142900740062,0
211439,-0.9578316929884794,-2.6354848554207675,-0.09273670557717249,0
211443,-0.9650492103456169,-2.6398489356832227,-0.09693293659876402,0
211447,-0.9648813611047532,-2.6463950560769054,-0.10733958953231097,0
211451,-0.9558175020981154,-2.654955367360952,-0.11153582055390249,0
211455,-0.9796520943007553,-2.6675440604257266,-0.10314335851071946,0
211459,-0.9605172808422979,-2.6552910658426794,-0.09693293659876402,0
211463,-0.9643778133821621,-2.642534523537041,-0.10918593118181125,0
211467,-0.9611886778057526,-2.6566338597695887,-0.10683604180971999,0
211471,-0.9573281452658884,-2.644548714427405,-0.09978637369344624,0
211475,-0.9541390096894788,-2.6373311970702678,-0.1021362630655375,0
211478,-0.9605172808422979,-2.6472343022812237,-0.10482185091935607,0
211482,-0.9621957732509345,-2.639681086442359,-0.10196841382467384,0
211486,-0.9700846875715267,-2.648577096208133,-0.10247196154726482,0
211490,-0.9569924467841611,-2.6270923933775845,-0.1046540016784924,0
211494,-0.9546425574120698,-2.63514915693904,-0.10247196154726482,0
211498,-0.9546425574120698,-2.636659800106813,-0.10028992141603722,0
211502,-0.9457465476462958,-2.617021438925765,-0.08652628366521706,0
211506,-0.951117723353933,-2.6116502632181278,-0.10952162966353857,0
211510,-0.9454108491645685,-2.5898298619058515,-0.11338216220340276,0
211514,-0.942221713588159,-2.625749599450675,-0.10448615243762874,0
211518,-0.9323186083772029,-2.6284351873044938,-0.10364690623331044,0
211521,-0.941214618142977,-2.646562905317769,-0.11237506675822079,0
211525,-0.9413824673838407,-2.642702372777905,-0.1046540016784924,0
211529,-0.9447394522011139,-2.6631799801632714,-0.08971541924162661,0
211533,-0.9454108491645685,-2.6141680018310827,-0.11371786068513008,0
211537,-0.9470893415732051,-2.6123216601815824,-0.11522850385290302,0
211541,-0.9526283665217059,-2.619874876020447,-0.10549324788281071,0
211545,-0.9759594110017548,-2.6606622415503165,-0.1046540016784924,0
211549,-0.9507820248722056,-2.620378423743038,-0.11774624246585794,0
211553,-0.9569924467841611,-2.6153429465171283,-0.10230411230640116,0
211557,-0.9643778133821621,-2.6237354085603113,-0.10180056458381018,0
211561,-0.9583352407110703,-2.6255817502098115,-0.1093537804226749,0
211564,-0.9380254825665675,-2.6388418402380407,-0.10582894636453803,0
211568,-0.9620279240100709,-2.6314564736400397,-0.10717174029144731,0
211572,-0.9625314717326618,-2.6403524834058136,-0.10482185091935607,0
211576,-0.9611886778057526,-2.654955367360952,-0.10045777065690088,0
211580,-0.958503089951934,-2.6497520408941786,-0.10901808194094759,0
211584,-0.9593423361562523,-2.64018463416495,-0.10431830319676508,0
211588,-0.9632028686961165,-2.6453879606317234,-0.10901808194094759,0
211592,-0.9626993209735255,-2.649080643930724,-0.11271076523994812,0
211596,-0.9613565270466162,-2.659990844586862,-0.1021362630655375,0
211600,-0.9603494316014343,-2.648073548485542,-0.10633249408712901,0
211603,-0.9655527580682078,-2.6482413977264057,-0.10918593118181125,0
211607,-0.9596780346379796,-2.6374990463111314,-0.11606775005722132,0
211611,-0.959006637674525,-2.6247425040054932,-0.1298313878080415,0
211615,-0.9606851300831616,-2.6408560311284046,-0.13385976958876936,0
211619,-0.9514534218356603,-2.622896162355993,-0.11422140840772106,0
211623,-0.9613565270466162,-2.6477378500038147,-0.09038681620508125,0
211627,-0.9606851300831616,-2.650591287098497,-0.0841763942931258,0
211631,-0.9553139543755245,-2.646059357595178,-0.09290455481803617,0
211635,-0.9611886778057526,-2.6546196688792247,-0.10062561989776454,0
211639,-0.9433966582742046,-2.6578088044556343,-0.10801098649576561,0
211643,-0.9425574120698863,-2.6672083619439992,-0.1148928053711757,0
211646,-0.9454108491645685,-2.6181963836118105,-0.11472495613031204,0
211650,-0.949103532463569,-2.6230640115968566,-0.11220721751735713,0
211654,-0.9355077439536126,-2.629274433508812,-0.11892118715190356,0
211658,-0.9502784771496147,-2.623903257801175,-0.11086442359044785,0
211662,-0.9470893415732051,-2.6138323033493553,-0.11271076523994812,0
211666,-0.9512855725947966,-2.611985961699855,-0.10398260471503776,0
211670,-0.9549782558937971,-2.61953917753872,-0.11187151903562981,0
211674,-0.9586709391927977,-2.63330281528954,-0.11774624246585794,0
211678,-0.9397039749752041,-2.6556267643244067,-0.11892118715190356,0
211682,-0.9492713817044327,-2.637163347829404,-0.12429236285954069,0
211685,-0.9477607385366598,-2.6304493781948577,-0.1281528953994049,0
211689,-0.9549782558937971,-2.6289387350270847,-0.1268101014724956,0
211693,-0.9502784771496147,-2.629777981231403,-0.11757839322499428,0
211697,-0.9497749294270237,-2.6291065842679484,-0.1140535591668574,0
211701,-0.941214618142977,-2.6468986037994964,-0.1165712977798123,0
211705,-0.9544747081712062,-2.6415274280918593,-0.12127107652399481,0
211709,-0.9454108491645685,-2.6037613488975357,-0.11203936827649347,0
211713,-0.9492713817044327,-2.617860685130083,-0.11556420233463034,0
211717,-0.9482642862592507,-2.6059433890287633,-0.11925688563363088,0
211721,-0.9529640650034332,-2.618364232852674,-0.1140535591668574,0
211725,-0.9662241550316625,-2.6448844129091325,-0.11992828259708552,0
211729,-0.9543068589303425,-2.6354848554207675,-0.11774624246585794,0
211732,-0.957495994506752,-2.6222247653925383,-0.12143892576485847,0
211736,-0.9398718242160677,-2.656466010528725,-0.11942473487449454,0
211740,-0.9549782558937971,-2.642702372777905,-0.11892118715190356,0
211744,-0.9464179446097505,-2.6280994888227664,-0.10515754940108339,0
211748,-0.9606851300831616,-2.638170443274586,-0.1165712977798123,0
211752,-0.9548104066529335,-2.6326314183260853,-0.11774624246585794,0
211756,-0.9566567483024337,-2.6237354085603113,-0.12211032272831311,0
211760,-0.950110627908751,-2.6260852979324025,-0.11539635309376668,0
211764,-0.9512855725947966,-2.6156786449988556,-0.1101930266269932,0
211768,-0.9477607385366598,-2.6217212176699474,-0.1140535591668574,0
211771,-0.9524605172808422,-2.6242389562829023,-0.1093537804226749,0
211775,-0.9531319142442969,-2.635652704661631,-0.11690699626153964,0
211779,-0.9522926680399786,-2.6197070267795834,-0.10767528801403829,0
211783,-0.9553139543755245,-2.6331349660486763,-0.1187533379110399,0
211787,-0.9499427786678873,-2.6286030365453574,-0.11690699626153964,0
211791,-0.9521248187991149,-2.619371328297856,-0.12211032272831311,0
211795,-0.9526283665217059,-2.623903257801175,-0.11908903639276722,0
211799,-0.958503089951934,-2.6415274280918593,-0.11841763942931258,0
211803,-0.9546425574120698,-2.6423666742961776,-0.11539635309376668,0
211807,-0.9475928892957961,-2.6242389562829023,-0.09407949950408179,0
211811,-0.9462500953688868,-2.6037613488975357,-0.11388570992599374,0
211814,-0.9754558632791638,-2.6453879606317234,-0.11455710688944838,0
211818,-0.9499427786678873,-2.6359884031433585,-0.11808194094758526,0
211822,-0.9489356832227054,-2.626756694895857,-0.12160677500572213,0
211826,-0.9534676127260242,-2.6181963836118105,-0.12529945830472267,0
211830,-0.9504463263904783,-2.636324101625086,-0.12110322728313115,0
211834,-0.9454108491645685,-2.6047684443427177,-0.11690699626153964,0
211838,-0.9497749294270237,-2.6141680018310827,-0.11606775005722132,0
211842,-0.9474250400549324,-2.610643167772946,-0.12462806134126803,0
211846,-0.9479285877775234,-2.6215533684290837,-0.12278171969176775,0
211850,-0.9512855725947966,-2.6163500419623102,-0.12865644312199587,0
211854,-0.9576638437476157,-2.6146715495536736,-0.11422140840772106,0
211857,-0.9532997634851605,-2.6309529259174487,-0.12580300602731365,0
211861,-0.9598458838788433,-2.6400167849240863,-0.1284885938811322,0
211865,-0.9569924467841611,-2.62642099641413,-0.1284885938811322,0
211869,-0.9527962157625696,-2.6250782024872206,-0.12059967956054017,0
211873,-0.9541390096894788,-2.6265888456549935,-0.11992828259708552,0
211877,-0.9581673914702067,-2.6304493781948577,-0.12177462424658579,0
211881,-0.9549782558937971,-2.626756694895857,-0.12211032272831311,0
211885,-0.9626993209735255,-2.637163347829404,-0.12479591058213169,0
211889,-0.9519569695582513,-2.627763790341039,-0.11976043335622186,0
211893,-0.9521248187991149,-2.615510795757992,-0.12546730754558633,0
211896,-0.9559853513389791,-2.6403524834058136,-0.12261387045090409,0
211900,-0.9603494316014343,-2.6339742122529946,-0.12798504615854123,0
211904,-0.9784771496147097,-2.646562905317769,-0.11724269474326696,0
211908,-0.9543068589303425,-2.636659800106813,-0.1378881513694972,0
211912,-0.9467536430914778,-2.6131609063859007,-0.12714579995422293,0
211916,-0.9485999847409781,-2.615007248035401,-0.11858548867017624,0
211920,-0.951621271076524,-2.615510795757992,-0.12345311665522239,0
211924,-0.9432288090333409,-2.643709468223087,-0.11287861448081178,0
211928,-0.951621271076524,-2.6200427252613108,-0.1273136491950866,0
211932,-0.9454108491645685,-2.593354695963989,-0.12093537804226749,0
211936,-0.9449073014419775,-2.6413595788509956,-0.09844357976653696,0
211939,-0.9385290302891585,-2.6527733272297245,-0.12697795071335927,0
211943,-0.9400396734569314,-2.6415274280918593,-0.13184557869840544,0
211947,-0.9425574120698863,-2.6626764324406804,-0.12244602121004043,0
211951,-0.9497749294270237,-2.6428702220187685,-0.12059967956054017,0
211955,-0.9544747081712062,-2.6405203326466773,-0.11925688563363088,0
211959,-0.9541390096894788,-2.6314564736400397,-0.1320134279392691,0
211963,-0.9504463263904783,-2.6410238803692683,-0.11623559929808498,0
211967,-0.9543068589303425,-2.631792172121767,-0.11522850385290302,0
211971,-0.9517891203173876,-2.6296101319905394,-0.12160677500572213,0
211975,-0.9494392309452964,-2.6186999313344015,-0.12211032272831311,0
211979,-0.9492713817044327,-2.622896162355993,-0.1259708552681773,0
211982,-0.9482642862592507,-2.606614785992218,-0.11942473487449454,0
211986,-0.9492713817044327,-2.6153429465171283,-0.12244602121004043,0
211990,-0.9425574120698863,-2.653109025711452,-0.11892118715190356,0
211994,-0.9633707179369801,-2.6410238803692683,-0.11673914702067598,0
211998,-0.9460822461280232,-2.6141680018310827,-0.11925688563363088,0
212002,-0.9432288090333409,-2.642198825055314,-0.12211032272831311,0
212006,-0.9462500953688868,-2.612993057145037,-0.11925688563363088,0
212010,-0.9489356832227054,-2.610643167772946,-0.1179140917067216,0
212014,-0.9423895628290226,-2.652437628747997,-0.11170366979476615,0
212018,-0.9390325780117494,-2.650926985580224,-0.12496375982299535,0
212022,-0.941214618142977,-2.6566338597695887,-0.1311741817349508,0
212025,-0.9444037537193866,-2.6665369649805446,-0.1451056687266346,0
212029,-0.9512855725947966,-2.634645609216449,-0.11539635309376668,0
212033,-0.9583352407110703,-2.6369954985885404,-0.10532539864194705,0
212037,-0.9546425574120698,-2.6403524834058136,-0.12177462424658579,0
212041,-0.9454108491645685,-2.603089951934081,-0.11187151903562981,0
212045,-0.9299687190051117,-2.6133287556267644,-0.15265888456549934,0
212049,-0.9425574120698863,-2.649584191653315,-0.1907606622415503,0
212053,-0.9472571908140688,-2.629777981231403,-0.15853360799572747,0
212057,-0.9386968795300221,-2.641191729610132,-0.1486305027847715,0
212061,-0.9465857938506141,-2.6217212176699474,-0.13083848325322348,0
212064,-0.9402075226977951,-2.6284351873044938,-0.1293278400854505,0
212068,-0.9339971007858396,-2.643038071259632,-0.1328526741435874,0
212072,-0.9494392309452964,-2.627260242618448,-0.12479591058213169,0
212076,-0.9454108491645685,-2.596711680781262,-0.12748149843595025,0
212080,-0.9435645075150683,-2.6296101319905394,-0.12748149843595025,0
212084,-0.970420386053254,-2.639681086442359,-0.1284885938811322,0
212088,-0.9479285877775234,-2.6321278706034943,-0.12362096589608605,0
212092,-0.950110627908751,-2.624406805523766,-0.134531166552224,0
212096,-0.9465857938506141,-2.6220569161516747,-0.13184557869840544,0
212100,-0.9522926680399786,-2.61450370031281,-0.1336919203479057,0
212104,-0.9484321355001144,-2.6225604638742657,-0.11203936827649347,0
212107,-0.9544747081712062,-2.6301136797131304,-0.12429236285954069,0
212111,-0.9573281452658884,-2.6316243228809033,-0.1179140917067216,0
212115,-0.9628671702143892,-2.62642099641413,-0.11136797131303883,0
212119,-0.9529640650034332,-2.6275959411001755,-0.12244602121004043,0
212123,-0.9571602960250247,-2.62826733806363,-0.12362096589608605,0
212127,-0.949103532463569,-2.6306172274357214,-0.1273136491950866,0
212131,-0.9623636224917982,-2.6316243228809033,-0.1320134279392691,0
212135,-0.9606851300831616,-2.637163347829404,-0.13050278477149616,0
212139,-0.959510185397116,-2.6354848554207675,-0.13654535744258792,0
212143,-0.9615243762874799,-2.6265888456549935,-0.14896620126649882,0
212147,-0.9445716029602502,-2.6576409552147706,-0.13167772945754178,0
212150,-0.9433966582742046,-2.6631799801632714,-0.134531166552224,0
212115,,,,1
212154,-0.9482642862592507,-2.6250782024872206,-0.13184557869840544,0
212158,-0.9472571908140688,-2.611146715495537,-0.12529945830472267,0
212162,-0.9474250400549324,-2.611482413977264,-0.13050278477149616,0
212166,-0.9445716029602502,-2.6537804226749064,-0.12143892576485847,0
212170,-0.9454108491645685,-2.6128252079041734,-0.12328526741435873,0
212174,-0.9650492103456169,-2.6294422827496757,-0.11942473487449454,0
212178,-0.9502784771496147,-2.627763790341039,-0.13050278477149616,0
212182,-0.9457465476462958,-2.6076218814374,-0.12999923704890515,0
212186,-0.9452429999237049,-2.6566338597695887,-0.12227817196917677,0
212189,-0.9403753719386587,-2.6492484931715876,-0.13134203097581446,0
212193,-0.9460822461280232,-2.62138551918822,-0.11522850385290302,0
212197,-0.9492713817044327,-2.62138551918822,-0.12546730754558633,0
212201,-0.9484321355001144,-2.6158464942397193,-0.1268101014724956,0
212205,-0.950110627908751,-2.6207141222247654,-0.12076752880140383,0
212209,-0.9457465476462958,-2.6059433890287633,-0.12798504615854123,0
212213,-0.94960708018616,-2.608628976882582,-0.12278171969176775,0
212217,-0.9454108491645685,-2.595201037613489,-0.12479591058213169,0
212221,-0.9454108491645685,-2.5858014801251237,-0.12563515678645,0
212225,-0.9477607385366598,-2.607118333714809,-0.13302052338445106,0
212229,-0.9447394522011139,-2.6463950560769054,-0.13318837262531472,0
212232,-0.9469214923323415,-2.61953917753872,-0.12613870450904097,0
212236,-0.9442359044785229,-2.642534523537041,-0.1273136491950866,0
212240,-0.9378576333257038,-2.6452201113908598,-0.12479591058213169,0
212244,-0.9474250400549324,-2.623399710078584,-0.12664225223163195,0
212248,-0.9469214923323415,-2.6062790875104906,-0.1293278400854505,0
212252,-0.9450751506828412,-2.656969558251316,-0.12613870450904097,0
212256,-0.9334935530632487,-2.6487449454489966,-0.13402761882963302,0
212260,-0.9509498741130693,-2.616517891203174,-0.13553826199740596,0
212264,-0.9744487678339818,-2.644213015945678,-0.1273136491950866,0
212268,-0.9554818036163881,-2.644716563668269,-0.12076752880140383,0
212272,-0.9564888990615701,-2.6304493781948577,-0.12462806134126803,0
212275,-0.9440680552376592,-2.649080643930724,-0.12563515678645,0
212279,-0.9385290302891585,-2.6586480506599526,-0.13067063401235982,0
212283,-0.9462500953688868,-2.626924544136721,-0.1165712977798123,0
212287,-0.9464179446097505,-2.613496604867628,-0.12882429236285953,0
212291,-0.9484321355001144,-2.613496604867628,-0.1459449149309529,0
212295,-0.9521248187991149,-2.6116502632181278,-0.15987640192263675,0
212299,-0.9454108491645685,-2.5930189974822615,-0.1447699702449073,0
212303,-0.9546425574120698,-2.62642099641413,-0.12429236285954069,0
212307,-0.9568245975432974,-2.620881971465629,-0.11539635309376668,0
212311,-0.9454108491645685,-2.5965438315403984,-0.11036087586785687,0
212315,-0.9339971007858396,-2.62642099641413,-0.11841763942931258,0
212318,-0.9251010910200655,-2.620378423743038,-0.14325932707713435,0
212322,-0.9237582970931563,-2.6374990463111314,-0.13503471427481498,0
212326,-0.9163729304951552,-2.61450370031281,-0.14141298542763409,0
212330,-0.933829251544976,-2.638673990997177,-0.14644846265354391,0
212334,-0.9439002059967956,-2.665362020294499,-0.14644846265354391,0
212338,-0.9392004272526131,-2.6635156786449987,-0.1293278400854505,0
212342,-0.9497749294270237,-2.643038071259632,-0.13234912642099642,0
212346,-0.9455786984054322,-2.6077897306782636,-0.1353704127565423,0
212350,-0.9596780346379796,-2.620378423743038,-0.13990234225986115,0
212354,-0.970420386053254,-2.6393453879606317,-0.14191653315022507,0
212357,-0.9472571908140688,-2.6220569161516747,-0.14795910582131686,0
212361,-0.9487678339818417,-2.617357137407492,-0.15064469367513542,0
212365,-0.9474250400549324,-2.613496604867628,-0.1503089951934081,0
212369,-0.9484321355001144,-2.6153429465171283,-0.1298313878080415,0
212373,-0.9492713817044327,-2.626924544136721,-0.11052872510872053,0
212377,-0.9474250400549324,-2.6118181124589914,-0.1311741817349508,0
212381,-0.9454108491645685,-2.59251544975967,-0.13419546807049668,0
212385,-0.9444037537193866,-2.639681086442359,-0.12748149843595025,0
212389,-0.9408789196612497,-2.639681086442359,-0.1311741817349508,0
212393,-0.9398718242160677,-2.6621728847180894,-0.1336919203479057,0
212397,-0.9444037537193866,-2.6730830853742273,-0.1311741817349508,0
212400,-0.9432288090333409,-2.6646906233310443,-0.1298313878080415,0
212404,-0.9499427786678873,-2.6462272068360417,-0.13385976958876936,0
212408,-0.9554818036163881,-2.6458915083543144,-0.13587396047913328,0
212412,-0.9648813611047532,-2.6479056992446783,-0.12714579995422293,0
212416,-0.9613565270466162,-2.658480201419089,-0.1281528953994049,0
212420,-0.9445716029602502,-2.6749294270237276,-0.13805600061036086,0
212424,-0.9551461051346608,-2.6591515983825436,-0.1378881513694972,0
212428,-0.9363469901579309,-2.651094834821088,-0.13772030212863354,0
212432,-0.9455786984054322,-2.6153429465171283,-0.1362096589608606,0
212436,-0.9522926680399786,-2.6126573586633097,-0.13318837262531472,0
212440,-0.9551461051346608,-2.631792172121767,-0.12915999084458685,0
212443,-0.9616922255283435,-2.627763790341039,-0.12949568932631417,0
212447,-0.9519569695582513,-2.622896162355993,-0.13402761882963302,0
212451,-0.9548104066529335,-2.6252460517280842,-0.13100633249408714,0
212455,-0.9522926680399786,-2.615007248035401,-0.134531166552224,0
212459,-0.9514534218356603,-2.609636072327764,-0.13167772945754178,0
212463,-0.942221713588159,-2.650926985580224,-0.11640344853894864,0
212467,-0.950614175631342,-2.642534523537041,-0.13234912642099642,0
212471,-0.9492713817044327,-2.6314564736400397,-0.13503471427481498,0
212475,-0.9460822461280232,-2.609636072327764,-0.13570611123826962,0
212479,-0.9480964370183871,-2.6000686655985352,-0.13083848325322348,0
212482,-0.9398718242160677,-2.641191729610132,-0.13503471427481498,0
212486,-0.9433966582742046,-2.6499198901350423,-0.13721675440604256,0
212490,-0.940711070420386,-2.6448844129091325,-0.13688105592431524,0
212494,-0.9467536430914778,-2.613496604867628,-0.13419546807049668,0
212498,-0.9460822461280232,-2.5985580224307623,-0.13520256351567864,0
212502,-0.94960708018616,-2.6076218814374,-0.13100633249408714,0
212506,-0.9467536430914778,-2.5978866254673076,-0.13855954833295187,0
212510,-0.9430609597924773,-2.636659800106813,-0.13385976958876936,0
212514,-0.9470893415732051,-2.6250782024872206,-0.13419546807049668,0
212518,-0.9532997634851605,-2.631792172121767,-0.13218127718013276,0
212522,-0.9544747081712062,-2.6393453879606317,-0.13402761882963302,0
212525,-0.950110627908751,-2.6314564736400397,-0.14057373922331579,0
212529,-0.9517891203173876,-2.6314564736400397,-0.14040588998245213,0
212533,-0.9726024261844816,-2.64018463416495,-0.1281528953994049,0
212537,-0.9569924467841611,-2.625749599450675,-0.1362096589608606,0
212541,-0.9568245975432974,-2.618028534370947,-0.13738460364690622,0
212545,-0.9526283665217059,-2.6217212176699474,-0.13990234225986115,0
212549,-0.9531319142442969,-2.6316243228809033,-0.1298313878080415,0
212553,-0.9559853513389791,-2.6517662317845425,-0.115732051575494,0
212557,-0.9462500953688868,-2.61450370031281,-0.13335622186617838,0
212561,-0.9353398947127489,-2.6306172274357214,-0.13100633249408714,0
212565,-0.9479285877775234,-2.627763790341039,-0.13134203097581446,0
212568,-0.9469214923323415,-2.608964675364309,-0.13268482490272374,0
212572,-0.9459143968871595,-2.6024185549706265,-0.13167772945754178,0
212576,-0.9507820248722056,-2.6009079118028535,-0.12395666437781337,0
212580,-0.9465857938506141,-2.6074540321965363,-0.13100633249408714,0
212584,-0.9502784771496147,-2.615007248035401,-0.12580300602731365,0
212588,-0.9450751506828412,-2.659487296864271,-0.13855954833295187,0
212592,-0.9527962157625696,-2.642534523537041,-0.13604180971999694,0
212596,-0.9532997634851605,-2.643541618982223,-0.13150988021667812,0
212600,-0.949103532463569,-2.6344777599755855,-0.13033493553063247,0
212604,-0.9452429999237049,-2.6724116884107727,-0.11606775005722132,0
212608,-0.9467536430914778,-2.625749599450675,-0.13939879453727017,0
212611,-0.9485999847409781,-2.618532082093538,-0.13956664377813383,0
212615,-0.94272526131075,-2.633806363012131,-0.13067063401235982,0
212619,-0.9435645075150683,-2.650591287098497,-0.13486686503395132,0
212623,-0.9532997634851605,-2.6388418402380407,-0.13302052338445106,0
212627,-0.934332799267567,-2.6576409552147706,-0.12832074464026855,0
212631,-0.9502784771496147,-2.643205920500496,-0.12278171969176775,0
212635,-0.9432288090333409,-2.6573052567330433,-0.1259708552681773,0
212639,-0.9454108491645685,-2.6118181124589914,-0.11556420233463034,0
212643,-0.9435645075150683,-2.642198825055314,-0.09676508735790035,0
212647,-0.9455786984054322,-2.6009079118028535,-0.11741054398413062,0
212650,-0.9467536430914778,-2.5935225452048525,-0.11757839322499428,0
212654,-0.9474250400549324,-2.602754253452354,-0.1289921416037232,0
212658,-0.9497749294270237,-2.6176928358892195,-0.1289921416037232,0
212662,-0.9479285877775234,-2.62138551918822,-0.13134203097581446,0
212666,-0.9512855725947966,-2.6176928358892195,-0.12915999084458685,0
212670,-0.9521248187991149,-2.612489509422446,-0.13302052338445106,0
212674,-0.9517891203173876,-2.6232318608377203,-0.13335622186617838,0
212678,-0.9524605172808422,-2.6222247653925383,-0.13570611123826962,0
212682,-0.9625314717326618,-2.6374990463111314,-0.13855954833295187,0
212686,-0.9532997634851605,-2.6390096894789044,-0.14443427176317997,0
212690,-0.9563210498207064,-2.6176928358892195,-0.12194247348744945,0
212693,-0.9578316929884794,-2.6270923933775845,-0.10263981078812848,0
212697,-0.9561532005798428,-2.6079575799191272,-0.097436484321355,0
212701,-0.9435645075150683,-2.6408560311284046,-0.10851453421835659,0
212705,-0.9477607385366598,-2.6291065842679484,-0.13385976958876936,0
212709,-0.9375219348439765,-2.6296101319905394,-0.16742961776150148,0
212713,-0.9420538643472953,-2.639177538719768,-0.17145799954222934,0
212717,-0.9435645075150683,-2.6556267643244067,-0.1608834973678187,0
212721,-0.9462500953688868,-2.6176928358892195,-0.15014114595254444,0
212725,-0.941214618142977,-2.643038071259632,-0.12697795071335927,0
212729,-0.9454108491645685,-2.6052719920653087,-0.12446021210040435,0
212733,-0.9459143968871595,-2.6042648966201267,-0.11422140840772106,0
212736,-0.9425574120698863,-2.6457236591134508,-0.12127107652399481,0
212740,-0.9460822461280232,-2.6084611276417182,-0.11824979018844892,0
212744,-0.9494392309452964,-2.604097047379263,-0.11992828259708552,0
212748,-0.9464179446097505,-2.6079575799191272,-0.12446021210040435,0
212752,-0.9489356832227054,-2.6077897306782636,-0.12966353856717783,0
212756,-0.9467536430914778,-2.6014114595254445,-0.13268482490272374,0
212760,-0.9544747081712062,-2.6316243228809033,-0.13150988021667812,0
212764,-0.9583352407110703,-2.6309529259174487,-0.13352407110704204,0
212768,-0.9608529793240252,-2.639177538719768,-0.13100633249408714,0
212772,-0.9554818036163881,-2.6400167849240863,-0.12143892576485847,0
212775,-0.9566567483024337,-2.6296101319905394,-0.13402761882963302,0
212779,-0.959510185397116,-2.6301136797131304,-0.12160677500572213,0
212783,-0.9613565270466162,-2.653109025711452,-0.13100633249408714,0
212787,-0.9672312504768444,-2.643709468223087,-0.12227817196917677,0
212791,-0.9554818036163881,-2.6443808651865415,-0.1268101014724956,0
212795,-0.9561532005798428,-2.6192034790569925,-0.1281528953994049,0
212799,-0.9596780346379796,-2.627260242618448,-0.12613870450904097,0
212803,-0.9509498741130693,-2.6052719920653087,-0.13604180971999694,0
212807,-0.9497749294270237,-2.621889066910811,-0.12748149843595025,0
212811,-0.9613565270466162,-2.6410238803692683,-0.1298313878080415,0
212815,-0.9581673914702067,-2.635820553902495,-0.12446021210040435,0
212818,-0.9430609597924773,-2.6561303120469977,-0.12378881513694971,0
212822,-0.9546425574120698,-2.6512626840619515,-0.10700389105058365,0
212826,-0.9527962157625696,-2.6329671168078126,-0.12227817196917677,0
212830,-0.9512855725947966,-2.6255817502098115,-0.1259708552681773,0
212834,-0.9546425574120698,-2.6359884031433585,-0.12966353856717783,0
212838,-0.9546425574120698,-2.6405203326466773,-0.12915999084458685,0
212842,-0.951117723353933,-2.6242389562829023,-0.12832074464026855,0
212844,,,,1
212846,-0.9532997634851605,-2.6304493781948577,-0.1320134279392691,0
212850,-0.9588387884336613,-2.619371328297856,-0.13150988021667812,0
212854,-0.9415503166247043,-2.6373311970702678,-0.12345311665522239,0
212858,-0.9522926680399786,-2.6225604638742657,-0.12496375982299535,0
212861,-0.9526283665217059,-2.6210498207064927,-0.1268101014724956,0
212865,-0.9428931105516136,-2.6354848554207675,-0.12580300602731365,0
212869,-0.957999542229343,-2.6316243228809033,-0.1268101014724956,0
212873,-0.9444037537193866,-2.6601586938277255,-0.12378881513694971,0
212877,-0.9470893415732051,-2.6321278706034943,-0.12261387045090409,0
212881,-0.9459143968871595,-2.6116502632181278,-0.12999923704890515,0
212885,-0.9397039749752041,-2.6474021515220874,-0.12781719691767757,0
212889,-0.9376897840848402,-2.65394827191577,-0.12412451361867703,0
212893,-0.9455786984054322,-2.6067826352330816,-0.15014114595254444,0
212897,-0.9432288090333409,-2.6462272068360417,-0.13150988021667812,0
212901,-0.9445716029602502,-2.6640192263675897,-0.12278171969176775,0
212904,-0.9465857938506141,-2.632295719844358,-0.12781719691767757,0
212908,-0.9433966582742046,-2.648073548485542,-0.12110322728313115,0
212912,-0.9532997634851605,-2.645052262149996,-0.09525444419012741,0
212916,-0.9531319142442969,-2.6423666742961776,-0.10280766002899214,0
212920,-0.9558175020981154,-2.651430533302815,-0.1179140917067216,0
212924,-0.9551461051346608,-2.647570000762951,-0.11422140840772106,0
212928,-0.9527962157625696,-2.634645609216449,-0.1165712977798123,0
212932,-0.9558175020981154,-2.648073548485542,-0.12127107652399481,0
212936,-0.9583352407110703,-2.6359884031433585,-0.11992828259708552,0
212940,-0.9433966582742046,-2.65394827191577,-0.12244602121004043,0
212943,-0.9465857938506141,-2.6299458304722667,-0.12345311665522239,0
212947,-0.9472571908140688,-2.622392614633402,-0.12328526741435873,0
212951,-0.9559853513389791,-2.644045166704814,-0.1289921416037232,0
212955,-0.9529640650034332,-2.6354848554207675,-0.12261387045090409,0
212959,-0.9450751506828412,-2.670397497520409,-0.1370489051651789,0
212963,-0.9472571908140688,-2.6359884031433585,-0.14577706569008925,0
212967,-0.9588387884336613,-2.6245746547646296,-0.13050278477149616,0
212971,-0.9568245975432974,-2.618364232852674,-0.11724269474326696,0
212975,-0.9586709391927977,-2.6359884031433585,-0.10079346913862822,0
212979,-0.9465857938506141,-2.6212176699473564,-0.10733958953231097,0
212983,-0.9435645075150683,-2.6415274280918593,-0.13520256351567864,0
212986,-0.9392004272526131,-2.6542839703974974,-0.13050278477149616,0
212990,-0.9366826886396582,-2.6479056992446783,-0.1370489051651789,0
212994,-0.9487678339818417,-2.6227283131151293,-0.13067063401235982,0
212998,-0.9538033112077515,-2.6280994888227664,-0.13184557869840544,0
213002,-0.9435645075150683,-2.6484092469672693,-0.13688105592431524,0
213006,-0.9504463263904783,-2.646059357595178,-0.13268482490272374,0
213010,-0.9611886778057526,-2.656466010528725,-0.12949568932631417,0
213014,-0.9499427786678873,-2.639177538719768,-0.1284885938811322,0
213018,-0.9423895628290226,-2.6630121309224077,-0.11002517738612955,0
213022,-0.9418860151064317,-2.663347829404135,-0.1268101014724956,0
213026,-0.9452429999237049,-2.6797970550087737,-0.11757839322499428,0
213029,-0.9455786984054322,-2.6205462729839017,-0.1259708552681773,0
213033,-0.9452429999237049,-2.664354924849317,-0.125131609063859,0
213037,-0.9455786984054322,-2.6141680018310827,-0.11338216220340276,0
213041,-0.9492713817044327,-2.6217212176699474,-0.1132143129625391,0
213045,-0.9462500953688868,-2.605104142824445,-0.1165712977798123,0
213049,-0.9361791409170672,-2.61953917753872,-0.11690699626153964,0
213053,-0.9455786984054322,-2.594697489890898,-0.1187533379110399,0
213057,-0.9455786984054322,-2.5834515907530324,-0.1165712977798123,0
213061,-0.9455786984054322,-2.580766002899214,-0.11287861448081178,0
213065,-0.9437323567559319,-2.6359884031433585,-0.12177462424658579,0
213068,-0.9480964370183871,-2.6098039215686275,-0.11908903639276722,0
213072,-0.9494392309452964,-2.609971770809491,-0.13956664377813383,0
213076,-0.9541390096894788,-2.618028534370947,-0.12446021210040435,0
213080,-0.9538033112077515,-2.622896162355993,-0.12294956893263141,0
213084,-0.9544747081712062,-2.634142061493858,-0.11942473487449454,0
213088,-0.957999542229343,-2.6336385137712672,-0.12026398107881284,0
213092,-0.9558175020981154,-2.6477378500038147,-0.13050278477149616,0
213096,-0.942221713588159,-2.6566338597695887,-0.12697795071335927,0
213100,-0.9543068589303425,-2.6385061417563134,-0.1170748455024033,0
213104,-0.949103532463569,-2.631792172121767,-0.12529945830472267,0
213108,-0.951117723353933,-2.6225604638742657,-0.11992828259708552,0
213111,-0.9492713817044327,-2.623903257801175,-0.11388570992599374,0
213115,-0.9522926680399786,-2.6163500419623102,-0.11690699626153964,0
213119,-0.950110627908751,-2.62138551918822,-0.11589990081635766,0
213123,-0.9538033112077515,-2.622392614633402,-0.11841763942931258,0
213127,-0.9529640650034332,-2.622392614633402,-0.12059967956054017,0
213131,-0.9477607385366598,-2.623903257801175,-0.12211032272831311,0
213135,-0.9554818036163881,-2.631792172121767,-0.11506065461203936,0
213139,-0.9499427786678873,-2.629777981231403,-0.12093537804226749,0
213143,-0.9660563057907988,-2.6541161211566338,-0.12143892576485847,0
213147,-0.9499427786678873,-2.63330281528954,-0.11136797131303883,0
213151,-0.950110627908751,-2.6296101319905394,-0.11673914702067598,0
213154,-0.9479285877775234,-2.627260242618448,-0.11824979018844892,0
213158,-0.9559853513389791,-2.6468986037994964,-0.12261387045090409,0
213162,-0.9541390096894788,-2.635820553902495,-0.13234912642099642,0
213166,-0.9526283665217059,-2.62826733806363,-0.12395666437781337,0
213170,-0.9531319142442969,-2.6344777599755855,-0.1140535591668574,0
213174,-0.9517891203173876,-2.6291065842679484,-0.11925688563363088,0
213178,-0.9583352407110703,-2.625917448691539,-0.11623559929808498,0
213182,-0.9475928892957961,-2.6163500419623102,-0.11388570992599374,0
213186,-0.9544747081712062,-2.63330281528954,-0.12563515678645,0
213190,-0.9524605172808422,-2.6286030365453574,-0.12446021210040435,0
213194,-0.9521248187991149,-2.6176928358892195,-0.12613870450904097,0
213197,-0.9553139543755245,-2.6326314183260853,-0.12362096589608605,0
213201,-0.9435645075150683,-2.6467307545586327,-0.11774624246585794,0
213205,-0.9460822461280232,-2.614000152590219,-0.12059967956054017,0
213209,-0.9519569695582513,-2.6200427252613108,-0.12261387045090409,0
213213,-0.9596780346379796,-2.62642099641413,-0.11438925764858472,0
213217,-0.9467536430914778,-2.6047684443427177,-0.12446021210040435,0
213221,-0.94272526131075,-2.630785076676585,-0.12580300602731365,0
213225,-0.9526283665217059,-2.624910353246357,-0.11808194094758526,0
213229,-0.9477607385366598,-2.6252460517280842,-0.11892118715190356,0
213233,-0.9469214923323415,-2.6059433890287633,-0.1259708552681773,0
213236,-0.949103532463569,-2.6200427252613108,-0.12177462424658579,0
213240,-0.9497749294270237,-2.6225604638742657,-0.1204318303196765,0
213244,-0.9544747081712062,-2.634309910734722,-0.11606775005722132,0
213248,-0.9551461051346608,-2.64018463416495,-0.1140535591668574,0
213252,-0.9554818036163881,-2.6408560311284046,-0.11741054398413062,0
213256,-0.9538033112077515,-2.63330281528954,-0.12160677500572213,0
213260,-0.9544747081712062,-2.6418631265735866,-0.12026398107881284,0
213264,-0.9596780346379796,-2.6336385137712672,-0.1170748455024033,0
213268,-0.9559853513389791,-2.6482413977264057,-0.12278171969176775,0
213272,-0.94960708018616,-2.624406805523766,-0.11355001144426642,0
213276,-0.9566567483024337,-2.621889066910811,-0.1187533379110399,0
213279,-0.9581673914702067,-2.625917448691539,-0.1179140917067216,0
213283,-0.9603494316014343,-2.6286030365453574,-0.12278171969176775,0
213287,-0.9524605172808422,-2.6304493781948577,-0.12143892576485847,0
213291,-0.9464179446097505,-2.6210498207064927,-0.1204318303196765,0
213295,-0.950110627908751,-2.622392614633402,-0.11606775005722132,0
213299,-0.9556496528572518,-2.633806363012131,-0.12613870450904097,0
213303,-0.9475928892957961,-2.622896162355993,-0.12076752880140383,0
213307,-0.9487678339818417,-2.611146715495537,-0.11640344853894864,0
213311,-0.9346684977492943,-2.6084611276417182,-0.11908903639276722,0
213315,-0.9454108491645685,-2.5916762035553518,-0.11741054398413062,0
213319,-0.9454108491645685,-2.582612344548714,-0.12026398107881284,0
213322,-0.9428931105516136,-2.618364232852674,-0.12462806134126803,0
213326,-0.9420538643472953,-2.6398489356832227,-0.1268101014724956,0
213330,-0.931311512932021,-2.6423666742961776,-0.13218127718013276,0
213334,-0.9430609597924773,-2.654451819638361,-0.12462806134126803,0
213338,-0.9489356832227054,-2.628770885786221,-0.12059967956054017,0
213342,-0.9462500953688868,-2.607118333714809,-0.11942473487449454,0
213346,-0.9447394522011139,-2.6463950560769054,-0.11992828259708552,0
213350,-0.9492713817044327,-2.6329671168078126,-0.12345311665522239,0
213354,-0.9444037537193866,-2.6573052567330433,-0.11623559929808498,0
213358,-0.9370183871213855,-2.663347829404135,-0.12529945830472267,0
213361,-0.9442359044785229,-2.659990844586862,-0.12496375982299535,0
213365,-0.9480964370183871,-2.6227283131151293,-0.1301670862897688,0
213369,-0.9423895628290226,-2.6532768749523155,-0.12529945830472267,0
213373,-0.9487678339818417,-2.6280994888227664,-0.12949568932631417,0
213377,-0.9432288090333409,-2.649584191653315,-0.1293278400854505,0
213381,-0.9470893415732051,-2.631792172121767,-0.1264744029907683,0
213385,-0.9474250400549324,-2.6186999313344015,-0.1301670862897688,0
213389,-0.951117723353933,-2.615007248035401,-0.13083848325322348,0
213393,-0.9553139543755245,-2.634645609216449,-0.1276493476768139,0
213397,-0.9566567483024337,-2.625749599450675,-0.11908903639276722,0
213401,-0.9454108491645685,-2.5995651178759442,-0.1289921416037232,0
213404,-0.9527962157625696,-2.6146715495536736,-0.11925688563363088,0
213408,-0.951621271076524,-2.6126573586633097,-0.12429236285954069,0
213412,-0.9571602960250247,-2.6232318608377203,-0.12412451361867703,0
213416,-0.960013733119707,-2.6374990463111314,-0.14208438239108873,0
213420,-0.9566567483024337,-2.625917448691539,-0.1170748455024033,0
213424,-0.9454108491645685,-2.598222323949035,-0.11841763942931258,0
213428,-0.9519569695582513,-2.611146715495537,-0.11086442359044785,0
213432,-0.9532997634851605,-2.6301136797131304,-0.12211032272831311,0
213436,-0.9534676127260242,-2.618028534370947,-0.11103227283131151,0
213440,-0.9569924467841611,-2.6138323033493553,-0.12446021210040435,0
213444,-0.9558175020981154,-2.638673990997177,-0.13520256351567864,0
213447,-0.957999542229343,-2.634142061493858,-0.13318837262531472,0
213451,-0.957999542229343,-2.63330281528954,-0.11506065461203936,0
213455,-0.9606851300831616,-2.6415274280918593,-0.08686198214694438,0
213459,-0.9692454413672084,-2.6541161211566338,-0.05967040512703135,0
213463,-0.957999542229343,-2.6410238803692683,-0.07158770122835126,0
213467,-0.9521248187991149,-2.6227283131151293,-0.12211032272831311,0
213471,-0.950614175631342,-2.634645609216449,-0.12580300602731365,0
213475,-0.9469214923323415,-2.6029221026932174,-0.1328526741435874,0
213479,-0.9647135118638895,-2.6299458304722667,-0.13755245288776988,0
213483,-0.9566567483024337,-2.6265888456549935,-0.14812695506218052,0
213487,-0.9532997634851605,-2.6309529259174487,-0.1284885938811322,0
213490,-0.9346684977492943,-2.6212176699473564,-0.11355001144426642,0
213494,-0.9289616235599297,-2.6383382925154497,-0.11741054398413062,0
213473,,,,1
213498,-0.9345006485084306,-2.656969558251316,-0.11522850385290302,0
213502,-0.9386968795300221,-2.6492484931715876,-0.12748149843595025,0
213506,-0.9390325780117494,-2.6532768749523155,-0.11724269474326696,0
213510,-0.9457465476462958,-2.6217212176699474,-0.09525444419012741,0
213514,-0.9489356832227054,-2.614000152590219,-0.10498970016021973,0
213518,-0.94960708018616,-2.6113145647364004,-0.1046540016784924,0
213522,-0.9433966582742046,-2.639177538719768,-0.097436484321355,0
213526,-0.9484321355001144,-2.6265888456549935,-0.09592584115358205,0
213529,-0.9543068589303425,-2.6237354085603113,-0.1029755092698558,0
213533,-0.9581673914702067,-2.6247425040054932,-0.10549324788281071,0
213537,-0.9536354619668879,-2.6181963836118105,-0.10415045395590142,0
213541,-0.9643778133821621,-2.6294422827496757,-0.10750743877317463,0
213545,-0.960013733119707,-2.6393453879606317,-0.11187151903562981,0
213549,-0.9638742656595711,-2.652941176470588,-0.10868238345922025,0
213553,-0.9601815823605706,-2.644045166704814,-0.10415045395590142,0
213557,-0.9606851300831616,-2.6499198901350423,-0.09961852445258258,0
213561,-0.9726024261844816,-2.6557946135652704,-0.097436484321355,0
213565,-0.9512855725947966,-2.627763790341039,-0.09206530861371785,0
213569,-0.9615243762874799,-2.6210498207064927,-0.09726863508049134,0
213572,-0.9632028686961165,-2.634309910734722,-0.10263981078812848,0
213576,-0.9554818036163881,-2.6385061417563134,-0.10801098649576561,0
213580,-0.9559853513389791,-2.6494163424124513,-0.09894712748912794,0
213584,-0.9628671702143892,-2.6336385137712672,-0.10431830319676508,0
213588,-0.9536354619668879,-2.6128252079041734,-0.097436484321355,0
213592,-0.9586709391927977,-2.633806363012131,-0.09794003204394598,0
213596,-0.9538033112077515,-2.629274433508812,-0.09575799191271839,0
213600,-0.959006637674525,-2.620881971465629,-0.09592584115358205,0
213604,-0.960013733119707,-2.634142061493858,-0.10431830319676508,0
213608,-0.9628671702143892,-2.6311207751583123,-0.10398260471503776,0
213612,-0.9522926680399786,-2.6168535896849012,-0.09928282597085526,0
213615,-0.9564888990615701,-2.6146715495536736,-0.10196841382467384,0
213619,-0.959006637674525,-2.616517891203174,-0.11522850385290302,0
213623,-0.950110627908751,-2.620881971465629,-0.10700389105058365,0
213627,-0.9532997634851605,-2.6326314183260853,-0.10616464484626535,0
213631,-0.9534676127260242,-2.61953917753872,-0.10347905699244678,0
213635,-0.9541390096894788,-2.6205462729839017,-0.0991149767299916,0
213639,-0.9519569695582513,-2.6207141222247654,-0.1038147554741741,0
213643,-0.9598458838788433,-2.6354848554207675,-0.10482185091935607,0
213647,-0.9551461051346608,-2.641695277332723,-0.09525444419012741,0
213651,-0.9640421149004348,-2.6541161211566338,-0.0991149767299916,0
213654,-0.9539711604486152,-2.6403524834058136,-0.09189745937285419,0
213658,-0.9558175020981154,-2.651430533302815,-0.09223315785458151,0
213662,-0.9543068589303425,-2.636156252384222,-0.09491874570840009,0
213666,-0.9517891203173876,-2.628770885786221,-0.10247196154726482,0
213670,-0.9455786984054322,-2.6000686655985352,-0.1038147554741741,0
213674,-0.9536354619668879,-2.6047684443427177,-0.10431830319676508,0
213678,-0.9658884565499352,-2.6314564736400397,-0.10280766002899214,0
213682,-0.9484321355001144,-2.6247425040054932,-0.10817883573662927,0
213686,-0.9482642862592507,-2.608125429159991,-0.10398260471503776,0
213690,-0.9534676127260242,-2.6084611276417182,-0.10767528801403829,0
213694,-0.9514534218356603,-2.6087968261234455,-0.12261387045090409,0
213697,-0.9544747081712062,-2.629777981231403,-0.11002517738612955,0
213701,-0.9529640650034332,-2.6240711070420386,-0.11120012207217517,0
213705,-0.9551461051346608,-2.63330281528954,-0.10230411230640116,0
213709,-0.9630350194552528,-2.6309529259174487,-0.10398260471503776,0
213713,-0.9603494316014343,-2.6334706645304036,-0.10012207217517356,0
213717,-0.9433966582742046,-2.650087739375906,-0.10062561989776454,0
213721,-0.9558175020981154,-2.657976653696498,-0.10448615243762874,0
213725,-0.950614175631342,-2.649584191653315,-0.09726863508049134,0
213729,-0.9487678339818417,-2.62642099641413,-0.09978637369344624,0
213733,-0.9549782558937971,-2.6222247653925383,-0.09894712748912794,0
213737,-0.960013733119707,-2.635820553902495,-0.10901808194094759,0
213740,-0.9662241550316625,-2.6512626840619515,-0.10314335851071946,0
213744,-0.9494392309452964,-2.6299458304722667,-0.10347905699244678,0
213748,-0.9603494316014343,-2.6316243228809033,-0.08602273594262608,0
213752,-0.9462500953688868,-2.613496604867628,-0.08518348973830778,0
213756,-0.9452429999237049,-2.6571374074921796,-0.09693293659876402,0
213760,-0.9341649500267033,-2.656466010528725,-0.10700389105058365,0
213764,-0.9442359044785229,-2.6546196688792247,-0.11287861448081178,0
213768,-0.9475928892957961,-2.627260242618448,-0.12227817196917677,0
213772,-0.950110627908751,-2.627428091859312,-0.13604180971999694,0
213776,-0.9445716029602502,-2.6576409552147706,-0.1298313878080415,0
213780,-0.957999542229343,-2.6482413977264057,-0.1268101014724956,0
213783,-0.9559853513389791,-2.6542839703974974,-0.11539635309376668,0
213787,-0.9581673914702067,-2.6385061417563134,-0.0991149767299916,0
213791,-0.9561532005798428,-2.615510795757992,-0.10062561989776454,0
213795,-0.94960708018616,-2.6113145647364004,-0.10431830319676508,0
213799,-0.942221713588159,-2.6405203326466773,-0.09894712748912794,0
213803,-0.9403753719386587,-2.6433737697413595,-0.10314335851071946,0
213807,-0.9445716029602502,-2.6621728847180894,-0.10045777065690088,0
213811,-0.9452429999237049,-2.6804684519722284,-0.1132143129625391,0
213815,-0.9479285877775234,-2.651094834821088,-0.1038147554741741,0
213819,-0.9479285877775234,-2.6385061417563134,-0.10901808194094759,0
213822,-0.9576638437476157,-2.62138551918822,-0.11069657434958419,0
213826,-0.9527962157625696,-2.6200427252613108,-0.10079346913862822,0
213830,-0.9767986572060731,-2.6586480506599526,-0.1021362630655375,0
213834,-0.9517891203173876,-2.640688181887541,-0.09810788128480964,0
213838,-0.9507820248722056,-2.6131609063859007,-0.09189745937285419,0
213842,-0.9420538643472953,-2.6413595788509956,-0.11052872510872053,0
213846,-0.9475928892957961,-2.6212176699473564,-0.10901808194094759,0
213850,-0.9437323567559319,-2.6578088044556343,-0.1038147554741741,0
213854,-0.9531319142442969,-2.6423666742961776,-0.10683604180971999,0
213858,-0.950614175631342,-2.6413595788509956,-0.09945067521171892,0
213862,-0.9532997634851605,-2.6428702220187685,-0.10180056458381018,0
213865,-0.9583352407110703,-2.6354848554207675,-0.11103227283131151,0
213869,-0.9554818036163881,-2.6398489356832227,-0.10415045395590142,0
213873,-0.9541390096894788,-2.629777981231403,-0.08602273594262608,0
213877,-0.9568245975432974,-2.6202105745021744,-0.10398260471503776,0
213881,-0.9531319142442969,-2.6331349660486763,-0.10767528801403829,0
213885,-0.9455786984054322,-2.607118333714809,-0.11052872510872053,0
213889,-0.9497749294270237,-2.6168535896849012,-0.10247196154726482,0
213893,-0.9538033112077515,-2.6230640115968566,-0.10482185091935607,0
213897,-0.957999542229343,-2.627763790341039,-0.10851453421835659,0
213901,-0.9512855725947966,-2.6171892881666285,-0.11170366979476615,0
213905,-0.9526283665217059,-2.6197070267795834,-0.09928282597085526,0
213908,-0.9521248187991149,-2.6131609063859007,-0.10431830319676508,0
213912,-0.9449073014419775,-2.6479056992446783,-0.10280766002899214,0
213916,-0.9538033112077515,-2.636324101625086,-0.09642938887617303,0
213920,-0.969413290608072,-2.652941176470588,-0.10331120775158312,0
213924,-0.9548104066529335,-2.6415274280918593,-0.10415045395590142,0
213928,-0.9541390096894788,-2.634309910734722,-0.0991149767299916,0
213932,-0.9561532005798428,-2.6166857404440376,-0.10616464484626535,0
213936,-0.9566567483024337,-2.6163500419623102,-0.10700389105058365,0
213940,-0.9568245975432974,-2.6207141222247654,-0.09475089646753643,0
213944,-0.9519569695582513,-2.6222247653925383,-0.1093537804226749,0
213947,-0.9551461051346608,-2.63514915693904,-0.10616464484626535,0
213951,-0.9494392309452964,-2.621889066910811,-0.10666819256885633,0
213955,-0.9559853513389791,-2.6443808651865415,-0.10834668497749293,0
213959,-0.9551461051346608,-2.644045166704814,-0.10952162966353857,0
213963,-0.9613565270466162,-2.6573052567330433,-0.10834668497749293,0
213967,-0.9586709391927977,-2.6547875181200884,-0.10834668497749293,0
213971,-0.959006637674525,-2.634813458457313,-0.09458304722667277,0
213975,-0.9517891203173876,-2.6299458304722667,-0.10566109712367437,0
213979,-0.9650492103456169,-2.639681086442359,-0.09458304722667277,0
213983,-0.9620279240100709,-2.637163347829404,-0.11120012207217517,0
213987,-0.9620279240100709,-2.6344777599755855,-0.10633249408712901,0
213990,-0.9643778133821621,-2.632799267566949,-0.10599679560540169,0
213994,-0.9643778133821621,-2.6336385137712672,-0.10633249408712901,0
213998,-0.9665598535133898,-2.660326543068589,-0.10918593118181125,0
214002,-0.9626993209735255,-2.652605477988861,-0.1038147554741741,0
214006,-0.9658884565499352,-2.6537804226749064,-0.09726863508049134,0
214010,-0.9801556420233463,-2.670733196002136,-0.10163271534294652,0
214014,-0.9543068589303425,-2.6532768749523155,-0.10431830319676508,0
214018,-0.9623636224917982,-2.643038071259632,-0.1046540016784924,0
214022,-0.959510185397116,-2.63514915693904,-0.09978637369344624,0
214026,-0.9539711604486152,-2.6359884031433585,-0.10079346913862822,0
214030,-0.9586709391927977,-2.646059357595178,-0.09928282597085526,0
214033,-0.9569924467841611,-2.6215533684290837,-0.10650034332799267,0
214037,-0.9564888990615701,-2.617357137407492,-0.1029755092698558,0
214041,-0.957999542229343,-2.6306172274357214,-0.10750743877317463,0
214045,-0.9480964370183871,-2.6067826352330816,-0.10431830319676508,0
214049,-0.9479285877775234,-2.6103074692912185,-0.10196841382467384,0
214053,-0.9603494316014343,-2.6227283131151293,-0.10230411230640116,0
214057,-0.9665598535133898,-2.6561303120469977,-0.10968947890440223,0
214061,-0.9588387884336613,-2.6369954985885404,-0.10750743877317463,0
214065,-0.9603494316014343,-2.63514915693904,-0.11606775005722132,0
214069,-0.9692454413672084,-2.6532768749523155,-0.10532539864194705,0
214073,-0.9563210498207064,-2.624406805523766,-0.10096131837949188,0
214076,-0.9573281452658884,-2.628770885786221,-0.09945067521171892,0
214080,-0.9611886778057526,-2.650087739375906,-0.10045777065690088,0
214084,-0.9509498741130693,-2.6237354085603113,-0.11170366979476615,0
214088,-0.9628671702143892,-2.6284351873044938,-0.11774624246585794,0
214092,-0.9536354619668879,-2.615007248035401,-0.1029755092698558,0
214096,-0.9517891203173876,-2.623903257801175,-0.10230411230640116,0
214100,-0.9603494316014343,-2.6260852979324025,-0.11136797131303883,0
214104,-0.9499427786678873,-2.6289387350270847,-0.10817883573662927,0
214108,-0.9509498741130693,-2.6076218814374,-0.09760433356221866,0
214112,-0.9527962157625696,-2.617524986648356,-0.10801098649576561,0
214115,-0.957999542229343,-2.6240711070420386,-0.10968947890440223,0
214119,-0.9507820248722056,-2.6094682230869,-0.09407949950408179,0
214123,-0.9487678339818417,-2.604600595101854,-0.10498970016021973,0
214127,-0.9647135118638895,-2.6294422827496757,-0.10666819256885633,0
214131,-0.9558175020981154,-2.643541618982223,-0.10733958953231097,0
214135,-0.9626993209735255,-2.645555809872587,-0.1132143129625391,0
214139,-0.9554818036163881,-2.644716563668269,-0.1046540016784924,0
214143,-0.9489356832227054,-2.625749599450675,-0.10784313725490195,0
214147,-0.9532997634851605,-2.63514915693904,-0.1029755092698558,0
214151,-0.9569924467841611,-2.6265888456549935,-0.09978637369344624,0
214155,-0.9563210498207064,-2.609971770809491,-0.11153582055390249,0
214158,-0.9569924467841611,-2.6128252079041734,-0.10885023270008393,0
214162,-0.9474250400549324,-2.6103074692912185,-0.10700389105058365,0
214166,-0.9568245975432974,-2.6128252079041734,-0.11237506675822079,0
214170,-0.9509498741130693,-2.601747158007172,-0.10817883573662927,0
214174,-0.9527962157625696,-2.6148393987945373,-0.09642938887617303,0
214178,-0.9532997634851605,-2.6291065842679484,-0.10482185091935607,0
214182,-0.9507820248722056,-2.6082932784008546,-0.10767528801403829,0
214186,-0.951117723353933,-2.609636072327764,-0.10062561989776454,0
214190,-0.9487678339818417,-2.6042648966201267,-0.10868238345922025,0
214194,-0.9487678339818417,-2.609636072327764,-0.10096131837949188,0
214198,-0.9532997634851605,-2.6250782024872206,-0.10683604180971999,0
214201,-0.9539711604486152,-2.6291065842679484,-0.10616464484626535,0
214205,-0.9457465476462958,-2.6103074692912185,-0.10633249408712901,0
214209,-0.9480964370183871,-2.6064469367513543,-0.09475089646753643,0
214213,-0.950110627908751,-2.61450370031281,-0.11757839322499428,0
214217,-0.9507820248722056,-2.6054398413061723,-0.10767528801403829,0
214221,-0.9415503166247043,-2.6291065842679484,-0.11271076523994812,0
214225,-0.9543068589303425,-2.6255817502098115,-0.10834668497749293,0
214229,-0.9538033112077515,-2.6270923933775845,-0.10750743877317463,0
214233,-0.950614175631342,-2.6364919508659495,-0.10280766002899214,0
214237,-0.951117723353933,-2.621889066910811,-0.11606775005722132,0
214240,-0.9571602960250247,-2.62642099641413,-0.10767528801403829,0
214244,-0.9521248187991149,-2.618028534370947,-0.0999542229343099,0
214248,-0.9529640650034332,-2.619035629816129,-0.10784313725490195,0
214252,-0.950614175631342,-2.6354848554207675,-0.10885023270008393,0
214256,-0.9514534218356603,-2.6181963836118105,-0.10314335851071946,0
214260,-0.9529640650034332,-2.6205462729839017,-0.10364690623331044,0
214264,-0.9544747081712062,-2.633806363012131,-0.09961852445258258,0
214268,-0.9467536430914778,-2.608964675364309,-0.10062561989776454,0
214272,-0.9514534218356603,-2.6116502632181278,-0.10750743877317463,0
214276,-0.9571602960250247,-2.61953917753872,-0.11052872510872053,0
214280,-0.9532997634851605,-2.6230640115968566,-0.12311741817349507,0
214283,-0.9484321355001144,-2.6197070267795834,-0.10532539864194705,0
214287,-0.9499427786678873,-2.6242389562829023,-0.11371786068513008,0
214291,-0.9450751506828412,-2.664354924849317,-0.10582894636453803,0
214295,-0.9538033112077515,-2.643038071259632,-0.11036087586785687,0
214299,-0.9532997634851605,-2.6443808651865415,-0.0888761730373083,0
214303,-0.9527962157625696,-2.631792172121767,-0.11052872510872053,0
214307,-0.9583352407110703,-2.6294422827496757,-0.11422140840772106,0
214311,-0.9549782558937971,-2.626756694895857,-0.1170748455024033,0
214315,-0.9532997634851605,-2.6383382925154497,-0.11908903639276722,0
214319,-0.9517891203173876,-2.6304493781948577,-0.11556420233463034,0
214323,-0.9514534218356603,-2.6176928358892195,-0.11203936827649347,0
214326,-0.9618600747692072,-2.626924544136721,-0.11103227283131151,0
214330,-0.9502784771496147,-2.6250782024872206,-0.10834668497749293,0
214334,-0.949103532463569,-2.62826733806363,-0.10868238345922025,0
214338,-0.9475928892957961,-2.6156786449988556,-0.10700389105058365,0
214342,-0.9467536430914778,-2.6067826352330816,-0.10599679560540169,0
214346,-0.9611886778057526,-2.6364919508659495,-0.0999542229343099,0
214350,-0.9517891203173876,-2.6294422827496757,-0.10868238345922025,0
214354,-0.9623636224917982,-2.6275959411001755,-0.1012970168612192,0
214358,-0.9539711604486152,-2.6289387350270847,-0.09575799191271839,0
214362,-0.9553139543755245,-2.637666895551995,-0.09676508735790035,0
214366,-0.9564888990615701,-2.6275959411001755,-0.10280766002899214,0
214369,-0.9527962157625696,-2.620881971465629,-0.12076752880140383,0
214373,-0.9549782558937971,-2.6275959411001755,-0.09693293659876402,0
214377,-0.9549782558937971,-2.6344777599755855,-0.10750743877317463,0
214381,-0.9568245975432974,-2.623399710078584,-0.10364690623331044,0
214385,-0.9564888990615701,-2.6207141222247654,-0.09357595178149081,0
214389,-0.9635385671778438,-2.634309910734722,-0.0824979018844892,0
214393,-0.9548104066529335,-2.6296101319905394,-0.11858548867017624,0
214397,-0.9611886778057526,-2.6492484931715876,-0.13234912642099642,0
214401,-0.9469214923323415,-2.6205462729839017,-0.14728770885786222,0
214405,-0.9532997634851605,-2.632295719844358,-0.12580300602731365,0
214408,-0.9566567483024337,-2.62642099641413,-0.09978637369344624,0
214401,,,,1
214412,-0.9549782558937971,-2.631288624399176,-0.08350499732967116,0
214416,-0.9576638437476157,-2.6217212176699474,-0.08602273594262608,0
214420,-0.9539711604486152,-2.6240711070420386,-0.1132143129625391,0
214424,-0.9454108491645685,-2.598725871671626,-0.12412451361867703,0
214428,-0.9524605172808422,-2.6156786449988556,-0.09575799191271839,0
214432,-0.9543068589303425,-2.6200427252613108,-0.09324025329976349,0
214436,-0.957495994506752,-2.6166857404440376,-0.09407949950408179,0
214440,-0.9561532005798428,-2.6049362935835814,-0.10717174029144731,0
214444,-0.9477607385366598,-2.6151750972762646,-0.12211032272831311,0
214448,-0.9444037537193866,-2.6522697795071335,-0.1140535591668574,0
214451,-0.9492713817044327,-2.6418631265735866,-0.11556420233463034,0
214455,-0.9410467689021134,-2.6532768749523155,-0.11774624246585794,0
214459,-0.9390325780117494,-2.6541161211566338,-0.1503089951934081,0
214463,-0.951117723353933,-2.6316243228809033,-0.12529945830472267,0
214467,-0.957495994506752,-2.620881971465629,-0.13033493553063247,0
214471,-0.9484321355001144,-2.6225604638742657,-0.11002517738612955,0
214475,-0.9637064164187075,-2.6349813076981765,-0.11187151903562981,0
214479,-0.9601815823605706,-2.6344777599755855,-0.08434424353398946,0
214483,-0.9526283665217059,-2.63330281528954,-0.09794003204394598,0
214487,-0.9553139543755245,-2.641695277332723,-0.09256885633630883,0
214491,-0.9482642862592507,-2.6151750972762646,-0.10247196154726482,0
214494,-0.9553139543755245,-2.6309529259174487,-0.10549324788281071,0
214498,-0.9546425574120698,-2.6369954985885404,-0.10498970016021973,0
214502,-0.9586709391927977,-2.6410238803692683,-0.10012207217517356,0
214506,-0.9583352407110703,-2.6331349660486763,-0.09844357976653696,0
214510,-0.9519569695582513,-2.6280994888227664,-0.09777218280308232,0
214514,-0.9616922255283435,-2.622896162355993,-0.09928282597085526,0
214518,-0.9635385671778438,-2.635820553902495,-0.09256885633630883,0
214522,-0.9564888990615701,-2.623903257801175,-0.09726863508049134,0
214526,-0.9558175020981154,-2.6369954985885404,-0.09659723811703669,0
214530,-0.9613565270466162,-2.650591287098497,-0.09810788128480964,0
214533,-0.957495994506752,-2.630281528953994,-0.08820477607385366,0
214537,-0.9485999847409781,-2.6202105745021744,-0.10096131837949188,0
214541,-0.9653849088273442,-2.6482413977264057,-0.11355001144426642,0
214545,-0.9616922255283435,-2.629777981231403,-0.10062561989776454,0
214549,-0.9462500953688868,-2.611482413977264,-0.12664225223163195,0
214553,-0.9531319142442969,-2.627931639581903,-0.10532539864194705,0
214557,-0.9558175020981154,-2.6453879606317234,-0.10096131837949188,0
214561,-0.9526283665217059,-2.634309910734722,-0.11136797131303883,0
214565,-0.9529640650034332,-2.6286030365453574,-0.11304646372167544,0
214569,-0.949103532463569,-2.629274433508812,-0.09945067521171892,0
214573,-0.9524605172808422,-2.627260242618448,-0.1140535591668574,0
214576,-0.9507820248722056,-2.6161821927214466,-0.1038147554741741,0
214580,-0.9479285877775234,-2.6240711070420386,-0.1195925841153582,0
214584,-0.9541390096894788,-2.622392614633402,-0.1195925841153582,0
214588,-0.9502784771496147,-2.6255817502098115,-0.11086442359044785,0
214592,-0.9502784771496147,-2.624910353246357,-0.11052872510872053,0
214596,-0.9494392309452964,-2.6186999313344015,-0.11103227283131151,0
214600,-0.9531319142442969,-2.6311207751583123,-0.10515754940108339,0
214604,-0.9398718242160677,-2.6611657892729075,-0.11371786068513008,0
214608,-0.9509498741130693,-2.6225604638742657,-0.11086442359044785,0
214612,-0.9432288090333409,-2.646562905317769,-0.11774624246585794,0
214616,-0.958503089951934,-2.645052262149996,-0.10952162966353857,0
214619,-0.9454108491645685,-2.6087968261234455,-0.1132143129625391,0
214623,-0.9482642862592507,-2.6034256504158084,-0.11355001144426642,0
214627,-0.9482642862592507,-2.593690394445716,-0.10801098649576561,0
214631,-0.9470893415732051,-2.602082856488899,-0.1148928053711757,0
214635,-0.9509498741130693,-2.5973830777447167,-0.1046540016784924,0
214639,-0.9499427786678873,-2.6116502632181278,-0.12429236285954069,0
214643,-0.950614175631342,-2.6316243228809033,-0.10482185091935607,0
214647,-0.9729381246662089,-2.641695277332723,-0.11522850385290302,0
214651,-0.9532997634851605,-2.644045166704814,-0.11992828259708552,0
214655,-0.9499427786678873,-2.635317006179904,-0.09626153963530937,0
214659,-0.9543068589303425,-2.6291065842679484,-0.11136797131303883,0
214662,-0.9591744869153886,-2.631288624399176,-0.10750743877317463,0
214666,-0.9512855725947966,-2.622392614633402,-0.10549324788281071,0
214670,-0.9469214923323415,-2.608628976882582,-0.09189745937285419,0
214674,-0.949103532463569,-2.619874876020447,-0.10331120775158312,0
214678,-0.9548104066529335,-2.623903257801175,-0.10431830319676508,0
214682,-0.9470893415732051,-2.6181963836118105,-0.10566109712367437,0
214686,-0.9563210498207064,-2.61450370031281,-0.10918593118181125,0
214690,-0.9576638437476157,-2.6123216601815824,-0.10650034332799267,0
214694,-0.9561532005798428,-2.605104142824445,-0.10666819256885633,0
214698,-0.9556496528572518,-2.6284351873044938,-0.1298313878080415,0
214701,-0.9531319142442969,-2.6311207751583123,-0.11757839322499428,0
214705,-0.9581673914702067,-2.634309910734722,-0.11506065461203936,0
214709,-0.9586709391927977,-2.6448844129091325,-0.09945067521171892,0
214713,-0.9583352407110703,-2.6349813076981765,-0.09760433356221866,0
214717,-0.9591744869153886,-2.634645609216449,-0.10415045395590142,0
214721,-0.9485999847409781,-2.6202105745021744,-0.1012970168612192,0
214725,-0.9462500953688868,-2.6054398413061723,-0.10398260471503776,0
214729,-0.9454108491645685,-2.590501258869306,-0.12529945830472267,0
214733,-0.959006637674525,-2.6039291981383994,-0.10985732814526589,0
214737,-0.9507820248722056,-2.596711680781262,-0.11673914702067598,0
214741,-0.9492713817044327,-2.618364232852674,-0.11069657434958419,0
214744,-0.9479285877775234,-2.621889066910811,-0.11690699626153964,0
214748,-0.9371862363622492,-2.6423666742961776,-0.10666819256885633,0
214752,-0.9450751506828412,-2.669390402075227,-0.10599679560540169,0
214756,-0.9494392309452964,-2.6359884031433585,-0.1101930266269932,0
214760,-0.9504463263904783,-2.634813458457313,-0.10767528801403829,0
214764,-0.9474250400549324,-2.6153429465171283,-0.10347905699244678,0
214768,-0.9512855725947966,-2.609971770809491,-0.11220721751735713,0
214772,-0.9499427786678873,-2.616014343480583,-0.10633249408712901,0
214776,-0.9232547493705653,-2.6289387350270847,-0.11170366979476615,0
214780,-0.9502784771496147,-2.627763790341039,-0.10918593118181125,0
214784,-0.9541390096894788,-2.6284351873044938,-0.09307240405889983,0
214787,-0.9485999847409781,-2.6202105745021744,-0.10817883573662927,0
214791,-0.951621271076524,-2.6133287556267644,-0.10398260471503776,0
214795,-0.9553139543755245,-2.630281528953994,-0.10767528801403829,0
214799,-0.9509498741130693,-2.610139620050355,-0.10683604180971999,0
214803,-0.9549782558937971,-2.61953917753872,-0.10851453421835659,0
214807,-0.9553139543755245,-2.638673990997177,-0.10968947890440223,0
214811,-0.9529640650034332,-2.6321278706034943,-0.09105821316853589,0
214815,-0.9526283665217059,-2.629274433508812,-0.10650034332799267,0
214819,-0.9462500953688868,-2.6093003738460365,-0.10700389105058365,0
214823,-0.9558175020981154,-2.636324101625086,-0.10817883573662927,0
214826,-0.9606851300831616,-2.643038071259632,-0.10666819256885633,0
214830,-0.9568245975432974,-2.627260242618448,-0.10582894636453803,0
214834,-0.957495994506752,-2.619371328297856,-0.10733958953231097,0
214838,-0.951117723353933,-2.617524986648356,-0.10448615243762874,0
214842,-0.941214618142977,-2.644716563668269,-0.10566109712367437,0
214846,-0.9507820248722056,-2.61450370031281,-0.10498970016021973,0
214850,-0.9432288090333409,-2.644548714427405,-0.11438925764858472,0
214854,-0.9534676127260242,-2.6235675593194476,-0.11052872510872053,0
214858,-0.950614175631342,-2.634142061493858,-0.11203936827649347,0
214862,-0.950110627908751,-2.6291065842679484,-0.11153582055390249,0
214866,-0.9538033112077515,-2.6260852979324025,-0.10347905699244678,0
214869,-0.9398718242160677,-2.6547875181200884,-0.11858548867017624,0
214873,-0.9472571908140688,-2.631792172121767,-0.11036087586785687,0
214877,-0.9509498741130693,-2.6113145647364004,-0.10717174029144731,0
214881,-0.9556496528572518,-2.6275959411001755,-0.10599679560540169,0
214885,-0.951621271076524,-2.616517891203174,-0.09710078583962768,0
214889,-0.957999542229343,-2.6242389562829023,-0.10431830319676508,0
214893,-0.9519569695582513,-2.6250782024872206,-0.10683604180971999,0
214897,-0.9489356832227054,-2.6156786449988556,-0.10901808194094759,0
214901,-0.9487678339818417,-2.614000152590219,-0.10599679560540169,0
214905,-0.9549782558937971,-2.62138551918822,-0.10112916762035554,0
214909,-0.9512855725947966,-2.6181963836118105,-0.10851453421835659,0
214912,-0.9492713817044327,-2.6230640115968566,-0.10834668497749293,0
214916,-0.9521248187991149,-2.611146715495537,-0.10817883573662927,0
214920,-0.9532997634851605,-2.629274433508812,-0.10650034332799267,0
214924,-0.9499427786678873,-2.627260242618448,-0.10364690623331044,0
214928,-0.9517891203173876,-2.6260852979324025,-0.10515754940108339,0
214932,-0.9489356832227054,-2.6163500419623102,-0.10566109712367437,0
214936,-0.9485999847409781,-2.6151750972762646,-0.10028992141603722,0
214940,-0.9479285877775234,-2.6291065842679484,-0.1046540016784924,0
214944,-0.9507820248722056,-2.6084611276417182,-0.1021362630655375,0
214948,-0.9499427786678873,-2.618867780575265,-0.09592584115358205,0
214952,-0.9524605172808422,-2.6252460517280842,-0.10163271534294652,0
214955,-0.957999542229343,-2.6275959411001755,-0.0999542229343099,0
214959,-0.9442359044785229,-2.6448844129091325,-0.11287861448081178,0
214963,-0.9544747081712062,-2.6463950560769054,-0.10448615243762874,0
214967,-0.9561532005798428,-2.6212176699473564,-0.10028992141603722,0
214971,-0.9586709391927977,-2.6364919508659495,-0.10885023270008393,0
214975,-0.9277866788738841,-2.6452201113908598,-0.10700389105058365,0
214979,-0.9531319142442969,-2.642534523537041,-0.11153582055390249,0
214983,-0.957999542229343,-2.635652704661631,-0.10415045395590142,0
214987,-0.9578316929884794,-2.634142061493858,-0.10582894636453803,0
214991,-0.9588387884336613,-2.62642099641413,-0.10549324788281071,0
214994,-0.9563210498207064,-2.6123216601815824,-0.10633249408712901,0
214998,-0.9452429999237049,-2.6591515983825436,-0.08467994201571678,0
215002,-0.9578316929884794,-2.641191729610132,-0.10666819256885633,0
215006,-0.9482642862592507,-2.6166857404440376,-0.1012970168612192,0
215010,-0.9509498741130693,-2.6032578011749448,-0.10180056458381018,0
215014,-0.9492713817044327,-2.618532082093538,-0.1029755092698558,0
215018,-0.9405432211795224,-2.634142061493858,-0.10549324788281071,0
215022,-0.9492713817044327,-2.6311207751583123,-0.11153582055390249,0
215026,-0.9489356832227054,-2.618532082093538,-0.10784313725490195,0
215030,-0.9460822461280232,-2.605607690547036,-0.10599679560540169,0
215034,-0.9492713817044327,-2.618028534370947,-0.09491874570840009,0
215037,-0.9492713817044327,-2.6207141222247654,-0.10650034332799267,0
215041,-0.9499427786678873,-2.625413900968948,-0.10901808194094759,0
215045,-0.9544747081712062,-2.635652704661631,-0.10096131837949188,0
215049,-0.9398718242160677,-2.659487296864271,-0.10901808194094759,0
215053,-0.9489356832227054,-2.630281528953994,-0.11673914702067598,0
215057,-0.9521248187991149,-2.6176928358892195,-0.10700389105058365,0
215061,-0.9544747081712062,-2.633806363012131,-0.10599679560540169,0
215065,-0.9522926680399786,-2.61953917753872,-0.10767528801403829,0
215069,-0.94960708018616,-2.6166857404440376,-0.10834668497749293,0
215073,-0.9521248187991149,-2.609636072327764,-0.1101930266269932,0
215077,-0.9549782558937971,-2.61953917753872,-0.11355001144426642,0
215080,-0.9487678339818417,-2.6118181124589914,-0.11220721751735713,0
215084,-0.9454108491645685,-2.5948653391317618,-0.10616464484626535,0
215088,-0.950110627908751,-2.6087968261234455,-0.10532539864194705,0
215092,-0.9531319142442969,-2.6314564736400397,-0.10566109712367437,0
215096,-0.9626993209735255,-2.6383382925154497,-0.10851453421835659,0
215100,-0.9536354619668879,-2.6250782024872206,-0.10750743877317463,0
215104,-0.9529640650034332,-2.6227283131151293,-0.10700389105058365,0
215108,-0.9549782558937971,-2.6235675593194476,-0.10599679560540169,0
215112,-0.9460822461280232,-2.606614785992218,-0.10398260471503776,0
215116,-0.9497749294270237,-2.618867780575265,-0.11170366979476615,0
215119,-0.957495994506752,-2.6205462729839017,-0.10868238345922025,0
215123,-0.9517891203173876,-2.624406805523766,-0.10146486610208286,0
215127,-0.9554818036163881,-2.6344777599755855,-0.1093537804226749,0
215131,-0.951621271076524,-2.6197070267795834,-0.11120012207217517,0
215135,-0.9549782558937971,-2.6240711070420386,-0.09760433356221866,0
215139,-0.9385290302891585,-2.6479056992446783,-0.1140535591668574,0
215143,-0.9553139543755245,-2.6468986037994964,-0.10415045395590142,0
215147,-0.9452429999237049,-2.6727473868925,-0.10801098649576561,0
215151,-0.9454108491645685,-2.620378423743038,-0.1038147554741741,0
215155,-0.9460822461280232,-2.6057755397878997,-0.10415045395590142,0
215159,-0.9454108491645685,-2.590165560387579,-0.10666819256885633,0
215162,-0.9462500953688868,-2.5898298619058515,-0.11069657434958419,0
215166,-0.950110627908751,-2.609132524605173,-0.11002517738612955,0
215170,-0.950110627908751,-2.619371328297856,-0.11036087586785687,0
215174,-0.9499427786678873,-2.6242389562829023,-0.10549324788281071,0
215178,-0.9479285877775234,-2.6284351873044938,-0.11052872510872053,0
215182,-0.950110627908751,-2.6240711070420386,-0.09559014267185473,0
215186,-0.949103532463569,-2.624910353246357,-0.10582894636453803,0
215190,-0.9543068589303425,-2.625413900968948,-0.1132143129625391,0
215194,-0.950110627908751,-2.6237354085603113,-0.10717174029144731,0
215198,-0.9484321355001144,-2.6202105745021744,-0.10851453421835659,0
215202,-0.9527962157625696,-2.6151750972762646,-0.11069657434958419,0
215205,-0.9539711604486152,-2.6217212176699474,-0.11355001144426642,0
215200,,,,1
215209,-0.9620279240100709,-2.630281528953994,-0.10683604180971999,0
215213,-0.9538033112077515,-2.627763790341039,-0.1101930266269932,0
215217,-0.9556496528572518,-2.6378347447928587,-0.1012970168612192,0
215221,-0.9532997634851605,-2.638170443274586,-0.09491874570840009,0
215225,-0.957999542229343,-2.633806363012131,-0.11002517738612955,0
215229,-0.9314793621728846,-2.63514915693904,-0.10985732814526589,0
215233,-0.9517891203173876,-2.62826733806363,-0.10196841382467384,0
215237,-0.9472571908140688,-2.618867780575265,-0.10431830319676508,0
215241,-0.951117723353933,-2.612993057145037,-0.11036087586785687,0
215245,-0.9492713817044327,-2.621889066910811,-0.10314335851071946,0
215248,-0.9512855725947966,-2.6163500419623102,-0.10482185091935607,0
215252,-0.9532997634851605,-2.6344777599755855,-0.11052872510872053,0
215256,-0.9541390096894788,-2.628770885786221,-0.10885023270008393,0
215260,-0.9593423361562523,-2.6289387350270847,-0.1093537804226749,0
215264,-0.9544747081712062,-2.6369954985885404,-0.10767528801403829,0
215268,-0.950614175631342,-2.643709468223087,-0.10566109712367437,0
215272,-0.9534676127260242,-2.625413900968948,-0.10431830319676508,0
215276,-0.9536354619668879,-2.618867780575265,-0.10028992141603722,0
215280,-0.9548104066529335,-2.6247425040054932,-0.10415045395590142,0
215284,-0.950614175631342,-2.634142061493858,-0.1165712977798123,0
215287,-0.9378576333257038,-2.641695277332723,-0.10448615243762874,0
215291,-0.9509498741130693,-2.619035629816129,-0.10398260471503776,0
215295,-0.9573281452658884,-2.6296101319905394,-0.10885023270008393,0
215299,-0.9625314717326618,-2.6433737697413595,-0.10599679560540169,0
215303,-0.9538033112077515,-2.632295719844358,-0.11438925764858472,0
215307,-0.9539711604486152,-2.6296101319905394,-0.10885023270008393,0
215311,-0.9566567483024337,-2.6235675593194476,-0.10566109712367437,0
215315,-0.9543068589303425,-2.62826733806363,-0.11271076523994812,0
215319,-0.9378576333257038,-2.6398489356832227,-0.12076752880140383,0
215323,-0.9433966582742046,-2.643038071259632,-0.11271076523994812,0
215327,-0.9509498741130693,-2.616014343480583,-0.11271076523994812,0
215330,-0.9454108491645685,-2.5960402838178074,-0.11774624246585794,0
215334,-0.94960708018616,-2.603089951934081,-0.11925688563363088,0
215338,-0.9497749294270237,-2.6151750972762646,-0.12882429236285953,0
215342,-0.9534676127260242,-2.6123216601815824,-0.11170366979476615,0
215346,-0.9400396734569314,-2.622392614633402,-0.10633249408712901,0
215350,-0.9454108491645685,-2.5988937209124896,-0.11086442359044785,0
215354,-0.9621957732509345,-2.6116502632181278,-0.11472495613031204,0
215358,-0.9479285877775234,-2.619874876020447,-0.10616464484626535,0
215362,-0.9519569695582513,-2.6222247653925383,-0.10314335851071946,0
215366,-0.9564888990615701,-2.6176928358892195,-0.10263981078812848,0
215370,-0.9519569695582513,-2.6289387350270847,-0.09626153963530937,0
215373,-0.9534676127260242,-2.6143358510719463,-0.09861142900740062,0
215377,-0.9492713817044327,-2.6205462729839017,-0.10314335851071946,0
215381,-0.9517891203173876,-2.6250782024872206,-0.10700389105058365,0
215385,-0.9487678339818417,-2.6156786449988556,-0.10717174029144731,0
215389,-0.9660563057907988,-2.644548714427405,-0.11036087586785687,0
215393,-0.9477607385366598,-2.637163347829404,-0.10616464484626535,0
215397,-0.9444037537193866,-2.651934081025406,-0.1046540016784924,0
215401,-0.9536354619668879,-2.6294422827496757,-0.097436484321355,0
215405,-0.9553139543755245,-2.6364919508659495,-0.11103227283131151,0
215409,-0.9336614023041123,-2.657473105973907,-0.12781719691767757,0
215412,-0.9512855725947966,-2.6291065842679484,-0.13302052338445106,0
215416,-0.9454108491645685,-2.600572213321126,-0.13150988021667812,0
215420,-0.9492713817044327,-2.6136644541084917,-0.09844357976653696,0
215424,-0.9606851300831616,-2.630785076676585,-0.06571297779812314,0
215428,-0.9553139543755245,-2.638170443274586,-0.08350499732967116,0
215432,-0.9435645075150683,-2.654451819638361,-0.10885023270008393,0
215436,-0.9397039749752041,-2.667879758907454,-0.11976043335622186,0
215440,-0.9433966582742046,-2.6641870756084534,-0.11153582055390249,0
215444,-0.9672312504768444,-2.6474021515220874,-0.10767528801403829,0
215448,-0.9546425574120698,-2.6458915083543144,-0.09508659494926375,0
215452,-0.9692454413672084,-2.6562981612878613,-0.10280766002899214,0
215455,-0.9482642862592507,-2.6230640115968566,-0.10767528801403829,0
215459,-0.9370183871213855,-2.6400167849240863,-0.11623559929808498,0
215463,-0.9402075226977951,-2.6319600213626306,-0.11371786068513008,0
215467,-0.9378576333257038,-2.641191729610132,-0.10985732814526589,0
215471,-0.9444037537193866,-2.6641870756084534,-0.12110322728313115,0
215475,-0.9479285877775234,-2.641695277332723,-0.12261387045090409,0
215479,-0.9684061951628901,-2.6395132372014953,-0.1132143129625391,0
215483,-0.9524605172808422,-2.6354848554207675,-0.1328526741435874,0
215487,-0.9521248187991149,-2.6247425040054932,-0.1038147554741741,0
215491,-0.9556496528572518,-2.6385061417563134,-0.09676508735790035,0
215495,-0.9573281452658884,-2.6364919508659495,-0.09240100709544517,0
215498,-0.9538033112077515,-2.6380025940337224,-0.08216220340276188,0
215502,-0.9509498741130693,-2.608628976882582,-0.10045777065690088,0
215506,-0.9517891203173876,-2.6166857404440376,-0.09928282597085526,0
215510,-0.9527962157625696,-2.6176928358892195,-0.10633249408712901,0
215514,-0.9534676127260242,-2.615007248035401,-0.10733958953231097,0
215518,-0.9626993209735255,-2.6321278706034943,-0.11388570992599374,0
215522,-0.94960708018616,-2.62138551918822,-0.10415045395590142,0
215526,-0.9583352407110703,-2.6247425040054932,-0.09760433356221866,0
215530,-0.9650492103456169,-2.6339742122529946,-0.11120012207217517,0
215534,-0.9615243762874799,-2.625413900968948,-0.10498970016021973,0
215538,-0.9637064164187075,-2.636659800106813,-0.10918593118181125,0
215541,-0.9583352407110703,-2.631792172121767,-0.10650034332799267,0
215545,-0.9554818036163881,-2.640688181887541,-0.09290455481803617,0
215549,-0.959510185397116,-2.6383382925154497,-0.10582894636453803,0
215553,-0.9621957732509345,-2.6329671168078126,-0.09659723811703669,0
215557,-0.9551461051346608,-2.6403524834058136,-0.10733958953231097,0
215561,-0.9559853513389791,-2.650926985580224,-0.10717174029144731,0
215565,-0.9497749294270237,-2.6388418402380407,-0.10733958953231097,0
215569,-0.9598458838788433,-2.638673990997177,-0.10532539864194705,0
215573,-0.9497749294270237,-2.6369954985885404,-0.11170366979476615,0
215577,-0.9465857938506141,-2.6197070267795834,-0.10532539864194705,0
215580,-0.9450751506828412,-2.6616693369954985,-0.10079346913862822,0
215584,-0.9469214923323415,-2.6217212176699474,-0.10498970016021973,0
215588,-0.9489356832227054,-2.622392614633402,-0.1029755092698558,0
215592,-0.9437323567559319,-2.6474021515220874,-0.11673914702067598,0
215596,-0.9452429999237049,-2.671740291447318,-0.11472495613031204,0
215600,-0.9467536430914778,-2.626756694895857,-0.1101930266269932,0
215604,-0.94960708018616,-2.6148393987945373,-0.11036087586785687,0
215608,-0.9440680552376592,-2.6418631265735866,-0.10733958953231097,0
215612,-0.9459143968871595,-2.6146715495536736,-0.10599679560540169,0
215616,-0.9485999847409781,-2.6103074692912185,-0.10549324788281071,0
215620,-0.9536354619668879,-2.6136644541084917,-0.1093537804226749,0
215623,-0.9583352407110703,-2.6210498207064927,-0.1101930266269932,0
215627,-0.9532997634851605,-2.631792172121767,-0.10532539864194705,0
215631,-0.950110627908751,-2.6289387350270847,-0.11069657434958419,0
215635,-0.9482642862592507,-2.609636072327764,-0.10582894636453803,0
215639,-0.9475928892957961,-2.6072861829556726,-0.10666819256885633,0
215643,-0.951117723353933,-2.609971770809491,-0.10801098649576561,0
215647,-0.9522926680399786,-2.609636072327764,-0.11052872510872053,0
215651,-0.9521248187991149,-2.606111238269627,-0.1038147554741741,0
215655,-0.9534676127260242,-2.607118333714809,-0.10666819256885633,0
215659,-0.9449073014419775,-2.6468986037994964,-0.11808194094758526,0
215663,-0.9548104066529335,-2.6385061417563134,-0.10045777065690088,0
215666,-0.9512855725947966,-2.627260242618448,-0.09810788128480964,0
215670,-0.9529640650034332,-2.625749599450675,-0.11036087586785687,0
215674,-0.9548104066529335,-2.627428091859312,-0.10666819256885633,0
215678,-0.9568245975432974,-2.6240711070420386,-0.08937972075989929,0
215682,-0.9543068589303425,-2.6192034790569925,-0.10918593118181125,0
215686,-0.9551461051346608,-2.6324635690852216,-0.0991149767299916,0
215690,-0.9596780346379796,-2.6326314183260853,-0.1012970168612192,0
215694,-0.9588387884336613,-2.6186999313344015,-0.10364690623331044,0
215698,-0.9559853513389791,-2.639681086442359,-0.11388570992599374,0
215702,-0.9532997634851605,-2.641191729610132,-0.10398260471503776,0
215705,-0.9554818036163881,-2.6428702220187685,-0.11287861448081178,0
215713,-0.9485999847409781,-2.627763790341039,-0.10582894636453803,0
215717,-0.9606851300831616,-2.642534523537041,-0.10331120775158312,0
215721,-0.9485999847409781,-2.6286030365453574,-0.09240100709544517,0
215725,-0.9583352407110703,-2.630785076676585,-0.10247196154726482,0
215729,-0.9472571908140688,-2.6181963836118105,-0.10767528801403829,0
215733,-0.9484321355001144,-2.6148393987945373,-0.12412451361867703,0
215737,-0.9393682764934768,-2.644213015945678,-0.11589990081635766,0
215741,-0.9467536430914778,-2.6151750972762646,-0.11741054398413062,0
215745,-0.957999542229343,-2.6237354085603113,-0.12328526741435873,0
215748,-0.951117723353933,-2.611985961699855,-0.12446021210040435,0
215752,-0.9464179446097505,-2.6138323033493553,-0.10616464484626535,0
215756,-0.9462500953688868,-2.601243610284581,-0.10968947890440223,0
215760,-0.9504463263904783,-2.6275959411001755,-0.09945067521171892,0
215764,-0.9573281452658884,-2.623399710078584,-0.11136797131303883,0
215768,-0.9494392309452964,-2.619035629816129,-0.08803692683299,0
215772,-0.9564888990615701,-2.6136644541084917,-0.11136797131303883,0
215776,-0.9489356832227054,-2.609636072327764,-0.10885023270008393,0
215780,-0.9521248187991149,-2.609132524605173,-0.1093537804226749,0
215784,-0.9472571908140688,-2.608125429159991,-0.11455710688944838,0
215788,-0.9556496528572518,-2.628770885786221,-0.11976043335622186,0
215791,-0.9538033112077515,-2.627931639581903,-0.11002517738612955,0
215795,-0.9465857938506141,-2.6153429465171283,-0.10431830319676508,0
215799,-0.9475928892957961,-2.611985961699855,-0.10834668497749293,0
215803,-0.9514534218356603,-2.605607690547036,-0.09978637369344624,0
215807,-0.9457465476462958,-2.605607690547036,-0.10448615243762874,0
215811,-0.9479285877775234,-2.616517891203174,-0.09760433356221866,0
215815,-0.9405432211795224,-2.6344777599755855,-0.10851453421835659,0
215819,-0.9548104066529335,-2.627260242618448,-0.0999542229343099,0
215823,-0.9489356832227054,-2.6166857404440376,-0.11120012207217517,0
215827,-0.9538033112077515,-2.6222247653925383,-0.10717174029144731,0
215831,-0.9536354619668879,-2.616517891203174,-0.10616464484626535,0
215834,-0.9474250400549324,-2.6123216601815824,-0.10532539864194705,0
215838,-0.9502784771496147,-2.6136644541084917,-0.10985732814526589,0
215842,-0.951117723353933,-2.6151750972762646,-0.10633249408712901,0
215846,-0.9529640650034332,-2.620881971465629,-0.10180056458381018,0
215850,-0.9551461051346608,-2.635652704661631,-0.11371786068513008,0
215854,-0.9526283665217059,-2.6306172274357214,-0.10817883573662927,0
215858,-0.9499427786678873,-2.6299458304722667,-0.10079346913862822,0
215862,-0.9548104066529335,-2.6289387350270847,-0.10834668497749293,0
215866,-0.9566567483024337,-2.621889066910811,-0.10683604180971999,0
215870,-0.960013733119707,-2.6364919508659495,-0.10633249408712901,0
215873,-0.9524605172808422,-2.6334706645304036,-0.10784313725490195,0
215877,-0.9538033112077515,-2.6289387350270847,-0.1093537804226749,0
215881,-0.9539711604486152,-2.634645609216449,-0.10750743877317463,0
215885,-0.9563210498207064,-2.613496604867628,-0.11069657434958419,0
215889,-0.9556496528572518,-2.628770885786221,-0.10683604180971999,0
215893,-0.9502784771496147,-2.625749599450675,-0.10683604180971999,0
215897,-0.9630350194552528,-2.627428091859312,-0.09307240405889983,0
215901,-0.9548104066529335,-2.627260242618448,-0.10767528801403829,0
215905,-0.9536354619668879,-2.6200427252613108,-0.10566109712367437,0
215909,-0.9554818036163881,-2.6309529259174487,-0.10616464484626535,0
215913,-0.9559853513389791,-2.6457236591134508,-0.1038147554741741,0
215916,-0.9576638437476157,-2.626253147173266,-0.10868238345922025,0
215920,-0.9517891203173876,-2.626756694895857,-0.1029755092698558,0
215924,-0.9512855725947966,-2.6166857404440376,-0.10633249408712901,0
215928,-0.9507820248722056,-2.5988937209124896,-0.12009613183794918,0
215932,-0.9521248187991149,-2.608125429159991,-0.10918593118181125,0
215936,-0.9445716029602502,-2.651598382543679,-0.09693293659876402,0
215940,-0.9532997634851605,-2.645052262149996,-0.11052872510872053,0
215944,-0.9484321355001144,-2.6215533684290837,-0.09961852445258258,0
215948,-0.9527962157625696,-2.6212176699473564,-0.08501564049744412,0
215952,-0.9507820248722056,-2.604097047379263,-0.10599679560540169,0
215956,-0.9531319142442969,-2.624406805523766,-0.10482185091935607,0
215959,-0.9561532005798428,-2.6077897306782636,-0.10498970016021973,0
215963,-0.9539711604486152,-2.6202105745021744,-0.10784313725490195,0
215967,-0.951117723353933,-2.618532082093538,-0.11069657434958419,0
215971,-0.9475928892957961,-2.6123216601815824,-0.10062561989776454,0
215975,-0.9531319142442969,-2.631288624399176,-0.11254291599908445,0
215979,-0.9534676127260242,-2.6153429465171283,-0.10532539864194705,0
215983,-0.9507820248722056,-2.6039291981383994,-0.11103227283131151,0
215987,-0.9573281452658884,-2.6200427252613108,-0.11724269474326696,0
215991,-0.9564888990615701,-2.6171892881666285,-0.115732051575494,0
215995,-0.9531319142442969,-2.6294422827496757,-0.11036087586785687,0
215998,-0.9536354619668879,-2.62138551918822,-0.10784313725490195,0
216002,-0.9541390096894788,-2.6222247653925383,-0.09961852445258258,0
216006,-0.9553139543755245,-2.632295719844358,-0.10834668497749293,0
216010,-0.957495994506752,-2.6227283131151293,-0.10666819256885633,0
216014,-0.9449073014419775,-2.655962462806134,-0.10666819256885633,0
216018,-0.951621271076524,-2.6260852979324025,-0.11976043335622186,0
216022,-0.9620279240100709,-2.6316243228809033,-0.11287861448081178,0
216026,-0.9532997634851605,-2.635317006179904,-0.11237506675822079,0
216030,-0.9454108491645685,-2.605607690547036,-0.09844357976653696,0
216034,-0.9541390096894788,-2.6176928358892195,-0.10263981078812848,0
216038,-0.950614175631342,-2.6326314183260853,-0.08954757000076295,0
216041,-0.9527962157625696,-2.6242389562829023,-0.10196841382467384,0
216045,-0.9527962157625696,-2.6225604638742657,-0.11673914702067598,0
216049,-0.9467536430914778,-2.6093003738460365,-0.10180056458381018,0
216053,-0.9563210498207064,-2.601243610284581,-0.09693293659876402,0
216057,-0.9526283665217059,-2.609971770809491,-0.10767528801403829,0
216061,-0.9610208285648889,-2.631792172121767,-0.10532539864194705,0
216065,-0.9454108491645685,-2.6034256504158084,-0.1101930266269932,0
216069,-0.9532997634851605,-2.6291065842679484,-0.11455710688944838,0
216073,-0.9583352407110703,-2.6255817502098115,-0.10599679560540169,0
216077,-0.9553139543755245,-2.6364919508659495,-0.10801098649576561,0
216081,-0.9519569695582513,-2.6309529259174487,-0.10817883573662927,0
216084,-0.9502784771496147,-2.626756694895857,-0.10968947890440223,0
216088,-0.951117723353933,-2.6215533684290837,-0.1046540016784924,0
216092,-0.9576638437476157,-2.6093003738460365,-0.10733958953231097,0
216096,-0.9527962157625696,-2.620881971465629,-0.10650034332799267,0
216100,-0.9504463263904783,-2.6336385137712672,-0.10918593118181125,0
216104,-0.9524605172808422,-2.6309529259174487,-0.11002517738612955,0
216108,-0.9527962157625696,-2.625413900968948,-0.13218127718013276,0
216112,-0.9581673914702067,-2.6280994888227664,-0.10247196154726482,0
216116,-0.9571602960250247,-2.6319600213626306,-0.11892118715190356,0
216120,-0.9499427786678873,-2.6301136797131304,-0.10817883573662927,0
216124,-0.9502784771496147,-2.626924544136721,-0.1012970168612192,0
216127,-0.9512855725947966,-2.617860685130083,-0.0991149767299916,0
216131,-0.9553139543755245,-2.634813458457313,-0.10498970016021973,0
216135,-0.9470893415732051,-2.620881971465629,-0.10532539864194705,0
216139,-0.9526283665217059,-2.625917448691539,-0.11136797131303883,0
216143,-0.9507820248722056,-2.6076218814374,-0.10045777065690088,0
216147,-0.9534676127260242,-2.6062790875104906,-0.10733958953231097,0
216151,-0.9507820248722056,-2.600572213321126,-0.10700389105058365,0
216155,-0.951621271076524,-2.6072861829556726,-0.11203936827649347,0
216159,-0.957495994506752,-2.6074540321965363,-0.11036087586785687,0
216163,-0.9637064164187075,-2.6280994888227664,-0.10498970016021973,0
216166,-0.9576638437476157,-2.618028534370947,-0.10767528801403829,0
216170,-0.9598458838788433,-2.634813458457313,-0.10683604180971999,0
216174,-0.9499427786678873,-2.631792172121767,-0.10347905699244678,0
216178,-0.9521248187991149,-2.618028534370947,-0.10314335851071946,0
216182,-0.9558175020981154,-2.6400167849240863,-0.10482185091935607,0
216186,-0.9538033112077515,-2.633806363012131,-0.11220721751735713,0
216190,-0.951117723353933,-2.6143358510719463,-0.1101930266269932,0
216194,-0.9532997634851605,-2.629777981231403,-0.09894712748912794,0
216198,-0.9502784771496147,-2.629777981231403,-0.12446021210040435,0
216202,-0.9548104066529335,-2.6255817502098115,-0.09961852445258258,0
216189,,,,1
216206,-0.9521248187991149,-2.6163500419623102,-0.09559014267185473,0
216209,-0.9569924467841611,-2.614000152590219,-0.09877927824826428,0
216213,-0.9455786984054322,-2.59251544975967,-0.1101930266269932,0
216217,-0.9532997634851605,-2.6181963836118105,-0.10331120775158312,0
216221,-0.957999542229343,-2.6227283131151293,-0.10700389105058365,0
216225,-0.9524605172808422,-2.6242389562829023,-0.10196841382467384,0
216229,-0.9454108491645685,-2.5978866254673076,-0.10683604180971999,0
216233,-0.951117723353933,-2.606111238269627,-0.10750743877317463,0
216237,-0.9472571908140688,-2.6094682230869,-0.10582894636453803,0
216241,-0.9531319142442969,-2.634309910734722,-0.10666819256885633,0
216245,-0.9494392309452964,-2.6205462729839017,-0.11287861448081178,0
216249,-0.9548104066529335,-2.621889066910811,-0.12949568932631417,0
216252,-0.9541390096894788,-2.6230640115968566,-0.10801098649576561,0
216256,-0.9529640650034332,-2.621889066910811,-0.10784313725490195,0
216260,-0.9546425574120698,-2.6390096894789044,-0.10582894636453803,0
216264,-0.9573281452658884,-2.6324635690852216,-0.1038147554741741,0
216268,-0.9581673914702067,-2.633806363012131,-0.1038147554741741,0
216272,-0.9568245975432974,-2.618867780575265,-0.10918593118181125,0
216276,-0.9532997634851605,-2.6314564736400397,-0.11338216220340276,0
216280,-0.9598458838788433,-2.6390096894789044,-0.09189745937285419,0
216284,-0.9527962157625696,-2.6301136797131304,-0.11271076523994812,0
216288,-0.951117723353933,-2.622896162355993,-0.12781719691767757,0
216291,-0.9621957732509345,-2.6225604638742657,-0.10784313725490195,0
216295,-0.9521248187991149,-2.6153429465171283,-0.11069657434958419,0
216299,-0.9548104066529335,-2.62138551918822,-0.10750743877317463,0
216303,-0.9497749294270237,-2.6225604638742657,-0.1101930266269932,0
216307,-0.9457465476462958,-2.6077897306782636,-0.10045777065690088,0
216311,-0.9538033112077515,-2.617860685130083,-0.10331120775158312,0
216315,-0.9544747081712062,-2.633806363012131,-0.09407949950408179,0
216319,-0.9538033112077515,-2.626924544136721,-0.10247196154726482,0
216323,-0.9571602960250247,-2.6301136797131304,-0.09542229343099107,0
216327,-0.9472571908140688,-2.618364232852674,-0.10364690623331044,0
216331,-0.9543068589303425,-2.62138551918822,-0.09626153963530937,0
216334,-0.9578316929884794,-2.6255817502098115,-0.09391165026321813,0
216338,-0.9514534218356603,-2.611985961699855,-0.10700389105058365,0
216342,-0.9521248187991149,-2.6074540321965363,-0.10347905699244678,0
216346,-0.9543068589303425,-2.6176928358892195,-0.10784313725490195,0
216350,-0.950614175631342,-2.6294422827496757,-0.10398260471503776,0
216354,-0.9502784771496147,-2.62826733806363,-0.09609369039444571,0
216358,-0.9398718242160677,-2.6611657892729075,-0.1132143129625391,0
216362,-0.9613565270466162,-2.662844281681544,-0.1328526741435874,0
216366,-0.9554818036163881,-2.6492484931715876,-0.14325932707713435,0
216370,-0.9467536430914778,-2.6176928358892195,-0.14057373922331579,0
216374,-0.9514534218356603,-2.6136644541084917,-0.1101930266269932,0
216377,-0.950110627908751,-2.6225604638742657,-0.08988326848249027,0
216381,-0.9569924467841611,-2.614000152590219,-0.0658808270389868,0
216385,-0.9499427786678873,-2.621889066910811,-0.08602273594262608,0
216389,-0.9475928892957961,-2.6131609063859007,-0.09676508735790035,0
216393,-0.931815060654612,-2.6378347447928587,-0.12613870450904097,0
216397,-0.9455786984054322,-2.603593499656672,-0.12613870450904097,0
216401,-0.9541390096894788,-2.6166857404440376,-0.11120012207217517,0
216405,-0.9576638437476157,-2.616517891203174,-0.11556420233463034,0
216409,-0.9558175020981154,-2.6410238803692683,-0.11304646372167544,0
216413,-0.9423895628290226,-2.6596551461051345,-0.11892118715190356,0
216417,-0.9304722667277027,-2.651430533302815,-0.11640344853894864,0
216420,-0.9334935530632487,-2.644716563668269,-0.11858548867017624,0
216424,-0.9398718242160677,-2.6640192263675897,-0.11371786068513008,0
216428,-0.9368505378805219,-2.6601586938277255,-0.11808194094758526,0
216432,-0.9489356832227054,-2.6304493781948577,-0.11506065461203936,0
216436,-0.9554818036163881,-2.634813458457313,-0.11673914702067598,0
216440,-0.9553139543755245,-2.642198825055314,-0.10532539864194705,0
216444,-0.9591744869153886,-2.638673990997177,-0.10650034332799267,0
216448,-0.9480964370183871,-2.619371328297856,-0.10448615243762874,0
216452,-0.9593423361562523,-2.6286030365453574,-0.08702983138780804,0
216456,-0.9532997634851605,-2.6359884031433585,-0.10079346913862822,0
216459,-0.950614175631342,-2.6398489356832227,-0.09978637369344624,0
216463,-0.9593423361562523,-2.6354848554207675,-0.09659723811703669,0
216467,-0.9472571908140688,-2.620881971465629,-0.10180056458381018,0
216471,-0.9571602960250247,-2.6235675593194476,-0.10280766002899214,0
216475,-0.9596780346379796,-2.627428091859312,-0.09928282597085526,0
216479,-0.9680704966811627,-2.6405203326466773,-0.10314335851071946,0
216483,-0.9603494316014343,-2.636324101625086,-0.10331120775158312,0
216487,-0.9632028686961165,-2.6413595788509956,-0.10364690623331044,0
216491,-0.9653849088273442,-2.6561303120469977,-0.10146486610208286,0
216495,-0.958503089951934,-2.651430533302815,-0.09928282597085526,0
216499,-0.9591744869153886,-2.6405203326466773,-0.09760433356221866,0
216502,-0.9628671702143892,-2.6373311970702678,-0.10163271534294652,0
216506,-0.9435645075150683,-2.651430533302815,-0.10196841382467384,0
216510,-0.9564888990615701,-2.629274433508812,-0.10263981078812848,0
216514,-0.9561532005798428,-2.613496604867628,-0.11153582055390249,0
216518,-0.9543068589303425,-2.6232318608377203,-0.1132143129625391,0
216522,-0.9524605172808422,-2.6250782024872206,-0.10079346913862822,0
216526,-0.9482642862592507,-2.6062790875104906,-0.10750743877317463,0
216530,-0.9519569695582513,-2.618867780575265,-0.09441519798580911,0
216534,-0.9432288090333409,-2.642198825055314,-0.10415045395590142,0
216538,-0.9489356832227054,-2.6245746547646296,-0.10817883573662927,0
216542,-0.9485999847409781,-2.6161821927214466,-0.10801098649576561,0
216545,-0.9439002059967956,-2.649584191653315,-0.11623559929808498,0
216549,-0.9433966582742046,-2.655458915083543,-0.10817883573662927,0
216553,-0.9444037537193866,-2.670733196002136,-0.10851453421835659,0
216557,-0.9450751506828412,-2.685000381475547,-0.10784313725490195,0
216561,-0.9480964370183871,-2.631792172121767,-0.11103227283131151,0
216565,-0.9425574120698863,-2.6542839703974974,-0.10733958953231097,0
216569,-0.9418860151064317,-2.6625085831998168,-0.10532539864194705,0
216573,-0.9439002059967956,-2.670229648279545,-0.10515754940108339,0
216577,-0.9541390096894788,-2.643205920500496,-0.12009613183794918,0
216581,-0.9470893415732051,-2.6280994888227664,-0.10549324788281071,0
216584,-0.9502784771496147,-2.6255817502098115,-0.1012970168612192,0
216588,-0.9524605172808422,-2.626253147173266,-0.10498970016021973,0
216592,-0.9462500953688868,-2.6069504844739453,-0.10515754940108339,0
216596,-0.9568245975432974,-2.608628976882582,-0.10599679560540169,0
216600,-0.9633707179369801,-2.6321278706034943,-0.09391165026321813,0
216604,-0.9538033112077515,-2.6289387350270847,-0.10196841382467384,0
216608,-0.9558175020981154,-2.6482413977264057,-0.10532539864194705,0
216612,-0.9551461051346608,-2.6472343022812237,-0.10364690623331044,0
216616,-0.9499427786678873,-2.6369954985885404,-0.10851453421835659,0
216620,-0.9638742656595711,-2.6537804226749064,-0.10331120775158312,0
216624,-0.9670634012359808,-2.637163347829404,-0.10448615243762874,0
216627,-0.9558175020981154,-2.656466010528725,-0.10834668497749293,0
216631,-0.9553139543755245,-2.646562905317769,-0.10079346913862822,0
216635,-0.9566567483024337,-2.6344777599755855,-0.10263981078812848,0
216639,-0.9524605172808422,-2.6319600213626306,-0.10566109712367437,0
216643,-0.9532997634851605,-2.6393453879606317,-0.10985732814526589,0
216647,-0.9492713817044327,-2.6339742122529946,-0.09978637369344624,0
216651,-0.9559853513389791,-2.6494163424124513,-0.11355001144426642,0
216655,-0.9556496528572518,-2.6474021515220874,-0.11522850385290302,0
216659,-0.9536354619668879,-2.62826733806363,-0.10616464484626535,0
216663,-0.9593423361562523,-2.633806363012131,-0.08216220340276188,0
216667,-0.9653849088273442,-2.65394827191577,-0.08669413290608072,0
216670,-0.9588387884336613,-2.6329671168078126,-0.09223315785458151,0
216674,-0.9494392309452964,-2.6210498207064927,-0.1038147554741741,0
216678,-0.9474250400549324,-2.6143358510719463,-0.09726863508049134,0
216682,-0.9460822461280232,-2.600572213321126,-0.11036087586785687,0
216686,-0.9507820248722056,-2.598725871671626,-0.10985732814526589,0
216690,-0.9610208285648889,-2.6270923933775845,-0.11522850385290302,0
216694,-0.9514534218356603,-2.6163500419623102,-0.1165712977798123,0
216698,-0.9480964370183871,-2.607118333714809,-0.1195925841153582,0
216702,-0.951117723353933,-2.607118333714809,-0.1195925841153582,0
216706,-0.9408789196612497,-2.625413900968948,-0.11741054398413062,0
216710,-0.9531319142442969,-2.634309910734722,-0.10683604180971999,0
216713,-0.9556496528572518,-2.6378347447928587,-0.10733958953231097,0
216717,-0.9497749294270237,-2.63330281528954,-0.10028992141603722,0
216721,-0.9470893415732051,-2.6217212176699474,-0.09794003204394598,0
216725,-0.9454108491645685,-2.5963759822995347,-0.11355001144426642,0
216729,-0.9492713817044327,-2.6143358510719463,-0.11220721751735713,0
216733,-0.9492713817044327,-2.6210498207064927,-0.10314335851071946,0
216737,-0.9457465476462958,-2.603089951934081,-0.10146486610208286,0
216741,-0.9573281452658884,-2.617524986648356,-0.10163271534294652,0
216745,-0.9539711604486152,-2.6250782024872206,-0.10566109712367437,0
216749,-0.9556496528572518,-2.635820553902495,-0.10398260471503776,0
216752,-0.9554818036163881,-2.6378347447928587,-0.09626153963530937,0
216756,-0.9620279240100709,-2.6336385137712672,-0.09978637369344624,0
216760,-0.9601815823605706,-2.630281528953994,-0.10314335851071946,0
216764,-0.9605172808422979,-2.6398489356832227,-0.11153582055390249,0
216768,-0.9504463263904783,-2.6462272068360417,-0.11254291599908445,0
216772,-0.9544747081712062,-2.647570000762951,-0.1046540016784924,0
216776,-0.959006637674525,-2.6331349660486763,-0.10112916762035554,0
216780,-0.9663920042725261,-2.6482413977264057,-0.10196841382467384,0
216784,-0.9626993209735255,-2.6522697795071335,-0.0982757305256733,0
216788,-0.9680704966811627,-2.656466010528725,-0.11036087586785687,0
216792,-0.9672312504768444,-2.6463950560769054,-0.08870832379644464,0
216795,-0.9454108491645685,-2.6079575799191272,-0.09206530861371785,0
216799,-0.9454108491645685,-2.5824444953078505,-0.0991149767299916,0
216803,-0.9449073014419775,-2.6368276493476768,-0.10448615243762874,0
216807,-0.9454108491645685,-2.6054398413061723,-0.1029755092698558,0
216811,-0.9423895628290226,-2.643038071259632,-0.10482185091935607,0
216815,-0.9504463263904783,-2.641191729610132,-0.09861142900740062,0
216819,-0.9558175020981154,-2.646562905317769,-0.10515754940108339,0
216823,-0.957495994506752,-2.6291065842679484,-0.10079346913862822,0
216827,-0.9509498741130693,-2.610475318532082,-0.09458304722667277,0
216831,-0.9529640650034332,-2.6146715495536736,-0.10498970016021973,0
216835,-0.9519569695582513,-2.6186999313344015,-0.09475089646753643,0
216838,-0.9474250400549324,-2.6116502632181278,-0.10431830319676508,0
216842,-0.9532997634851605,-2.6306172274357214,-0.10901808194094759,0
216846,-0.9561532005798428,-2.6103074692912185,-0.1021362630655375,0
216850,-0.9551461051346608,-2.6284351873044938,-0.10599679560540169,0
216854,-0.9571602960250247,-2.6316243228809033,-0.10230411230640116,0
216858,-0.9470893415732051,-2.620881971465629,-0.10062561989776454,0
216862,-0.9517891203173876,-2.622392614633402,-0.10616464484626535,0
216866,-0.9553139543755245,-2.634813458457313,-0.10263981078812848,0
216870,-0.951621271076524,-2.619035629816129,-0.10885023270008393,0
216874,-0.9539711604486152,-2.62826733806363,-0.1021362630655375,0
216877,-0.9583352407110703,-2.6306172274357214,-0.09626153963530937,0
216881,-0.9596780346379796,-2.6291065842679484,-0.10532539864194705,0
216885,-0.9442359044785229,-2.6468986037994964,-0.10985732814526589,0
216889,-0.9573281452658884,-2.6369954985885404,-0.11069657434958419,0
216893,-0.9529640650034332,-2.6316243228809033,-0.10045777065690088,0
216897,-0.9454108491645685,-2.6077897306782636,-0.10263981078812848,0
216901,-0.9561532005798428,-2.5999008163576716,-0.1195925841153582,0
216905,-0.9437323567559319,-2.644548714427405,-0.09861142900740062,0
216909,-0.9626993209735255,-2.6448844129091325,-0.10112916762035554,0
216913,-0.9608529793240252,-2.6457236591134508,-0.1029755092698558,0
216917,-0.9464179446097505,-2.625917448691539,-0.09726863508049134,0
216920,-0.9563210498207064,-2.608628976882582,-0.09508659494926375,0
216924,-0.9551461051346608,-2.634142061493858,-0.09726863508049134,0
216928,-0.9543068589303425,-2.6296101319905394,-0.09961852445258258,0
216932,-0.9588387884336613,-2.6212176699473564,-0.11187151903562981,0
216936,-0.951621271076524,-2.611482413977264,-0.10347905699244678,0
216940,-0.9502784771496147,-2.6205462729839017,-0.1046540016784924,0
216944,-0.9541390096894788,-2.623903257801175,-0.0991149767299916,0
216948,-0.9653849088273442,-2.6468986037994964,-0.09710078583962768,0
216952,-0.9628671702143892,-2.6364919508659495,-0.10448615243762874,0
216956,-0.957999542229343,-2.634309910734722,-0.09877927824826428,0
216960,-0.9529640650034332,-2.629274433508812,-0.0999542229343099,0
216963,-0.9517891203173876,-2.6289387350270847,-0.10045777065690088,0
216967,-0.9532997634851605,-2.6369954985885404,-0.11069657434958419,0
216971,-0.9499427786678873,-2.6304493781948577,-0.10028992141603722,0
216975,-0.9383611810482948,-2.6468986037994964,-0.10331120775158312,0
216979,-0.9502784771496147,-2.6321278706034943,-0.09273670557717249,0
216983,-0.9531319142442969,-2.6378347447928587,-0.11120012207217517,0
216987,-0.9566567483024337,-2.6252460517280842,-0.09844357976653696,0
216991,-0.9512855725947966,-2.6158464942397193,-0.10096131837949188,0
216995,-0.9512855725947966,-2.6123216601815824,-0.09844357976653696,0
216999,-0.949103532463569,-2.620881971465629,-0.10398260471503776,0
217003,-0.9524605172808422,-2.622896162355993,-0.0991149767299916,0
217006,-0.951621271076524,-2.6156786449988556,-0.10079346913862822,0
217010,-0.9464179446097505,-2.609971770809491,-0.10431830319676508,0
217014,-0.949103532463569,-2.618867780575265,-0.10263981078812848,0
217018,-0.9610208285648889,-2.6284351873044938,-0.09894712748912794,0
217022,-0.9532997634851605,-2.6301136797131304,-0.10750743877317463,0
217026,-0.9460822461280232,-2.609971770809491,-0.11002517738612955,0
217030,-0.9556496528572518,-2.628770885786221,-0.11036087586785687,0
217034,-0.9497749294270237,-2.6309529259174487,-0.1029755092698558,0
217038,-0.9553139543755245,-2.6420309758144502,-0.10885023270008393,0
217042,-0.9526283665217059,-2.6314564736400397,-0.11153582055390249,0
217045,-0.9638742656595711,-2.651430533302815,-0.09441519798580911,0
217049,-0.9538033112077515,-2.640688181887541,-0.10062561989776454,0
217053,-0.949103532463569,-2.6344777599755855,-0.10952162966353857,0
217057,-0.9531319142442969,-2.638673990997177,-0.09693293659876402,0
217061,-0.9269474326695658,-2.63330281528954,-0.10280766002899214,0
217065,-0.9376897840848402,-2.6410238803692683,-0.10666819256885633,0
217069,-0.9489356832227054,-2.6247425040054932,-0.1093537804226749,0
217073,-0.951117723353933,-2.6148393987945373,-0.10717174029144731,0
217077,-0.9507820248722056,-2.6044327458609904,-0.10515754940108339,0
217081,-0.951621271076524,-2.6042648966201267,-0.09794003204394598,0
217085,-0.9618600747692072,-2.618867780575265,-0.09928282597085526,0
217088,-0.9492713817044327,-2.6210498207064927,-0.09794003204394598,0
217092,-0.9538033112077515,-2.6301136797131304,-0.10112916762035554,0
217096,-0.9455786984054322,-2.60258640421149,-0.09542229343099107,0
217100,-0.9554818036163881,-2.6217212176699474,-0.10096131837949188,0
217104,-0.9408789196612497,-2.631792172121767,-0.10331120775158312,0
217108,-0.9531319142442969,-2.6354848554207675,-0.10868238345922025,0
217112,-0.9576638437476157,-2.6225604638742657,-0.11120012207217517,0
217116,-0.9509498741130693,-2.6039291981383994,-0.10868238345922025,0
217120,-0.9538033112077515,-2.617860685130083,-0.09961852445258258,0
217124,-0.9652170595864805,-2.6423666742961776,-0.1101930266269932,0
217128,-0.9492713817044327,-2.634645609216449,-0.10901808194094759,0
217131,-0.957999542229343,-2.635820553902495,-0.10666819256885633,0
217135,-0.9700846875715267,-2.648577096208133,-0.11002517738612955,0
217139,-0.9339971007858396,-2.661501487754635,-0.11371786068513008,0
217143,-0.9541390096894788,-2.6390096894789044,-0.11036087586785687,0
217147,-0.9578316929884794,-2.6324635690852216,-0.11287861448081178,0
217151,-0.9455786984054322,-2.6000686655985352,-0.11287861448081178,0
217155,-0.941214618142977,-2.6374990463111314,-0.11355001144426642,0
217147,,,,1
217159,-0.9509498741130693,-2.610978866254673,-0.11052872510872053,0
217163,-0.9467536430914778,-2.6019150072480355,-0.11556420233463034,0
217167,-0.9454108491645685,-2.5908369573510335,-0.11371786068513008,0
217170,-0.9482642862592507,-2.5921797512779428,-0.11371786068513008,0
217174,-0.9536354619668879,-2.602754253452354,-0.10851453421835659,0
217178,-0.9546425574120698,-2.6260852979324025,-0.11237506675822079,0
217182,-0.9521248187991149,-2.615007248035401,-0.09609369039444571,0
217186,-0.9464179446097505,-2.6163500419623102,-0.10280766002899214,0
217190,-0.9632028686961165,-2.632295719844358,-0.09441519798580911,0
217194,-0.9497749294270237,-2.6311207751583123,-0.09794003204394598,0
217198,-0.9475928892957961,-2.6222247653925383,-0.09038681620508125,0
217202,-0.9539711604486152,-2.6252460517280842,-0.09575799191271839,0
217206,-0.9524605172808422,-2.625413900968948,-0.09122606240939955,0
217210,-0.9536354619668879,-2.616517891203174,-0.10431830319676508,0
217213,-0.9517891203173876,-2.620881971465629,-0.09642938887617303,0
217217,-0.9517891203173876,-2.621889066910811,-0.10834668497749293,0
217221,-0.9521248187991149,-2.6138323033493553,-0.10666819256885633,0
217225,-0.9724345769436179,-2.6294422827496757,-0.0991149767299916,0
217229,-0.9544747081712062,-2.637163347829404,-0.11623559929808498,0
217233,-0.9588387884336613,-2.6230640115968566,-0.1276493476768139,0
217237,-0.9526283665217059,-2.624910353246357,-0.13486686503395132,0
217241,-0.951117723353933,-2.61450370031281,-0.1353704127565423,0
217245,-0.9405432211795224,-2.634142061493858,-0.10717174029144731,0
217249,-0.9563210498207064,-2.6076218814374,-0.06705577172503242,0
217253,-0.960013733119707,-2.6321278706034943,-0.07024490730144198,0
217256,-0.959510185397116,-2.6301136797131304,-0.08467994201571678,0
217260,-0.9460822461280232,-2.6076218814374,-0.09374380102235447,0
217264,-0.9428931105516136,-2.6275959411001755,-0.1281528953994049,0
217268,-0.9433966582742046,-2.644213015945678,-0.14275577935454337,0
217272,-0.9465857938506141,-2.6237354085603113,-0.1311741817349508,0
217276,-0.9475928892957961,-2.6143358510719463,-0.11438925764858472,0
217280,-0.950110627908751,-2.61953917753872,-0.10599679560540169,0
217284,-0.9554818036163881,-2.6291065842679484,-0.10163271534294652,0
217288,-0.9521248187991149,-2.6163500419623102,-0.09172961013199053,0
217292,-0.9413824673838407,-2.630785076676585,-0.09407949950408179,0
217296,-0.9398718242160677,-2.657976653696498,-0.10196841382467384,0
217299,-0.9449073014419775,-2.6641870756084534,-0.09726863508049134,0
217303,-0.9383611810482948,-2.6606622415503165,-0.10280766002899214,0
217307,-0.9571602960250247,-2.643205920500496,-0.11640344853894864,0
217311,-0.9564888990615701,-2.6245746547646296,-0.10683604180971999,0
217315,-0.9647135118638895,-2.6423666742961776,-0.10314335851071946,0
217319,-0.9648813611047532,-2.6443808651865415,-0.11203936827649347,0
217323,-0.9598458838788433,-2.651094834821088,-0.11103227283131151,0
217327,-0.960013733119707,-2.6494163424124513,-0.09424734874494545,0
217331,-0.9640421149004348,-2.658480201419089,-0.10230411230640116,0
217335,-0.9551461051346608,-2.655458915083543,-0.09726863508049134,0
217338,-0.9616922255283435,-2.627763790341039,-0.09475089646753643,0
217342,-0.9650492103456169,-2.639177538719768,-0.10163271534294652,0
217346,-0.9628671702143892,-2.6331349660486763,-0.11539635309376668,0
217350,-0.9648813611047532,-2.6413595788509956,-0.11120012207217517,0
217354,-0.978309300373846,-2.650087739375906,-0.10096131837949188,0
217358,-0.9549782558937971,-2.6364919508659495,-0.09005111772335393,0
217362,-0.9413824673838407,-2.642198825055314,-0.09626153963530937,0
217366,-0.9408789196612497,-2.645052262149996,-0.08954757000076295,0
217370,-0.9445716029602502,-2.6672083619439992,-0.10280766002899214,0
217374,-0.9477607385366598,-2.6413595788509956,-0.08820477607385366,0
217378,-0.9551461051346608,-2.6428702220187685,-0.08988326848249027,0
217381,-0.9712596322575723,-2.656969558251316,-0.10028992141603722,0
217385,-0.9541390096894788,-2.6390096894789044,-0.0999542229343099,0
217389,-0.9544747081712062,-2.6448844129091325,-0.10549324788281071,0
217393,-0.9544747081712062,-2.6457236591134508,-0.10415045395590142,0
217397,-0.9586709391927977,-2.6484092469672693,-0.09642938887617303,0
217401,-0.9583352407110703,-2.634813458457313,-0.1038147554741741,0
217405,-0.9717631799801633,-2.6502555886167696,-0.11355001144426642,0
217409,-0.9482642862592507,-2.6220569161516747,-0.10314335851071946,0
217413,-0.9522926680399786,-2.6133287556267644,-0.11438925764858472,0
217417,-0.9544747081712062,-2.631288624399176,-0.10532539864194705,0
217421,-0.9460822461280232,-2.609132524605173,-0.10549324788281071,0
217424,-0.9484321355001144,-2.612993057145037,-0.09072251468680857,0
217428,-0.9400396734569314,-2.6168535896849012,-0.0999542229343099,0
217432,-0.9558175020981154,-2.638170443274586,-0.09894712748912794,0
217436,-0.958503089951934,-2.6408560311284046,-0.10280766002899214,0
217440,-0.9507820248722056,-2.6116502632181278,-0.11187151903562981,0
217444,-0.9504463263904783,-2.6289387350270847,-0.09391165026321813,0
217448,-0.9536354619668879,-2.617524986648356,-0.09693293659876402,0
217452,-0.951621271076524,-2.6098039215686275,-0.09844357976653696,0
217456,-0.9531319142442969,-2.6291065842679484,-0.09659723811703669,0
217460,-0.9524605172808422,-2.6250782024872206,-0.09441519798580911,0
217463,-0.9553139543755245,-2.638170443274586,-0.09978637369344624,0
217467,-0.9581673914702067,-2.63330281528954,-0.10750743877317463,0
217471,-0.9746166170748455,-2.6631799801632714,-0.1140535591668574,0
217475,-0.9637064164187075,-2.653109025711452,-0.08988326848249027,0
217479,-0.9539711604486152,-2.6398489356832227,-0.08686198214694438,0
217483,-0.9403753719386587,-2.643205920500496,-0.09424734874494545,0
217487,-0.9455786984054322,-2.6074540321965363,-0.09726863508049134,0
217491,-0.9479285877775234,-2.6146715495536736,-0.09424734874494545,0
217495,-0.9638742656595711,-2.6403524834058136,-0.09760433356221866,0
217499,-0.9569924467841611,-2.6299458304722667,-0.1046540016784924,0
217503,-0.9586709391927977,-2.638673990997177,-0.0999542229343099,0
217506,-0.9645456626230259,-2.650591287098497,-0.11120012207217517,0
217510,-0.9610208285648889,-2.6482413977264057,-0.1264744029907683,0
217514,-0.9561532005798428,-2.627260242618448,-0.1021362630655375,0
217518,-0.9573281452658884,-2.627931639581903,-0.09693293659876402,0
217522,-0.9487678339818417,-2.6186999313344015,-0.07427328908216983,0
217526,-0.9648813611047532,-2.6349813076981765,-0.0722590981918059,0
217530,-0.9532997634851605,-2.6359884031433585,-0.09105821316853589,0
217534,-0.9457465476462958,-2.6131609063859007,-0.09542229343099107,0
217538,-0.9385290302891585,-2.6408560311284046,-0.10834668497749293,0
217542,-0.9454108491645685,-2.60258640421149,-0.10683604180971999,0
217546,-0.9532997634851605,-2.625749599450675,-0.11623559929808498,0
217549,-0.9534676127260242,-2.617524986648356,-0.10633249408712901,0
217553,-0.9504463263904783,-2.632799267566949,-0.10717174029144731,0
217557,-0.9455786984054322,-2.601243610284581,-0.10364690623331044,0
217561,-0.9479285877775234,-2.614000152590219,-0.10851453421835659,0
217565,-0.9524605172808422,-2.621889066910811,-0.09945067521171892,0
217569,-0.9578316929884794,-2.630785076676585,-0.09794003204394598,0
217573,-0.9475928892957961,-2.616517891203174,-0.0991149767299916,0
217577,-0.949103532463569,-2.62138551918822,-0.10633249408712901,0
217581,-0.9509498741130693,-2.6049362935835814,-0.11153582055390249,0
217585,-0.942221713588159,-2.630281528953994,-0.12613870450904097,0
217589,-0.950110627908751,-2.629274433508812,-0.10851453421835659,0
217592,-0.9459143968871595,-2.608964675364309,-0.10566109712367437,0
217596,-0.9454108491645685,-2.59251544975967,-0.09777218280308232,0
217600,-0.949103532463569,-2.609636072327764,-0.09794003204394598,0
217604,-0.9465857938506141,-2.610139620050355,-0.07930876630807965,0
217608,-0.9385290302891585,-2.648073548485542,-0.09223315785458151,0
217612,-0.9464179446097505,-2.627763790341039,-0.09794003204394598,0
217616,-0.9502784771496147,-2.6225604638742657,-0.09340810254062715,0
217620,-0.9561532005798428,-2.6087968261234455,-0.10431830319676508,0
217624,-0.9554818036163881,-2.6296101319905394,-0.10666819256885633,0
217628,-0.959510185397116,-2.628770885786221,-0.09844357976653696,0
217631,-0.9569924467841611,-2.6220569161516747,-0.09407949950408179,0
217635,-0.950614175631342,-2.635652704661631,-0.09491874570840009,0
217639,-0.9608529793240252,-2.644548714427405,-0.09407949950408179,0
217643,-0.9546425574120698,-2.644045166704814,-0.10028992141603722,0
217647,-0.9566567483024337,-2.627260242618448,-0.10096131837949188,0
217651,-0.9558175020981154,-2.6448844129091325,-0.0999542229343099,0
217655,-0.9531319142442969,-2.643541618982223,-0.09542229343099107,0
217659,-0.9564888990615701,-2.627931639581903,-0.08820477607385366,0
217663,-0.9569924467841611,-2.6192034790569925,-0.09357595178149081,0
217667,-0.9440680552376592,-2.6457236591134508,-0.08870832379644464,0
217671,-0.9561532005798428,-2.6205462729839017,-0.10582894636453803,0
217674,-0.9553139543755245,-2.6275959411001755,-0.11623559929808498,0
217678,-0.9370183871213855,-2.6497520408941786,-0.10146486610208286,0
217682,-0.9544747081712062,-2.6482413977264057,-0.10112916762035554,0
217686,-0.9462500953688868,-2.6181963836118105,-0.09659723811703669,0
217690,-0.9454108491645685,-2.5975509269855803,-0.10364690623331044,0
217694,-0.9497749294270237,-2.615510795757992,-0.08585488670176242,0
217698,-0.9561532005798428,-2.604097047379263,-0.09122606240939955,0
217702,-0.950614175631342,-2.6217212176699474,-0.10096131837949188,0
217706,-0.9591744869153886,-2.632799267566949,-0.09961852445258258,0
217710,-0.9568245975432974,-2.619035629816129,-0.10146486610208286,0
217714,-0.959510185397116,-2.6247425040054932,-0.1021362630655375,0
217717,-0.9551461051346608,-2.6373311970702678,-0.09626153963530937,0
217721,-0.9571602960250247,-2.629274433508812,-0.10616464484626535,0
217725,-0.9588387884336613,-2.6220569161516747,-0.08518348973830778,0
217729,-0.9519569695582513,-2.6260852979324025,-0.10012207217517356,0
217733,-0.9532997634851605,-2.6369954985885404,-0.10196841382467384,0
217737,-0.9568245975432974,-2.6247425040054932,-0.10398260471503776,0
217741,-0.9630350194552528,-2.6294422827496757,-0.10314335851071946,0
217745,-0.9527962157625696,-2.6255817502098115,-0.09726863508049134,0
217749,-0.9553139543755245,-2.6344777599755855,-0.09810788128480964,0
217753,-0.9472571908140688,-2.621889066910811,-0.09844357976653696,0
217756,-0.9553139543755245,-2.632799267566949,-0.09945067521171892,0
217760,-0.9556496528572518,-2.6359884031433585,-0.10180056458381018,0
217764,-0.9464179446097505,-2.621889066910811,-0.11925688563363088,0
217768,-0.9524605172808422,-2.624406805523766,-0.10247196154726482,0
217772,-0.9509498741130693,-2.6044327458609904,-0.10280766002899214,0
217776,-0.9551461051346608,-2.6265888456549935,-0.10801098649576561,0
217780,-0.9573281452658884,-2.628770885786221,-0.09861142900740062,0
217784,-0.9551461051346608,-2.63514915693904,-0.08602273594262608,0
217788,-0.9494392309452964,-2.6202105745021744,-0.09676508735790035,0
217792,-0.9543068589303425,-2.623903257801175,-0.10112916762035554,0
217796,-0.9489356832227054,-2.617021438925765,-0.097436484321355,0
217799,-0.9521248187991149,-2.6113145647364004,-0.10448615243762874,0
217803,-0.951621271076524,-2.6118181124589914,-0.10028992141603722,0
217807,-0.9541390096894788,-2.6202105745021744,-0.10700389105058365,0
217811,-0.9581673914702067,-2.6237354085603113,-0.10448615243762874,0
217815,-0.9588387884336613,-2.62138551918822,-0.10415045395590142,0
217819,-0.9509498741130693,-2.605607690547036,-0.10280766002899214,0
217823,-0.9532997634851605,-2.627428091859312,-0.09525444419012741,0
217827,-0.9568245975432974,-2.6181963836118105,-0.09693293659876402,0
217831,-0.9564888990615701,-2.618028534370947,-0.08803692683299,0
217835,-0.9558175020981154,-2.6393453879606317,-0.09592584115358205,0
217839,-0.9502784771496147,-2.629777981231403,-0.11187151903562981,0
217842,-0.9527962157625696,-2.6242389562829023,-0.10599679560540169,0
217846,-0.9553139543755245,-2.636156252384222,-0.10263981078812848,0
217850,-0.9536354619668879,-2.619874876020447,-0.10314335851071946,0
217854,-0.9527962157625696,-2.618867780575265,-0.12412451361867703,0
217858,-0.9546425574120698,-2.6324635690852216,-0.10482185091935607,0
217862,-0.9539711604486152,-2.6294422827496757,-0.09458304722667277,0
217866,-0.950110627908751,-2.6296101319905394,-0.10196841382467384,0
217870,-0.9504463263904783,-2.634645609216449,-0.1012970168612192,0
217874,-0.9502784771496147,-2.6284351873044938,-0.10062561989776454,0
217878,-0.9475928892957961,-2.6168535896849012,-0.10633249408712901,0
217882,-0.9546425574120698,-2.6326314183260853,-0.1029755092698558,0
217885,-0.9460822461280232,-2.6108110170138095,-0.10364690623331044,0
217889,-0.940711070420386,-2.6304493781948577,-0.10650034332799267,0
217893,-0.9538033112077515,-2.6284351873044938,-0.11908903639276722,0
217897,-0.9485999847409781,-2.6161821927214466,-0.11841763942931258,0
217901,-0.9502784771496147,-2.6225604638742657,-0.09961852445258258,0
217905,-0.9647135118638895,-2.6334706645304036,-0.09676508735790035,0
217909,-0.9455786984054322,-2.602250705729763,-0.10801098649576561,0
217913,-0.9529640650034332,-2.613496604867628,-0.10247196154726482,0
217917,-0.958503089951934,-2.632799267566949,-0.09810788128480964,0
217921,-0.959510185397116,-2.6316243228809033,-0.1029755092698558,0
217924,-0.9543068589303425,-2.628770885786221,-0.09928282597085526,0
217928,-0.9569924467841611,-2.617021438925765,-0.0999542229343099,0
217932,-0.9563210498207064,-2.6094682230869,-0.10650034332799267,0
217936,-0.9480964370183871,-2.601579308766308,-0.10280766002899214,0
217940,-0.9556496528572518,-2.6237354085603113,-0.097436484321355,0
217944,-0.950110627908751,-2.6227283131151293,-0.12429236285954069,0
217948,-0.9487678339818417,-2.6116502632181278,-0.09794003204394598,0
217952,-0.9454108491645685,-2.593354695963989,-0.10163271534294652,0
217956,-0.9534676127260242,-2.6059433890287633,-0.1012970168612192,0
217960,-0.9606851300831616,-2.6252460517280842,-0.10079346913862822,0
217964,-0.9400396734569314,-2.629777981231403,-0.0982757305256733,0
217967,-0.9512855725947966,-2.6141680018310827,-0.1038147554741741,0
217971,-0.9509498741130693,-2.602082856488899,-0.09794003204394598,0
217975,-0.9432288090333409,-2.6354848554207675,-0.10901808194094759,0
217979,-0.9517891203173876,-2.6252460517280842,-0.10985732814526589,0
217983,-0.950614175631342,-2.635652704661631,-0.10952162966353857,0
217987,-0.9548104066529335,-2.627931639581903,-0.10683604180971999,0
217991,-0.9512855725947966,-2.617021438925765,-0.10331120775158312,0
217995,-0.949103532463569,-2.6197070267795834,-0.09894712748912794,0
217999,-0.9480964370183871,-2.6052719920653087,-0.11002517738612955,0
218003,-0.9541390096894788,-2.616014343480583,-0.11690699626153964,0
218007,-0.9519569695582513,-2.621889066910811,-0.10733958953231097,0
218010,-0.9507820248722056,-2.608964675364309,-0.11338216220340276,0
218014,-0.951117723353933,-2.6113145647364004,-0.10834668497749293,0
218018,-0.9601815823605706,-2.623903257801175,-0.10767528801403829,0
218022,-0.94960708018616,-2.615007248035401,-0.11522850385290302,0
218026,-0.9527962157625696,-2.61953917753872,-0.10683604180971999,0
218030,-0.9554818036163881,-2.631792172121767,-0.10180056458381018,0
218034,-0.9536354619668879,-2.619035629816129,-0.11388570992599374,0
217996,,,,1
218038,-0.9553139543755245,-2.6324635690852216,-0.10247196154726482,0
218042,-0.9512855725947966,-2.617357137407492,-0.10331120775158312,0
218046,-0.94960708018616,-2.619874876020447,-0.10012207217517356,0
218049,-0.9553139543755245,-2.638673990997177,-0.09777218280308232,0
218053,-0.9543068589303425,-2.631288624399176,-0.1038147554741741,0
218057,-0.9548104066529335,-2.627260242618448,-0.09491874570840009,0
218061,-0.9534676127260242,-2.618867780575265,-0.09894712748912794,0
218065,-0.9472571908140688,-2.6148393987945373,-0.09978637369344624,0
218069,-0.9526283665217059,-2.6227283131151293,-0.10767528801403829,0
218073,-0.9526283665217059,-2.625749599450675,-0.10028992141603722,0
218077,-0.9630350194552528,-2.626756694895857,-0.10230411230640116,0
218081,-0.9527962157625696,-2.624406805523766,-0.10515754940108339,0
218085,-0.9526283665217059,-2.623903257801175,-0.10968947890440223,0
218089,-0.9497749294270237,-2.629777981231403,-0.11539635309376668,0
218092,-0.9526283665217059,-2.627260242618448,-0.13033493553063247,0
218096,-0.9442359044785229,-2.6468986037994964,-0.13134203097581446,0
218100,-0.9536354619668879,-2.6260852979324025,-0.11640344853894864,0
218104,-0.9546425574120698,-2.636156252384222,-0.08602273594262608,0
218108,-0.9650492103456169,-2.6395132372014953,-0.06269169146257725,0
218112,-0.9566567483024337,-2.6311207751583123,-0.06336308842603189,0
218116,-0.9603494316014343,-2.6284351873044938,-0.09256885633630883,0
218120,-0.9541390096894788,-2.6286030365453574,-0.12026398107881284,0
218124,-0.9444037537193866,-2.6556267643244067,-0.13134203097581446,0
218128,-0.9489356832227054,-2.629777981231403,-0.12076752880140383,0
218132,-0.9556496528572518,-2.6395132372014953,-0.11589990081635766,0
218135,-0.9569924467841611,-2.626924544136721,-0.11690699626153964,0
218139,-0.9492713817044327,-2.624910353246357,-0.1046540016784924,0
218143,-0.9375219348439765,-2.626924544136721,-0.10700389105058365,0
218147,-0.9378576333257038,-2.6378347447928587,-0.10851453421835659,0
218151,-0.9452429999237049,-2.6680476081483175,-0.10985732814526589,0
218155,-0.9381933318074311,-2.6591515983825436,-0.10498970016021973,0
218159,-0.9538033112077515,-2.6364919508659495,-0.10398260471503776,0
218163,-0.9410467689021134,-2.651094834821088,-0.10045777065690088,0
218167,-0.9576638437476157,-2.6280994888227664,-0.10431830319676508,0
218171,-0.9454108491645685,-2.598222323949035,-0.1038147554741741,0
218175,-0.9556496528572518,-2.619035629816129,-0.0991149767299916,0
218178,-0.9583352407110703,-2.6215533684290837,-0.09676508735790035,0
218182,-0.958503089951934,-2.636659800106813,-0.1046540016784924,0
218186,-0.9586709391927977,-2.644548714427405,-0.09693293659876402,0
218190,-0.9561532005798428,-2.617860685130083,-0.10012207217517356,0
218194,-0.9559853513389791,-2.641191729610132,-0.11338216220340276,0
218198,-0.960013733119707,-2.637666895551995,-0.10666819256885633,0
218202,-0.957999542229343,-2.636156252384222,-0.10750743877317463,0
218206,-0.9601815823605706,-2.6326314183260853,-0.11136797131303883,0
218210,-0.9566567483024337,-2.627428091859312,-0.10364690623331044,0
218214,-0.9521248187991149,-2.6200427252613108,-0.10062561989776454,0
218217,-0.9598458838788433,-2.634645609216449,-0.08870832379644464,0
218221,-0.9556496528572518,-2.638673990997177,-0.09794003204394598,0
218225,-0.9685740444037537,-2.6462272068360417,-0.09693293659876402,0
218229,-0.9531319142442969,-2.644548714427405,-0.09324025329976349,0
218233,-0.9596780346379796,-2.64018463416495,-0.10112916762035554,0
218237,-0.9598458838788433,-2.6443808651865415,-0.09156176089112687,0
218241,-0.9640421149004348,-2.651934081025406,-0.09945067521171892,0
218245,-0.9573281452658884,-2.645555809872587,-0.09676508735790035,0
218249,-0.9527962157625696,-2.628770885786221,-0.1038147554741741,0
218253,-0.9539711604486152,-2.631288624399176,-0.11187151903562981,0
218257,-0.9492713817044327,-2.627931639581903,-0.1093537804226749,0
218260,-0.9524605172808422,-2.6247425040054932,-0.10733958953231097,0
218264,-0.9494392309452964,-2.6156786449988556,-0.10834668497749293,0
218268,-0.9454108491645685,-2.593186846723125,-0.10683604180971999,0
218272,-0.9469214923323415,-2.5926832990005337,-0.11388570992599374,0
218276,-0.9454108491645685,-2.583619439993896,-0.11237506675822079,0
218280,-0.9459143968871595,-2.5916762035553518,-0.1046540016784924,0
218284,-0.9484321355001144,-2.602250705729763,-0.11036087586785687,0
218288,-0.9454108491645685,-2.5893263141832605,-0.10096131837949188,0
218292,-0.9378576333257038,-2.623903257801175,-0.0863584344243534,0
218296,-0.9484321355001144,-2.6133287556267644,-0.10448615243762874,0
218300,-0.950614175631342,-2.6314564736400397,-0.11036087586785687,0
218303,-0.9485999847409781,-2.6215533684290837,-0.11002517738612955,0
218307,-0.9563210498207064,-2.6072861829556726,-0.10834668497749293,0
218311,-0.951621271076524,-2.610643167772946,-0.10733958953231097,0
218315,-0.9477607385366598,-2.6192034790569925,-0.0991149767299916,0
218319,-0.9527962157625696,-2.619874876020447,-0.10549324788281071,0
218323,-0.9469214923323415,-2.6044327458609904,-0.1029755092698558,0
218327,-0.9621957732509345,-2.615007248035401,-0.10196841382467384,0
218331,-0.9531319142442969,-2.6291065842679484,-0.11052872510872053,0
218335,-0.9588387884336613,-2.6227283131151293,-0.1038147554741741,0
218339,-0.9467536430914778,-2.6029221026932174,-0.10582894636453803,0
218342,-0.9561532005798428,-2.60258640421149,-0.10347905699244678,0
218346,-0.9546425574120698,-2.6250782024872206,-0.10801098649576561,0
218350,-0.9538033112077515,-2.62642099641413,-0.11355001144426642,0
218354,-0.9449073014419775,-2.6532768749523155,-0.10666819256885633,0
218358,-0.9455786984054322,-2.6181963836118105,-0.10515754940108339,0
218362,-0.9534676127260242,-2.6126573586633097,-0.09592584115358205,0
218366,-0.9497749294270237,-2.622392614633402,-0.10180056458381018,0
218370,-0.9571602960250247,-2.626253147173266,-0.10498970016021973,0
218374,-0.959510185397116,-2.630785076676585,-0.11120012207217517,0
218378,-0.9647135118638895,-2.636659800106813,-0.12194247348744945,0
218382,-0.9541390096894788,-2.628770885786221,-0.11153582055390249,0
218385,-0.9586709391927977,-2.640688181887541,-0.08501564049744412,0
218389,-0.9606851300831616,-2.6487449454489966,-0.08316929884794384,0
218393,-0.9564888990615701,-2.6306172274357214,-0.0871976806286717,0
218397,-0.9507820248722056,-2.6047684443427177,-0.1012970168612192,0
218401,-0.9538033112077515,-2.615007248035401,-0.10784313725490195,0
218405,-0.9484321355001144,-2.617860685130083,-0.10784313725490195,0
218409,-0.9573281452658884,-2.62642099641413,-0.1093537804226749,0
218413,-0.9615243762874799,-2.618532082093538,-0.11589990081635766,0
218417,-0.9532997634851605,-2.632799267566949,-0.11069657434958419,0
218421,-0.9494392309452964,-2.618532082093538,-0.11203936827649347,0
218425,-0.9543068589303425,-2.6265888456549935,-0.11002517738612955,0
218428,-0.9543068589303425,-2.6220569161516747,-0.115732051575494,0
218432,-0.9534676127260242,-2.616517891203174,-0.11455710688944838,0
218436,-0.9569924467841611,-2.6146715495536736,-0.11287861448081178,0
218440,-0.9544747081712062,-2.630785076676585,-0.10599679560540169,0
218444,-0.9345006485084306,-2.6551232166018157,-0.10851453421835659,0
218448,-0.9541390096894788,-2.632799267566949,-0.11052872510872053,0
218452,-0.9469214923323415,-2.609636072327764,-0.10885023270008393,0
218456,-0.9482642862592507,-2.602082856488899,-0.10885023270008393,0
218460,-0.9454108491645685,-2.5884870679789422,-0.11002517738612955,0
218464,-0.9475928892957961,-2.5988937209124896,-0.0999542229343099,0
218468,-0.9504463263904783,-2.6227283131151293,-0.10112916762035554,0
218471,-0.9489356832227054,-2.6138323033493553,-0.10566109712367437,0
218475,-0.9452429999237049,-2.660326543068589,-0.10398260471503776,0
218479,-0.9472571908140688,-2.633806363012131,-0.10515754940108339,0
218483,-0.9460822461280232,-2.6093003738460365,-0.09710078583962768,0
218487,-0.9544747081712062,-2.628770885786221,-0.09206530861371785,0
218491,-0.9536354619668879,-2.618532082093538,-0.10717174029144731,0
218495,-0.9553139543755245,-2.6364919508659495,-0.10314335851071946,0
218499,-0.9504463263904783,-2.6410238803692683,-0.10599679560540169,0
218503,-0.9529640650034332,-2.6306172274357214,-0.10482185091935607,0
218507,-0.9536354619668879,-2.6153429465171283,-0.10566109712367437,0
218510,-0.9541390096894788,-2.6207141222247654,-0.11237506675822079,0
218514,-0.9675669489585718,-2.6331349660486763,-0.10314335851071946,0
218518,-0.9543068589303425,-2.627931639581903,-0.10633249408712901,0
218522,-0.9532997634851605,-2.637163347829404,-0.10331120775158312,0
218526,-0.9556496528572518,-2.6319600213626306,-0.10650034332799267,0
218530,-0.9514534218356603,-2.6161821927214466,-0.10700389105058365,0
218534,-0.9408789196612497,-2.6336385137712672,-0.1046540016784924,0
218538,-0.9459143968871595,-2.6103074692912185,-0.10314335851071946,0
218542,-0.9479285877775234,-2.620881971465629,-0.10515754940108339,0
218546,-0.9593423361562523,-2.627428091859312,-0.10079346913862822,0
218550,-0.9454108491645685,-2.5988937209124896,-0.09894712748912794,0
218553,-0.9551461051346608,-2.621889066910811,-0.09978637369344624,0
218557,-0.9519569695582513,-2.6220569161516747,-0.09575799191271839,0
218561,-0.9538033112077515,-2.627763790341039,-0.10230411230640116,0
218565,-0.9474250400549324,-2.6166857404440376,-0.09928282597085526,0
218569,-0.9489356832227054,-2.6146715495536736,-0.10196841382467384,0
218573,-0.9524605172808422,-2.6250782024872206,-0.09810788128480964,0
218577,-0.960013733119707,-2.6374990463111314,-0.09760433356221866,0
218581,-0.9561532005798428,-2.612993057145037,-0.10230411230640116,0
218585,-0.9519569695582513,-2.625413900968948,-0.11304646372167544,0
218589,-0.9519569695582513,-2.62642099641413,-0.10398260471503776,0
218593,-0.9512855725947966,-2.619874876020447,-0.09693293659876402,0
218596,-0.9499427786678873,-2.6215533684290837,-0.10364690623331044,0
218600,-0.9514534218356603,-2.6116502632181278,-0.12026398107881284,0
218604,-0.9685740444037537,-2.6388418402380407,-0.09676508735790035,0
218608,-0.9455786984054322,-2.6054398413061723,-0.10549324788281071,0
218612,-0.9553139543755245,-2.6265888456549935,-0.1046540016784924,0
218616,-0.9566567483024337,-2.618532082093538,-0.10247196154726482,0
218620,-0.9464179446097505,-2.612993057145037,-0.10163271534294652,0
218624,-0.9445716029602502,-2.6546196688792247,-0.09861142900740062,0
218628,-0.9474250400549324,-2.6294422827496757,-0.09441519798580911,0
218632,-0.9504463263904783,-2.638170443274586,-0.10482185091935607,0
218635,-0.9554818036163881,-2.638673990997177,-0.09307240405889983,0
218639,-0.951117723353933,-2.6227283131151293,-0.10280766002899214,0
218643,-0.9529640650034332,-2.6240711070420386,-0.10230411230640116,0
218647,-0.9531319142442969,-2.632295719844358,-0.10347905699244678,0
218651,-0.9504463263904783,-2.6413595788509956,-0.0991149767299916,0
218655,-0.9522926680399786,-2.619874876020447,-0.10415045395590142,0
218659,-0.951621271076524,-2.6131609063859007,-0.11942473487449454,0
218663,-0.950614175631342,-2.630281528953994,-0.10868238345922025,0
218667,-0.9559853513389791,-2.6452201113908598,-0.10616464484626535,0
218671,-0.9554818036163881,-2.644045166704814,-0.10801098649576561,0
218675,-0.950614175631342,-2.6448844129091325,-0.10498970016021973,0
218678,-0.9559853513389791,-2.6487449454489966,-0.10364690623331044,0
218682,-0.9529640650034332,-2.6349813076981765,-0.10280766002899214,0
218686,-0.9559853513389791,-2.6472343022812237,-0.0999542229343099,0
218690,-0.9454108491645685,-2.608628976882582,-0.10448615243762874,0
218694,-0.9667277027542535,-2.6522697795071335,-0.09844357976653696,0
218698,-0.9452429999237049,-2.6769436179140915,-0.11052872510872053,0
218702,-0.951621271076524,-2.6385061417563134,-0.09861142900740062,0
218706,-0.9492713817044327,-2.6326314183260853,-0.1029755092698558,0
218710,-0.9487678339818417,-2.618364232852674,-0.11002517738612955,0
218714,-0.9529640650034332,-2.6232318608377203,-0.08434424353398946,0
218718,-0.9781414511329823,-2.6373311970702678,-0.1029755092698558,0
218721,-0.9465857938506141,-2.6232318608377203,-0.10616464484626535,0
218725,-0.9507820248722056,-2.6052719920653087,-0.10079346913862822,0
218729,-0.9504463263904783,-2.6260852979324025,-0.10112916762035554,0
218733,-0.9534676127260242,-2.617021438925765,-0.10599679560540169,0
218737,-0.9465857938506141,-2.6138323033493553,-0.10767528801403829,0
218741,-0.9480964370183871,-2.602754253452354,-0.1012970168612192,0
218745,-0.9502784771496147,-2.614000152590219,-0.09861142900740062,0
218749,-0.9462500953688868,-2.6032578011749448,-0.10650034332799267,0
218753,-0.9482642862592507,-2.5973830777447167,-0.10112916762035554,0
218757,-0.9454108491645685,-2.5834515907530324,-0.10901808194094759,0
218761,-0.9507820248722056,-2.5868085755703056,-0.10062561989776454,0
218764,-0.9485999847409781,-2.6032578011749448,-0.10683604180971999,0
218768,-0.9494392309452964,-2.6042648966201267,-0.10851453421835659,0
218772,-0.9514534218356603,-2.6062790875104906,-0.11086442359044785,0
218776,-0.9526283665217059,-2.6103074692912185,-0.11690699626153964,0
218780,-0.9514534218356603,-2.6136644541084917,-0.10700389105058365,0
218784,-0.9630350194552528,-2.626253147173266,-0.10532539864194705,0
218788,-0.9524605172808422,-2.627763790341039,-0.10515754940108339,0
218792,-0.9524605172808422,-2.628770885786221,-0.10448615243762874,0
218796,-0.9541390096894788,-2.626756694895857,-0.10868238345922025,0
218800,-0.9479285877775234,-2.6270923933775845,-0.10045777065690088,0
218803,-0.9521248187991149,-2.6230640115968566,-0.09475089646753643,0
218807,-0.957999542229343,-2.6240711070420386,-0.10062561989776454,0
218811,-0.9485999847409781,-2.6176928358892195,-0.10566109712367437,0
218815,-0.951621271076524,-2.6141680018310827,-0.10549324788281071,0
218819,-0.950110627908751,-2.619371328297856,-0.10582894636453803,0
218823,-0.9568245975432974,-2.6133287556267644,-0.10650034332799267,0
218827,-0.9519569695582513,-2.623399710078584,-0.10163271534294652,0
218831,-0.950110627908751,-2.626924544136721,-0.11355001144426642,0
218835,-0.951117723353933,-2.61953917753872,-0.11539635309376668,0
218839,-0.9459143968871595,-2.604097047379263,-0.11220721751735713,0
218843,-0.9541390096894788,-2.618364232852674,-0.1012970168612192,0
218846,-0.9538033112077515,-2.623903257801175,-0.10549324788281071,0
218850,-0.9474250400549324,-2.6158464942397193,-0.1148928053711757,0
218854,-0.9499427786678873,-2.6260852979324025,-0.1029755092698558,0
218858,-0.951621271076524,-2.6146715495536736,-0.10431830319676508,0
218862,-0.9492713817044327,-2.6230640115968566,-0.10801098649576561,0
218866,-0.9472571908140688,-2.6138323033493553,-0.11103227283131151,0
218870,-0.9502784771496147,-2.6200427252613108,-0.11438925764858472,0
218874,-0.9423895628290226,-2.6499198901350423,-0.11422140840772106,0
218878,-0.9484321355001144,-2.6291065842679484,-0.10851453421835659,0
218882,-0.9527962157625696,-2.6232318608377203,-0.1029755092698558,0
218886,-0.9519569695582513,-2.6252460517280842,-0.10263981078812848,0
218875,,,,1
218889,-0.9455786984054322,-2.6014114595254445,-0.10515754940108339,0
218893,-0.9507820248722056,-2.5993972686350806,-0.07444113832303349,0
218897,-0.951621271076524,-2.5978866254673076,-0.09777218280308232,0
218901,-0.9492713817044327,-2.6176928358892195,-0.09038681620508125,0
218905,-0.9586709391927977,-2.635820553902495,-0.09760433356221866,0
218909,-0.9514534218356603,-2.620378423743038,-0.09575799191271839,0
218913,-0.9541390096894788,-2.6200427252613108,-0.09089036392767223,0
218917,-0.9521248187991149,-2.616014343480583,-0.09844357976653696,0
218921,-0.9556496528572518,-2.6296101319905394,-0.10180056458381018,0
218925,-0.9546425574120698,-2.64018463416495,-0.10599679560540169,0
218928,-0.9578316929884794,-2.6378347447928587,-0.10431830319676508,0
218932,-0.9551461051346608,-2.6405203326466773,-0.12714579995422293,0
218936,-0.9563210498207064,-2.616517891203174,-0.1362096589608606,0
218940,-0.9554818036163881,-2.63330281528954,-0.13302052338445106,0
218944,-0.9571602960250247,-2.632799267566949,-0.11673914702067598,0
218948,-0.9534676127260242,-2.6225604638742657,-0.08904402227817197,0
218952,-0.960013733119707,-2.6390096894789044,-0.07007705806057832,0
218956,-0.9497749294270237,-2.628770885786221,-0.08904402227817197,0
218960,-0.9566567483024337,-2.6176928358892195,-0.09726863508049134,0
218964,-0.9440680552376592,-2.6368276493476768,-0.13721675440604256,0
218968,-0.9415503166247043,-2.6462272068360417,-0.125131609063859,0
218971,-0.9512855725947966,-2.6245746547646296,-0.11203936827649347,0
218975,-0.9608529793240252,-2.6369954985885404,-0.1165712977798123,0
218979,-0.9546425574120698,-2.643038071259632,-0.11338216220340276,0
218983,-0.9524605172808422,-2.6380025940337224,-0.09458304722667277,0
218987,-0.9400396734569314,-2.6336385137712672,-0.1195925841153582,0
218991,-0.9405432211795224,-2.6398489356832227,-0.12446021210040435,0
218995,-0.9393682764934768,-2.650926985580224,-0.11287861448081178,0
218999,-0.9454108491645685,-2.610139620050355,-0.1187533379110399,0
219003,-0.9465857938506141,-2.6079575799191272,-0.11153582055390249,0
219007,-0.9534676127260242,-2.609132524605173,-0.10566109712367437,0
219011,-0.960013733119707,-2.6291065842679484,-0.10717174029144731,0
219014,-0.9682383459220264,-2.6326314183260853,-0.09961852445258258,0
219018,-0.9593423361562523,-2.6319600213626306,-0.10230411230640116,0
219022,-0.9628671702143892,-2.6294422827496757,-0.09760433356221866,0
219026,-0.9534676127260242,-2.6202105745021744,-0.1012970168612192,0
219030,-0.9559853513389791,-2.644548714427405,-0.09810788128480964,0
219034,-0.9534676127260242,-2.6240711070420386,-0.10431830319676508,0
219038,-0.9514534218356603,-2.615007248035401,-0.10415045395590142,0
219042,-0.9521248187991149,-2.6126573586633097,-0.10448615243762874,0
219046,-0.9611886778057526,-2.6395132372014953,-0.10431830319676508,0
219050,-0.951621271076524,-2.620378423743038,-0.10968947890440223,0
219054,-0.9532997634851605,-2.6291065842679484,-0.12328526741435873,0
219057,-0.9536354619668879,-2.6222247653925383,-0.10985732814526589,0
219061,-0.9549782558937971,-2.6227283131151293,-0.11522850385290302,0
219065,-0.9507820248722056,-2.6049362935835814,-0.10096131837949188,0
219069,-0.9677347981994354,-2.6202105745021744,-0.10012207217517356,0
219073,-0.9499427786678873,-2.6245746547646296,-0.08535133897917144,0
219077,-0.957999542229343,-2.630785076676585,-0.10549324788281071,0
219081,-0.9539711604486152,-2.6314564736400397,-0.10532539864194705,0
219085,-0.9499427786678873,-2.6304493781948577,-0.09861142900740062,0
219089,-0.9616922255283435,-2.6230640115968566,-0.10112916762035554,0
219093,-0.950110627908751,-2.6217212176699474,-0.09391165026321813,0
219096,-0.9561532005798428,-2.6064469367513543,-0.10398260471503776,0
219100,-0.950614175631342,-2.627260242618448,-0.10616464484626535,0
219104,-0.9563210498207064,-2.6133287556267644,-0.10985732814526589,0
219108,-0.9482642862592507,-2.602082856488899,-0.11271076523994812,0
219112,-0.9499427786678873,-2.6207141222247654,-0.1093537804226749,0
219116,-0.9512855725947966,-2.6158464942397193,-0.10817883573662927,0
219120,-0.94960708018616,-2.6103074692912185,-0.11120012207217517,0
219124,-0.9494392309452964,-2.6131609063859007,-0.10398260471503776,0
219128,-0.9452429999237049,-2.6583123521782253,-0.10952162966353857,0
219132,-0.9474250400549324,-2.6304493781948577,-0.10733958953231097,0
219136,-0.9457465476462958,-2.609971770809491,-0.10650034332799267,0
219139,-0.9467536430914778,-2.602250705729763,-0.1165712977798123,0
219143,-0.9487678339818417,-2.6072861829556726,-0.12429236285954069,0
219147,-0.9450751506828412,-2.6556267643244067,-0.11052872510872053,0
219151,-0.9571602960250247,-2.6428702220187685,-0.11120012207217517,0
219155,-0.9531319142442969,-2.641695277332723,-0.10750743877317463,0
219159,-0.9462500953688868,-2.6143358510719463,-0.10532539864194705,0
219163,-0.9445716029602502,-2.652941176470588,-0.09491874570840009,0
219167,-0.9517891203173876,-2.64018463416495,-0.10968947890440223,0
219171,-0.9526283665217059,-2.6336385137712672,-0.10717174029144731,0
219175,-0.957495994506752,-2.621889066910811,-0.09945067521171892,0
219179,-0.9534676127260242,-2.6161821927214466,-0.10280766002899214,0
219182,-0.9405432211795224,-2.638170443274586,-0.10566109712367437,0
219186,-0.9499427786678873,-2.63330281528954,-0.10146486610208286,0
219190,-0.9558175020981154,-2.646562905317769,-0.10784313725490195,0
219194,-0.9605172808422979,-2.6504234378576332,-0.1012970168612192,0
219198,-0.9539711604486152,-2.637163347829404,-0.1132143129625391,0
219202,-0.9534676127260242,-2.6227283131151293,-0.10566109712367437,0
219206,-0.9543068589303425,-2.6247425040054932,-0.09340810254062715,0
219210,-0.9539711604486152,-2.625749599450675,-0.10163271534294652,0
219214,-0.9539711604486152,-2.6275959411001755,-0.10767528801403829,0
219218,-0.9519569695582513,-2.627428091859312,-0.11187151903562981,0
219221,-0.9541390096894788,-2.626756694895857,-0.11908903639276722,0
219225,-0.9526283665217059,-2.624406805523766,-0.11539635309376668,0
219229,-0.9553139543755245,-2.6359884031433585,-0.09626153963530937,0
219233,-0.9541390096894788,-2.6306172274357214,-0.10784313725490195,0
219237,-0.9517891203173876,-2.626253147173266,-0.08954757000076295,0
219241,-0.94960708018616,-2.618364232852674,-0.0982757305256733,0
219245,-0.9452429999237049,-2.6578088044556343,-0.10582894636453803,0
219249,-0.9418860151064317,-2.661501487754635,-0.10868238345922025,0
219253,-0.9507820248722056,-2.617357137407492,-0.0999542229343099,0
219257,-0.9531319142442969,-2.6324635690852216,-0.11556420233463034,0
219261,-0.9527962157625696,-2.6245746547646296,-0.1204318303196765,0
219264,-0.9482642862592507,-2.609132524605173,-0.11673914702067598,0
219268,-0.9521248187991149,-2.6074540321965363,-0.1204318303196765,0
219272,-0.9479285877775234,-2.6176928358892195,-0.10683604180971999,0
219276,-0.9524605172808422,-2.6240711070420386,-0.10700389105058365,0
219280,-0.9553139543755245,-2.6369954985885404,-0.10834668497749293,0
219284,-0.9643778133821621,-2.6369954985885404,-0.10331120775158312,0
219288,-0.9522926680399786,-2.623903257801175,-0.09542229343099107,0
219292,-0.9428931105516136,-2.637163347829404,-0.1012970168612192,0
219296,-0.9445716029602502,-2.6626764324406804,-0.1046540016784924,0
219300,-0.949103532463569,-2.642198825055314,-0.10498970016021973,0
219304,-0.9531319142442969,-2.6443808651865415,-0.1029755092698558,0
219307,-0.9605172808422979,-2.6428702220187685,-0.10331120775158312,0
219311,-0.9536354619668879,-2.6280994888227664,-0.10012207217517356,0
219315,-0.9492713817044327,-2.6311207751583123,-0.10666819256885633,0
219319,-0.9529640650034332,-2.62826733806363,-0.11103227283131151,0
219323,-0.9512855725947966,-2.6220569161516747,-0.12462806134126803,0
219327,-0.9524605172808422,-2.6240711070420386,-0.11002517738612955,0
219331,-0.9512855725947966,-2.6161821927214466,-0.10750743877317463,0
219335,-0.9527962157625696,-2.6171892881666285,-0.10566109712367437,0
219339,-0.960013733119707,-2.636324101625086,-0.11438925764858472,0
219343,-0.9573281452658884,-2.6319600213626306,-0.10650034332799267,0
219347,-0.9539711604486152,-2.631288624399176,-0.10515754940108339,0
219350,-0.9539711604486152,-2.6280994888227664,-0.11170366979476615,0
219354,-0.9492713817044327,-2.6235675593194476,-0.09777218280308232,0
219358,-0.9576638437476157,-2.621889066910811,-0.10364690623331044,0
219362,-0.9479285877775234,-2.625749599450675,-0.10482185091935607,0
219366,-0.9480964370183871,-2.6074540321965363,-0.11036087586785687,0
219370,-0.9527962157625696,-2.6158464942397193,-0.10952162966353857,0
219374,-0.9578316929884794,-2.623903257801175,-0.1046540016784924,0
219378,-0.9517891203173876,-2.620881971465629,-0.097436484321355,0
219382,-0.9554818036163881,-2.6289387350270847,-0.10851453421835659,0
219386,-0.9536354619668879,-2.622896162355993,-0.10482185091935607,0
219389,-0.9464179446097505,-2.6161821927214466,-0.09559014267185473,0
219393,-0.9512855725947966,-2.6123216601815824,-0.10582894636453803,0
219397,-0.9519569695582513,-2.6205462729839017,-0.10062561989776454,0
219401,-0.9546425574120698,-2.6326314183260853,-0.10482185091935607,0
219405,-0.9492713817044327,-2.627260242618448,-0.097436484321355,0
219409,-0.9504463263904783,-2.634309910734722,-0.10767528801403829,0
219413,-0.9489356832227054,-2.6200427252613108,-0.10683604180971999,0
219417,-0.9554818036163881,-2.632295719844358,-0.10566109712367437,0
219421,-0.9573281452658884,-2.627931639581903,-0.10566109712367437,0
219425,-0.9397039749752041,-2.65898374914168,-0.10045777065690088,0
219429,-0.9546425574120698,-2.642198825055314,-0.10700389105058365,0
219432,-0.9546425574120698,-2.642198825055314,-0.11892118715190356,0
219436,-0.9548104066529335,-2.6334706645304036,-0.10280766002899214,0
219440,-0.9487678339818417,-2.622896162355993,-0.10901808194094759,0
219444,-0.9457465476462958,-2.608628976882582,-0.10666819256885633,0
219448,-0.9497749294270237,-2.6217212176699474,-0.10633249408712901,0
219452,-0.9484321355001144,-2.6156786449988556,-0.10347905699244678,0
219456,-0.950614175631342,-2.630785076676585,-0.10331120775158312,0
219460,-0.9543068589303425,-2.6275959411001755,-0.10683604180971999,0
219464,-0.9559853513389791,-2.64706645304036,-0.10784313725490195,0
219468,-0.9581673914702067,-2.634142061493858,-0.10817883573662927,0
219472,-0.950614175631342,-2.6369954985885404,-0.10331120775158312,0
219475,-0.9526283665217059,-2.6324635690852216,-0.10733958953231097,0
219479,-0.9573281452658884,-2.6334706645304036,-0.10733958953231097,0
219483,-0.9485999847409781,-2.6143358510719463,-0.1021362630655375,0
219487,-0.9524605172808422,-2.6197070267795834,-0.11187151903562981,0
219491,-0.9519569695582513,-2.6225604638742657,-0.10801098649576561,0
219495,-0.9462500953688868,-2.6059433890287633,-0.10767528801403829,0
219499,-0.942221713588159,-2.6393453879606317,-0.10448615243762874,0
219503,-0.9559853513389791,-2.6443808651865415,-0.10599679560540169,0
219507,-0.9442359044785229,-2.654955367360952,-0.10079346913862822,0
219511,-0.9477607385366598,-2.6408560311284046,-0.10582894636453803,0
219514,-0.9512855725947966,-2.6270923933775845,-0.10347905699244678,0
219518,-0.9531319142442969,-2.635652704661631,-0.10952162966353857,0
219522,-0.951117723353933,-2.6222247653925383,-0.10196841382467384,0
219526,-0.951117723353933,-2.617524986648356,-0.10096131837949188,0
219530,-0.9544747081712062,-2.6294422827496757,-0.10717174029144731,0
219534,-0.9519569695582513,-2.6265888456549935,-0.10968947890440223,0
219538,-0.9541390096894788,-2.62642099641413,-0.10079346913862822,0
219542,-0.9457465476462958,-2.608125429159991,-0.10952162966353857,0
219546,-0.9529640650034332,-2.6153429465171283,-0.10096131837949188,0
219550,-0.9439002059967956,-2.6527733272297245,-0.1101930266269932,0
219554,-0.9519569695582513,-2.6378347447928587,-0.10079346913862822,0
219557,-0.9521248187991149,-2.6181963836118105,-0.10851453421835659,0
219561,-0.9507820248722056,-2.60074006256199,-0.11455710688944838,0
219565,-0.9548104066529335,-2.6143358510719463,-0.10599679560540169,0
219569,-0.9563210498207064,-2.6042648966201267,-0.10885023270008393,0
219573,-0.9509498741130693,-2.597718776226444,-0.11539635309376668,0
219577,-0.9449073014419775,-2.6395132372014953,-0.11052872510872053,0
219581,-0.9514534218356603,-2.6227283131151293,-0.10851453421835659,0
219585,-0.951621271076524,-2.612993057145037,-0.11371786068513008,0
219589,-0.9403753719386587,-2.635820553902495,-0.10112916762035554,0
219593,-0.9497749294270237,-2.6354848554207675,-0.10566109712367437,0
219597,-0.9529640650034332,-2.62642099641413,-0.11522850385290302,0
219600,-0.9454108491645685,-2.59570458533608,-0.11153582055390249,0
219604,-0.9524605172808422,-2.6158464942397193,-0.10415045395590142,0
219608,-0.9475928892957961,-2.6121538109407187,-0.10582894636453803,0
219612,-0.9482642862592507,-2.6054398413061723,-0.11120012207217517,0
219616,-0.9499427786678873,-2.616517891203174,-0.1101930266269932,0
219620,-0.9521248187991149,-2.6116502632181278,-0.11120012207217517,0
219624,-0.9593423361562523,-2.6247425040054932,-0.11052872510872053,0
219628,-0.9522926680399786,-2.6186999313344015,-0.1101930266269932,0
219632,-0.9494392309452964,-2.6171892881666285,-0.10230411230640116,0
219636,-0.9509498741130693,-2.6000686655985352,-0.10498970016021973,0
219640,-0.9514534218356603,-2.6059433890287633,-0.10498970016021973,0
219643,-0.9527962157625696,-2.615510795757992,-0.10431830319676508,0
219647,-0.9479285877775234,-2.6197070267795834,-0.1021362630655375,0
219651,-0.9309758144502936,-2.6314564736400397,-0.10582894636453803,0
219655,-0.9502784771496147,-2.630281528953994,-0.10700389105058365,0
219659,-0.950110627908751,-2.626756694895857,-0.10163271534294652,0
219663,-0.9509498741130693,-2.608964675364309,-0.1038147554741741,0
219667,-0.951117723353933,-2.6108110170138095,-0.10482185091935607,0
219671,-0.951621271076524,-2.6082932784008546,-0.11187151903562981,0
219675,-0.951621271076524,-2.6077897306782636,-0.10582894636453803,0
219679,-0.9529640650034332,-2.618028534370947,-0.10750743877317463,0
219682,-0.950614175631342,-2.6304493781948577,-0.10398260471503776,0
219686,-0.9539711604486152,-2.6301136797131304,-0.10566109712367437,0
219690,-0.9502784771496147,-2.62826733806363,-0.10331120775158312,0
219694,-0.9502784771496147,-2.618867780575265,-0.09240100709544517,0
219698,-0.9527962157625696,-2.6212176699473564,-0.10515754940108339,0
219702,-0.9603494316014343,-2.627428091859312,-0.11304646372167544,0
219706,-0.9517891203173876,-2.625749599450675,-0.10750743877317463,0
219710,-0.9444037537193866,-2.656466010528725,-0.10599679560540169,0
219714,-0.9538033112077515,-2.642702372777905,-0.1093537804226749,0
219718,-0.957999542229343,-2.635652704661631,-0.11086442359044785,0
219722,-0.9512855725947966,-2.6260852979324025,-0.10398260471503776,0
219725,-0.9549782558937971,-2.6240711070420386,-0.10952162966353857,0
219729,-0.9544747081712062,-2.6368276493476768,-0.10901808194094759,0
219733,-0.9524605172808422,-2.6291065842679484,-0.10096131837949188,0
219737,-0.9499427786678873,-2.627763790341039,-0.10230411230640116,0
219741,-0.9365148393987945,-2.6383382925154497,-0.11304646372167544,0
219745,-0.9532997634851605,-2.641191729610132,-0.10599679560540169,0
219749,-0.9519569695582513,-2.63330281528954,-0.1046540016784924,0
219753,-0.9517891203173876,-2.6306172274357214,-0.06722362096589608,0
219757,-0.9519569695582513,-2.62642099641413,-0.10750743877317463,0
219761,-0.9558175020981154,-2.6474021515220874,-0.10364690623331044,0
219765,-0.9554818036163881,-2.6433737697413595,-0.10448615243762874,0
219733,,,,1
219768,-0.9536354619668879,-2.6260852979324025,-0.10230411230640116,0
219772,-0.9543068589303425,-2.626924544136721,-0.0999542229343099,0
219776,-0.9452429999237049,-2.6641870756084534,-0.09542229343099107,0
219780,-0.94960708018616,-2.6339742122529946,-0.10566109712367437,0
219784,-0.9479285877775234,-2.6336385137712672,-0.10448615243762874,0
219788,-0.9526283665217059,-2.6319600213626306,-0.0999542229343099,0
219792,-0.9521248187991149,-2.617524986648356,-0.10347905699244678,0
219796,-0.950110627908751,-2.6202105745021744,-0.09055466544594491,0
219800,-0.9497749294270237,-2.6260852979324025,-0.09978637369344624,0
219804,-0.9546425574120698,-2.636659800106813,-0.10163271534294652,0
219807,-0.951621271076524,-2.6210498207064927,-0.12748149843595025,0
219811,-0.9551461051346608,-2.634142061493858,-0.13134203097581446,0
219815,-0.9455786984054322,-2.6042648966201267,-0.12999923704890515,0
219819,-0.9485999847409781,-2.608964675364309,-0.1148928053711757,0
219823,-0.9460822461280232,-2.5968795300221257,-0.08266575112535286,0
219827,-0.951621271076524,-2.6014114595254445,-0.06504158083466849,0
219831,-0.9365148393987945,-2.627428091859312,-0.0816586556801709,0
219835,-0.9499427786678873,-2.6265888456549935,-0.10599679560540169,0
219839,-0.9454108491645685,-2.5988937209124896,-0.1195925841153582,0
219843,-0.9539711604486152,-2.6166857404440376,-0.12496375982299535,0
219847,-0.9548104066529335,-2.6235675593194476,-0.11422140840772106,0
219850,-0.9598458838788433,-2.639177538719768,-0.10482185091935607,0
219854,-0.9568245975432974,-2.622392614633402,-0.10901808194094759,0
219858,-0.950614175631342,-2.6339742122529946,-0.11472495613031204,0
219862,-0.9386968795300221,-2.6390096894789044,-0.11170366979476615,0
219866,-0.9381933318074311,-2.6388418402380407,-0.11606775005722132,0
219870,-0.9455786984054322,-2.601579308766308,-0.11371786068513008,0
219874,-0.9482642862592507,-2.5965438315403984,-0.10650034332799267,0
219878,-0.9484321355001144,-2.6029221026932174,-0.11254291599908445,0
219882,-0.9543068589303425,-2.6156786449988556,-0.10868238345922025,0
219886,-0.9571602960250247,-2.6280994888227664,-0.10280766002899214,0
219890,-0.9638742656595711,-2.6453879606317234,-0.0991149767299916,0
219893,-0.9598458838788433,-2.6482413977264057,-0.09659723811703669,0
219897,-0.9576638437476157,-2.6247425040054932,-0.10028992141603722,0
219901,-0.9640421149004348,-2.65210193026627,-0.10885023270008393,0
219905,-0.9527962157625696,-2.634645609216449,-0.10146486610208286,0
219909,-0.9462500953688868,-2.612993057145037,-0.10566109712367437,0
219913,-0.9502784771496147,-2.6205462729839017,-0.10733958953231097,0
219917,-0.9517891203173876,-2.6230640115968566,-0.10733958953231097,0
219921,-0.9454108491645685,-2.5965438315403984,-0.10985732814526589,0
219925,-0.9610208285648889,-2.6220569161516747,-0.11136797131303883,0
219929,-0.9549782558937971,-2.623903257801175,-0.11036087586785687,0
219933,-0.9553139543755245,-2.6405203326466773,-0.1093537804226749,0
219936,-0.9603494316014343,-2.639177538719768,-0.10985732814526589,0
219940,-0.9573281452658884,-2.6331349660486763,-0.10801098649576561,0
219944,-0.9539711604486152,-2.6344777599755855,-0.10045777065690088,0
219948,-0.9601815823605706,-2.6309529259174487,-0.10431830319676508,0
219952,-0.9536354619668879,-2.619371328297856,-0.08971541924162661,0
219956,-0.9536354619668879,-2.614000152590219,-0.10415045395590142,0
219960,-0.9558175020981154,-2.6418631265735866,-0.10398260471503776,0
219964,-0.94960708018616,-2.6222247653925383,-0.09659723811703669,0
219968,-0.9543068589303425,-2.6240711070420386,-0.10448615243762874,0
219972,-0.9502784771496147,-2.6232318608377203,-0.11422140840772106,0
219975,-0.9514534218356603,-2.616517891203174,-0.11455710688944838,0
219979,-0.9440680552376592,-2.644045166704814,-0.11254291599908445,0
219983,-0.9430609597924773,-2.6573052567330433,-0.11338216220340276,0
219987,-0.9398718242160677,-2.6695582513160905,-0.11438925764858472,0
219991,-0.9591744869153886,-2.6507591363393606,-0.10180056458381018,0
219995,-0.9465857938506141,-2.6284351873044938,-0.11724269474326696,0
219999,-0.9351720454718853,-2.6311207751583123,-0.10616464484626535,0
220003,-0.9470893415732051,-2.6192034790569925,-0.10482185091935607,0
220007,-0.9462500953688868,-2.6052719920653087,-0.11808194094758526,0
220011,-0.9341649500267033,-2.634142061493858,-0.11254291599908445,0
220015,-0.9465857938506141,-2.6176928358892195,-0.10968947890440223,0
220018,-0.9559853513389791,-2.6410238803692683,-0.10985732814526589,0
220022,-0.9524605172808422,-2.631792172121767,-0.1046540016784924,0
220026,-0.9534676127260242,-2.6225604638742657,-0.11002517738612955,0
220030,-0.9538033112077515,-2.6296101319905394,-0.10817883573662927,0
220034,-0.951621271076524,-2.6186999313344015,-0.10868238345922025,0
220038,-0.9519569695582513,-2.620881971465629,-0.10733958953231097,0
220042,-0.9450751506828412,-2.664354924849317,-0.10331120775158312,0
220046,-0.9507820248722056,-2.6212176699473564,-0.10431830319676508,0
220050,-0.9459143968871595,-2.6087968261234455,-0.10347905699244678,0
220054,-0.9484321355001144,-2.6128252079041734,-0.11455710688944838,0
220058,-0.9527962157625696,-2.6176928358892195,-0.10163271534294652,0
220061,-0.9556496528572518,-2.634645609216449,-0.10331120775158312,0
220065,-0.9509498741130693,-2.6067826352330816,-0.11355001144426642,0
220069,-0.9526283665217059,-2.616517891203174,-0.09794003204394598,0
220073,-0.9558175020981154,-2.6418631265735866,-0.09642938887617303,0
220077,-0.951621271076524,-2.6202105745021744,-0.10280766002899214,0
220081,-0.9673990997177081,-2.631792172121767,-0.0991149767299916,0
220085,-0.9499427786678873,-2.6291065842679484,-0.10717174029144731,0
220089,-0.9610208285648889,-2.6393453879606317,-0.11640344853894864,0
220093,-0.9534676127260242,-2.6260852979324025,-0.11942473487449454,0
220097,-0.9504463263904783,-2.634645609216449,-0.10952162966353857,0
220100,-0.9408789196612497,-2.6428702220187685,-0.09777218280308232,0
220104,-0.9583352407110703,-2.6349813076981765,-0.08736552986953536,0
220108,-0.9549782558937971,-2.631792172121767,-0.08937972075989929,0
220112,-0.951117723353933,-2.6242389562829023,-0.09945067521171892,0
220116,-0.949103532463569,-2.622392614633402,-0.10918593118181125,0
220120,-0.9480964370183871,-2.6062790875104906,-0.11254291599908445,0
220124,-0.951621271076524,-2.609132524605173,-0.11271076523994812,0
220128,-0.9583352407110703,-2.6222247653925383,-0.11606775005722132,0
220132,-0.9548104066529335,-2.624406805523766,-0.11808194094758526,0
220136,-0.9489356832227054,-2.608125429159991,-0.1204318303196765,0
220140,-0.9509498741130693,-2.601579308766308,-0.115732051575494,0
220143,-0.9484321355001144,-2.6072861829556726,-0.10280766002899214,0
220147,-0.9605172808422979,-2.63330281528954,-0.1021362630655375,0
220151,-0.9553139543755245,-2.6398489356832227,-0.10263981078812848,0
220155,-0.9558175020981154,-2.649584191653315,-0.10314335851071946,0
220159,-0.9546425574120698,-2.6452201113908598,-0.10180056458381018,0
220163,-0.9454108491645685,-2.6084611276417182,-0.11069657434958419,0
220167,-0.9464179446097505,-2.6077897306782636,-0.10028992141603722,0
220171,-0.9734416723887999,-2.638170443274586,-0.10045777065690088,0
220175,-0.949103532463569,-2.635652704661631,-0.1046540016784924,0
220179,-0.94960708018616,-2.6217212176699474,-0.10599679560540169,0
220183,-0.9526283665217059,-2.6240711070420386,-0.10364690623331044,0
220186,-0.9546425574120698,-2.635652704661631,-0.0982757305256733,0
220190,-0.9454108491645685,-2.6057755397878997,-0.09961852445258258,0
220194,-0.9573281452658884,-2.6166857404440376,-0.11438925764858472,0
220198,-0.9549782558937971,-2.620881971465629,-0.11170366979476615,0
220202,-0.9563210498207064,-2.6094682230869,-0.10314335851071946,0
220206,-0.9543068589303425,-2.617860685130083,-0.1093537804226749,0
220210,-0.9601815823605706,-2.625917448691539,-0.10314335851071946,0
220214,-0.9586709391927977,-2.6383382925154497,-0.11271076523994812,0
220218,-0.9526283665217059,-2.6321278706034943,-0.11187151903562981,0
220222,-0.9350041962310216,-2.636324101625086,-0.10784313725490195,0
220226,-0.9499427786678873,-2.632799267566949,-0.11170366979476615,0
220229,-0.9504463263904783,-2.6388418402380407,-0.10885023270008393,0
220233,-0.9482642862592507,-2.610643167772946,-0.10062561989776454,0
220237,-0.9425574120698863,-2.6502555886167696,-0.10566109712367437,0
220241,-0.9479285877775234,-2.6364919508659495,-0.10515754940108339,0
220245,-0.9499427786678873,-2.635317006179904,-0.10868238345922025,0
220249,-0.9556496528572518,-2.635652704661631,-0.10163271534294652,0
220253,-0.9512855725947966,-2.6212176699473564,-0.0999542229343099,0
220257,-0.9479285877775234,-2.6247425040054932,-0.10666819256885633,0
220261,-0.9650492103456169,-2.634813458457313,-0.10028992141603722,0
220265,-0.9487678339818417,-2.626253147173266,-0.11237506675822079,0
220268,-0.9524605172808422,-2.6286030365453574,-0.1038147554741741,0
220272,-0.950614175631342,-2.637666895551995,-0.10431830319676508,0
220276,-0.9538033112077515,-2.6309529259174487,-0.10482185091935607,0
220280,-0.9517891203173876,-2.6339742122529946,-0.09508659494926375,0
220284,-0.9549782558937971,-2.6296101319905394,-0.10851453421835659,0
220288,-0.9487678339818417,-2.6186999313344015,-0.1132143129625391,0
220292,-0.9553139543755245,-2.636659800106813,-0.10700389105058365,0
220296,-0.9546425574120698,-2.6395132372014953,-0.10263981078812848,0
220300,-0.957495994506752,-2.62642099641413,-0.10968947890440223,0
220304,-0.9559853513389791,-2.6438773174639505,-0.10750743877317463,0
220308,-0.9546425574120698,-2.6400167849240863,-0.10885023270008393,0
220311,-0.9532997634851605,-2.640688181887541,-0.10431830319676508,0
220315,-0.9625314717326618,-2.6408560311284046,-0.10347905699244678,0
220319,-0.9524605172808422,-2.6324635690852216,-0.10096131837949188,0
220323,-0.9507820248722056,-2.609132524605173,-0.10918593118181125,0
220327,-0.9548104066529335,-2.6205462729839017,-0.10784313725490195,0
220331,-0.94960708018616,-2.618532082093538,-0.09642938887617303,0
220335,-0.9524605172808422,-2.6227283131151293,-0.11136797131303883,0
220339,-0.9534676127260242,-2.615007248035401,-0.10515754940108339,0
220343,-0.9450751506828412,-2.661333638513771,-0.09559014267185473,0
220347,-0.9536354619668879,-2.634142061493858,-0.10952162966353857,0
220351,-0.9618600747692072,-2.6301136797131304,-0.09928282597085526,0
220354,-0.9534676127260242,-2.6225604638742657,-0.10482185091935607,0
220358,-0.9566567483024337,-2.617021438925765,-0.10062561989776454,0
220362,-0.9437323567559319,-2.6512626840619515,-0.10784313725490195,0
220366,-0.9469214923323415,-2.6171892881666285,-0.10801098649576561,0
220370,-0.9442359044785229,-2.649584191653315,-0.09357595178149081,0
220374,-0.94960708018616,-2.6220569161516747,-0.10415045395590142,0
220378,-0.9472571908140688,-2.6128252079041734,-0.10532539864194705,0
220382,-0.9517891203173876,-2.620378423743038,-0.10398260471503776,0
220386,-0.9504463263904783,-2.6304493781948577,-0.1140535591668574,0
220390,-0.9497749294270237,-2.6324635690852216,-0.10498970016021973,0
220393,-0.9512855725947966,-2.6220569161516747,-0.1029755092698558,0
220397,-0.9509498741130693,-2.6062790875104906,-0.1038147554741741,0
220401,-0.9549782558937971,-2.620378423743038,-0.09978637369344624,0
220405,-0.9521248187991149,-2.6118181124589914,-0.10045777065690088,0
220409,-0.9539711604486152,-2.6225604638742657,-0.10968947890440223,0
220413,-0.9526283665217059,-2.625917448691539,-0.10415045395590142,0
220417,-0.9489356832227054,-2.6161821927214466,-0.1046540016784924,0
220421,-0.9474250400549324,-2.6121538109407187,-0.10247196154726482,0
220425,-0.9524605172808422,-2.620881971465629,-0.10448615243762874,0
220429,-0.9509498741130693,-2.6067826352330816,-0.10650034332799267,0
220433,-0.9538033112077515,-2.6158464942397193,-0.11069657434958419,0
220436,-0.9494392309452964,-2.613496604867628,-0.09491874570840009,0
220440,-0.9494392309452964,-2.6062790875104906,-0.10801098649576561,0
220444,-0.9507820248722056,-2.5999008163576716,-0.10364690623331044,0
220448,-0.9454108491645685,-2.588654917219806,-0.10028992141603722,0
220452,-0.9586709391927977,-2.618028534370947,-0.09491874570840009,0
220456,-0.9442359044785229,-2.6374990463111314,-0.10616464484626535,0
220460,-0.9553139543755245,-2.6452201113908598,-0.08854047455558098,0
220464,-0.9485999847409781,-2.6255817502098115,-0.11237506675822079,0
220468,-0.9484321355001144,-2.619874876020447,-0.11136797131303883,0
220472,-0.9494392309452964,-2.6186999313344015,-0.10028992141603722,0
220476,-0.950110627908751,-2.6153429465171283,-0.10314335851071946,0
220479,-0.9348363469901579,-2.6146715495536736,-0.10851453421835659,0
220483,-0.9454108491645685,-2.5948653391317618,-0.10263981078812848,0
220487,-0.9457465476462958,-2.5940260929274435,-0.10180056458381018,0
220491,-0.957495994506752,-2.6049362935835814,-0.10263981078812848,0
220495,-0.9524605172808422,-2.6181963836118105,-0.1021362630655375,0
220499,-0.94272526131075,-2.6400167849240863,-0.10230411230640116,0
220503,-0.9452429999237049,-2.6700617990386815,-0.10331120775158312,0
220507,-0.9475928892957961,-2.632799267566949,-0.10633249408712901,0
220511,-0.9630350194552528,-2.6336385137712672,-0.10532539864194705,0
220515,-0.9499427786678873,-2.6316243228809033,-0.11036087586785687,0
220519,-0.9556496528572518,-2.6380025940337224,-0.11052872510872053,0
220522,-0.9573281452658884,-2.632799267566949,-0.10582894636453803,0
220526,-0.9432288090333409,-2.6532768749523155,-0.11036087586785687,0
220530,-0.9492713817044327,-2.6324635690852216,-0.1148928053711757,0
220534,-0.9494392309452964,-2.6252460517280842,-0.10532539864194705,0
220538,-0.9546425574120698,-2.635317006179904,-0.10801098649576561,0
220542,-0.9386968795300221,-2.6385061417563134,-0.10263981078812848,0
220546,-0.949103532463569,-2.6304493781948577,-0.10180056458381018,0
220550,-0.9489356832227054,-2.620378423743038,-0.08081940947585259,0
220554,-0.9541390096894788,-2.619371328297856,-0.10952162966353857,0
220558,-0.9507820248722056,-2.603593499656672,-0.10498970016021973,0
220561,-0.9536354619668879,-2.609971770809491,-0.11086442359044785,0
220565,-0.9551461051346608,-2.6299458304722667,-0.10750743877317463,0
220569,-0.9489356832227054,-2.617860685130083,-0.10733958953231097,0
220573,-0.951621271076524,-2.614000152590219,-0.10733958953231097,0
220577,-0.9603494316014343,-2.6255817502098115,-0.10515754940108339,0
220581,-0.9544747081712062,-2.637666895551995,-0.09726863508049134,0
220585,-0.9531319142442969,-2.6383382925154497,-0.10700389105058365,0
220589,-0.9558175020981154,-2.651934081025406,-0.10834668497749293,0
220593,-0.9519569695582513,-2.6388418402380407,-0.11673914702067598,0
220597,-0.9569924467841611,-2.624406805523766,-0.10868238345922025,0
220601,-0.9507820248722056,-2.6069504844739453,-0.10868238345922025,0
220604,-0.951117723353933,-2.6087968261234455,-0.10599679560540169,0
220608,-0.951621271076524,-2.609132524605173,-0.10549324788281071,0
220612,-0.9553139543755245,-2.6227283131151293,-0.11120012207217517,0
220616,-0.9538033112077515,-2.626253147173266,-0.11455710688944838,0
220620,-0.9469214923323415,-2.599732967116808,-0.11942473487449454,0
220612,,,,1
220624,-0.9522926680399786,-2.6074540321965363,-0.10650034332799267,0
220628,-0.9492713817044327,-2.619035629816129,-0.10599679560540169,0
220632,-0.9469214923323415,-2.6004043640802625,-0.10263981078812848,0
220636,-0.9452429999237049,-2.6566338597695887,-0.10918593118181125,0
220640,-0.9532997634851605,-2.650591287098497,-0.09105821316853589,0
220644,-0.9454108491645685,-2.610643167772946,-0.10532539864194705,0
220647,-0.9576638437476157,-2.610643167772946,-0.10985732814526589,0
220651,-0.9467536430914778,-2.6047684443427177,-0.1029755092698558,0
220655,-0.9532997634851605,-2.6245746547646296,-0.10767528801403829,0
220659,-0.9561532005798428,-2.608125429159991,-0.10163271534294652,0
220663,-0.9553139543755245,-2.63514915693904,-0.10314335851071946,0
220667,-0.9569924467841611,-2.6235675593194476,-0.10280766002899214,0
220671,-0.9358434424353399,-2.639177538719768,-0.1029755092698558,0
220675,-0.9512855725947966,-2.6197070267795834,-0.10012207217517356,0
220679,-0.9553139543755245,-2.6344777599755855,-0.10079346913862822,0
220683,-0.9526283665217059,-2.642198825055314,-0.09642938887617303,0
220686,-0.9532997634851605,-2.6383382925154497,-0.10045777065690088,0
220690,-0.942221713588159,-2.6591515983825436,-0.10750743877317463,0
220694,-0.9502784771496147,-2.6400167849240863,-0.10180056458381018,0
220698,-0.9546425574120698,-2.6413595788509956,-0.09810788128480964,0
220702,-0.9563210498207064,-2.6163500419623102,-0.10750743877317463,0
220706,-0.9623636224917982,-2.6230640115968566,-0.08820477607385366,0
220710,-0.9598458838788433,-2.630785076676585,-0.13604180971999694,0
220714,-0.9457465476462958,-2.610643167772946,-0.13553826199740596,0
220718,-0.950110627908751,-2.6212176699473564,-0.13822384985122452,0
220722,-0.9514534218356603,-2.616517891203174,-0.12244602121004043,0
220726,-0.9454108491645685,-2.593186846723125,-0.10650034332799267,0
220729,-0.9524605172808422,-2.610643167772946,-0.05883115892271305,0
220733,-0.9517891203173876,-2.6186999313344015,-0.06403448538948653,0
220737,-0.9553139543755245,-2.6301136797131304,-0.07964446478980697,0
220741,-0.9454108491645685,-2.6000686655985352,-0.11506065461203936,0
220745,-0.9462500953688868,-2.596208133058671,-0.12865644312199587,0
220749,-0.9477607385366598,-2.6148393987945373,-0.12882429236285953,0
220753,-0.9544747081712062,-2.631288624399176,-0.11086442359044785,0
220757,-0.9543068589303425,-2.62826733806363,-0.11203936827649347,0
220761,-0.9551461051346608,-2.6364919508659495,-0.11287861448081178,0
220765,-0.9435645075150683,-2.651430533302815,-0.11841763942931258,0
220769,-0.9326543068589302,-2.6443808651865415,-0.12026398107881284,0
220772,-0.9294651712825207,-2.6240711070420386,-0.11237506675822079,0
220776,-0.9402075226977951,-2.626924544136721,-0.12211032272831311,0
220780,-0.9460822461280232,-2.6049362935835814,-0.10482185091935607,0
220784,-0.9474250400549324,-2.606111238269627,-0.11103227283131151,0
220788,-0.94960708018616,-2.608125429159991,-0.11136797131303883,0
220792,-0.9605172808422979,-2.630785076676585,-0.10666819256885633,0
220796,-0.9621957732509345,-2.624910353246357,-0.09559014267185473,0
220800,-0.9603494316014343,-2.6280994888227664,-0.12009613183794918,0
220804,-0.960013733119707,-2.638170443274586,-0.09542229343099107,0
220808,-0.9551461051346608,-2.6457236591134508,-0.1021362630655375,0
220812,-0.9548104066529335,-2.6380025940337224,-0.09777218280308232,0
220815,-0.9534676127260242,-2.620881971465629,-0.11120012207217517,0
220819,-0.9378576333257038,-2.6415274280918593,-0.09206530861371785,0
220823,-0.9524605172808422,-2.6359884031433585,-0.11187151903562981,0
220827,-0.9606851300831616,-2.6458915083543144,-0.1179140917067216,0
220831,-0.9569924467841611,-2.627260242618448,-0.1093537804226749,0
220835,-0.9559853513389791,-2.6452201113908598,-0.10633249408712901,0
220839,-0.9652170595864805,-2.6573052567330433,-0.10918593118181125,0
220843,-0.9586709391927977,-2.6527733272297245,-0.0991149767299916,0
220847,-0.9484321355001144,-2.6359884031433585,-0.10314335851071946,0
220851,-0.9625314717326618,-2.6413595788509956,-0.10331120775158312,0
220854,-0.9564888990615701,-2.6270923933775845,-0.10582894636453803,0
220858,-0.9569924467841611,-2.6202105745021744,-0.11069657434958419,0
220862,-0.9571602960250247,-2.6245746547646296,-0.10750743877317463,0
220866,-0.9522926680399786,-2.6176928358892195,-0.10482185091935607,0
220870,-0.9543068589303425,-2.6220569161516747,-0.10885023270008393,0
220874,-0.9532997634851605,-2.6321278706034943,-0.10851453421835659,0
220878,-0.9507820248722056,-2.6098039215686275,-0.11522850385290302,0
220882,-0.9276188296330204,-2.631792172121767,-0.12311741817349507,0
220886,-0.9474250400549324,-2.619874876020447,-0.10666819256885633,0
220890,-0.9388647287708858,-2.6309529259174487,-0.12832074464026855,0
220894,-0.9454108491645685,-2.5999008163576716,-0.11103227283131151,0
220897,-0.9423895628290226,-2.643205920500496,-0.13150988021667812,0
220901,-0.9464179446097505,-2.622392614633402,-0.11086442359044785,0
220905,-0.9509498741130693,-2.6044327458609904,-0.11136797131303883,0
220909,-0.9541390096894788,-2.617524986648356,-0.09357595178149081,0
220913,-0.9485999847409781,-2.612489509422446,-0.11103227283131151,0
220917,-0.9514534218356603,-2.6093003738460365,-0.1204318303196765,0
220921,-0.9452429999237049,-2.655962462806134,-0.10398260471503776,0
220925,-0.9531319142442969,-2.645052262149996,-0.10717174029144731,0
220929,-0.9464179446097505,-2.626756694895857,-0.10784313725490195,0
220933,-0.9549782558937971,-2.623399710078584,-0.10683604180971999,0
220937,-0.9596780346379796,-2.6250782024872206,-0.10263981078812848,0
220940,-0.9536354619668879,-2.6146715495536736,-0.11120012207217517,0
220944,-0.9519569695582513,-2.622392614633402,-0.11103227283131151,0
220948,-0.9544747081712062,-2.634142061493858,-0.10163271534294652,0
220952,-0.9596780346379796,-2.6301136797131304,-0.10918593118181125,0
220956,-0.9573281452658884,-2.62826733806363,-0.1046540016784924,0
220960,-0.9548104066529335,-2.628770885786221,-0.10582894636453803,0
220964,-0.9538033112077515,-2.6284351873044938,-0.10885023270008393,0
220968,-0.9561532005798428,-2.6153429465171283,-0.10582894636453803,0
220972,-0.9546425574120698,-2.633806363012131,-0.10196841382467384,0
220976,-0.9442359044785229,-2.652437628747997,-0.0999542229343099,0
220979,-0.9517891203173876,-2.6383382925154497,-0.12328526741435873,0
220983,-0.9470893415732051,-2.623903257801175,-0.10482185091935607,0
220987,-0.9504463263904783,-2.634813458457313,-0.1093537804226749,0
220991,-0.9576638437476157,-2.624910353246357,-0.125131609063859,0
220995,-0.9521248187991149,-2.6113145647364004,-0.11724269474326696,0
220999,-0.950110627908751,-2.619371328297856,-0.08602273594262608,0
221003,-0.9527962157625696,-2.620881971465629,-0.09374380102235447,0
221007,-0.9593423361562523,-2.626253147173266,-0.07158770122835126,0
221011,-0.9746166170748455,-2.657976653696498,-0.08702983138780804,0
221015,-0.9529640650034332,-2.6354848554207675,-0.10062561989776454,0
221019,-0.9454108491645685,-2.6009079118028535,-0.10834668497749293,0
221022,-0.9430609597924773,-2.6380025940337224,-0.10817883573662927,0
221026,-0.9435645075150683,-2.6517662317845425,-0.11220721751735713,0
221030,-0.9544747081712062,-2.6453879606317234,-0.11455710688944838,0
221034,-0.9470893415732051,-2.6250782024872206,-0.11741054398413062,0
221038,-0.9479285877775234,-2.6265888456549935,-0.11472495613031204,0
221042,-0.9358434424353399,-2.636659800106813,-0.11203936827649347,0
221046,-0.9351720454718853,-2.63514915693904,-0.10918593118181125,0
221050,-0.9455786984054322,-2.601747158007172,-0.11304646372167544,0
221054,-0.9519569695582513,-2.615510795757992,-0.11741054398413062,0
221058,-0.9541390096894788,-2.618364232852674,-0.10968947890440223,0
221062,-0.9480964370183871,-2.6042648966201267,-0.11388570992599374,0
221065,-0.9410467689021134,-2.636659800106813,-0.10398260471503776,0
221069,-0.9454108491645685,-2.600236514839399,-0.13100633249408714,0
221073,-0.9460822461280232,-2.5948653391317618,-0.10263981078812848,0
221077,-0.9499427786678873,-2.610643167772946,-0.10650034332799267,0
221081,-0.970923933775845,-2.6336385137712672,-0.09928282597085526,0
221085,-0.9459143968871595,-2.610139620050355,-0.10599679560540169,0
221089,-0.9454108491645685,-2.5898298619058515,-0.0888761730373083,0
221093,-0.951621271076524,-2.5995651178759442,-0.10263981078812848,0
221097,-0.9484321355001144,-2.608628976882582,-0.10331120775158312,0
221101,-0.9512855725947966,-2.610475318532082,-0.10247196154726482,0
221105,-0.9618600747692072,-2.623399710078584,-0.09861142900740062,0
221108,-0.9548104066529335,-2.6230640115968566,-0.10633249408712901,0
221112,-0.9554818036163881,-2.6311207751583123,-0.10331120775158312,0
221116,-0.9517891203173876,-2.625413900968948,-0.10532539864194705,0
221120,-0.9549782558937971,-2.6250782024872206,-0.11237506675822079,0
221124,-0.9509498741130693,-2.608964675364309,-0.10901808194094759,0
221128,-0.9527962157625696,-2.6181963836118105,-0.1046540016784924,0
221132,-0.951117723353933,-2.6128252079041734,-0.11455710688944838,0
221136,-0.951621271076524,-2.6116502632181278,-0.10801098649576561,0
221140,-0.9548104066529335,-2.6197070267795834,-0.10431830319676508,0
221144,-0.9480964370183871,-2.6062790875104906,-0.10347905699244678,0
221147,-0.9514534218356603,-2.6076218814374,-0.1038147554741741,0
221151,-0.9482642862592507,-2.5993972686350806,-0.10683604180971999,0
221155,-0.9507820248722056,-2.59570458533608,-0.11606775005722132,0
221159,-0.9524605172808422,-2.6103074692912185,-0.12227817196917677,0
221163,-0.9462500953688868,-2.5990615701533533,-0.10700389105058365,0
221167,-0.9541390096894788,-2.6123216601815824,-0.1029755092698558,0
221171,-0.9553139543755245,-2.6319600213626306,-0.10230411230640116,0
221175,-0.9539711604486152,-2.626924544136721,-0.10482185091935607,0
221179,-0.9497749294270237,-2.6284351873044938,-0.10180056458381018,0
221183,-0.9564888990615701,-2.622896162355993,-0.10280766002899214,0
221187,-0.9548104066529335,-2.624406805523766,-0.10498970016021973,0
221190,-0.950110627908751,-2.6200427252613108,-0.1046540016784924,0
221194,-0.9526283665217059,-2.621889066910811,-0.10700389105058365,0
221198,-0.9549782558937971,-2.6217212176699474,-0.11036087586785687,0
221202,-0.9514534218356603,-2.6123216601815824,-0.10633249408712901,0
221206,-0.951621271076524,-2.6118181124589914,-0.10700389105058365,0
221210,-0.950110627908751,-2.61953917753872,-0.11908903639276722,0
221214,-0.9536354619668879,-2.616014343480583,-0.11203936827649347,0
221218,-0.9397039749752041,-2.6557946135652704,-0.10482185091935607,0
221222,-0.957495994506752,-2.6324635690852216,-0.10901808194094759,0
221226,-0.9482642862592507,-2.612489509422446,-0.10683604180971999,0
221230,-0.9551461051346608,-2.6316243228809033,-0.1046540016784924,0
221233,-0.951621271076524,-2.6163500419623102,-0.11203936827649347,0
221237,-0.9475928892957961,-2.6118181124589914,-0.10448615243762874,0
221241,-0.9492713817044327,-2.6200427252613108,-0.10700389105058365,0
221245,-0.9449073014419775,-2.651094834821088,-0.10901808194094759,0
221249,-0.9487678339818417,-2.626756694895857,-0.1170748455024033,0
221253,-0.9538033112077515,-2.6301136797131304,-0.10398260471503776,0
221257,-0.9556496528572518,-2.6324635690852216,-0.09491874570840009,0
221261,-0.9553139543755245,-2.639177538719768,-0.10633249408712901,0
221265,-0.9492713817044327,-2.6299458304722667,-0.10314335851071946,0
221269,-0.9507820248722056,-2.6074540321965363,-0.11388570992599374,0
221272,-0.9558175020981154,-2.634142061493858,-0.10750743877317463,0
221276,-0.9524605172808422,-2.6299458304722667,-0.10767528801403829,0
221280,-0.9423895628290226,-2.657976653696498,-0.10968947890440223,0
221284,-0.9504463263904783,-2.6492484931715876,-0.11069657434958419,0
221288,-0.9517891203173876,-2.635652704661631,-0.0991149767299916,0
221292,-0.9504463263904783,-2.6388418402380407,-0.09894712748912794,0
221296,-0.9484321355001144,-2.6237354085603113,-0.11036087586785687,0
221300,-0.9462500953688868,-2.6067826352330816,-0.11187151903562981,0
221304,-0.960013733119707,-2.6304493781948577,-0.10666819256885633,0
221308,-0.9514534218356603,-2.617357137407492,-0.10331120775158312,0
221312,-0.9457465476462958,-2.6042648966201267,-0.11069657434958419,0
221315,-0.9413824673838407,-2.6286030365453574,-0.11170366979476615,0
221319,-0.9549782558937971,-2.627763790341039,-0.1093537804226749,0
221323,-0.9378576333257038,-2.642198825055314,-0.10582894636453803,0
221327,-0.9452429999237049,-2.6724116884107727,-0.10901808194094759,0
221331,-0.9428931105516136,-2.66083009079118,-0.10582894636453803,0
221335,-0.951621271076524,-2.6309529259174487,-0.10599679560540169,0
221339,-0.9507820248722056,-2.6087968261234455,-0.10566109712367437,0
221343,-0.9504463263904783,-2.6265888456549935,-0.10650034332799267,0
221347,-0.951621271076524,-2.619035629816129,-0.10314335851071946,0
221351,-0.9484321355001144,-2.617524986648356,-0.0999542229343099,0
221355,-0.9539711604486152,-2.6235675593194476,-0.11220721751735713,0
221358,-0.9541390096894788,-2.6217212176699474,-0.10767528801403829,0
221362,-0.9452429999237049,-2.6626764324406804,-0.1101930266269932,0
221366,-0.9487678339818417,-2.6336385137712672,-0.1038147554741741,0
221370,-0.9472571908140688,-2.6235675593194476,-0.10263981078812848,0
221374,-0.9541390096894788,-2.620881971465629,-0.0982757305256733,0
221378,-0.9455786984054322,-2.59570458533608,-0.10650034332799267,0
221382,-0.9514534218356603,-2.602250705729763,-0.10868238345922025,0
221386,-0.9482642862592507,-2.5975509269855803,-0.10415045395590142,0
221390,-0.9408789196612497,-2.627763790341039,-0.10918593118181125,0
221394,-0.9457465476462958,-2.6069504844739453,-0.10885023270008393,0
221398,-0.9497749294270237,-2.617021438925765,-0.11237506675822079,0
221401,-0.949103532463569,-2.621889066910811,-0.11036087586785687,0
221405,-0.9480964370183871,-2.6052719920653087,-0.10314335851071946,0
221409,-0.9672312504768444,-2.6220569161516747,-0.11069657434958419,0
221413,-0.951621271076524,-2.6141680018310827,-0.11069657434958419,0
221417,-0.9368505378805219,-2.6326314183260853,-0.10532539864194705,0
221421,-0.9519569695582513,-2.62826733806363,-0.1093537804226749,0
221425,-0.9512855725947966,-2.620881971465629,-0.10012207217517356,0
221429,-0.9475928892957961,-2.6143358510719463,-0.09844357976653696,0
221433,-0.9534676127260242,-2.6123216601815824,-0.10700389105058365,0
221437,-0.9532997634851605,-2.6296101319905394,-0.10515754940108339,0
221440,-0.951117723353933,-2.619874876020447,-0.1046540016784924,0
221444,-0.9566567483024337,-2.617357137407492,-0.10180056458381018,0
221448,-0.957495994506752,-2.6166857404440376,-0.10968947890440223,0
221452,-0.9499427786678873,-2.6230640115968566,-0.10784313725490195,0
221456,-0.9553139543755245,-2.636659800106813,-0.10045777065690088,0
221460,-0.9507820248722056,-2.6136644541084917,-0.10868238345922025,0
221464,-0.9492713817044327,-2.619035629816129,-0.10566109712367437,0
221468,-0.9522926680399786,-2.611482413977264,-0.10448615243762874,0
221472,-0.9532997634851605,-2.6270923933775845,-0.10532539864194705,0
221476,-0.9509498741130693,-2.6087968261234455,-0.0982757305256733,0
221480,-0.9398718242160677,-2.657473105973907,-0.10817883573662927,0
221483,-0.9568245975432974,-2.6309529259174487,-0.10247196154726482,0
221487,-0.9479285877775234,-2.6265888456549935,-0.09525444419012741,0
221491,-0.9529640650034332,-2.6250782024872206,-0.10616464484626535,0
221495,-0.9484321355001144,-2.6163500419623102,-0.10767528801403829,0
221499,-0.9509498741130693,-2.6069504844739453,-0.10901808194094759,0
221503,-0.9499427786678873,-2.618867780575265,-0.10616464484626535,0
221507,-0.9514534218356603,-2.6116502632181278,-0.1029755092698558,0
221511,-0.951621271076524,-2.607118333714809,-0.10650034332799267,0
221515,-0.9499427786678873,-2.6128252079041734,-0.10801098649576561,0
221519,-0.9464179446097505,-2.608964675364309,-0.10398260471503776,0
221511,,,,1
221523,-0.9519569695582513,-2.6161821927214466,-0.11287861448081178,0
221526,-0.9512855725947966,-2.611482413977264,-0.10347905699244678,0
221530,-0.9539711604486152,-2.625413900968948,-0.10650034332799267,0
221534,-0.9532997634851605,-2.634645609216449,-0.10666819256885633,0
221538,-0.9568245975432974,-2.619371328297856,-0.10566109712367437,0
221542,-0.9568245975432974,-2.6148393987945373,-0.10683604180971999,0
221546,-0.9519569695582513,-2.6252460517280842,-0.10599679560540169,0
221550,-0.9514534218356603,-2.619874876020447,-0.10666819256885633,0
221554,-0.9543068589303425,-2.620881971465629,-0.10633249408712901,0
221558,-0.9541390096894788,-2.623399710078584,-0.10885023270008393,0
221562,-0.950614175631342,-2.6373311970702678,-0.10633249408712901,0
221565,-0.9539711604486152,-2.6329671168078126,-0.10398260471503776,0
221569,-0.9393682764934768,-2.6467307545586327,-0.10750743877317463,0
221573,-0.9566567483024337,-2.6286030365453574,-0.09592584115358205,0
221577,-0.9484321355001144,-2.618364232852674,-0.0982757305256733,0
221581,-0.9430609597924773,-2.6458915083543144,-0.09945067521171892,0
221585,-0.9475928892957961,-2.623903257801175,-0.097436484321355,0
221589,-0.959510185397116,-2.6197070267795834,-0.09726863508049134,0
221593,-0.9541390096894788,-2.624406805523766,-0.09978637369344624,0
221597,-0.9531319142442969,-2.6334706645304036,-0.09089036392767223,0
221601,-0.9539711604486152,-2.6289387350270847,-0.10364690623331044,0
221605,-0.9474250400549324,-2.6151750972762646,-0.09189745937285419,0
221608,-0.9502784771496147,-2.61953917753872,-0.09844357976653696,0
221612,-0.9492713817044327,-2.6235675593194476,-0.09273670557717249,0
221616,-0.9630350194552528,-2.6265888456549935,-0.11455710688944838,0
221620,-0.9521248187991149,-2.612993057145037,-0.13419546807049668,0
221624,-0.9470893415732051,-2.6136644541084917,-0.14325932707713435,0
221628,-0.9596780346379796,-2.6242389562829023,-0.12966353856717783,0
221632,-0.9499427786678873,-2.627763790341039,-0.10968947890440223,0
221636,-0.9591744869153886,-2.6311207751583123,-0.07393759060044251,0
221640,-0.960013733119707,-2.646059357595178,-0.05631342030975814,0
221644,-0.9532997634851605,-2.6408560311284046,-0.07511253528648813,0
221648,-0.951117723353933,-2.623903257801175,-0.11824979018844892,0
221651,-0.9455786984054322,-2.5973830777447167,-0.1289921416037232,0
221655,-0.9497749294270237,-2.6158464942397193,-0.12479591058213169,0
221659,-0.9316472114137483,-2.6415274280918593,-0.12546730754558633,0
221663,-0.957495994506752,-2.625749599450675,-0.09609369039444571,0
221667,-0.9541390096894788,-2.6275959411001755,-0.10784313725490195,0
221671,-0.9423895628290226,-2.6527733272297245,-0.10834668497749293,0
221675,-0.9390325780117494,-2.6578088044556343,-0.11103227283131151,0
221679,-0.9586709391927977,-2.64706645304036,-0.11036087586785687,0
221683,-0.94960708018616,-2.626756694895857,-0.1259708552681773,0
221687,-0.9454108491645685,-2.5988937209124896,-0.11690699626153964,0
221691,-0.9487678339818417,-2.6067826352330816,-0.11103227283131151,0
221694,-0.9509498741130693,-2.5988937209124896,-0.10549324788281071,0
221698,-0.9559853513389791,-2.632799267566949,-0.10314335851071946,0
221702,-0.9526283665217059,-2.6299458304722667,-0.1012970168612192,0
221706,-0.9559853513389791,-2.644045166704814,-0.09978637369344624,0
221710,-0.9482642862592507,-2.6158464942397193,-0.08854047455558098,0
221714,-0.9502784771496147,-2.623903257801175,-0.09676508735790035,0
221718,-0.9454108491645685,-2.5965438315403984,-0.09945067521171892,0
221722,-0.9534676127260242,-2.6049362935835814,-0.10650034332799267,0
221726,-0.9573281452658884,-2.619874876020447,-0.10515754940108339,0
221730,-0.9670634012359808,-2.623903257801175,-0.10817883573662927,0
221733,-0.9573281452658884,-2.6289387350270847,-0.10180056458381018,0
221737,-0.9591744869153886,-2.633806363012131,-0.10398260471503776,0
221741,-0.9553139543755245,-2.6418631265735866,-0.11388570992599374,0
221745,-0.9616922255283435,-2.6284351873044938,-0.11036087586785687,0
221749,-0.9445716029602502,-2.659822995345998,-0.09861142900740062,0
221753,-0.9620279240100709,-2.6415274280918593,-0.10028992141603722,0
221757,-0.9628671702143892,-2.6364919508659495,-0.09861142900740062,0
221761,-0.9556496528572518,-2.6410238803692683,-0.09525444419012741,0
221765,-0.9601815823605706,-2.634142061493858,-0.10028992141603722,0
221769,-0.9605172808422979,-2.6420309758144502,-0.10247196154726482,0
221773,-0.9526283665217059,-2.6374990463111314,-0.10196841382467384,0
221776,-0.9616922255283435,-2.6222247653925383,-0.1029755092698558,0
221780,-0.9526283665217059,-2.6301136797131304,-0.10784313725490195,0
221784,-0.950110627908751,-2.625749599450675,-0.10314335851071946,0
221788,-0.9472571908140688,-2.6232318608377203,-0.10817883573662927,0
221792,-0.9459143968871595,-2.6054398413061723,-0.10482185091935607,0
221796,-0.9459143968871595,-2.599732967116808,-0.11052872510872053,0
221800,-0.9454108491645685,-2.586640726329442,-0.10750743877317463,0
221804,-0.9469214923323415,-2.588654917219806,-0.10985732814526589,0
221808,-0.9504463263904783,-2.6200427252613108,-0.10868238345922025,0
221812,-0.9437323567559319,-2.652605477988861,-0.1029755092698558,0
221816,-0.9454108491645685,-2.6093003738460365,-0.10079346913862822,0
221819,-0.9593423361562523,-2.6252460517280842,-0.11858548867017624,0
221823,-0.9462500953688868,-2.605104142824445,-0.10918593118181125,0
221827,-0.9454108491645685,-2.5883192187380786,-0.1046540016784924,0
221831,-0.9449073014419775,-2.637163347829404,-0.10415045395590142,0
221835,-0.9485999847409781,-2.6240711070420386,-0.10096131837949188,0
221839,-0.9323186083772029,-2.64018463416495,-0.10650034332799267,0
221843,-0.9534676127260242,-2.6205462729839017,-0.10314335851071946,0
221847,-0.9497749294270237,-2.627428091859312,-0.10431830319676508,0
221851,-0.9504463263904783,-2.635820553902495,-0.10482185091935607,0
221855,-0.9494392309452964,-2.621889066910811,-0.1093537804226749,0
221858,-0.9504463263904783,-2.638673990997177,-0.10952162966353857,0
221862,-0.9563210498207064,-2.6166857404440376,-0.10700389105058365,0
221866,-0.9564888990615701,-2.6210498207064927,-0.10196841382467384,0
221870,-0.9538033112077515,-2.6286030365453574,-0.10448615243762874,0
221874,-0.9499427786678873,-2.6301136797131304,-0.10985732814526589,0
221878,-0.9504463263904783,-2.6410238803692683,-0.10062561989776454,0
221882,-0.9531319142442969,-2.642198825055314,-0.1046540016784924,0
221886,-0.9485999847409781,-2.6270923933775845,-0.1038147554741741,0
221890,-0.9558175020981154,-2.644716563668269,-0.10683604180971999,0
221894,-0.9480964370183871,-2.617860685130083,-0.10599679560540169,0
221898,-0.9611886778057526,-2.6472343022812237,-0.11858548867017624,0
221901,-0.9544747081712062,-2.6463950560769054,-0.11355001144426642,0
221905,-0.9551461051346608,-2.646059357595178,-0.09760433356221866,0
221909,-0.968909742885481,-2.6487449454489966,-0.0714198519874876,0
221913,-0.9573281452658884,-2.6408560311284046,-0.08316929884794384,0
221917,-0.9526283665217059,-2.6334706645304036,-0.09273670557717249,0
221921,-0.9439002059967956,-2.658480201419089,-0.11036087586785687,0
221925,-0.9452429999237049,-2.6750972762645913,-0.11153582055390249,0
221929,-0.9358434424353399,-2.660494392309453,-0.10498970016021973,0
221933,-0.9504463263904783,-2.650087739375906,-0.11136797131303883,0
221937,-0.9437323567559319,-2.6680476081483175,-0.11808194094758526,0
221941,-0.9531319142442969,-2.6522697795071335,-0.11455710688944838,0
221944,-0.9492713817044327,-2.638170443274586,-0.12009613183794918,0
221948,-0.9521248187991149,-2.6207141222247654,-0.11170366979476615,0
221952,-0.9534676127260242,-2.617524986648356,-0.11120012207217517,0
221956,-0.9526283665217059,-2.6230640115968566,-0.11187151903562981,0
221960,-0.9444037537193866,-2.6557946135652704,-0.10801098649576561,0
221964,-0.9531319142442969,-2.646562905317769,-0.10952162966353857,0
221968,-0.9450751506828412,-2.6730830853742273,-0.10566109712367437,0
221972,-0.9472571908140688,-2.6385061417563134,-0.10532539864194705,0
221976,-0.9479285877775234,-2.6304493781948577,-0.10331120775158312,0
221980,-0.9480964370183871,-2.611482413977264,-0.10045777065690088,0
221984,-0.9527962157625696,-2.6136644541084917,-0.0991149767299916,0
221987,-0.9469214923323415,-2.604097047379263,-0.10448615243762874,0
221991,-0.9469214923323415,-2.5953688868543527,-0.10012207217517356,0
221995,-0.9472571908140688,-2.6074540321965363,-0.09810788128480964,0
221999,-0.9737773708705272,-2.6334706645304036,-0.0982757305256733,0
222003,-0.9541390096894788,-2.630785076676585,-0.10515754940108339,0
222007,-0.9549782558937971,-2.6301136797131304,-0.10532539864194705,0
222011,-0.959006637674525,-2.624406805523766,-0.10666819256885633,0
222015,-0.959006637674525,-2.6186999313344015,-0.10666819256885633,0
222019,-0.9455786984054322,-2.5999008163576716,-0.09676508735790035,0
222023,-0.9472571908140688,-2.6054398413061723,-0.11120012207217517,0
222026,-0.9554818036163881,-2.6232318608377203,-0.10398260471503776,0
222030,-0.9551461051346608,-2.6359884031433585,-0.10532539864194705,0
222034,-0.9526283665217059,-2.626756694895857,-0.10851453421835659,0
222038,-0.9548104066529335,-2.624406805523766,-0.11002517738612955,0
222042,-0.9497749294270237,-2.627763790341039,-0.10347905699244678,0
222046,-0.9519569695582513,-2.626756694895857,-0.10566109712367437,0
222050,-0.9502784771496147,-2.62642099641413,-0.10112916762035554,0
222054,-0.9454108491645685,-2.60074006256199,-0.10096131837949188,0
222058,-0.9553139543755245,-2.6304493781948577,-0.09844357976653696,0
222062,-0.9497749294270237,-2.626253147173266,-0.10868238345922025,0
222066,-0.9534676127260242,-2.6161821927214466,-0.10163271534294652,0
222069,-0.9499427786678873,-2.6227283131151293,-0.10952162966353857,0
222073,-0.9477607385366598,-2.6220569161516747,-0.1021362630655375,0
222077,-0.9504463263904783,-2.6378347447928587,-0.1038147554741741,0
222081,-0.9454108491645685,-2.6037613488975357,-0.09491874570840009,0
222085,-0.9479285877775234,-2.618532082093538,-0.09676508735790035,0
222089,-0.9667277027542535,-2.654955367360952,-0.09525444419012741,0
222093,-0.9462500953688868,-2.6212176699473564,-0.10062561989776454,0
222097,-0.9531319142442969,-2.634813458457313,-0.10532539864194705,0
222101,-0.9504463263904783,-2.638170443274586,-0.11036087586785687,0
222105,-0.9517891203173876,-2.6334706645304036,-0.09877927824826428,0
222109,-0.9543068589303425,-2.6331349660486763,-0.08971541924162661,0
222112,-0.9521248187991149,-2.615007248035401,-0.09844357976653696,0
222116,-0.9645456626230259,-2.6306172274357214,-0.0991149767299916,0
222120,-0.9548104066529335,-2.6289387350270847,-0.10112916762035554,0
222124,-0.951117723353933,-2.6200427252613108,-0.10666819256885633,0
222128,-0.9459143968871595,-2.6087968261234455,-0.10364690623331044,0
222132,-0.9568245975432974,-2.612489509422446,-0.10834668497749293,0
222136,-0.9543068589303425,-2.6205462729839017,-0.10817883573662927,0
222140,-0.9541390096894788,-2.6250782024872206,-0.1021362630655375,0
222144,-0.9512855725947966,-2.6163500419623102,-0.10028992141603722,0
222148,-0.9454108491645685,-2.596208133058671,-0.10515754940108339,0
222151,-0.9568245975432974,-2.603593499656672,-0.11170366979476615,0
222155,-0.957999542229343,-2.621889066910811,-0.11522850385290302,0
222159,-0.9522926680399786,-2.617860685130083,-0.10482185091935607,0
222163,-0.9608529793240252,-2.631288624399176,-0.10515754940108339,0
222167,-0.9568245975432974,-2.6200427252613108,-0.10062561989776454,0
222171,-0.9549782558937971,-2.624910353246357,-0.09894712748912794,0
222175,-0.951117723353933,-2.6151750972762646,-0.10163271534294652,0
222179,-0.9633707179369801,-2.6354848554207675,-0.10180056458381018,0
222183,-0.9507820248722056,-2.611146715495537,-0.10247196154726482,0
222187,-0.9531319142442969,-2.6299458304722667,-0.10784313725490195,0
222191,-0.951117723353933,-2.6197070267795834,-0.11086442359044785,0
222194,-0.9551461051346608,-2.6368276493476768,-0.10314335851071946,0
222198,-0.9522926680399786,-2.6235675593194476,-0.08652628366521706,0
222202,-0.9479285877775234,-2.6212176699473564,-0.09525444419012741,0
222206,-0.9603494316014343,-2.624406805523766,-0.10549324788281071,0
222210,-0.9576638437476157,-2.617021438925765,-0.11136797131303883,0
222214,-0.9543068589303425,-2.6235675593194476,-0.10180056458381018,0
222218,-0.9549782558937971,-2.622392614633402,-0.097436484321355,0
222222,-0.9596780346379796,-2.627260242618448,-0.10851453421835659,0
222226,-0.9536354619668879,-2.6192034790569925,-0.10515754940108339,0
222230,-0.9497749294270237,-2.626756694895857,-0.09021896696421759,0
222234,-0.9521248187991149,-2.614000152590219,-0.10582894636453803,0
222237,-0.9621957732509345,-2.6202105745021744,-0.09961852445258258,0
222241,-0.9564888990615701,-2.617860685130083,-0.09525444419012741,0
222245,-0.9502784771496147,-2.6222247653925383,-0.10868238345922025,0
222249,-0.9521248187991149,-2.614000152590219,-0.09626153963530937,0
222253,-0.9489356832227054,-2.6076218814374,-0.1046540016784924,0
222257,-0.9553139543755245,-2.6296101319905394,-0.10650034332799267,0
222261,-0.9532997634851605,-2.636156252384222,-0.09508659494926375,0
222265,-0.9497749294270237,-2.6311207751583123,-0.10549324788281071,0
222269,-0.9650492103456169,-2.6403524834058136,-0.10163271534294652,0
222273,-0.9558175020981154,-2.6537804226749064,-0.10247196154726482,0
222277,-0.9538033112077515,-2.641191729610132,-0.10633249408712901,0
222280,-0.9544747081712062,-2.640688181887541,-0.10952162966353857,0
222284,-0.951621271076524,-2.6205462729839017,-0.10834668497749293,0
222288,-0.9442359044785229,-2.6499198901350423,-0.07880521858548867,0
222292,-0.9522926680399786,-2.6245746547646296,-0.0982757305256733,0
222296,-0.9507820248722056,-2.608125429159991,-0.09407949950408179,0
222300,-0.9467536430914778,-2.598222323949035,-0.10196841382467384,0
222304,-0.950614175631342,-2.6250782024872206,-0.10431830319676508,0
222308,-0.9499427786678873,-2.6250782024872206,-0.09945067521171892,0
222312,-0.950110627908751,-2.623903257801175,-0.10498970016021973,0
222316,-0.9479285877775234,-2.6210498207064927,-0.09961852445258258,0
222319,-0.9470893415732051,-2.6156786449988556,-0.09726863508049134,0
222323,-0.9454108491645685,-2.5940260929274435,-0.10599679560540169,0
222327,-0.9596780346379796,-2.6121538109407187,-0.09810788128480964,0
222331,-0.9554818036163881,-2.6260852979324025,-0.10767528801403829,0
222335,-0.9502784771496147,-2.626924544136721,-0.10331120775158312,0
222339,-0.9522926680399786,-2.6146715495536736,-0.10599679560540169,0
222343,-0.9531319142442969,-2.6301136797131304,-0.1029755092698558,0
222347,-0.9472571908140688,-2.6197070267795834,-0.10028992141603722,0
222351,-0.9568245975432974,-2.612993057145037,-0.11153582055390249,0
222349,,,,1
222355,-0.9539711604486152,-2.6200427252613108,-0.10549324788281071,0
222359,-0.9531319142442969,-2.6291065842679484,-0.10817883573662927,0
222362,-0.9554818036163881,-2.6373311970702678,-0.10885023270008393,0
222366,-0.9531319142442969,-2.6418631265735866,-0.09894712748912794,0
222370,-0.9492713817044327,-2.634142061493858,-0.10700389105058365,0
222374,-0.9532997634851605,-2.6380025940337224,-0.10146486610208286,0
222378,-0.9556496528572518,-2.6452201113908598,-0.08837262531471732,0
222382,-0.9538033112077515,-2.6316243228809033,-0.10566109712367437,0
222386,-0.950614175631342,-2.639681086442359,-0.11069657434958419,0
222390,-0.9554818036163881,-2.6364919508659495,-0.11120012207217517,0
222394,-0.9544747081712062,-2.639177538719768,-0.10247196154726482,0
222398,-0.9558175020981154,-2.6487449454489966,-0.11002517738612955,0
222402,-0.9554818036163881,-2.6494163424124513,-0.10415045395590142,0
222405,-0.9551461051346608,-2.6463950560769054,-0.09223315785458151,0
222409,-0.9563210498207064,-2.618867780575265,-0.10347905699244678,0
222413,-0.9524605172808422,-2.6230640115968566,-0.09659723811703669,0
222417,-0.9561532005798428,-2.611482413977264,-0.09810788128480964,0
222421,-0.9514534218356603,-2.613496604867628,-0.10247196154726482,0
222425,-0.9527962157625696,-2.6176928358892195,-0.09626153963530937,0
222429,-0.9492713817044327,-2.6242389562829023,-0.09861142900740062,0
222433,-0.9571602960250247,-2.626924544136721,-0.09172961013199053,0
222437,-0.9564888990615701,-2.6186999313344015,-0.09777218280308232,0
222441,-0.9581673914702067,-2.6255817502098115,-0.09794003204394598,0
222444,-0.9538033112077515,-2.6270923933775845,-0.0991149767299916,0
222448,-0.94960708018616,-2.6146715495536736,-0.10801098649576561,0
222452,-0.9521248187991149,-2.6113145647364004,-0.10616464484626535,0
222456,-0.9494392309452964,-2.6079575799191272,-0.09794003204394598,0
222460,-0.9517891203173876,-2.619035629816129,-0.0991149767299916,0
222464,-0.9536354619668879,-2.614000152590219,-0.1101930266269932,0
222468,-0.9524605172808422,-2.624910353246357,-0.10448615243762874,0
222472,-0.94272526131075,-2.635652704661631,-0.13067063401235982,0
222476,-0.9432288090333409,-2.6527733272297245,-0.12999923704890515,0
222480,-0.9504463263904783,-2.646562905317769,-0.1038147554741741,0
222484,-0.9457465476462958,-2.618028534370947,-0.08300144960708018,0
222487,-0.959006637674525,-2.618028534370947,-0.06906996261539634,0
222491,-0.9558175020981154,-2.640688181887541,-0.06873426413366902,0
222495,-0.9543068589303425,-2.6354848554207675,-0.08300144960708018,0
222499,-0.9470893415732051,-2.626253147173266,-0.11355001144426642,0
222503,-0.9405432211795224,-2.635652704661631,-0.12748149843595025,0
222507,-0.9469214923323415,-2.6128252079041734,-0.12496375982299535,0
222511,-0.9539711604486152,-2.6212176699473564,-0.12143892576485847,0
222515,-0.9569924467841611,-2.6171892881666285,-0.12093537804226749,0
222519,-0.9479285877775234,-2.6222247653925383,-0.1038147554741741,0
222523,-0.9480964370183871,-2.6059433890287633,-0.08988326848249027,0
222527,-0.9450751506828412,-2.651598382543679,-0.09525444419012741,0
222530,-0.9454108491645685,-2.6074540321965363,-0.09290455481803617,0
222534,-0.9499427786678873,-2.6181963836118105,-0.08837262531471732,0
222538,-0.9497749294270237,-2.6210498207064927,-0.10616464484626535,0
222542,-0.9553139543755245,-2.637163347829404,-0.09760433356221866,0
222546,-0.9509498741130693,-2.6138323033493553,-0.0991149767299916,0
222550,-0.94960708018616,-2.6133287556267644,-0.10549324788281071,0
222554,-0.9561532005798428,-2.605104142824445,-0.10398260471503776,0
222558,-0.958503089951934,-2.6321278706034943,-0.07880521858548867,0
222562,-0.9658884565499352,-2.6487449454489966,-0.09659723811703669,0
222566,-0.9598458838788433,-2.649584191653315,-0.10347905699244678,0
222570,-0.9616922255283435,-2.6311207751583123,-0.0982757305256733,0
222573,-0.9633707179369801,-2.637666895551995,-0.09928282597085526,0
222577,-0.9514534218356603,-2.6181963836118105,-0.10028992141603722,0
222581,-0.9586709391927977,-2.6373311970702678,-0.10045777065690088,0
222585,-0.9568245975432974,-2.6275959411001755,-0.10028992141603722,0
222589,-0.9672312504768444,-2.6301136797131304,-0.10280766002899214,0
222593,-0.9497749294270237,-2.62826733806363,-0.10230411230640116,0
222597,-0.9652170595864805,-2.646562905317769,-0.0982757305256733,0
222601,-0.9522926680399786,-2.6252460517280842,-0.10582894636453803,0
222605,-0.9539711604486152,-2.630785076676585,-0.09542229343099107,0
222609,-0.9551461051346608,-2.6385061417563134,-0.10163271534294652,0
222612,-0.9556496528572518,-2.6403524834058136,-0.0769588769359884,0
222616,-0.9551461051346608,-2.644716563668269,-0.10448615243762874,0
222620,-0.9527962157625696,-2.636659800106813,-0.10230411230640116,0
222624,-0.9544747081712062,-2.640688181887541,-0.10247196154726482,0
222628,-0.9546425574120698,-2.639177538719768,-0.12059967956054017,0
222632,-0.9467536430914778,-2.612993057145037,-0.10448615243762874,0
222636,-0.9517891203173876,-2.620378423743038,-0.10163271534294652,0
222640,-0.9487678339818417,-2.615007248035401,-0.10230411230640116,0
222644,-0.9507820248722056,-2.6029221026932174,-0.10398260471503776,0
222648,-0.9400396734569314,-2.617021438925765,-0.08233005264362554,0
222652,-0.9470893415732051,-2.615007248035401,-0.1021362630655375,0
222655,-0.9413824673838407,-2.6306172274357214,-0.10230411230640116,0
222659,-0.942221713588159,-2.646059357595178,-0.09961852445258258,0
222663,-0.9400396734569314,-2.6390096894789044,-0.10532539864194705,0
222667,-0.9435645075150683,-2.651934081025406,-0.10331120775158312,0
222671,-0.9464179446097505,-2.6286030365453574,-0.09340810254062715,0
222675,-0.9477607385366598,-2.6247425040054932,-0.10012207217517356,0
222679,-0.9467536430914778,-2.6062790875104906,-0.10633249408712901,0
222683,-0.9403753719386587,-2.6314564736400397,-0.09676508735790035,0
222687,-0.9576638437476157,-2.622896162355993,-0.10079346913862822,0
222691,-0.9465857938506141,-2.6158464942397193,-0.10280766002899214,0
222695,-0.9591744869153886,-2.626756694895857,-0.10045777065690088,0
222698,-0.9630350194552528,-2.6291065842679484,-0.12362096589608605,0
222702,-0.9643778133821621,-2.63514915693904,-0.10582894636453803,0
222706,-0.9559853513389791,-2.6482413977264057,-0.09626153963530937,0
222710,-0.9522926680399786,-2.6270923933775845,-0.09357595178149081,0
222714,-0.9454108491645685,-2.5973830777447167,-0.10079346913862822,0
222718,-0.9449073014419775,-2.6383382925154497,-0.12177462424658579,0
222722,-0.951117723353933,-2.6230640115968566,-0.09642938887617303,0
222726,-0.9621957732509345,-2.62138551918822,-0.0991149767299916,0
222730,-0.9554818036163881,-2.632295719844358,-0.09458304722667277,0
222734,-0.9475928892957961,-2.6207141222247654,-0.10079346913862822,0
222737,-0.9613565270466162,-2.645555809872587,-0.09659723811703669,0
222741,-0.9613565270466162,-2.6562981612878613,-0.12211032272831311,0
222745,-0.9558175020981154,-2.656969558251316,-0.11254291599908445,0
222749,-0.9596780346379796,-2.641191729610132,-0.0855191882200351,0
222753,-0.9616922255283435,-2.627260242618448,-0.07376974135957885,0
222757,-0.9484321355001144,-2.6205462729839017,-0.0855191882200351,0
222761,-0.9489356832227054,-2.6146715495536736,-0.08854047455558098,0
222765,-0.9425574120698863,-2.649080643930724,-0.10079346913862822,0
222769,-0.9457465476462958,-2.6227283131151293,-0.11036087586785687,0
222773,-0.9465857938506141,-2.61450370031281,-0.10700389105058365,0
222777,-0.9452429999237049,-2.668719005111772,-0.10515754940108339,0
222780,-0.9526283665217059,-2.647570000762951,-0.09609369039444571,0
222784,-0.9444037537193866,-2.66586556801709,-0.10566109712367437,0
222788,-0.9559853513389791,-2.6641870756084534,-0.10263981078812848,0
222792,-0.9457465476462958,-2.6227283131151293,-0.10263981078812848,0
222796,-0.960013733119707,-2.6395132372014953,-0.09726863508049134,0
222800,-0.9460822461280232,-2.612993057145037,-0.10163271534294652,0
222804,-0.9618600747692072,-2.623903257801175,-0.10146486610208286,0
222808,-0.9512855725947966,-2.6141680018310827,-0.12748149843595025,0
222812,-0.950614175631342,-2.6275959411001755,-0.11254291599908445,0
222816,-0.9489356832227054,-2.6176928358892195,-0.10347905699244678,0
222820,-0.9482642862592507,-2.606111238269627,-0.11287861448081178,0
222823,-0.9489356832227054,-2.6052719920653087,-0.10314335851071946,0
222827,-0.9467536430914778,-2.5988937209124896,-0.08316929884794384,0
222831,-0.9487678339818417,-2.6049362935835814,-0.09525444419012741,0
222835,-0.9467536430914778,-2.596208133058671,-0.09794003204394598,0
222839,-0.9487678339818417,-2.603593499656672,-0.097436484321355,0
222843,-0.9507820248722056,-2.597718776226444,-0.09777218280308232,0
222847,-0.9460822461280232,-2.5950331883726254,-0.1012970168612192,0
222851,-0.9526283665217059,-2.610978866254673,-0.10532539864194705,0
222855,-0.9623636224917982,-2.6200427252613108,-0.10683604180971999,0
222859,-0.9531319142442969,-2.632295719844358,-0.09760433356221866,0
222863,-0.9576638437476157,-2.6265888456549935,-0.10616464484626535,0
222866,-0.9564888990615701,-2.6205462729839017,-0.10415045395590142,0
222870,-0.9531319142442969,-2.632799267566949,-0.1029755092698558,0
222874,-0.9477607385366598,-2.625917448691539,-0.10498970016021973,0
222878,-0.9531319142442969,-2.635317006179904,-0.10851453421835659,0
222882,-0.9522926680399786,-2.6212176699473564,-0.10482185091935607,0
222886,-0.9517891203173876,-2.624406805523766,-0.09559014267185473,0
222890,-0.9532997634851605,-2.634813458457313,-0.10079346913862822,0
222894,-0.9475928892957961,-2.6205462729839017,-0.09760433356221866,0
222898,-0.9522926680399786,-2.6118181124589914,-0.1179140917067216,0
222902,-0.950110627908751,-2.62138551918822,-0.09928282597085526,0
222905,-0.9563210498207064,-2.6076218814374,-0.10247196154726482,0
222909,-0.951621271076524,-2.6108110170138095,-0.10331120775158312,0
222913,-0.9573281452658884,-2.6192034790569925,-0.09945067521171892,0
222917,-0.9541390096894788,-2.6235675593194476,-0.09340810254062715,0
222921,-0.9462500953688868,-2.6074540321965363,-0.0982757305256733,0
222925,-0.9628671702143892,-2.6210498207064927,-0.11388570992599374,0
222929,-0.9566567483024337,-2.621889066910811,-0.10028992141603722,0
222933,-0.9544747081712062,-2.6354848554207675,-0.09693293659876402,0
222937,-0.9539711604486152,-2.6289387350270847,-0.1038147554741741,0
222941,-0.9543068589303425,-2.627763790341039,-0.10415045395590142,0
222945,-0.9561532005798428,-2.6098039215686275,-0.09575799191271839,0
222948,-0.950110627908751,-2.618867780575265,-0.10196841382467384,0
222952,-0.9514534218356603,-2.608964675364309,-0.09861142900740062,0
222956,-0.9442359044785229,-2.6405203326466773,-0.11422140840772106,0
222960,-0.9526283665217059,-2.6316243228809033,-0.10096131837949188,0
222964,-0.9487678339818417,-2.618364232852674,-0.10566109712367437,0
222968,-0.9553139543755245,-2.6380025940337224,-0.10498970016021973,0
222972,-0.9524605172808422,-2.627931639581903,-0.10582894636453803,0
222976,-0.9541390096894788,-2.627428091859312,-0.10784313725490195,0
222980,-0.9549782558937971,-2.62826733806363,-0.10398260471503776,0
222984,-0.9521248187991149,-2.618364232852674,-0.10012207217517356,0
222988,-0.9487678339818417,-2.612489509422446,-0.12009613183794918,0
222991,-0.9502784771496147,-2.616517891203174,-0.08921187151903563,0
222995,-0.9519569695582513,-2.625917448691539,-0.09659723811703669,0
222999,-0.9596780346379796,-2.6301136797131304,-0.08971541924162661,0
223003,-0.9551461051346608,-2.64018463416495,-0.0982757305256733,0
223007,-0.951117723353933,-2.6220569161516747,-0.09877927824826428,0
223011,-0.951621271076524,-2.61450370031281,-0.09844357976653696,0
223015,-0.9531319142442969,-2.6306172274357214,-0.09726863508049134,0
223019,-0.9544747081712062,-2.6410238803692683,-0.09961852445258258,0
223023,-0.9581673914702067,-2.631288624399176,-0.10012207217517356,0
222989,,,,1
223027,-0.9504463263904783,-2.636324101625086,-0.09307240405889983,0
223030,-0.9549782558937971,-2.6306172274357214,-0.0999542229343099,0
223034,-0.9479285877775234,-2.635820553902495,-0.09458304722667277,0
223042,-0.9526283665217059,-2.6225604638742657,-0.09475089646753643,0
223046,-0.9519569695582513,-2.622896162355993,-0.0999542229343099,0
223050,-0.9630350194552528,-2.6324635690852216,-0.08820477607385366,0
223054,-0.9623636224917982,-2.6294422827496757,-0.10633249408712901,0
223058,-0.9553139543755245,-2.639177538719768,-0.09676508735790035,0
223062,-0.9477607385366598,-2.6349813076981765,-0.097436484321355,0
223066,-0.9524605172808422,-2.627763790341039,-0.10012207217517356,0
223070,-0.9519569695582513,-2.6294422827496757,-0.09794003204394598,0
223073,-0.9536354619668879,-2.617524986648356,-0.10280766002899214,0
223077,-0.9519569695582513,-2.6215533684290837,-0.12412451361867703,0
223081,-0.951621271076524,-2.611482413977264,-0.10096131837949188,0
223085,-0.9492713817044327,-2.6200427252613108,-0.10817883573662927,0
223089,-0.9527962157625696,-2.6181963836118105,-0.10482185091935607,0
223093,-0.9581673914702067,-2.6240711070420386,-0.09508659494926375,0
223097,-0.9517891203173876,-2.6314564736400397,-0.10096131837949188,0
223101,-0.9559853513389791,-2.6477378500038147,-0.10817883573662927,0
223105,-0.94960708018616,-2.628770885786221,-0.0982757305256733,0
223109,-0.9539711604486152,-2.631792172121767,-0.1012970168612192,0
223113,-0.950614175631342,-2.6349813076981765,-0.10012207217517356,0
223116,-0.9522926680399786,-2.6141680018310827,-0.0999542229343099,0
223120,-0.9507820248722056,-2.60258640421149,-0.10163271534294652,0
223124,-0.9534676127260242,-2.607118333714809,-0.10599679560540169,0
223128,-0.9526283665217059,-2.621889066910811,-0.10314335851071946,0
223132,-0.9519569695582513,-2.624406805523766,-0.10834668497749293,0
223136,-0.9534676127260242,-2.6133287556267644,-0.11187151903562981,0
223140,-0.9549782558937971,-2.622392614633402,-0.10566109712367437,0
223144,-0.9538033112077515,-2.6255817502098115,-0.10851453421835659,0
223148,-0.9514534218356603,-2.6138323033493553,-0.11120012207217517,0
223152,-0.9541390096894788,-2.6217212176699474,-0.10549324788281071,0
223156,-0.9566567483024337,-2.61953917753872,-0.09256885633630883,0
223159,-0.9544747081712062,-2.634645609216449,-0.10112916762035554,0
223163,-0.9559853513389791,-2.6472343022812237,-0.08736552986953536,0
223167,-0.949103532463569,-2.629274433508812,-0.10230411230640116,0
223171,-0.9621957732509345,-2.627763790341039,-0.08786907759212634,0
223175,-0.9395361257343404,-2.656969558251316,-0.09525444419012741,0
223179,-0.9526283665217059,-2.6393453879606317,-0.09978637369344624,0
223183,-0.9551461051346608,-2.641191729610132,-0.09240100709544517,0
223187,-0.950614175631342,-2.644548714427405,-0.10028992141603722,0
223191,-0.9469214923323415,-2.619035629816129,-0.10801098649576561,0
223195,-0.9616922255283435,-2.617021438925765,-0.10364690623331044,0
223198,-0.9569924467841611,-2.6158464942397193,-0.09609369039444571,0
223202,-0.9541390096894788,-2.6220569161516747,-0.11203936827649347,0
223206,-0.9460822461280232,-2.6049362935835814,-0.12110322728313115,0
223210,-0.9494392309452964,-2.6069504844739453,-0.12059967956054017,0
223214,-0.9485999847409781,-2.611146715495537,-0.11338216220340276,0
223218,-0.978309300373846,-2.6373311970702678,-0.10650034332799267,0
223222,-0.958503089951934,-2.6413595788509956,-0.08602273594262608,0
223226,-0.9628671702143892,-2.6316243228809033,-0.06890211337453268,0
223230,-0.9583352407110703,-2.6316243228809033,-0.08820477607385366,0
223234,-0.934332799267567,-2.6573052567330433,-0.11589990081635766,0
223238,-0.9405432211795224,-2.6536125734340428,-0.1392309452964065,0
223241,-0.9402075226977951,-2.6378347447928587,-0.13419546807049668,0
223245,-0.9454108491645685,-2.604097047379263,-0.11673914702067598,0
223249,-0.9455786984054322,-2.5884870679789422,-0.10918593118181125,0
223253,-0.951621271076524,-2.5988937209124896,-0.0871976806286717,0
223257,-0.9571602960250247,-2.618867780575265,-0.08870832379644464,0
223261,-0.9626993209735255,-2.635820553902495,-0.10163271534294652,0
223265,-0.9561532005798428,-2.618532082093538,-0.09559014267185473,0
223269,-0.9460822461280232,-2.602082856488899,-0.09508659494926375,0
223273,-0.9425574120698863,-2.6448844129091325,-0.09290455481803617,0
223277,-0.9447394522011139,-2.662340733958953,-0.09844357976653696,0
223281,-0.9529640650034332,-2.639177538719768,-0.10163271534294652,0
223284,-0.9563210498207064,-2.618532082093538,-0.10616464484626535,0
223288,-0.9546425574120698,-2.6336385137712672,-0.10666819256885633,0
223292,-0.9635385671778438,-2.6413595788509956,-0.09441519798580911,0
223296,-0.9608529793240252,-2.642534523537041,-0.09844357976653696,0
223300,-0.9620279240100709,-2.6374990463111314,-0.10062561989776454,0
223304,-0.9653849088273442,-2.656969558251316,-0.09324025329976349,0
223308,-0.9684061951628901,-2.6468986037994964,-0.09575799191271839,0
223312,-0.9611886778057526,-2.6573052567330433,-0.10163271534294652,0
223316,-0.9477607385366598,-2.638673990997177,-0.10331120775158312,0
223320,-0.9623636224917982,-2.6344777599755855,-0.09659723811703669,0
223323,-0.9620279240100709,-2.634645609216449,-0.09794003204394598,0
223327,-0.957495994506752,-2.627260242618448,-0.0999542229343099,0
223331,-0.9648813611047532,-2.6403524834058136,-0.10146486610208286,0
223335,-0.9648813611047532,-2.64706645304036,-0.10683604180971999,0
223339,-0.9630350194552528,-2.6373311970702678,-0.09307240405889983,0
223343,-0.960013733119707,-2.6462272068360417,-0.09340810254062715,0
223347,-0.949103532463569,-2.634309910734722,-0.09105821316853589,0
223351,-0.9519569695582513,-2.629777981231403,-0.09710078583962768,0
223355,-0.9482642862592507,-2.609636072327764,-0.10498970016021973,0
223359,-0.9544747081712062,-2.625749599450675,-0.0999542229343099,0
223363,-0.9526283665217059,-2.6301136797131304,-0.09810788128480964,0
223366,-0.9532997634851605,-2.636659800106813,-0.09710078583962768,0
223370,-0.9531319142442969,-2.638673990997177,-0.10112916762035554,0
223374,-0.9554818036163881,-2.6388418402380407,-0.09844357976653696,0
223378,-0.9519569695582513,-2.632295719844358,-0.10196841382467384,0
223382,-0.9549782558937971,-2.6291065842679484,-0.10062561989776454,0
223386,-0.9445716029602502,-2.657976653696498,-0.09978637369344624,0
223390,-0.9480964370183871,-2.6210498207064927,-0.1029755092698558,0
223394,-0.9467536430914778,-2.606111238269627,-0.10532539864194705,0
223398,-0.9418860151064317,-2.64018463416495,-0.09340810254062715,0
223402,-0.9497749294270237,-2.629777981231403,-0.10280766002899214,0
223406,-0.9445716029602502,-2.65898374914168,-0.11237506675822079,0
223409,-0.9480964370183871,-2.622392614633402,-0.10482185091935607,0
223413,-0.9447394522011139,-2.6512626840619515,-0.10599679560540169,0
223417,-0.9556496528572518,-2.6482413977264057,-0.10817883573662927,0
223421,-0.951117723353933,-2.6280994888227664,-0.09089036392767223,0
223425,-0.9526283665217059,-2.627428091859312,-0.09424734874494545,0
223429,-0.9541390096894788,-2.6289387350270847,-0.0999542229343099,0
223433,-0.9564888990615701,-2.6225604638742657,-0.10062561989776454,0
223437,-0.9474250400549324,-2.6138323033493553,-0.10263981078812848,0
223441,-0.9581673914702067,-2.620378423743038,-0.10549324788281071,0
223445,-0.9556496528572518,-2.6329671168078126,-0.10247196154726482,0
223449,-0.9492713817044327,-2.6405203326466773,-0.09978637369344624,0
223452,-0.951117723353933,-2.6215533684290837,-0.09760433356221866,0
223456,-0.9551461051346608,-2.6331349660486763,-0.10045777065690088,0
223460,-0.9502784771496147,-2.6321278706034943,-0.10650034332799267,0
223464,-0.9541390096894788,-2.627260242618448,-0.09424734874494545,0
223468,-0.9475928892957961,-2.617860685130083,-0.10112916762035554,0
223472,-0.958503089951934,-2.6373311970702678,-0.11338216220340276,0
223476,-0.9638742656595711,-2.6517662317845425,-0.11992828259708552,0
223480,-0.9757915617608911,-2.6578088044556343,-0.11690699626153964,0
223484,-0.9556496528572518,-2.6487449454489966,-0.10851453421835659,0
223488,-0.9598458838788433,-2.6542839703974974,-0.08988326848249027,0
223491,-0.9638742656595711,-2.656969558251316,-0.07477683680476081,0
223495,-0.9479285877775234,-2.6364919508659495,-0.08182650492103456,0
223499,-0.9439002059967956,-2.6606622415503165,-0.1012970168612192,0
223503,-0.9433966582742046,-2.661501487754635,-0.10163271534294652,0
223507,-0.9489356832227054,-2.632799267566949,-0.10180056458381018,0
223511,-0.9519569695582513,-2.6286030365453574,-0.11472495613031204,0
223515,-0.9484321355001144,-2.620378423743038,-0.10683604180971999,0
223519,-0.9395361257343404,-2.6452201113908598,-0.09710078583962768,0
223523,-0.9497749294270237,-2.635317006179904,-0.10280766002899214,0
223527,-0.9472571908140688,-2.6227283131151293,-0.09844357976653696,0
223531,-0.9536354619668879,-2.6163500419623102,-0.1029755092698558,0
223534,-0.9576638437476157,-2.6148393987945373,-0.10062561989776454,0
223538,-0.9489356832227054,-2.612993057145037,-0.1012970168612192,0
223542,-0.9548104066529335,-2.61953917753872,-0.10868238345922025,0
223546,-0.9492713817044327,-2.6210498207064927,-0.11237506675822079,0
223550,-0.9551461051346608,-2.6329671168078126,-0.10885023270008393,0
223554,-0.960013733119707,-2.6418631265735866,-0.10582894636453803,0
223558,-0.957999542229343,-2.636659800106813,-0.09642938887617303,0
223562,-0.9492713817044327,-2.630281528953994,-0.08937972075989929,0
223566,-0.9507820248722056,-2.621889066910811,-0.09710078583962768,0
223570,-0.9497749294270237,-2.6212176699473564,-0.09256885633630883,0
223574,-0.9454108491645685,-2.5878156710154876,-0.09458304722667277,0
223577,-0.9548104066529335,-2.608964675364309,-0.09659723811703669,0
223581,-0.9606851300831616,-2.6291065842679484,-0.09256885633630883,0
223585,-0.9435645075150683,-2.6443808651865415,-0.10263981078812848,0
223589,-0.9539711604486152,-2.6378347447928587,-0.10230411230640116,0
223593,-0.9620279240100709,-2.6349813076981765,-0.10079346913862822,0
223597,-0.958503089951934,-2.640688181887541,-0.09676508735790035,0
223601,-0.9524605172808422,-2.6275959411001755,-0.09726863508049134,0
223605,-0.9578316929884794,-2.630785076676585,-0.10096131837949188,0
223609,-0.9492713817044327,-2.6260852979324025,-0.10247196154726482,0
223613,-0.9556496528572518,-2.636659800106813,-0.1021362630655375,0
223616,-0.9504463263904783,-2.644045166704814,-0.09760433356221866,0
223620,-0.9499427786678873,-2.6349813076981765,-0.10650034332799267,0
223624,-0.9532997634851605,-2.637666895551995,-0.08652628366521706,0
223628,-0.9522926680399786,-2.6227283131151293,-0.09978637369344624,0
223632,-0.950614175631342,-2.635820553902495,-0.08686198214694438,0
223636,-0.9504463263904783,-2.6385061417563134,-0.09357595178149081,0
223640,-0.9467536430914778,-2.611985961699855,-0.09458304722667277,0
223644,-0.9521248187991149,-2.6074540321965363,-0.09089036392767223,0
223648,-0.9519569695582513,-2.6171892881666285,-0.09357595178149081,0
223652,-0.9613565270466162,-2.6479056992446783,-0.09458304722667277,0
223656,-0.9611886778057526,-2.656969558251316,-0.09139391165026321,0
223659,-0.9502784771496147,-2.6408560311284046,-0.0982757305256733,0
223663,-0.959510185397116,-2.6344777599755855,-0.09693293659876402,0
223667,-0.9573281452658884,-2.637163347829404,-0.09575799191271839,0
223671,-0.9517891203173876,-2.6291065842679484,-0.08786907759212634,0
223675,-0.9420538643472953,-2.645555809872587,-0.0999542229343099,0
223679,-0.949103532463569,-2.6334706645304036,-0.09626153963530937,0
223683,-0.9534676127260242,-2.6186999313344015,-0.08971541924162661,0
223687,-0.9526283665217059,-2.6247425040054932,-0.09592584115358205,0
223691,-0.9534676127260242,-2.6168535896849012,-0.10045777065690088,0
223695,-0.9561532005798428,-2.604097047379263,-0.08434424353398946,0
223699,-0.950110627908751,-2.6181963836118105,-0.09642938887617303,0
223702,-0.9546425574120698,-2.634645609216449,-0.09760433356221866,0
223706,-0.951621271076524,-2.6210498207064927,-0.09844357976653696,0
223710,-0.9534676127260242,-2.6163500419623102,-0.10045777065690088,0
223714,-0.9512855725947966,-2.611985961699855,-0.10549324788281071,0
223718,-0.9546425574120698,-2.6284351873044938,-0.09945067521171892,0
223722,-0.9601815823605706,-2.628770885786221,-0.10482185091935607,0
223726,-0.9527962157625696,-2.6252460517280842,-0.10398260471503776,0
223730,-0.9469214923323415,-2.610139620050355,-0.09626153963530937,0
223734,-0.9526283665217059,-2.619035629816129,-0.09810788128480964,0
223738,-0.9405432211795224,-2.6373311970702678,-0.09844357976653696,0
223742,-0.9539711604486152,-2.6304493781948577,-0.10196841382467384,0
223745,-0.9648813611047532,-2.6413595788509956,-0.09710078583962768,0
223749,-0.9536354619668879,-2.6240711070420386,-0.10733958953231097,0
223753,-0.9514534218356603,-2.6171892881666285,-0.10180056458381018,0
223757,-0.9526283665217059,-2.62138551918822,-0.10247196154726482,0
223761,-0.9546425574120698,-2.634142061493858,-0.10079346913862822,0
223765,-0.9375219348439765,-2.63514915693904,-0.10431830319676508,0
223769,-0.950614175631342,-2.6388418402380407,-0.1046540016784924,0
223773,-0.951117723353933,-2.6217212176699474,-0.10180056458381018,0
223777,-0.9512855725947966,-2.6197070267795834,-0.1029755092698558,0
223781,-0.9499427786678873,-2.624406805523766,-0.09978637369344624,0
223784,-0.9521248187991149,-2.6151750972762646,-0.09978637369344624,0
223788,-0.9492713817044327,-2.6212176699473564,-0.10314335851071946,0
223792,-0.9526283665217059,-2.6240711070420386,-0.10045777065690088,0
223796,-0.9472571908140688,-2.61450370031281,-0.09760433356221866,0
223800,-0.951621271076524,-2.6171892881666285,-0.10146486610208286,0
223804,-0.9502784771496147,-2.6215533684290837,-0.10582894636453803,0
223808,-0.9504463263904783,-2.6359884031433585,-0.10364690623331044,0
223812,-0.9512855725947966,-2.6217212176699474,-0.10515754940108339,0
223816,-0.9531319142442969,-2.634309910734722,-0.10180056458381018,0
223820,-0.9527962157625696,-2.6289387350270847,-0.09844357976653696,0
223824,-0.9484321355001144,-2.6210498207064927,-0.09491874570840009,0
223827,-0.9563210498207064,-2.6098039215686275,-0.10263981078812848,0
223831,-0.9539711604486152,-2.615510795757992,-0.09928282597085526,0
223835,-0.9658884565499352,-2.6484092469672693,-0.09240100709544517,0
223839,-0.94960708018616,-2.627763790341039,-0.10280766002899214,0
223843,-0.9439002059967956,-2.6566338597695887,-0.1029755092698558,0
223847,-0.9485999847409781,-2.6354848554207675,-0.10650034332799267,0
223851,-0.9519569695582513,-2.6252460517280842,-0.09525444419012741,0
223855,-0.9408789196612497,-2.635820553902495,-0.10196841382467384,0
223859,-0.9474250400549324,-2.6222247653925383,-0.11036087586785687,0
223863,-0.951117723353933,-2.6181963836118105,-0.09575799191271839,0
223867,-0.950614175631342,-2.6324635690852216,-0.09206530861371785,0
223870,-0.9527962157625696,-2.6275959411001755,-0.10180056458381018,0
223874,-0.9568245975432974,-2.615007248035401,-0.10079346913862822,0
223878,-0.9470893415732051,-2.611985961699855,-0.097436484321355,0
223882,-0.9564888990615701,-2.6133287556267644,-0.09273670557717249,0
223886,-0.9522926680399786,-2.6116502632181278,-0.10062561989776454,0
223890,-0.9541390096894788,-2.619371328297856,-0.09794003204394598,0
223894,-0.9544747081712062,-2.6255817502098115,-0.0982757305256733,0
223898,-0.9521248187991149,-2.618867780575265,-0.10331120775158312,0
223902,-0.9556496528572518,-2.631792172121767,-0.10230411230640116,0
223906,-0.9487678339818417,-2.6181963836118105,-0.10263981078812848,0
223909,-0.9494392309452964,-2.6138323033493553,-0.10599679560540169,0
223913,-0.9531319142442969,-2.629777981231403,-0.10885023270008393,0
223917,-0.9492713817044327,-2.6304493781948577,-0.1021362630655375,0
223921,-0.9637064164187075,-2.636324101625086,-0.10096131837949188,0
223925,-0.970923933775845,-2.6492484931715876,-0.08652628366521706,0
223929,-0.9583352407110703,-2.6388418402380407,-0.10314335851071946,0
223933,-0.9454108491645685,-2.605104142824445,-0.11472495613031204,0
223937,-0.9408789196612497,-2.629777981231403,-0.10180056458381018,0
223941,-0.9532997634851605,-2.6374990463111314,-0.09391165026321813,0
223945,-0.9477607385366598,-2.6311207751583123,-0.09055466544594491,0
223949,-0.950110627908751,-2.627428091859312,-0.10515754940108339,0
223952,-0.9512855725947966,-2.619035629816129,-0.1012970168612192,0
223956,-0.9531319142442969,-2.6316243228809033,-0.11103227283131151,0
223960,-0.9499427786678873,-2.6284351873044938,-0.10650034332799267,0
223964,-0.957495994506752,-2.6220569161516747,-0.09374380102235447,0
223968,-0.9568245975432974,-2.615510795757992,-0.10314335851071946,0
223972,-0.9532997634851605,-2.631288624399176,-0.10247196154726482,0
223976,-0.9494392309452964,-2.619874876020447,-0.09542229343099107,0
223980,-0.9470893415732051,-2.6141680018310827,-0.09794003204394598,0
223984,-0.9561532005798428,-2.606111238269627,-0.09642938887617303,0
223988,-0.9484321355001144,-2.612993057145037,-0.09894712748912794,0
223992,-0.9539711604486152,-2.6230640115968566,-0.10263981078812848,0
223995,-0.9591744869153886,-2.6304493781948577,-0.08786907759212634,0
223999,-0.958503089951934,-2.6405203326466773,-0.09189745937285419,0
224003,-0.9519569695582513,-2.6344777599755855,-0.10230411230640116,0
224007,-0.9497749294270237,-2.629274433508812,-0.11455710688944838,0
224011,-0.9534676127260242,-2.6215533684290837,-0.12529945830472267,0
224015,-0.9722667277027542,-2.6299458304722667,-0.12529945830472267,0
224019,-0.9564888990615701,-2.6245746547646296,-0.11304646372167544,0
224023,-0.9460822461280232,-2.6059433890287633,-0.08518348973830778,0
224027,-0.9538033112077515,-2.61953917753872,-0.05866330968184939,0
224031,-0.9532997634851605,-2.6326314183260853,-0.06923781185626002,0
224035,-0.9620279240100709,-2.6364919508659495,-0.08619058518348974,0
224038,-0.9517891203173876,-2.625749599450675,-0.125131609063859,0
224042,-0.9398718242160677,-2.6556267643244067,-0.13436331731136034,0
224046,-0.9408789196612497,-2.652941176470588,-0.12915999084458685,0
224050,-0.9573281452658884,-2.637163347829404,-0.11774624246585794,0
224054,-0.9524605172808422,-2.631288624399176,-0.11052872510872053,0
224058,-0.9499427786678873,-2.627428091859312,-0.10263981078812848,0
224062,-0.9418860151064317,-2.6468986037994964,-0.11271076523994812,0
224066,-0.9247653925383382,-2.625413900968948,-0.10163271534294652,0
224070,-0.9454108491645685,-2.5940260929274435,-0.11052872510872053,0
224074,-0.9485999847409781,-2.6009079118028535,-0.11304646372167544,0
224077,-0.94960708018616,-2.6072861829556726,-0.1012970168612192,0
224081,-0.9541390096894788,-2.6200427252613108,-0.10448615243762874,0
224047,,,,1
224085,-0.9559853513389791,-2.6413595788509956,-0.10498970016021973,0
224089,-0.9598458838788433,-2.646059357595178,-0.10079346913862822,0
224093,-0.9643778133821621,-2.6359884031433585,-0.097436484321355,0
224097,-0.9573281452658884,-2.639177538719768,-0.11036087586785687,0
224101,-0.951621271076524,-2.619371328297856,-0.0982757305256733,0
224105,-0.9657206073090715,-2.6299458304722667,-0.1012970168612192,0
224109,-0.9647135118638895,-2.6453879606317234,-0.09726863508049134,0
224113,-0.9509498741130693,-2.617357137407492,-0.1029755092698558,0
224117,-0.9546425574120698,-2.6331349660486763,-0.10616464484626535,0
224120,-0.9556496528572518,-2.634813458457313,-0.10801098649576561,0
224124,-0.9548104066529335,-2.634309910734722,-0.08770122835126268,0
224128,-0.9571602960250247,-2.627763790341039,-0.10415045395590142,0
224132,-0.9559853513389791,-2.645052262149996,-0.09559014267185473,0
224136,-0.9571602960250247,-2.6373311970702678,-0.1012970168612192,0
224140,-0.9554818036163881,-2.643205920500496,-0.09391165026321813,0
224144,-0.9605172808422979,-2.643709468223087,-0.09290455481803617,0
224148,-0.9536354619668879,-2.6245746547646296,-0.09256885633630883,0
224152,-0.9553139543755245,-2.63514915693904,-0.10028992141603722,0
224156,-0.960013733119707,-2.6433737697413595,-0.10146486610208286,0
224160,-0.9558175020981154,-2.655458915083543,-0.10616464484626535,0
224163,-0.9593423361562523,-2.641695277332723,-0.10079346913862822,0
224167,-0.9568245975432974,-2.6237354085603113,-0.11808194094758526,0
224171,-0.9538033112077515,-2.626756694895857,-0.10280766002899214,0
224175,-0.9531319142442969,-2.6319600213626306,-0.10968947890440223,0
224179,-0.9469214923323415,-2.609132524605173,-0.10263981078812848,0
224183,-0.9517891203173876,-2.617524986648356,-0.10415045395590142,0
224187,-0.9440680552376592,-2.6438773174639505,-0.10633249408712901,0
224191,-0.9482642862592507,-2.6138323033493553,-0.10566109712367437,0
224195,-0.9454108491645685,-2.5844586861982144,-0.11942473487449454,0
224199,-0.9454108491645685,-2.5842908369573507,-0.10515754940108339,0
224202,-0.9546425574120698,-2.6156786449988556,-0.11992828259708552,0
224206,-0.9470893415732051,-2.6158464942397193,-0.11136797131303883,0
224210,-0.9504463263904783,-2.6286030365453574,-0.10733958953231097,0
224214,-0.9459143968871595,-2.6076218814374,-0.09340810254062715,0
224218,-0.9465857938506141,-2.605104142824445,-0.10700389105058365,0
224222,-0.9715953307392996,-2.638673990997177,-0.10415045395590142,0
224226,-0.9544747081712062,-2.643205920500496,-0.09794003204394598,0
224230,-0.9539711604486152,-2.6344777599755855,-0.09156176089112687,0
224234,-0.9512855725947966,-2.619371328297856,-0.10767528801403829,0
224238,-0.9549782558937971,-2.6245746547646296,-0.11036087586785687,0
224242,-0.9536354619668879,-2.6186999313344015,-0.10599679560540169,0
224245,-0.9606851300831616,-2.6383382925154497,-0.10700389105058365,0
224249,-0.950110627908751,-2.6321278706034943,-0.10885023270008393,0
224253,-0.9544747081712062,-2.637163347829404,-0.10650034332799267,0
224257,-0.9541390096894788,-2.63330281528954,-0.10683604180971999,0
224261,-0.9492713817044327,-2.6304493781948577,-0.10750743877317463,0
224265,-0.9605172808422979,-2.6418631265735866,-0.09340810254062715,0
224269,-0.9526283665217059,-2.631792172121767,-0.10112916762035554,0
224273,-0.9531319142442969,-2.6378347447928587,-0.09844357976653696,0
224277,-0.9610208285648889,-2.6405203326466773,-0.09844357976653696,0
224281,-0.9569924467841611,-2.625749599450675,-0.09861142900740062,0
224285,-0.9512855725947966,-2.6123216601815824,-0.11556420233463034,0
224288,-0.9569924467841611,-2.616014343480583,-0.10247196154726482,0
224292,-0.9509498741130693,-2.6024185549706265,-0.10582894636453803,0
224296,-0.9573281452658884,-2.6200427252613108,-0.12227817196917677,0
224300,-0.9376897840848402,-2.639681086442359,-0.12311741817349507,0
224304,-0.9578316929884794,-2.637163347829404,-0.09710078583962768,0
224308,-0.9566567483024337,-2.6301136797131304,-0.08652628366521706,0
224312,-0.9638742656595711,-2.6479056992446783,-0.08501564049744412,0
224316,-0.9543068589303425,-2.635317006179904,-0.08602273594262608,0
224320,-0.9499427786678873,-2.630281528953994,-0.09978637369344624,0
224324,-0.9450751506828412,-2.6660334172579536,-0.10331120775158312,0
224328,-0.9350041962310216,-2.6484092469672693,-0.11287861448081178,0
224331,-0.9489356832227054,-2.620881971465629,-0.11455710688944838,0
224335,-0.9425574120698863,-2.654955367360952,-0.11136797131303883,0
224339,-0.9484321355001144,-2.6344777599755855,-0.11086442359044785,0
224343,-0.9502784771496147,-2.6250782024872206,-0.1204318303196765,0
224347,-0.9454108491645685,-2.5968795300221257,-0.1179140917067216,0
224351,-0.9450751506828412,-2.6541161211566338,-0.11136797131303883,0
224355,-0.9538033112077515,-2.639177538719768,-0.11153582055390249,0
224359,-0.957999542229343,-2.6354848554207675,-0.09441519798580911,0
224363,-0.9588387884336613,-2.619874876020447,-0.10885023270008393,0
224367,-0.951117723353933,-2.615007248035401,-0.09760433356221866,0
224370,-0.9519569695582513,-2.619371328297856,-0.09810788128480964,0
224374,-0.9480964370183871,-2.602082856488899,-0.12697795071335927,0
224378,-0.9475928892957961,-2.6077897306782636,-0.1029755092698558,0
224382,-0.9521248187991149,-2.6079575799191272,-0.09139391165026321,0
224386,-0.9450751506828412,-2.659319447623407,-0.09441519798580911,0
224390,-0.9502784771496147,-2.6374990463111314,-0.10163271534294652,0
224394,-0.9548104066529335,-2.630785076676585,-0.07863736934462501,0
224398,-0.9564888990615701,-2.6240711070420386,-0.09525444419012741,0
224402,-0.9556496528572518,-2.6324635690852216,-0.10364690623331044,0
224406,-0.9484321355001144,-2.621889066910811,-0.10398260471503776,0
224410,-0.9524605172808422,-2.6242389562829023,-0.10196841382467384,0
224413,-0.9553139543755245,-2.6354848554207675,-0.10079346913862822,0
224417,-0.9591744869153886,-2.637163347829404,-0.10952162966353857,0
224421,-0.9331578545815213,-2.6542839703974974,-0.10498970016021973,0
224425,-0.9544747081712062,-2.650926985580224,-0.10700389105058365,0
224429,-0.9531319142442969,-2.6452201113908598,-0.09945067521171892,0
224433,-0.9524605172808422,-2.638673990997177,-0.10331120775158312,0
224437,-0.9544747081712062,-2.643205920500496,-0.10666819256885633,0
224441,-0.9521248187991149,-2.6237354085603113,-0.10331120775158312,0
224445,-0.9532997634851605,-2.631792172121767,-0.10180056458381018,0
224449,-0.9549782558937971,-2.62826733806363,-0.09978637369344624,0
224453,-0.9454108491645685,-2.6004043640802625,-0.10079346913862822,0
224456,-0.9527962157625696,-2.612489509422446,-0.08451209277485312,0
224460,-0.9527962157625696,-2.6163500419623102,-0.09542229343099107,0
224464,-0.9549782558937971,-2.623399710078584,-0.11623559929808498,0
224468,-0.9519569695582513,-2.6280994888227664,-0.09844357976653696,0
224472,-0.9529640650034332,-2.6227283131151293,-0.09928282597085526,0
224476,-0.9532997634851605,-2.6359884031433585,-0.10331120775158312,0
224480,-0.9564888990615701,-2.627428091859312,-0.09072251468680857,0
224484,-0.9504463263904783,-2.637163347829404,-0.09424734874494545,0
224488,-0.9559853513389791,-2.6499198901350423,-0.11120012207217517,0
224492,-0.9524605172808422,-2.640688181887541,-0.10482185091935607,0
224495,-0.9519569695582513,-2.631792172121767,-0.11304646372167544,0
224499,-0.9632028686961165,-2.643541618982223,-0.11103227283131151,0
224503,-0.9539711604486152,-2.637163347829404,-0.1046540016784924,0
224507,-0.950110627908751,-2.631288624399176,-0.10767528801403829,0
224511,-0.9512855725947966,-2.6210498207064927,-0.10750743877317463,0
224515,-0.957999542229343,-2.62826733806363,-0.10700389105058365,0
224519,-0.9553139543755245,-2.636659800106813,-0.10549324788281071,0
224523,-0.9509498741130693,-2.6116502632181278,-0.10616464484626535,0
224527,-0.9522926680399786,-2.6113145647364004,-0.10633249408712901,0
224531,-0.9561532005798428,-2.601747158007172,-0.10616464484626535,0
224535,-0.9445716029602502,-2.6433737697413595,-0.10398260471503776,0
224538,-0.9559853513389791,-2.646562905317769,-0.10498970016021973,0
224542,-0.9527962157625696,-2.634309910734722,-0.10314335851071946,0
224546,-0.9524605172808422,-2.6284351873044938,-0.1038147554741741,0
224550,-0.9549782558937971,-2.6265888456549935,-0.09424734874494545,0
224536,,,,1
224554,-0.9534676127260242,-2.6161821927214466,-0.12278171969176775,0
224558,-0.9561532005798428,-2.6047684443427177,-0.1021362630655375,0
224562,-0.9538033112077515,-2.6166857404440376,-0.10566109712367437,0
224566,-0.9563210498207064,-2.6059433890287633,-0.10784313725490195,0
224570,-0.9541390096894788,-2.6200427252613108,-0.10062561989776454,0
224574,-0.9548104066529335,-2.6265888456549935,-0.1021362630655375,0
224578,-0.9553139543755245,-2.6369954985885404,-0.1021362630655375,0
224581,-0.9539711604486152,-2.6331349660486763,-0.09642938887617303,0
224585,-0.9489356832227054,-2.6212176699473564,-0.10448615243762874,0
224589,-0.9566567483024337,-2.6227283131151293,-0.10885023270008393,0
224593,-0.9474250400549324,-2.612993057145037,-0.10566109712367437,0
224597,-0.9551461051346608,-2.6260852979324025,-0.10700389105058365,0
224601,-0.9554818036163881,-2.63330281528954,-0.09861142900740062,0
224605,-0.933829251544976,-2.644213015945678,-0.10952162966353857,0
224609,-0.9489356832227054,-2.625917448691539,-0.10331120775158312,0
224613,-0.9573281452658884,-2.6289387350270847,-0.10431830319676508,0
224617,-0.9472571908140688,-2.617021438925765,-0.10616464484626535,0
224621,-0.951117723353933,-2.6123216601815824,-0.10968947890440223,0
224624,-0.951621271076524,-2.6082932784008546,-0.10767528801403829,0
224628,-0.9475928892957961,-2.6062790875104906,-0.10582894636453803,0
224632,-0.9538033112077515,-2.621889066910811,-0.11069657434958419,0
224636,-0.9569924467841611,-2.614000152590219,-0.10263981078812848,0
224640,-0.9514534218356603,-2.6098039215686275,-0.10801098649576561,0
224644,-0.9480964370183871,-2.6014114595254445,-0.11069657434958419,0
224648,-0.9502784771496147,-2.6138323033493553,-0.10700389105058365,0
224652,-0.9526283665217059,-2.6240711070420386,-0.10633249408712901,0
224656,-0.9462500953688868,-2.610643167772946,-0.10314335851071946,0
224660,-0.9541390096894788,-2.6163500419623102,-0.10314335851071946,0
224663,-0.9531319142442969,-2.629777981231403,-0.1029755092698558,0
224667,-0.9474250400549324,-2.6192034790569925,-0.1093537804226749,0
224671,-0.951117723353933,-2.617021438925765,-0.10280766002899214,0
224675,-0.9454108491645685,-2.5950331883726254,-0.10666819256885633,0
224679,-0.9517891203173876,-2.6103074692912185,-0.09726863508049134,0
224683,-0.9467536430914778,-2.5993972686350806,-0.10196841382467384,0
224687,-0.9462500953688868,-2.594697489890898,-0.09491874570840009,0
224691,-0.9494392309452964,-2.6009079118028535,-0.10566109712367437,0
224695,-0.9454108491645685,-2.5837872892347598,-0.10968947890440223,0
224699,-0.9538033112077515,-2.610978866254673,-0.10398260471503776,0
224703,-0.9484321355001144,-2.6141680018310827,-0.10801098649576561,0
224706,-0.9551461051346608,-2.6304493781948577,-0.11606775005722132,0
224710,-0.9532997634851605,-2.6380025940337224,-0.10599679560540169,0
224714,-0.9561532005798428,-2.6128252079041734,-0.10028992141603722,0
224718,-0.9504463263904783,-2.6294422827496757,-0.10431830319676508,0
224722,-0.9512855725947966,-2.6212176699473564,-0.1038147554741741,0
224726,-0.950614175631342,-2.629777981231403,-0.1012970168612192,0
224730,-0.9469214923323415,-2.6121538109407187,-0.11254291599908445,0
224734,-0.9514534218356603,-2.610139620050355,-0.10549324788281071,0
224738,-0.9479285877775234,-2.619035629816129,-0.10096131837949188,0
224742,-0.9564888990615701,-2.619371328297856,-0.11052872510872053,0
224746,-0.9475928892957961,-2.617860685130083,-0.10549324788281071,0
224749,-0.9447394522011139,-2.6504234378576332,-0.10062561989776454,0
224753,-0.9497749294270237,-2.6390096894789044,-0.10398260471503776,0
224757,-0.9415503166247043,-2.641695277332723,-0.11120012207217517,0
224761,-0.9536354619668879,-2.622392614633402,-0.09726863508049134,0
224765,-0.9444037537193866,-2.655962462806134,-0.1101930266269932,0
224769,-0.9504463263904783,-2.651598382543679,-0.10247196154726482,0
224773,-0.9455786984054322,-2.6084611276417182,-0.09810788128480964,0
224777,-0.9554818036163881,-2.6286030365453574,-0.09978637369344624,0
224781,-0.9559853513389791,-2.6428702220187685,-0.11438925764858472,0
224785,-0.9383611810482948,-2.6522697795071335,-0.10952162966353857,0
224788,-0.9521248187991149,-2.628770885786221,-0.1029755092698558,0
224792,-0.9402075226977951,-2.626924544136721,-0.1021362630655375,0
224796,-0.9531319142442969,-2.6388418402380407,-0.09609369039444571,0
224800,-0.959006637674525,-2.618364232852674,-0.10566109712367437,0
224804,-0.9504463263904783,-2.6336385137712672,-0.0999542229343099,0
224808,-0.9554818036163881,-2.6390096894789044,-0.10028992141603722,0
224812,-0.9485999847409781,-2.6265888456549935,-0.10196841382467384,0
224816,-0.9465857938506141,-2.6128252079041734,-0.09928282597085526,0
224820,-0.9423895628290226,-2.651598382543679,-0.1029755092698558,0
224824,-0.9502784771496147,-2.642702372777905,-0.10868238345922025,0
224828,-0.9522926680399786,-2.6240711070420386,-0.10750743877317463,0
224831,-0.9526283665217059,-2.626756694895857,-0.10700389105058365,0
224835,-0.9532997634851605,-2.636324101625086,-0.10700389105058365,0
224839,-0.9532997634851605,-2.6405203326466773,-0.1093537804226749,0
224843,-0.9559853513389791,-2.651598382543679,-0.11002517738612955,0
224847,-0.9480964370183871,-2.6212176699473564,-0.10666819256885633,0
224851,-0.94960708018616,-2.6156786449988556,-0.1101930266269932,0
224855,-0.9524605172808422,-2.627428091859312,-0.11002517738612955,0
224859,-0.9457465476462958,-2.6074540321965363,-0.1101930266269932,0
224863,-0.9433966582742046,-2.637666895551995,-0.09861142900740062,0
224867,-0.9454108491645685,-2.6014114595254445,-0.10817883573662927,0
224871,-0.957495994506752,-2.6062790875104906,-0.1021362630655375,0
224874,-0.9403753719386587,-2.626924544136721,-0.10834668497749293,0
224878,-0.9474250400549324,-2.6192034790569925,-0.09642938887617303,0
224882,-0.9601815823605706,-2.6265888456549935,-0.10146486610208286,0
224886,-0.9593423361562523,-2.62826733806363,-0.09307240405889983,0
224890,-0.9546425574120698,-2.636156252384222,-0.09525444419012741,0
224894,-0.9539711604486152,-2.633806363012131,-0.1012970168612192,0
224898,-0.94960708018616,-2.6141680018310827,-0.09794003204394598,0
224902,-0.9517891203173876,-2.61953917753872,-0.10700389105058365,0
224906,-0.9489356832227054,-2.6163500419623102,-0.10347905699244678,0
224910,-0.9524605172808422,-2.619035629816129,-0.08921187151903563,0
224914,-0.9502784771496147,-2.6225604638742657,-0.09424734874494545,0
224917,-0.9517891203173876,-2.619035629816129,-0.1038147554741741,0
224921,-0.9502784771496147,-2.6220569161516747,-0.09424734874494545,0
224925,-0.94960708018616,-2.6168535896849012,-0.11271076523994812,0
224929,-0.9509498741130693,-2.6029221026932174,-0.13302052338445106,0
224933,-0.9538033112077515,-2.6141680018310827,-0.14409857328145265,0
224937,-0.950614175631342,-2.6299458304722667,-0.13352407110704204,0
224941,-0.9569924467841611,-2.618532082093538,-0.10633249408712901,0
224945,-0.9569924467841611,-2.616517891203174,-0.07376974135957885,0
224949,-0.957999542229343,-2.620378423743038,-0.07628747997253375,0
224953,-0.9539711604486152,-2.6245746547646296,-0.07964446478980697,0
224956,-0.9454108491645685,-2.5973830777447167,-0.09978637369344624,0
224960,-0.9380254825665675,-2.622392614633402,-0.1273136491950866,0
224964,-0.9314793621728846,-2.6299458304722667,-0.12479591058213169,0
224968,-0.9554818036163881,-2.6359884031433585,-0.11589990081635766,0
224972,-0.9610208285648889,-2.6420309758144502,-0.10263981078812848,0
224976,-0.9568245975432974,-2.6245746547646296,-0.11371786068513008,0
224980,-0.9467536430914778,-2.6067826352330816,-0.1148928053711757,0
224984,-0.9350041962310216,-2.6181963836118105,-0.1179140917067216,0
224988,-0.9386968795300221,-2.6349813076981765,-0.11673914702067598,0
224992,-0.929297322041657,-2.618867780575265,-0.11472495613031204,0
224996,-0.9477607385366598,-2.620881971465629,-0.1165712977798123,0
224999,-0.9532997634851605,-2.6314564736400397,-0.1132143129625391,0
225003,-0.9494392309452964,-2.6227283131151293,-0.10985732814526589,0
225007,-0.9586709391927977,-2.6380025940337224,-0.10717174029144731,0
225011,-0.9553139543755245,-2.643709468223087,-0.1029755092698558,0
225015,-0.9529640650034332,-2.6334706645304036,-0.09575799191271839,0
225019,-0.9541390096894788,-2.623903257801175,-0.09475089646753643,0
225023,-0.9536354619668879,-2.617021438925765,-0.10163271534294652,0
225027,-0.9534676127260242,-2.611146715495537,-0.10062561989776454,0
225031,-0.9564888990615701,-2.6143358510719463,-0.1038147554741741,0
225035,-0.9727702754253452,-2.6390096894789044,-0.09441519798580911,0
225039,-0.9502784771496147,-2.6232318608377203,-0.10331120775158312,0
225042,-0.9569924467841611,-2.617357137407492,-0.11120012207217517,0
225046,-0.9576638437476157,-2.6131609063859007,-0.10180056458381018,0
225050,-0.9642099641412984,-2.6225604638742657,-0.10331120775158312,0
225054,-0.9410467689021134,-2.6462272068360417,-0.10096131837949188,0
225058,-0.959006637674525,-2.62642099641413,-0.10112916762035554,0
225062,-0.9593423361562523,-2.6291065842679484,-0.09928282597085526,0
225066,-0.9524605172808422,-2.630785076676585,-0.09609369039444571,0
225070,-0.9554818036163881,-2.634142061493858,-0.1029755092698558,0
225074,-0.9531319142442969,-2.6395132372014953,-0.09575799191271839,0
225078,-0.9494392309452964,-2.6202105745021744,-0.09542229343099107,0
225081,-0.9588387884336613,-2.619874876020447,-0.1012970168612192,0
225085,-0.9618600747692072,-2.627763790341039,-0.09861142900740062,0
225089,-0.9613565270466162,-2.6492484931715876,-0.10549324788281071,0
225093,-0.949103532463569,-2.636324101625086,-0.10767528801403829,0
225097,-0.9544747081712062,-2.6390096894789044,-0.10952162966353857,0
225101,-0.9454108491645685,-2.6037613488975357,-0.10952162966353857,0
225105,-0.958503089951934,-2.6280994888227664,-0.11640344853894864,0
225109,-0.9514534218356603,-2.6103074692912185,-0.10885023270008393,0
225113,-0.9469214923323415,-2.6037613488975357,-0.11203936827649347,0
225117,-0.9454108491645685,-2.5863050278477147,-0.10868238345922025,0
225121,-0.9489356832227054,-2.5978866254673076,-0.10901808194094759,0
225124,-0.960013733119707,-2.6319600213626306,-0.10247196154726482,0
225105,,,,1
225128,-0.9482642862592507,-2.6118181124589914,-0.10700389105058365,0
225132,-0.949103532463569,-2.62138551918822,-0.10364690623331044,0
225136,-0.9450751506828412,-2.663347829404135,-0.10582894636453803,0
225140,-0.957999542229343,-2.645555809872587,-0.10733958953231097,0
225144,-0.9398718242160677,-2.6705653467612724,-0.10263981078812848,0
225148,-0.9499427786678873,-2.643709468223087,-0.10079346913862822,0
225152,-0.9526283665217059,-2.63330281528954,-0.10062561989776454,0
225156,-0.9548104066529335,-2.634309910734722,-0.09240100709544517,0
225160,-0.9519569695582513,-2.6304493781948577,-0.10230411230640116,0
225164,-0.9563210498207064,-2.6123216601815824,-0.1093537804226749,0
225167,-0.9522926680399786,-2.609636072327764,-0.10650034332799267,0
225171,-0.9543068589303425,-2.618028534370947,-0.10045777065690088,0
225175,-0.9556496528572518,-2.630785076676585,-0.10733958953231097,0
225179,-0.9482642862592507,-2.6098039215686275,-0.10834668497749293,0
225183,-0.9538033112077515,-2.6242389562829023,-0.10968947890440223,0
225187,-0.9630350194552528,-2.6255817502098115,-0.1046540016784924,0
225191,-0.9573281452658884,-2.6289387350270847,-0.11036087586785687,0
225195,-0.9526283665217059,-2.62826733806363,-0.10532539864194705,0
225199,-0.9519569695582513,-2.6284351873044938,-0.08904402227817197,0
225203,-0.9494392309452964,-2.6212176699473564,-0.10364690623331044,0
225207,-0.9546425574120698,-2.635652704661631,-0.09575799191271839,0
225210,-0.9564888990615701,-2.623903257801175,-0.09710078583962768,0
225214,-0.9626993209735255,-2.6378347447928587,-0.09189745937285419,0
225218,-0.9534676127260242,-2.626253147173266,-0.10733958953231097,0
225222,-0.9524605172808422,-2.6270923933775845,-0.10498970016021973,0
225226,-0.9450751506828412,-2.664858472571908,-0.1012970168612192,0
225230,-0.9551461051346608,-2.6537804226749064,-0.11892118715190356,0
225234,-0.9437323567559319,-2.671740291447318,-0.10918593118181125,0
225238,-0.9502784771496147,-2.6385061417563134,-0.08854047455558098,0
225242,-0.9482642862592507,-2.616517891203174,-0.08300144960708018,0
225246,-0.9556496528572518,-2.6314564736400397,-0.09424734874494545,0
225249,-0.9546425574120698,-2.639681086442359,-0.10180056458381018,0
225253,-0.9439002059967956,-2.661333638513771,-0.1148928053711757,0
225257,-0.9437323567559319,-2.6700617990386815,-0.12059967956054017,0
225261,-0.9474250400549324,-2.6311207751583123,-0.11976043335622186,0
225265,-0.9465857938506141,-2.6176928358892195,-0.11640344853894864,0
225269,-0.9554818036163881,-2.6247425040054932,-0.1165712977798123,0
225273,-0.9492713817044327,-2.6265888456549935,-0.11136797131303883,0
225277,-0.9467536430914778,-2.6044327458609904,-0.10280766002899214,0
225281,-0.9499427786678873,-2.6158464942397193,-0.11103227283131151,0
225285,-0.9509498741130693,-2.6032578011749448,-0.10247196154726482,0
225289,-0.9485999847409781,-2.6148393987945373,-0.09626153963530937,0
225292,-0.9532997634851605,-2.6291065842679484,-0.09978637369344624,0
225296,-0.9519569695582513,-2.622392614633402,-0.10498970016021973,0
225300,-0.9517891203173876,-2.6245746547646296,-0.10482185091935607,0
225304,-0.9616922255283435,-2.6192034790569925,-0.1132143129625391,0
225308,-0.9450751506828412,-2.6616693369954985,-0.1046540016784924,0
225312,-0.9249332417792019,-2.643709468223087,-0.11187151903562981,0
225316,-0.9536354619668879,-2.6242389562829023,-0.09844357976653696,0
225320,-0.9492713817044327,-2.6250782024872206,-0.10532539864194705,0
225324,-0.9470893415732051,-2.6230640115968566,-0.09072251468680857,0
225328,-0.9487678339818417,-2.6103074692912185,-0.10650034332799267,0
225332,-0.9472571908140688,-2.608964675364309,-0.10398260471503776,0
225335,-0.9561532005798428,-2.6059433890287633,-0.10163271534294652,0
225339,-0.9647135118638895,-2.6304493781948577,-0.10062561989776454,0
225343,-0.9527962157625696,-2.6265888456549935,-0.10045777065690088,0
225347,-0.9467536430914778,-2.611146715495537,-0.10364690623331044,0
225351,-0.9504463263904783,-2.6240711070420386,-0.10582894636453803,0
225355,-0.9509498741130693,-2.610475318532082,-0.09609369039444571,0
225359,-0.9526283665217059,-2.617357137407492,-0.11690699626153964,0
225363,-0.9521248187991149,-2.6143358510719463,-0.11052872510872053,0
225367,-0.9553139543755245,-2.6314564736400397,-0.09928282597085526,0
225371,-0.9531319142442969,-2.6374990463111314,-0.10415045395590142,0
225374,-0.9544747081712062,-2.642534523537041,-0.11220721751735713,0
225378,-0.950614175631342,-2.642198825055314,-0.10633249408712901,0
225382,-0.9435645075150683,-2.6546196688792247,-0.10717174029144731,0
225386,-0.959006637674525,-2.631792172121767,-0.10750743877317463,0
225390,-0.9564888990615701,-2.622896162355993,-0.09810788128480964,0
225394,-0.9529640650034332,-2.6242389562829023,-0.10146486610208286,0
225398,-0.959006637674525,-2.62138551918822,-0.10263981078812848,0
225402,-0.9497749294270237,-2.627260242618448,-0.09978637369344624,0
225406,-0.9633707179369801,-2.6364919508659495,-0.09894712748912794,0
225410,-0.9485999847409781,-2.623903257801175,-0.10112916762035554,0
225414,-0.9499427786678873,-2.628770885786221,-0.08971541924162661,0
225417,-0.9509498741130693,-2.6009079118028535,-0.10650034332799267,0
225421,-0.9460822461280232,-2.599732967116808,-0.10700389105058365,0
225425,-0.9499427786678873,-2.6158464942397193,-0.1012970168612192,0
225429,-0.9489356832227054,-2.6143358510719463,-0.10868238345922025,0
225433,-0.9548104066529335,-2.620881971465629,-0.09710078583962768,0
225437,-0.9548104066529335,-2.623399710078584,-0.10498970016021973,0
225441,-0.9499427786678873,-2.627763790341039,-0.10566109712367437,0
225445,-0.9553139543755245,-2.6374990463111314,-0.10885023270008393,0
225449,-0.9462500953688868,-2.605607690547036,-0.09659723811703669,0
225453,-0.9564888990615701,-2.613496604867628,-0.10650034332799267,0
225457,-0.9526283665217059,-2.6207141222247654,-0.10532539864194705,0
225460,-0.9549782558937971,-2.6237354085603113,-0.10196841382467384,0
225464,-0.959006637674525,-2.620881971465629,-0.11220721751735713,0
225468,-0.9583352407110703,-2.626924544136721,-0.10263981078812848,0
225472,-0.94960708018616,-2.619035629816129,-0.10364690623331044,0
225476,-0.9455786984054322,-2.6004043640802625,-0.10096131837949188,0
225480,-0.9561532005798428,-2.5988937209124896,-0.10163271534294652,0
225484,-0.9522926680399786,-2.5995651178759442,-0.10750743877317463,0
225488,-0.9573281452658884,-2.621889066910811,-0.10784313725490195,0
225492,-0.9517891203173876,-2.6222247653925383,-0.10314335851071946,0
225496,-0.9536354619668879,-2.6143358510719463,-0.1012970168612192,0
225500,-0.9576638437476157,-2.6141680018310827,-0.10314335851071946,0
225503,-0.9556496528572518,-2.632295719844358,-0.10717174029144731,0
225507,-0.9534676127260242,-2.6176928358892195,-0.10431830319676508,0
225511,-0.9558175020981154,-2.642198825055314,-0.09391165026321813,0
225515,-0.9541390096894788,-2.629777981231403,-0.10364690623331044,0
225519,-0.9517891203173876,-2.6296101319905394,-0.10415045395590142,0
225523,-0.9546425574120698,-2.635317006179904,-0.10112916762035554,0
225527,-0.9539711604486152,-2.6321278706034943,-0.1046540016784924,0
225531,-0.9465857938506141,-2.6207141222247654,-0.10247196154726482,0
225535,-0.9581673914702067,-2.625917448691539,-0.1038147554741741,0
225539,-0.9569924467841611,-2.6143358510719463,-0.10750743877317463,0
225542,-0.960013733119707,-2.63330281528954,-0.10415045395590142,0
225546,-0.9489356832227054,-2.622896162355993,-0.10515754940108339,0
225550,-0.9517891203173876,-2.6217212176699474,-0.10431830319676508,0
225554,-0.9400396734569314,-2.627260242618448,-0.11086442359044785,0
225558,-0.950614175631342,-2.636324101625086,-0.10817883573662927,0
225562,-0.9507820248722056,-2.6126573586633097,-0.09760433356221866,0
225566,-0.958503089951934,-2.6311207751583123,-0.10549324788281071,0
225570,-0.9527962157625696,-2.6237354085603113,-0.10448615243762874,0
225574,-0.950110627908751,-2.6171892881666285,-0.11539635309376668,0
225578,-0.951621271076524,-2.6141680018310827,-0.1101930266269932,0
225582,-0.9576638437476157,-2.6123216601815824,-0.10431830319676508,0
225585,-0.950110627908751,-2.61953917753872,-0.10180056458381018,0
225589,-0.9519569695582513,-2.623903257801175,-0.10952162966353857,0
225593,-0.9521248187991149,-2.617021438925765,-0.09072251468680857,0
225597,-0.9524605172808422,-2.618532082093538,-0.10415045395590142,0
225601,-0.9529640650034332,-2.6215533684290837,-0.11136797131303883,0
225605,-0.9447394522011139,-2.656466010528725,-0.09256885633630883,0
225609,-0.9502784771496147,-2.637666895551995,-0.11220721751735713,0
225613,-0.9564888990615701,-2.623399710078584,-0.11069657434958419,0
225617,-0.9492713817044327,-2.627931639581903,-0.10431830319676508,0
225621,-0.9454108491645685,-2.599229419394217,-0.11690699626153964,0
225625,-0.9509498741130693,-2.5975509269855803,-0.10398260471503776,0
225628,-0.949103532463569,-2.612993057145037,-0.10717174029144731,0
225632,-0.9635385671778438,-2.6291065842679484,-0.10717174029144731,0
225636,-0.9504463263904783,-2.6380025940337224,-0.10599679560540169,0
225640,-0.9531319142442969,-2.638673990997177,-0.10515754940108339,0
225644,-0.9529640650034332,-2.630785076676585,-0.10364690623331044,0
225648,-0.9464179446097505,-2.6200427252613108,-0.10112916762035554,0
225652,-0.9531319142442969,-2.6311207751583123,-0.10112916762035554,0
225656,-0.9460822461280232,-2.609971770809491,-0.10599679560540169,0
225660,-0.9467536430914778,-2.6024185549706265,-0.10599679560540169,0
225664,-0.9527962157625696,-2.610139620050355,-0.11741054398413062,0
225667,-0.950110627908751,-2.6232318608377203,-0.09760433356221866,0
225671,-0.9489356832227054,-2.6128252079041734,-0.10515754940108339,0
225675,-0.9509498741130693,-2.603593499656672,-0.11254291599908445,0
225679,-0.9454108491645685,-2.5863050278477147,-0.11522850385290302,0
225683,-0.951621271076524,-2.5968795300221257,-0.08803692683299,0
225687,-0.9492713817044327,-2.618364232852674,-0.10415045395590142,0
225691,-0.9541390096894788,-2.6222247653925383,-0.10582894636453803,0
225695,-0.9454108491645685,-2.598222323949035,-0.1140535591668574,0
225699,-0.9512855725947966,-2.606111238269627,-0.1046540016784924,0
225703,-0.9524605172808422,-2.617524986648356,-0.10851453421835659,0
225707,-0.9492713817044327,-2.6220569161516747,-0.1029755092698558,0
225710,-0.9543068589303425,-2.6225604638742657,-0.10263981078812848,0
225714,-0.9546425574120698,-2.635820553902495,-0.11136797131303883,0
225718,-0.9526283665217059,-2.632295719844358,-0.10196841382467384,0
225722,-0.9532997634851605,-2.635820553902495,-0.10666819256885633,0
225726,-0.9472571908140688,-2.6202105745021744,-0.1038147554741741,0
225730,-0.9529640650034332,-2.622392614633402,-0.10096131837949188,0
225734,-0.9529640650034332,-2.6250782024872206,-0.10582894636453803,0
225738,-0.9539711604486152,-2.625413900968948,-0.09458304722667277,0
225742,-0.951117723353933,-2.617524986648356,-0.10415045395590142,0
225746,-0.9408789196612497,-2.635652704661631,-0.10515754940108339,0
225750,-0.950110627908751,-2.626924544136721,-0.10801098649576561,0
225753,-0.9484321355001144,-2.6151750972762646,-0.12462806134126803,0
225757,-0.9608529793240252,-2.6316243228809033,-0.10431830319676508,0
225761,-0.9546425574120698,-2.641695277332723,-0.10985732814526589,0
225765,-0.9532997634851605,-2.6403524834058136,-0.10263981078812848,0
225769,-0.9472571908140688,-2.624910353246357,-0.09844357976653696,0
225773,-0.9514534218356603,-2.6141680018310827,-0.09189745937285419,0
225777,-0.9499427786678873,-2.6217212176699474,-0.10482185091935607,0
225781,-0.9489356832227054,-2.6146715495536736,-0.10801098649576561,0
225785,-0.9529640650034332,-2.6237354085603113,-0.11153582055390249,0
225789,-0.9519569695582513,-2.6242389562829023,-0.10633249408712901,0
225793,-0.9475928892957961,-2.615007248035401,-0.10750743877317463,0
225796,-0.9573281452658884,-2.6222247653925383,-0.10448615243762874,0
225800,-0.9469214923323415,-2.607118333714809,-0.10750743877317463,0
225804,-0.9485999847409781,-2.6128252079041734,-0.1101930266269932,0
225808,-0.9479285877775234,-2.6197070267795834,-0.10566109712367437,0
225812,-0.9531319142442969,-2.6311207751583123,-0.09407949950408179,0
225816,-0.9485999847409781,-2.6247425040054932,-0.10230411230640116,0
225820,-0.9539711604486152,-2.629274433508812,-0.10196841382467384,0
225824,-0.9578316929884794,-2.6324635690852216,-0.10700389105058365,0
225828,-0.9648813611047532,-2.6390096894789044,-0.0999542229343099,0
225832,-0.9519569695582513,-2.6336385137712672,-0.09072251468680857,0
225835,-0.9532997634851605,-2.6364919508659495,-0.09340810254062715,0
225839,-0.9548104066529335,-2.631792172121767,-0.09945067521171892,0
225843,-0.94960708018616,-2.621889066910811,-0.12194247348744945,0
225847,-0.9514534218356603,-2.611985961699855,-0.10398260471503776,0
225851,-0.9507820248722056,-2.6032578011749448,-0.0991149767299916,0
225855,-0.9475928892957961,-2.6029221026932174,-0.10784313725490195,0
225859,-0.9559853513389791,-2.634645609216449,-0.09894712748912794,0
225863,-0.957999542229343,-2.6349813076981765,-0.09256885633630883,0
225867,-0.9618600747692072,-2.6301136797131304,-0.11673914702067598,0
225871,-0.951621271076524,-2.618028534370947,-0.13855954833295187,0
225875,-0.94960708018616,-2.6116502632181278,-0.13469901579308766,0
225878,-0.9522926680399786,-2.6113145647364004,-0.12882429236285953,0
225882,-0.9460822461280232,-2.6004043640802625,-0.09475089646753643,0
225886,-0.9538033112077515,-2.6156786449988556,-0.07276264591439688,0
225890,-0.9534676127260242,-2.6131609063859007,-0.08048371099412527,0
225894,-0.950614175631342,-2.6280994888227664,-0.09525444419012741,0
225898,-0.94960708018616,-2.6136644541084917,-0.11589990081635766,0
225902,-0.9536354619668879,-2.6128252079041734,-0.1336919203479057,0
225906,-0.9484321355001144,-2.6146715495536736,-0.12462806134126803,0
225910,-0.9568245975432974,-2.6151750972762646,-0.11203936827649347,0
225914,-0.9586709391927977,-2.636324101625086,-0.11422140840772106,0
225918,-0.9499427786678873,-2.630281528953994,-0.1046540016784924,0
225921,-0.9433966582742046,-2.646059357595178,-0.10784313725490195,0
225925,-0.9405432211795224,-2.645555809872587,-0.1093537804226749,0
225929,-0.9366826886396582,-2.642702372777905,-0.10364690623331044,0
225933,-0.9433966582742046,-2.6537804226749064,-0.12563515678645,0
225937,-0.9551461051346608,-2.647570000762951,-0.10515754940108339,0
225941,-0.9527962157625696,-2.635317006179904,-0.11103227283131151,0
225945,-0.9538033112077515,-2.6321278706034943,-0.11623559929808498,0
225949,-0.9573281452658884,-2.6311207751583123,-0.10700389105058365,0
225953,-0.9492713817044327,-2.625749599450675,-0.09945067521171892,0
225957,-0.959006637674525,-2.622896162355993,-0.09441519798580911,0
225960,-0.9621957732509345,-2.6250782024872206,-0.09592584115358205,0
225964,-0.9566567483024337,-2.618364232852674,-0.09810788128480964,0
225968,-0.9532997634851605,-2.629777981231403,-0.08266575112535286,0
225972,-0.9497749294270237,-2.627260242618448,-0.0982757305256733,0
225976,-0.9598458838788433,-2.6408560311284046,-0.09424734874494545,0
225980,-0.9539711604486152,-2.6270923933775845,-0.09726863508049134,0
225984,-0.9566567483024337,-2.6232318608377203,-0.09676508735790035,0
225988,-0.9571602960250247,-2.627428091859312,-0.10599679560540169,0
225992,-0.9494392309452964,-2.617860685130083,-0.10062561989776454,0
225996,-0.9544747081712062,-2.632295719844358,-0.10196841382467384,0
226000,-0.9697489890897993,-2.634309910734722,-0.08921187151903563,0
226003,-0.9616922255283435,-2.620881971465629,-0.0991149767299916,0
226007,-0.9549782558937971,-2.621889066910811,-0.09945067521171892,0
226011,-0.9573281452658884,-2.6280994888227664,-0.10448615243762874,0
226015,-0.9502784771496147,-2.626253147173266,-0.10331120775158312,0
226019,-0.9596780346379796,-2.6296101319905394,-0.10096131837949188,0
226023,-0.9532997634851605,-2.6344777599755855,-0.11724269474326696,0
226027,-0.9549782558937971,-2.6316243228809033,-0.10582894636453803,0
226031,-0.9568245975432974,-2.622392614633402,-0.10784313725490195,0
226035,-0.950614175631342,-2.6324635690852216,-0.1140535591668574,0
226039,-0.9462500953688868,-2.609132524605173,-0.09475089646753643,0
226043,-0.9440680552376592,-2.6398489356832227,-0.10650034332799267,0
226046,-0.9482642862592507,-2.6131609063859007,-0.09642938887617303,0
226050,-0.9398718242160677,-2.6452201113908598,-0.10834668497749293,0
226054,-0.9462500953688868,-2.6148393987945373,-0.11506065461203936,0
226058,-0.9454108491645685,-2.593690394445716,-0.11271076523994812,0
226062,-0.9430609597924773,-2.632799267566949,-0.1046540016784924,0
226066,-0.9475928892957961,-2.6153429465171283,-0.10062561989776454,0
226070,-0.940711070420386,-2.630281528953994,-0.10180056458381018,0
226074,-0.9383611810482948,-2.6494163424124513,-0.1140535591668574,0
226078,-0.9444037537193866,-2.6631799801632714,-0.1093537804226749,0
226082,-0.9529640650034332,-2.6400167849240863,-0.1046540016784924,0
226086,-0.933829251544976,-2.654451819638361,-0.10532539864194705,0
226089,-0.9487678339818417,-2.6289387350270847,-0.10012207217517356,0
226093,-0.9539711604486152,-2.6289387350270847,-0.1029755092698558,0
226097,-0.9492713817044327,-2.6232318608377203,-0.10028992141603722,0
226101,-0.9534676127260242,-2.612993057145037,-0.10498970016021973,0
226105,-0.9543068589303425,-2.620378423743038,-0.09961852445258258,0
226109,-0.9548104066529335,-2.624406805523766,-0.09659723811703669,0
226113,-0.9524605172808422,-2.624910353246357,-0.10566109712367437,0
226117,-0.9532997634851605,-2.634645609216449,-0.10364690623331044,0
226121,-0.9591744869153886,-2.6329671168078126,-0.10582894636453803,0
226125,-0.9610208285648889,-2.639681086442359,-0.10398260471503776,0
226128,-0.959006637674525,-2.6275959411001755,-0.10263981078812848,0
226132,-0.9539711604486152,-2.627428091859312,-0.10700389105058365,0
226136,-0.9586709391927977,-2.6395132372014953,-0.097436484321355,0
226140,-0.9521248187991149,-2.6242389562829023,-0.10180056458381018,0
226144,-0.9469214923323415,-2.6069504844739453,-0.10180056458381018,0
226148,-0.9548104066529335,-2.617021438925765,-0.10750743877317463,0
226152,-0.9454108491645685,-2.5968795300221257,-0.10163271534294652,0
226156,-0.9546425574120698,-2.6237354085603113,-0.09794003204394598,0
226160,-0.9549782558937971,-2.626756694895857,-0.09861142900740062,0
226164,-0.9564888990615701,-2.6237354085603113,-0.10431830319676508,0
226168,-0.9532997634851605,-2.630785076676585,-0.10666819256885633,0
226171,-0.9536354619668879,-2.6212176699473564,-0.11170366979476615,0
226175,-0.9581673914702067,-2.627931639581903,-0.11036087586785687,0
226179,-0.9559853513389791,-2.646059357595178,-0.09290455481803617,0
226183,-0.960013733119707,-2.64706645304036,-0.08300144960708018,0
226187,-0.9538033112077515,-2.6383382925154497,-0.08686198214694438,0
226191,-0.9485999847409781,-2.6220569161516747,-0.10280766002899214,0
226195,-0.9393682764934768,-2.6463950560769054,-0.11203936827649347,0
226199,-0.9445716029602502,-2.6641870756084534,-0.11069657434958419,0
226203,-0.9393682764934768,-2.6635156786449987,-0.11338216220340276,0
226207,-0.9485999847409781,-2.635652704661631,-0.115732051575494,0
226211,-0.9435645075150683,-2.651934081025406,-0.11472495613031204,0
226214,-0.9430609597924773,-2.66083009079118,-0.10868238345922025,0
226218,-0.9457465476462958,-2.6255817502098115,-0.10599679560540169,0
226222,-0.9507820248722056,-2.605607690547036,-0.10616464484626535,0
226226,-0.9502784771496147,-2.6163500419623102,-0.09559014267185473,0
226230,-0.9526283665217059,-2.6168535896849012,-0.10263981078812848,0
226234,-0.9521248187991149,-2.6067826352330816,-0.10230411230640116,0
226238,-0.94960708018616,-2.611146715495537,-0.1029755092698558,0
226242,-0.9465857938506141,-2.6148393987945373,-0.10683604180971999,0
226246,-0.9534676127260242,-2.610139620050355,-0.10817883573662927,0
226250,-0.9499427786678873,-2.619874876020447,-0.10549324788281071,0
226253,-0.959510185397116,-2.630281528953994,-0.10364690623331044,0
226257,-0.9529640650034332,-2.625917448691539,-0.1012970168612192,0
226261,-0.9462500953688868,-2.604600595101854,-0.10482185091935607,0
226265,-0.9563210498207064,-2.6000686655985352,-0.0991149767299916,0
226269,-0.958503089951934,-2.6280994888227664,-0.10263981078812848,0
226273,-0.9576638437476157,-2.6242389562829023,-0.10062561989776454,0
226277,-0.9576638437476157,-2.615007248035401,-0.09894712748912794,0
226281,-0.9548104066529335,-2.620378423743038,-0.10566109712367437,0
226285,-0.9517891203173876,-2.627931639581903,-0.10398260471503776,0
226289,-0.9527962157625696,-2.6237354085603113,-0.09978637369344624,0
226293,-0.950614175631342,-2.637163347829404,-0.10448615243762874,0
226296,-0.9558175020981154,-2.6494163424124513,-0.09407949950408179,0
226300,-0.9553139543755245,-2.6472343022812237,-0.11052872510872053,0
226304,-0.9553139543755245,-2.6448844129091325,-0.10599679560540169,0
226308,-0.9524605172808422,-2.6364919508659495,-0.10028992141603722,0
226312,-0.9534676127260242,-2.6207141222247654,-0.10263981078812848,0
226316,-0.9564888990615701,-2.6181963836118105,-0.10549324788281071,0
226320,-0.9543068589303425,-2.6227283131151293,-0.10347905699244678,0
226324,-0.9526283665217059,-2.624406805523766,-0.10263981078812848,0
226328,-0.9536354619668879,-2.6166857404440376,-0.09861142900740062,0
226332,-0.9487678339818417,-2.6136644541084917,-0.1038147554741741,0
226336,-0.9536354619668879,-2.6103074692912185,-0.10566109712367437,0
226339,-0.9480964370183871,-2.601579308766308,-0.1012970168612192,0
226343,-0.94960708018616,-2.6079575799191272,-0.10263981078812848,0
226347,-0.94960708018616,-2.6039291981383994,-0.10398260471503776,0
226351,-0.9331578545815213,-2.6316243228809033,-0.10952162966353857,0
226355,-0.9529640650034332,-2.6260852979324025,-0.1038147554741741,0
226359,-0.9605172808422979,-2.6383382925154497,-0.10700389105058365,0
226363,-0.9531319142442969,-2.6374990463111314,-0.10817883573662927,0
226367,-0.9538033112077515,-2.6324635690852216,-0.10331120775158312,0
226371,-0.9509498741130693,-2.611146715495537,-0.10700389105058365,0
226375,-0.9502784771496147,-2.6163500419623102,-0.10096131837949188,0
226379,-0.9529640650034332,-2.6210498207064927,-0.11438925764858472,0
226382,-0.9553139543755245,-2.6311207751583123,-0.10549324788281071,0
226386,-0.94960708018616,-2.6118181124589914,-0.10532539864194705,0
226390,-0.9521248187991149,-2.6093003738460365,-0.10650034332799267,0
226394,-0.9558175020981154,-2.636659800106813,-0.10280766002899214,0
226398,-0.9536354619668879,-2.6215533684290837,-0.10717174029144731,0
226402,-0.9576638437476157,-2.61953917753872,-0.11942473487449454,0
226406,-0.9502784771496147,-2.6215533684290837,-0.1038147554741741,0
226410,-0.9548104066529335,-2.623399710078584,-0.10331120775158312,0
226414,-0.9583352407110703,-2.6217212176699474,-0.1021362630655375,0
226418,-0.951621271076524,-2.6141680018310827,-0.10045777065690088,0
226421,-0.9561532005798428,-2.6062790875104906,-0.10314335851071946,0
226425,-0.9531319142442969,-2.6260852979324025,-0.10784313725490195,0
226429,-0.9588387884336613,-2.6186999313344015,-0.10549324788281071,0
226433,-0.9489356832227054,-2.615510795757992,-0.10599679560540169,0
226437,-0.9447394522011139,-2.6527733272297245,-0.10566109712367437,0
226441,-0.9430609597924773,-2.6561303120469977,-0.10415045395590142,0
226445,-0.9517891203173876,-2.638673990997177,-0.10415045395590142,0
226449,-0.9521248187991149,-2.6230640115968566,-0.1132143129625391,0
226453,-0.9517891203173876,-2.62642099641413,-0.10196841382467384,0
226457,-0.9368505378805219,-2.6374990463111314,-0.10196841382467384,0
226461,-0.9526283665217059,-2.632295719844358,-0.10733958953231097,0
226464,-0.94960708018616,-2.6215533684290837,-0.1029755092698558,0
226468,-0.9526283665217059,-2.624406805523766,-0.10666819256885633,0
226472,-0.9497749294270237,-2.6286030365453574,-0.10868238345922025,0
226476,-0.9474250400549324,-2.614000152590219,-0.10347905699244678,0
226480,-0.9527962157625696,-2.61953917753872,-0.11002517738612955,0
226484,-0.9504463263904783,-2.631288624399176,-0.10566109712367437,0
226488,-0.9534676127260242,-2.619371328297856,-0.1029755092698558,0
226492,-0.9474250400549324,-2.6141680018310827,-0.09961852445258258,0
226496,-0.9480964370183871,-2.601075761043717,-0.09324025329976349,0
226500,-0.9538033112077515,-2.6163500419623102,-0.10263981078812848,0
226504,-0.9479285877775234,-2.6235675593194476,-0.0991149767299916,0
226507,-0.9546425574120698,-2.6326314183260853,-0.09575799191271839,0
226511,-0.9553139543755245,-2.6374990463111314,-0.09357595178149081,0
226515,-0.9502784771496147,-2.6284351873044938,-0.10247196154726482,0
226519,-0.9502784771496147,-2.6215533684290837,-0.10650034332799267,0
226523,-0.9546425574120698,-2.6398489356832227,-0.11438925764858472,0
226527,-0.950110627908751,-2.629777981231403,-0.09928282597085526,0
226531,-0.94272526131075,-2.63514915693904,-0.10650034332799267,0
226535,-0.9519569695582513,-2.6280994888227664,-0.10364690623331044,0
226539,-0.9522926680399786,-2.6156786449988556,-0.10498970016021973,0
226543,-0.9454108491645685,-2.5968795300221257,-0.12412451361867703,0
226546,-0.9454108491645685,-2.5837872892347598,-0.1038147554741741,0
226550,-0.9388647287708858,-2.6210498207064927,-0.10482185091935607,0
226554,-0.9494392309452964,-2.61450370031281,-0.10431830319676508,0
226558,-0.9586709391927977,-2.6354848554207675,-0.10096131837949188,0
226562,-0.9539711604486152,-2.6336385137712672,-0.09760433356221866,0
226566,-0.9522926680399786,-2.6176928358892195,-0.10666819256885633,0
226570,-0.9497749294270237,-2.622896162355993,-0.10331120775158312,0
226574,-0.9566567483024337,-2.6197070267795834,-0.1140535591668574,0
226578,-0.9564888990615701,-2.617357137407492,-0.11271076523994812,0
226582,-0.9469214923323415,-2.608125429159991,-0.10733958953231097,0
226586,-0.9484321355001144,-2.6084611276417182,-0.10012207217517356,0
226589,-0.9524605172808422,-2.619371328297856,-0.10347905699244678,0
226593,-0.9494392309452964,-2.6123216601815824,-0.10398260471503776,0
226597,-0.9524605172808422,-2.619371328297856,-0.09794003204394598,0
226601,-0.9539711604486152,-2.6291065842679484,-0.09861142900740062,0
226605,-0.941214618142977,-2.6458915083543144,-0.10347905699244678,0
226609,-0.941718165865568,-2.656969558251316,-0.1012970168612192,0
226613,-0.957495994506752,-2.6319600213626306,-0.11136797131303883,0
226617,-0.9534676127260242,-2.616517891203174,-0.09525444419012741,0
226621,-0.9339971007858396,-2.639681086442359,-0.11002517738612955,0
226625,-0.9548104066529335,-2.6329671168078126,-0.09928282597085526,0
226629,-0.9554818036163881,-2.638170443274586,-0.10163271534294652,0
226632,-0.9556496528572518,-2.6408560311284046,-0.0991149767299916,0
226636,-0.9534676127260242,-2.6138323033493553,-0.09794003204394598,0
226640,-0.9470893415732051,-2.6136644541084917,-0.09575799191271839,0
226644,-0.9534676127260242,-2.6131609063859007,-0.10364690623331044,0
226648,-0.9507820248722056,-2.6047684443427177,-0.10549324788281071,0
226652,-0.9519569695582513,-2.6176928358892195,-0.10952162966353857,0
226656,-0.9517891203173876,-2.619874876020447,-0.10767528801403829,0
226660,-0.9556496528572518,-2.6329671168078126,-0.10247196154726482,0
226664,-0.951621271076524,-2.617357137407492,-0.1012970168612192,0
226668,-0.9514534218356603,-2.6136644541084917,-0.1029755092698558,0
226672,-0.9519569695582513,-2.6210498207064927,-0.10112916762035554,0
226633,,,,1
226675,-0.951117723353933,-2.6116502632181278,-0.10096131837949188,0
226679,-0.950110627908751,-2.6197070267795834,-0.09844357976653696,0
226683,-0.9548104066529335,-2.625917448691539,-0.10280766002899214,0
226687,-0.951117723353933,-2.6138323033493553,-0.09659723811703669,0
226691,-0.9573281452658884,-2.624406805523766,-0.09407949950408179,0
226695,-0.9470893415732051,-2.6166857404440376,-0.09844357976653696,0
226699,-0.9568245975432974,-2.615510795757992,-0.10028992141603722,0
226703,-0.94960708018616,-2.6141680018310827,-0.0982757305256733,0
226707,-0.9504463263904783,-2.6299458304722667,-0.09256885633630883,0
226711,-0.9368505378805219,-2.6373311970702678,-0.1038147554741741,0
226714,-0.9556496528572518,-2.6385061417563134,-0.10180056458381018,0
226718,-0.9531319142442969,-2.641191729610132,-0.10549324788281071,0
226722,-0.9615243762874799,-2.6275959411001755,-0.11237506675822079,0
226726,-0.9623636224917982,-2.624406805523766,-0.10045777065690088,0
226730,-0.9519569695582513,-2.6242389562829023,-0.09844357976653696,0
226734,-0.951117723353933,-2.617860685130083,-0.10582894636453803,0
226738,-0.9521248187991149,-2.611482413977264,-0.10582894636453803,0
226742,-0.9519569695582513,-2.6205462729839017,-0.10599679560540169,0
226746,-0.9485999847409781,-2.614000152590219,-0.10549324788281071,0
226750,-0.9477607385366598,-2.6222247653925383,-0.09525444419012741,0
226754,-0.9502784771496147,-2.6247425040054932,-0.11438925764858472,0
226757,-0.9509498741130693,-2.6069504844739453,-0.115732051575494,0
226761,-0.9504463263904783,-2.624910353246357,-0.10566109712367437,0
226765,-0.9485999847409781,-2.6210498207064927,-0.10733958953231097,0
226769,-0.9527962157625696,-2.6212176699473564,-0.1021362630655375,0
226773,-0.950110627908751,-2.6215533684290837,-0.09894712748912794,0
226777,-0.9526283665217059,-2.624406805523766,-0.1012970168612192,0
226781,-0.9625314717326618,-2.638170443274586,-0.09693293659876402,0
226785,-0.9534676127260242,-2.620881971465629,-0.09223315785458151,0
226789,-0.950110627908751,-2.6227283131151293,-0.09223315785458151,0
226793,-0.9546425574120698,-2.635652704661631,-0.10683604180971999,0
226797,-0.9559853513389791,-2.6492484931715876,-0.08686198214694438,0
226800,-0.9360112916762036,-2.6398489356832227,-0.09273670557717249,0
226804,-0.957495994506752,-2.6161821927214466,-0.09139391165026321,0
226808,-0.9559853513389791,-2.6433737697413595,-0.09172961013199053,0
226812,-0.9563210498207064,-2.6192034790569925,-0.09978637369344624,0
226816,-0.9551461051346608,-2.635652704661631,-0.09777218280308232,0
226820,-0.9527962157625696,-2.6284351873044938,-0.10263981078812848,0
226824,-0.9517891203173876,-2.6304493781948577,-0.10112916762035554,0
226828,-0.9538033112077515,-2.630785076676585,-0.11069657434958419,0
226832,-0.9544747081712062,-2.639177538719768,-0.11673914702067598,0
226836,-0.9551461051346608,-2.638673990997177,-0.12311741817349507,0
226839,-0.9549782558937971,-2.6316243228809033,-0.13637750820172426,0
226843,-0.9521248187991149,-2.617524986648356,-0.13167772945754178,0
226847,-0.9559853513389791,-2.6403524834058136,-0.08585488670176242,0
226851,-0.9598458838788433,-2.648073548485542,-0.06403448538948653,0
226855,-0.9680704966811627,-2.650087739375906,-0.06789501792935072,0
226859,-0.9571602960250247,-2.64018463416495,-0.08602273594262608,0
226863,-0.9454108491645685,-2.601747158007172,-0.11220721751735713,0
226867,-0.9444037537193866,-2.643205920500496,-0.12563515678645,0
226871,-0.9598458838788433,-2.646562905317769,-0.13234912642099642,0
226875,-0.9470893415732051,-2.6280994888227664,-0.13570611123826962,0
226879,-0.9449073014419775,-2.655962462806134,-0.11942473487449454,0
226882,-0.9470893415732051,-2.6309529259174487,-0.09961852445258258,0
226886,-0.9449073014419775,-2.6542839703974974,-0.09928282597085526,0
226890,-0.9309758144502936,-2.6468986037994964,-0.09240100709544517,0
226894,-0.9482642862592507,-2.6128252079041734,-0.08602273594262608,0
226898,-0.9485999847409781,-2.6103074692912185,-0.09760433356221866,0
226902,-0.9519569695582513,-2.6200427252613108,-0.09978637369344624,0
226906,-0.9564888990615701,-2.6186999313344015,-0.09475089646753643,0
226910,-0.9541390096894788,-2.627931639581903,-0.10666819256885633,0
226914,-0.9571602960250247,-2.6296101319905394,-0.10230411230640116,0
226918,-0.951621271076524,-2.606111238269627,-0.09928282597085526,0
226922,-0.9558175020981154,-2.6388418402380407,-0.10582894636453803,0
226925,-0.9628671702143892,-2.63514915693904,-0.10415045395590142,0
226929,-0.9653849088273442,-2.651430533302815,-0.1012970168612192,0
226933,-0.9628671702143892,-2.637163347829404,-0.10012207217517356,0
226937,-0.9569924467841611,-2.6252460517280842,-0.10263981078812848,0
226941,-0.9652170595864805,-2.646059357595178,-0.10817883573662927,0
226945,-0.9608529793240252,-2.6462272068360417,-0.10062561989776454,0
226949,-0.9569924467841611,-2.6291065842679484,-0.09844357976653696,0
226953,-0.9514534218356603,-2.6163500419623102,-0.11036087586785687,0
226957,-0.9507820248722056,-2.6039291981383994,-0.10431830319676508,0
226961,-0.9653849088273442,-2.6403524834058136,-0.10112916762035554,0
226965,-0.9526283665217059,-2.6311207751583123,-0.10163271534294652,0
226968,-0.9534676127260242,-2.6222247653925383,-0.09542229343099107,0
226972,-0.9581673914702067,-2.6215533684290837,-0.09340810254062715,0
226976,-0.9668955519951171,-2.6205462729839017,-0.09290455481803617,0
226980,-0.9452429999237049,-2.6667048142214083,-0.09055466544594491,0
226984,-0.9613565270466162,-2.660494392309453,-0.08803692683299,0
226988,-0.950110627908751,-2.641191729610132,-0.10817883573662927,0
226992,-0.9517891203173876,-2.6316243228809033,-0.10868238345922025,0
226996,-0.9445716029602502,-2.659990844586862,-0.09894712748912794,0
227000,-0.9457465476462958,-2.6212176699473564,-0.10196841382467384,0
227004,-0.9454108491645685,-2.593354695963989,-0.10515754940108339,0
227007,-0.9499427786678873,-2.6136644541084917,-0.0999542229343099,0
227011,-0.9418860151064317,-2.6448844129091325,-0.09877927824826428,0
227015,-0.9460822461280232,-2.6138323033493553,-0.1046540016784924,0
227019,-0.9425574120698863,-2.6494163424124513,-0.10347905699244678,0
227023,-0.9459143968871595,-2.6202105745021744,-0.09290455481803617,0
227027,-0.9529640650034332,-2.6202105745021744,-0.09407949950408179,0
227031,-0.9462500953688868,-2.6042648966201267,-0.0991149767299916,0
227035,-0.949103532463569,-2.6200427252613108,-0.0991149767299916,0
227039,-0.950614175631342,-2.632799267566949,-0.10079346913862822,0
227043,-0.9484321355001144,-2.621889066910811,-0.09458304722667277,0
227047,-0.9657206073090715,-2.6334706645304036,-0.10163271534294652,0
227050,-0.9719310292210269,-2.662844281681544,-0.10012207217517356,0
227054,-0.9539711604486152,-2.6452201113908598,-0.1165712977798123,0
227058,-0.9566567483024337,-2.631792172121767,-0.09642938887617303,0
227062,-0.9553139543755245,-2.639177538719768,-0.09642938887617303,0
227066,-0.9571602960250247,-2.6364919508659495,-0.10247196154726482,0
227070,-0.9494392309452964,-2.62642099641413,-0.09726863508049134,0
227074,-0.9569924467841611,-2.619035629816129,-0.10028992141603722,0
227078,-0.9568245975432974,-2.6158464942397193,-0.09710078583962768,0
227082,-0.9544747081712062,-2.6349813076981765,-0.09726863508049134,0
227086,-0.9581673914702067,-2.6321278706034943,-0.10515754940108339,0
227090,-0.9420538643472953,-2.650591287098497,-0.10398260471503776,0
227093,-0.9559853513389791,-2.6552910658426794,-0.0999542229343099,0
227097,-0.9640421149004348,-2.661333638513771,-0.10347905699244678,0
227101,-0.9561532005798428,-2.630281528953994,-0.08904402227817197,0
227105,-0.9551461051346608,-2.637163347829404,-0.09609369039444571,0
227109,-0.9543068589303425,-2.63330281528954,-0.097436484321355,0
227113,-0.9546425574120698,-2.639681086442359,-0.08921187151903563,0
227117,-0.951117723353933,-2.6225604638742657,-0.09710078583962768,0
227121,-0.9529640650034332,-2.6220569161516747,-0.10263981078812848,0
227125,-0.9536354619668879,-2.618867780575265,-0.11589990081635766,0
227129,-0.9539711604486152,-2.625413900968948,-0.12294956893263141,0
227132,-0.9553139543755245,-2.632295719844358,-0.10750743877317463,0
227136,-0.9558175020981154,-2.6458915083543144,-0.08669413290608072,0
227140,-0.9742809185931182,-2.6562981612878613,-0.08535133897917144,0
227144,-0.9514534218356603,-2.6319600213626306,-0.09105821316853589,0
227148,-0.9383611810482948,-2.6494163424124513,-0.11203936827649347,0
227152,-0.9269474326695658,-2.6364919508659495,-0.1165712977798123,0
227156,-0.9454108491645685,-2.6034256504158084,-0.11069657434958419,0
227160,-0.9454108491645685,-2.59251544975967,-0.09307240405889983,0
227164,-0.9553139543755245,-2.618532082093538,-0.11371786068513008,0
227168,-0.9472571908140688,-2.6121538109407187,-0.1132143129625391,0
227172,-0.9475928892957961,-2.610643167772946,-0.1132143129625391,0
227175,-0.9452429999237049,-2.6562981612878613,-0.10230411230640116,0
227179,-0.9531319142442969,-2.6487449454489966,-0.1101930266269932,0
227183,-0.950614175631342,-2.6438773174639505,-0.10196841382467384,0
227187,-0.950110627908751,-2.6314564736400397,-0.10163271534294652,0
227191,-0.9531319142442969,-2.6378347447928587,-0.12076752880140383,0
227195,-0.9392004272526131,-2.6542839703974974,-0.11136797131303883,0
227199,-0.9534676127260242,-2.627763790341039,-0.10885023270008393,0
227203,-0.9521248187991149,-2.6151750972762646,-0.10180056458381018,0
227207,-0.9487678339818417,-2.6136644541084917,-0.10230411230640116,0
227211,-0.957495994506752,-2.611482413977264,-0.09961852445258258,0
227215,-0.9504463263904783,-2.6280994888227664,-0.09794003204394598,0
227218,-0.9517891203173876,-2.624406805523766,-0.08988326848249027,0
227222,-0.9522926680399786,-2.6151750972762646,-0.09760433356221866,0
227226,-0.9613565270466162,-2.6420309758144502,-0.09642938887617303,0
227230,-0.9623636224917982,-2.6301136797131304,-0.0999542229343099,0
227234,-0.950614175631342,-2.642702372777905,-0.10280766002899214,0
227238,-0.9573281452658884,-2.6364919508659495,-0.10079346913862822,0
227242,-0.9551461051346608,-2.643038071259632,-0.10834668497749293,0
227246,-0.9539711604486152,-2.6329671168078126,-0.10247196154726482,0
227250,-0.9563210498207064,-2.6186999313344015,-0.0871976806286717,0
227254,-0.9549782558937971,-2.618532082093538,-0.09407949950408179,0
227258,-0.9553139543755245,-2.632799267566949,-0.10146486610208286,0
227261,-0.9524605172808422,-2.6280994888227664,-0.10532539864194705,0
227265,-0.950110627908751,-2.624910353246357,-0.097436484321355,0
227269,-0.9454108491645685,-2.5968795300221257,-0.0982757305256733,0
227273,-0.9472571908140688,-2.601747158007172,-0.09172961013199053,0
227277,-0.9524605172808422,-2.6146715495536736,-0.09810788128480964,0
227281,-0.9517891203173876,-2.61953917753872,-0.09290455481803617,0
227285,-0.9479285877775234,-2.6260852979324025,-0.09710078583962768,0
227289,-0.9497749294270237,-2.624910353246357,-0.09710078583962768,0
227293,-0.949103532463569,-2.6220569161516747,-0.10247196154726482,0
227297,-0.957495994506752,-2.615510795757992,-0.10112916762035554,0
227300,-0.949103532463569,-2.6215533684290837,-0.09626153963530937,0
227304,-0.9470893415732051,-2.6192034790569925,-0.09676508735790035,0
227308,-0.9531319142442969,-2.6291065842679484,-0.09894712748912794,0
227312,-0.9521248187991149,-2.618364232852674,-0.09877927824826428,0
227316,-0.9484321355001144,-2.616517891203174,-0.09861142900740062,0
227320,-0.9524605172808422,-2.6136644541084917,-0.10062561989776454,0
227324,-0.9459143968871595,-2.6108110170138095,-0.10230411230640116,0
227328,-0.9480964370183871,-2.601747158007172,-0.10146486610208286,0
227332,-0.951117723353933,-2.607118333714809,-0.11036087586785687,0
227336,-0.9561532005798428,-2.603089951934081,-0.09978637369344624,0
227340,-0.9479285877775234,-2.6215533684290837,-0.08182650492103456,0
227343,-0.9527962157625696,-2.620378423743038,-0.10431830319676508,0
227347,-0.9544747081712062,-2.632295719844358,-0.10347905699244678,0
227351,-0.9553139543755245,-2.6405203326466773,-0.09777218280308232,0
227355,-0.9561532005798428,-2.6143358510719463,-0.10582894636453803,0
227359,-0.9521248187991149,-2.6153429465171283,-0.10028992141603722,0
227363,-0.9591744869153886,-2.622392614633402,-0.09642938887617303,0
227367,-0.960013733119707,-2.6373311970702678,-0.10028992141603722,0
227371,-0.9593423361562523,-2.634309910734722,-0.09659723811703669,0
227375,-0.9563210498207064,-2.6126573586633097,-0.09609369039444571,0
227379,-0.9621957732509345,-2.6212176699473564,-0.10448615243762874,0
227383,-0.951621271076524,-2.6138323033493553,-0.09894712748912794,0
227386,-0.957495994506752,-2.6163500419623102,-0.09726863508049134,0
227390,-0.9564888990615701,-2.61953917753872,-0.09592584115358205,0
227394,-0.9538033112077515,-2.6250782024872206,-0.09105821316853589,0
227398,-0.9546425574120698,-2.6368276493476768,-0.10280766002899214,0
227402,-0.9568245975432974,-2.622896162355993,-0.10096131837949188,0
227406,-0.9568245975432974,-2.6181963836118105,-0.09676508735790035,0
227410,-0.9561532005798428,-2.604600595101854,-0.1101930266269932,0
227414,-0.9509498741130693,-2.6019150072480355,-0.09592584115358205,0
227418,-0.9408789196612497,-2.6280994888227664,-0.09391165026321813,0
227422,-0.9485999847409781,-2.6225604638742657,-0.09659723811703669,0
227425,-0.9527962157625696,-2.6212176699473564,-0.1029755092698558,0
227429,-0.9546425574120698,-2.636156252384222,-0.08283360036621652,0
227433,-0.9566567483024337,-2.6286030365453574,-0.10196841382467384,0
227437,-0.9588387884336613,-2.6207141222247654,-0.10498970016021973,0
227441,-0.9549782558937971,-2.6252460517280842,-0.09710078583962768,0
227445,-0.9564888990615701,-2.6205462729839017,-0.10096131837949188,0
227449,-0.9521248187991149,-2.614000152590219,-0.09726863508049134,0
227453,-0.9591744869153886,-2.6247425040054932,-0.09894712748912794,0
227457,-0.9543068589303425,-2.6245746547646296,-0.10146486610208286,0
227461,-0.9667277027542535,-2.6556267643244067,-0.10163271534294652,0
227465,-0.9553139543755245,-2.651598382543679,-0.09928282597085526,0
227468,-0.9543068589303425,-2.639177538719768,-0.09273670557717249,0
227472,-0.9551461051346608,-2.643541618982223,-0.10196841382467384,0
227476,-0.9564888990615701,-2.627428091859312,-0.09777218280308232,0
227480,-0.9554818036163881,-2.636156252384222,-0.10482185091935607,0
227484,-0.9529640650034332,-2.6280994888227664,-0.10532539864194705,0
227488,-0.9375219348439765,-2.629274433508812,-0.09844357976653696,0
227492,-0.9504463263904783,-2.6369954985885404,-0.09525444419012741,0
227496,-0.9559853513389791,-2.651430533302815,-0.09592584115358205,0
227500,-0.9561532005798428,-2.616014343480583,-0.11506065461203936,0
227504,-0.9499427786678873,-2.6286030365453574,-0.10096131837949188,0
227508,-0.9529640650034332,-2.627428091859312,-0.1021362630655375,0
227511,-0.9504463263904783,-2.635652704661631,-0.0982757305256733,0
227515,-0.9546425574120698,-2.6385061417563134,-0.10650034332799267,0
227519,-0.949103532463569,-2.6329671168078126,-0.07964446478980697,0
227523,-0.9512855725947966,-2.619874876020447,-0.09726863508049134,0
227527,-0.9512855725947966,-2.6161821927214466,-0.09894712748912794,0
227531,-0.9480964370183871,-2.605104142824445,-0.0999542229343099,0
227535,-0.9485999847409781,-2.609971770809491,-0.09710078583962768,0
227539,-0.9485999847409781,-2.6146715495536736,-0.0991149767299916,0
227543,-0.9566567483024337,-2.617357137407492,-0.1046540016784924,0
227547,-0.9531319142442969,-2.628770885786221,-0.11388570992599374,0
227551,-0.960013733119707,-2.6405203326466773,-0.10347905699244678,0
227554,-0.9653849088273442,-2.6522697795071335,-0.11036087586785687,0
227558,-0.9499427786678873,-2.6405203326466773,-0.10364690623331044,0
227562,-0.9454108491645685,-2.607118333714809,-0.09391165026321813,0
227566,-0.9454108491645685,-2.5908369573510335,-0.09642938887617303,0
227570,-0.9485999847409781,-2.601075761043717,-0.09491874570840009,0
227574,-0.9519569695582513,-2.6148393987945373,-0.09928282597085526,0
227578,-0.9487678339818417,-2.6116502632181278,-0.09592584115358205,0
227582,-0.950614175631342,-2.623903257801175,-0.10683604180971999,0
227586,-0.9504463263904783,-2.636324101625086,-0.10263981078812848,0
227590,-0.9480964370183871,-2.611482413977264,-0.12261387045090409,0
227582,,,,1
227593,-0.9551461051346608,-2.6324635690852216,-0.09726863508049134,0
227597,-0.9519569695582513,-2.629777981231403,-0.10096131837949188,0
227601,-0.9485999847409781,-2.6217212176699474,-0.10633249408712901,0
227605,-0.9543068589303425,-2.624406805523766,-0.10582894636453803,0
227609,-0.9514534218356603,-2.616517891203174,-0.08619058518348974,0
227613,-0.9536354619668879,-2.611985961699855,-0.10482185091935607,0
227617,-0.951117723353933,-2.6123216601815824,-0.10247196154726482,0
227621,-0.9440680552376592,-2.6457236591134508,-0.10582894636453803,0
227625,-0.9571602960250247,-2.6368276493476768,-0.09542229343099107,0
227629,-0.9514534218356603,-2.6220569161516747,-0.11371786068513008,0
227633,-0.9509498741130693,-2.6128252079041734,-0.09777218280308232,0
227636,-0.9546425574120698,-2.6304493781948577,-0.09945067521171892,0
227640,-0.9563210498207064,-2.6118181124589914,-0.09945067521171892,0
227644,-0.9583352407110703,-2.620378423743038,-0.09324025329976349,0
227648,-0.9563210498207064,-2.6074540321965363,-0.10196841382467384,0
227652,-0.9635385671778438,-2.62826733806363,-0.09945067521171892,0
227656,-0.9566567483024337,-2.623399710078584,-0.09928282597085526,0
227660,-0.9569924467841611,-2.6186999313344015,-0.10146486610208286,0
227664,-0.9586709391927977,-2.6349813076981765,-0.09659723811703669,0
227668,-0.9620279240100709,-2.63330281528954,-0.09777218280308232,0
227672,-0.957999542229343,-2.6331349660486763,-0.09458304722667277,0
227676,-0.9526283665217059,-2.627260242618448,-0.09391165026321813,0
227679,-0.951117723353933,-2.6171892881666285,-0.1179140917067216,0
227683,-0.9637064164187075,-2.6316243228809033,-0.09407949950408179,0
227687,-0.9524605172808422,-2.6270923933775845,-0.09105821316853589,0
227691,-0.9439002059967956,-2.6630121309224077,-0.097436484321355,0
227695,-0.9569924467841611,-2.635820553902495,-0.097436484321355,0
227699,-0.9569924467841611,-2.6235675593194476,-0.08652628366521706,0
227703,-0.9596780346379796,-2.6284351873044938,-0.10331120775158312,0
227707,-0.9573281452658884,-2.6326314183260853,-0.10767528801403829,0
227711,-0.9465857938506141,-2.620881971465629,-0.12076752880140383,0
227715,-0.9474250400549324,-2.6116502632181278,-0.1204318303196765,0
227718,-0.957999542229343,-2.6252460517280842,-0.12362096589608605,0
227722,-0.9529640650034332,-2.625917448691539,-0.09508659494926375,0
227726,-0.9568245975432974,-2.6202105745021744,-0.06285954070344091,0
227730,-0.9626993209735255,-2.633806363012131,-0.06336308842603189,0
227734,-0.9559853513389791,-2.649080643930724,-0.08065156023498893,0
227738,-0.9454108491645685,-2.609132524605173,-0.0999542229343099,0
227742,-0.9452429999237049,-2.65394827191577,-0.12563515678645,0
227746,-0.9464179446097505,-2.631792172121767,-0.12613870450904097,0
227750,-0.9564888990615701,-2.6242389562829023,-0.12580300602731365,0
227754,-0.9517891203173876,-2.625917448691539,-0.12462806134126803,0
227758,-0.9598458838788433,-2.638170443274586,-0.11271076523994812,0
227761,-0.9623636224917982,-2.630785076676585,-0.10247196154726482,0
227765,-0.9499427786678873,-2.6260852979324025,-0.09240100709544517,0
227769,-0.9360112916762036,-2.6245746547646296,-0.10952162966353857,0
227773,-0.9326543068589302,-2.6334706645304036,-0.08619058518348974,0
227777,-0.9378576333257038,-2.6403524834058136,-0.08786907759212634,0
227781,-0.9353398947127489,-2.634142061493858,-0.10347905699244678,0
227785,-0.9534676127260242,-2.6205462729839017,-0.10347905699244678,0
227789,-0.9640421149004348,-2.644716563668269,-0.09491874570840009,0
227793,-0.9563210498207064,-2.6197070267795834,-0.09877927824826428,0
227797,-0.9611886778057526,-2.64706645304036,-0.09794003204394598,0
227801,-0.9588387884336613,-2.6309529259174487,-0.10767528801403829,0
227804,-0.9655527580682078,-2.6410238803692683,-0.09223315785458151,0
227808,-0.969413290608072,-2.6571374074921796,-0.09894712748912794,0
227812,-0.9588387884336613,-2.6354848554207675,-0.09441519798580911,0
227816,-0.9531319142442969,-2.6369954985885404,-0.09357595178149081,0
227820,-0.9551461051346608,-2.6393453879606317,-0.09172961013199053,0
227824,-0.9566567483024337,-2.6265888456549935,-0.09089036392767223,0
227828,-0.9578316929884794,-2.6280994888227664,-0.09626153963530937,0
227832,-0.9554818036163881,-2.632295719844358,-0.10012207217517356,0
227836,-0.9539711604486152,-2.6321278706034943,-0.09877927824826428,0
227840,-0.9556496528572518,-2.634309910734722,-0.0982757305256733,0
227844,-0.9536354619668879,-2.62138551918822,-0.09172961013199053,0
227847,-0.9558175020981154,-2.6423666742961776,-0.10096131837949188,0
227851,-0.9538033112077515,-2.6291065842679484,-0.08753337911039902,0
227855,-0.9546425574120698,-2.637666895551995,-0.0855191882200351,0
227859,-0.9546425574120698,-2.639177538719768,-0.10415045395590142,0
227863,-0.9588387884336613,-2.6265888456549935,-0.09894712748912794,0
227867,-0.951621271076524,-2.6158464942397193,-0.10012207217517356,0
227871,-0.9548104066529335,-2.6215533684290837,-0.09710078583962768,0
227875,-0.9485999847409781,-2.616517891203174,-0.09726863508049134,0
227879,-0.9470893415732051,-2.613496604867628,-0.09978637369344624,0
227883,-0.950614175631342,-2.6311207751583123,-0.09609369039444571,0
227886,-0.9477607385366598,-2.6296101319905394,-0.10180056458381018,0
227890,-0.9454108491645685,-2.5965438315403984,-0.10314335851071946,0
227894,-0.9601815823605706,-2.615007248035401,-0.10482185091935607,0
227898,-0.9455786984054322,-2.594361791409171,-0.10045777065690088,0
227902,-0.9334935530632487,-2.618532082093538,-0.09710078583962768,0
227906,-0.951117723353933,-2.612489509422446,-0.0982757305256733,0
227910,-0.9460822461280232,-2.597215228503853,-0.10650034332799267,0
227914,-0.9475928892957961,-2.60074006256199,-0.09894712748912794,0
227918,-0.9479285877775234,-2.6163500419623102,-0.09525444419012741,0
227922,-0.951621271076524,-2.610978866254673,-0.09592584115358205,0
227926,-0.9497749294270237,-2.6202105745021744,-0.09021896696421759,0
227929,-0.9559853513389791,-2.641695277332723,-0.10784313725490195,0
227933,-0.9531319142442969,-2.64018463416495,-0.09978637369344624,0
227937,-0.9534676127260242,-2.622392614633402,-0.0982757305256733,0
227941,-0.9519569695582513,-2.622896162355993,-0.09877927824826428,0
227945,-0.9554818036163881,-2.6364919508659495,-0.09726863508049134,0
227949,-0.9467536430914778,-2.6141680018310827,-0.11136797131303883,0
227953,-0.9538033112077515,-2.6186999313344015,-0.0991149767299916,0
227957,-0.9544747081712062,-2.63514915693904,-0.09693293659876402,0
227961,-0.9538033112077515,-2.6329671168078126,-0.09626153963530937,0
227965,-0.959006637674525,-2.6215533684290837,-0.09542229343099107,0
227969,-0.9549782558937971,-2.6220569161516747,-0.10012207217517356,0
227972,-0.951621271076524,-2.612993057145037,-0.09693293659876402,0
227976,-0.9615243762874799,-2.6136644541084917,-0.10096131837949188,0
227980,-0.9479285877775234,-2.618867780575265,-0.09324025329976349,0
227984,-0.951621271076524,-2.609971770809491,-0.09407949950408179,0
227988,-0.9526283665217059,-2.617357137407492,-0.09458304722667277,0
227992,-0.9526283665217059,-2.6212176699473564,-0.09324025329976349,0
227996,-0.9568245975432974,-2.61450370031281,-0.09928282597085526,0
228000,-0.9482642862592507,-2.601747158007172,-0.1021362630655375,0
228004,-0.957999542229343,-2.617357137407492,-0.11069657434958419,0
228008,-0.9539711604486152,-2.6215533684290837,-0.11841763942931258,0
228011,-0.950614175631342,-2.634309910734722,-0.10801098649576561,0
228015,-0.9571602960250247,-2.6319600213626306,-0.08786907759212634,0
228019,-0.9489356832227054,-2.6210498207064927,-0.07444113832303349,0
228023,-0.9658884565499352,-2.6453879606317234,-0.08132295719844358,0
228027,-0.9492713817044327,-2.631792172121767,-0.09324025329976349,0
228031,-0.9685740444037537,-2.638170443274586,-0.10045777065690088,0
228035,-0.9405432211795224,-2.6408560311284046,-0.11254291599908445,0
228039,-0.9452429999237049,-2.6705653467612724,-0.10582894636453803,0
228043,-0.9526283665217059,-2.6497520408941786,-0.10750743877317463,0
228047,-0.9549782558937971,-2.636156252384222,-0.1170748455024033,0
228051,-0.9492713817044327,-2.631792172121767,-0.11036087586785687,0
228054,-0.9465857938506141,-2.6186999313344015,-0.09710078583962768,0
228058,-0.9514534218356603,-2.6108110170138095,-0.10851453421835659,0
228062,-0.9499427786678873,-2.6200427252613108,-0.10364690623331044,0
228066,-0.9548104066529335,-2.623399710078584,-0.09877927824826428,0
228070,-0.9464179446097505,-2.619371328297856,-0.10700389105058365,0
228074,-0.9485999847409781,-2.614000152590219,-0.10112916762035554,0
228078,-0.9517891203173876,-2.6222247653925383,-0.10650034332799267,0
228082,-0.9573281452658884,-2.6220569161516747,-0.09794003204394598,0
228086,-0.957495994506752,-2.616014343480583,-0.1021362630655375,0
228090,-0.9536354619668879,-2.6093003738460365,-0.09693293659876402,0
228094,-0.9472571908140688,-2.606111238269627,-0.0982757305256733,0
228097,-0.9532997634851605,-2.6270923933775845,-0.09424734874494545,0
228101,-0.9539711604486152,-2.629777981231403,-0.09559014267185473,0
228105,-0.9554818036163881,-2.638170443274586,-0.10180056458381018,0
228109,-0.9573281452658884,-2.634813458457313,-0.10549324788281071,0
228113,-0.958503089951934,-2.6400167849240863,-0.09508659494926375,0
228117,-0.9640421149004348,-2.6527733272297245,-0.097436484321355,0
228121,-0.9519569695582513,-2.634309910734722,-0.10398260471503776,0
228125,-0.9601815823605706,-2.632295719844358,-0.10247196154726482,0
228129,-0.9571602960250247,-2.6311207751583123,-0.10331120775158312,0
228133,-0.9652170595864805,-2.6504234378576332,-0.09290455481803617,0
228137,-0.9524605172808422,-2.637163347829404,-0.10364690623331044,0
228140,-0.9637064164187075,-2.6428702220187685,-0.09575799191271839,0
228144,-0.9551461051346608,-2.6420309758144502,-0.10012207217517356,0
228148,-0.9568245975432974,-2.6245746547646296,-0.09340810254062715,0
228152,-0.9569924467841611,-2.618364232852674,-0.09642938887617303,0
228156,-0.9553139543755245,-2.6321278706034943,-0.09676508735790035,0
228160,-0.9465857938506141,-2.622896162355993,-0.09777218280308232,0
228164,-0.9541390096894788,-2.620881971465629,-0.09005111772335393,0
228168,-0.9489356832227054,-2.613496604867628,-0.09458304722667277,0
228172,-0.9539711604486152,-2.6220569161516747,-0.0982757305256733,0
228176,-0.9499427786678873,-2.6242389562829023,-0.09105821316853589,0
228179,-0.9440680552376592,-2.643541618982223,-0.1021362630655375,0
228183,-0.9477607385366598,-2.631792172121767,-0.09894712748912794,0
228187,-0.9529640650034332,-2.629274433508812,-0.10079346913862822,0
228191,-0.9524605172808422,-2.624910353246357,-0.10028992141603722,0
228195,-0.9522926680399786,-2.6156786449988556,-0.1012970168612192,0
228199,-0.9509498741130693,-2.603593499656672,-0.09559014267185473,0
228203,-0.9544747081712062,-2.6260852979324025,-0.09844357976653696,0
228207,-0.94960708018616,-2.6151750972762646,-0.09726863508049134,0
228211,-0.9469214923323415,-2.603593499656672,-0.10096131837949188,0
228215,-0.9507820248722056,-2.5958724345769437,-0.09726863508049134,0
228219,-0.9430609597924773,-2.635317006179904,-0.09676508735790035,0
228222,-0.9538033112077515,-2.6309529259174487,-0.09928282597085526,0
228226,-0.9556496528572518,-2.6316243228809033,-0.10431830319676508,0
228230,-0.9455786984054322,-2.6039291981383994,-0.10599679560540169,0
228234,-0.9548104066529335,-2.6153429465171283,-0.10364690623331044,0
228238,-0.9450751506828412,-2.6626764324406804,-0.09777218280308232,0
228242,-0.9536354619668879,-2.6344777599755855,-0.1021362630655375,0
228246,-0.9558175020981154,-2.6474021515220874,-0.0999542229343099,0
228250,-0.9529640650034332,-2.6354848554207675,-0.10482185091935607,0
228254,-0.9544747081712062,-2.639681086442359,-0.09659723811703669,0
228258,-0.951621271076524,-2.6205462729839017,-0.10498970016021973,0
228262,-0.9502784771496147,-2.6232318608377203,-0.09609369039444571,0
228265,-0.9559853513389791,-2.6438773174639505,-0.09542229343099107,0
228269,-0.9444037537193866,-2.663851377126726,-0.10112916762035554,0
228273,-0.9507820248722056,-2.622392614633402,-0.09659723811703669,0
228277,-0.9546425574120698,-2.632799267566949,-0.10498970016021973,0
228281,-0.9519569695582513,-2.62826733806363,-0.10163271534294652,0
228285,-0.9648813611047532,-2.6368276493476768,-0.09407949950408179,0
228289,-0.9568245975432974,-2.6217212176699474,-0.10045777065690088,0
228293,-0.9480964370183871,-2.608125429159991,-0.10885023270008393,0
228297,-0.9527962157625696,-2.6202105745021744,-0.09928282597085526,0
228301,-0.9450751506828412,-2.663851377126726,-0.11304646372167544,0
228304,-0.9529640650034332,-2.6415274280918593,-0.09794003204394598,0
228308,-0.9442359044785229,-2.653109025711452,-0.09592584115358205,0
228312,-0.9484321355001144,-2.6296101319905394,-0.10633249408712901,0
228316,-0.9487678339818417,-2.6186999313344015,-0.10263981078812848,0
228320,-0.9479285877775234,-2.6220569161516747,-0.10851453421835659,0
228324,-0.950614175631342,-2.6321278706034943,-0.10431830319676508,0
228328,-0.9596780346379796,-2.6291065842679484,-0.10163271534294652,0
228332,-0.9507820248722056,-2.6093003738460365,-0.09978637369344624,0
228336,-0.951117723353933,-2.609971770809491,-0.10498970016021973,0
228340,-0.9610208285648889,-2.6329671168078126,-0.09978637369344624,0
228344,-0.9588387884336613,-2.618364232852674,-0.10331120775158312,0
228347,-0.9556496528572518,-2.6314564736400397,-0.10112916762035554,0
228351,-0.9551461051346608,-2.6368276493476768,-0.10247196154726482,0
228355,-0.9517891203173876,-2.6316243228809033,-0.09592584115358205,0
228359,-0.9366826886396582,-2.636659800106813,-0.09861142900740062,0
228363,-0.9566567483024337,-2.623399710078584,-0.10062561989776454,0
228367,-0.9514534218356603,-2.6118181124589914,-0.10028992141603722,0
228371,-0.9514534218356603,-2.6087968261234455,-0.1029755092698558,0
228375,-0.94960708018616,-2.613496604867628,-0.10498970016021973,0
228379,-0.9497749294270237,-2.6205462729839017,-0.10717174029144731,0
228383,-0.9529640650034332,-2.62138551918822,-0.1038147554741741,0
228387,-0.9474250400549324,-2.6138323033493553,-0.1038147554741741,0
228390,-0.9554818036163881,-2.627428091859312,-0.09575799191271839,0
228394,-0.951621271076524,-2.6133287556267644,-0.10616464484626535,0
228398,-0.9539711604486152,-2.62138551918822,-0.10045777065690088,0
228402,-0.9380254825665675,-2.636324101625086,-0.09357595178149081,0
228406,-0.9492713817044327,-2.6311207751583123,-0.0982757305256733,0
228410,-0.9611886778057526,-2.648577096208133,-0.10834668497749293,0
228414,-0.9408789196612497,-2.642702372777905,-0.10196841382467384,0
228418,-0.9497749294270237,-2.632799267566949,-0.10566109712367437,0
228422,-0.9514534218356603,-2.618867780575265,-0.09961852445258258,0
228426,-0.951621271076524,-2.611985961699855,-0.10834668497749293,0
228430,-0.957495994506752,-2.6138323033493553,-0.09726863508049134,0
228433,-0.9532997634851605,-2.627260242618448,-0.10415045395590142,0
228437,-0.9445716029602502,-2.6557946135652704,-0.10398260471503776,0
228441,-0.9507820248722056,-2.619035629816129,-0.10364690623331044,0
228445,-0.9532997634851605,-2.6314564736400397,-0.10901808194094759,0
228449,-0.933829251544976,-2.6457236591134508,-0.10801098649576561,0
228453,-0.9522926680399786,-2.6240711070420386,-0.09659723811703669,0
228457,-0.9507820248722056,-2.6074540321965363,-0.09760433356221866,0
228461,-0.9494392309452964,-2.6084611276417182,-0.10717174029144731,0
228465,-0.9477607385366598,-2.619874876020447,-0.10062561989776454,0
228469,-0.9564888990615701,-2.620881971465629,-0.10515754940108339,0
228472,-0.9504463263904783,-2.6326314183260853,-0.09642938887617303,0
228476,-0.9462500953688868,-2.6077897306782636,-0.10566109712367437,0
228480,-0.9465857938506141,-2.608964675364309,-0.0982757305256733,0
228484,-0.951117723353933,-2.6052719920653087,-0.09877927824826428,0
228488,-0.9522926680399786,-2.6069504844739453,-0.10146486610208286,0
228492,-0.9663920042725261,-2.63514915693904,-0.09777218280308232,0
228496,-0.9532997634851605,-2.6378347447928587,-0.09559014267185473,0
228500,-0.9445716029602502,-2.669893949797818,-0.09777218280308232,0
228504,-0.9522926680399786,-2.6344777599755855,-0.10062561989776454,0
228508,-0.9546425574120698,-2.638170443274586,-0.09928282597085526,0
228512,-0.949103532463569,-2.6296101319905394,-0.09844357976653696,0
228515,-0.9512855725947966,-2.6192034790569925,-0.10834668497749293,0
228519,-0.9635385671778438,-2.6336385137712672,-0.09340810254062715,0
228523,-0.9504463263904783,-2.636659800106813,-0.10817883573662927,0
228527,-0.9626993209735255,-2.6443808651865415,-0.09542229343099107,0
228531,-0.9526283665217059,-2.629777981231403,-0.09978637369344624,0
228535,-0.951621271076524,-2.6151750972762646,-0.10515754940108339,0
228539,-0.9402075226977951,-2.622392614633402,-0.10482185091935607,0
228543,-0.9526283665217059,-2.6225604638742657,-0.10398260471503776,0
228547,-0.950110627908751,-2.624406805523766,-0.10683604180971999,0
228551,-0.9546425574120698,-2.633806363012131,-0.10398260471503776,0
228555,-0.9556496528572518,-2.6380025940337224,-0.10952162966353857,0
228558,-0.9536354619668879,-2.620881971465629,-0.10012207217517356,0
228562,-0.9509498741130693,-2.607118333714809,-0.10582894636453803,0
228530,,,,1
228566,-0.9558175020981154,-2.637163347829404,-0.10885023270008393,0
228570,-0.9553139543755245,-2.638673990997177,-0.10431830319676508,0
228574,-0.9541390096894788,-2.630281528953994,-0.09626153963530937,0
228578,-0.9474250400549324,-2.6128252079041734,-0.10415045395590142,0
228582,-0.957999542229343,-2.62826733806363,-0.11069657434958419,0
228586,-0.9492713817044327,-2.6265888456549935,-0.11371786068513008,0
228590,-0.9487678339818417,-2.6197070267795834,-0.10163271534294652,0
228594,-0.9522926680399786,-2.6082932784008546,-0.1038147554741741,0
228597,-0.9469214923323415,-2.598222323949035,-0.1038147554741741,0
228601,-1.0038223849851224,-2.637666895551995,-0.10331120775158312,0
228605,-0.9514534218356603,-2.620881971465629,-0.1101930266269932,0
228609,-0.9687418936446174,-2.639177538719768,-0.09894712748912794,0
228613,-0.9439002059967956,-2.6611657892729075,-0.10230411230640116,0
228617,-0.9559853513389791,-2.659822995345998,-0.10331120775158312,0
228621,-0.9514534218356603,-2.6289387350270847,-0.10868238345922025,0
228625,-0.9531319142442969,-2.6354848554207675,-0.09894712748912794,0
228629,-0.9433966582742046,-2.650087739375906,-0.09542229343099107,0
228633,-0.9538033112077515,-2.636156252384222,-0.10180056458381018,0
228637,-0.9499427786678873,-2.6311207751583123,-0.10263981078812848,0
228640,-0.9529640650034332,-2.62642099641413,-0.10196841382467384,0
228644,-0.9512855725947966,-2.619371328297856,-0.1021362630655375,0
228648,-0.9531319142442969,-2.6311207751583123,-0.10666819256885633,0
228652,-0.9529640650034332,-2.627931639581903,-0.10045777065690088,0
228656,-0.9553139543755245,-2.636156252384222,-0.11338216220340276,0
228660,-0.9527962157625696,-2.627428091859312,-0.12479591058213169,0
228664,-0.9527962157625696,-2.6186999313344015,-0.12966353856717783,0
228668,-0.951117723353933,-2.6146715495536736,-0.1148928053711757,0
228672,-0.9507820248722056,-2.6024185549706265,-0.09273670557717249,0
228676,-0.9512855725947966,-2.604097047379263,-0.06940566109712368,0
228680,-0.9621957732509345,-2.6153429465171283,-0.059838254367895014,0
228683,-0.94960708018616,-2.617021438925765,-0.08669413290608072,0
228687,-0.9452429999237049,-2.6611657892729075,-0.11187151903562981,0
228691,-0.9452429999237049,-2.678789959563592,-0.1284885938811322,0
228695,-0.9442359044785229,-2.6670405127031356,-0.1298313878080415,0
228699,-0.9593423361562523,-2.652605477988861,-0.10817883573662927,0
228703,-0.9551461051346608,-2.6497520408941786,-0.11220721751735713,0
228707,-0.9564888990615701,-2.629777981231403,-0.10733958953231097,0
228711,-0.9410467689021134,-2.646562905317769,-0.10616464484626535,0
228715,-0.9365148393987945,-2.642534523537041,-0.12177462424658579,0
228719,-0.9254367895017929,-2.626924544136721,-0.09676508735790035,0
228723,-0.9454108491645685,-2.594193942168307,-0.10666819256885633,0
228726,-0.9544747081712062,-2.619371328297856,-0.11170366979476615,0
228730,-0.9524605172808422,-2.622392614633402,-0.10045777065690088,0
228734,-0.9591744869153886,-2.6296101319905394,-0.11673914702067598,0
228738,-0.9556496528572518,-2.6380025940337224,-0.0999542229343099,0
228742,-0.9548104066529335,-2.6306172274357214,-0.10431830319676508,0
228746,-0.9571602960250247,-2.63330281528954,-0.09961852445258258,0
228750,-0.9559853513389791,-2.651598382543679,-0.09525444419012741,0
228754,-0.9563210498207064,-2.6210498207064927,-0.09575799191271839,0
228758,-0.9521248187991149,-2.6116502632181278,-0.09575799191271839,0
228762,-0.9611886778057526,-2.6410238803692683,-0.09441519798580911,0
228765,-0.9558175020981154,-2.655962462806134,-0.09794003204394598,0
228769,-0.957495994506752,-2.632295719844358,-0.10247196154726482,0
228773,-0.9559853513389791,-2.643709468223087,-0.09710078583962768,0
228777,-0.9512855725947966,-2.626756694895857,-0.10566109712367437,0
228781,-0.9527962157625696,-2.6250782024872206,-0.10012207217517356,0
228785,-0.9554818036163881,-2.6349813076981765,-0.10196841382467384,0
228789,-0.9712596322575723,-2.6537804226749064,-0.09844357976653696,0
228793,-0.957999542229343,-2.643205920500496,-0.09357595178149081,0
228797,-0.959006637674525,-2.625413900968948,-0.09307240405889983,0
228801,-0.9563210498207064,-2.609971770809491,-0.0999542229343099,0
228805,-0.9522926680399786,-2.610978866254673,-0.10146486610208286,0
228808,-0.9526283665217059,-2.6250782024872206,-0.09139391165026321,0
228812,-0.9569924467841611,-2.6161821927214466,-0.10532539864194705,0
228816,-0.9578316929884794,-2.626924544136721,-0.10196841382467384,0
228820,-0.9504463263904783,-2.636659800106813,-0.10633249408712901,0
228824,-0.9583352407110703,-2.6309529259174487,-0.10834668497749293,0
228828,-0.9546425574120698,-2.6395132372014953,-0.08921187151903563,0
228832,-0.9452429999237049,-2.66771190966659,-0.1046540016784924,0
228836,-0.9514534218356603,-2.631792172121767,-0.10163271534294652,0
228840,-0.9467536430914778,-2.609132524605173,-0.10968947890440223,0
228844,-0.9475928892957961,-2.610139620050355,-0.10196841382467384,0
228848,-0.9383611810482948,-2.6380025940337224,-0.10498970016021973,0
228851,-0.9465857938506141,-2.617860685130083,-0.10801098649576561,0
228855,-0.9460822461280232,-2.6014114595254445,-0.10868238345922025,0
228859,-0.9460822461280232,-2.597215228503853,-0.10733958953231097,0
228863,-0.9484321355001144,-2.601747158007172,-0.09307240405889983,0
228867,-0.9433966582742046,-2.6364919508659495,-0.10700389105058365,0
228871,-0.9549782558937971,-2.6369954985885404,-0.10263981078812848,0
228875,-0.9472571908140688,-2.6225604638742657,-0.1021362630655375,0
228879,-0.9685740444037537,-2.6385061417563134,-0.10196841382467384,0
228883,-0.9529640650034332,-2.62826733806363,-0.10280766002899214,0
228887,-0.951117723353933,-2.618028534370947,-0.10784313725490195,0
228890,-0.9573281452658884,-2.6202105745021744,-0.0999542229343099,0
228894,-0.9539711604486152,-2.62642099641413,-0.09693293659876402,0
228898,-0.9549782558937971,-2.6291065842679484,-0.09575799191271839,0
228902,-0.9541390096894788,-2.6207141222247654,-0.11976043335622186,0
228906,-0.9538033112077515,-2.6245746547646296,-0.1165712977798123,0
228910,-0.9521248187991149,-2.617357137407492,-0.09626153963530937,0
228914,-0.9566567483024337,-2.61450370031281,-0.10901808194094759,0
228918,-0.9566567483024337,-2.6166857404440376,-0.10230411230640116,0
228922,-0.9512855725947966,-2.615007248035401,-0.10717174029144731,0
228926,-0.9408789196612497,-2.6306172274357214,-0.09844357976653696,0
228930,-0.9482642862592507,-2.6079575799191272,-0.08870832379644464,0
228933,-0.9499427786678873,-2.6212176699473564,-0.09659723811703669,0
228937,-0.9538033112077515,-2.6270923933775845,-0.1012970168612192,0
228941,-0.9512855725947966,-2.6143358510719463,-0.1012970168612192,0
228945,-0.94960708018616,-2.6103074692912185,-0.10062561989776454,0
228949,-0.9502784771496147,-2.618532082093538,-0.09894712748912794,0
228953,-0.9492713817044327,-2.6205462729839017,-0.10767528801403829,0
228957,-0.94272526131075,-2.6378347447928587,-0.09374380102235447,0
228961,-0.9553139543755245,-2.6428702220187685,-0.10683604180971999,0
228965,-0.9566567483024337,-2.629274433508812,-0.11858548867017624,0
228969,-0.9796520943007553,-2.651598382543679,-0.10968947890440223,0
228973,-0.9529640650034332,-2.634645609216449,-0.08904402227817197,0
228976,-0.9571602960250247,-2.632799267566949,-0.08988326848249027,0
228980,-0.9568245975432974,-2.622896162355993,-0.0863584344243534,0
228984,-0.9499427786678873,-2.628770885786221,-0.10028992141603722,0
228988,-0.9445716029602502,-2.6646906233310443,-0.09273670557717249,0
228992,-0.9442359044785229,-2.6621728847180894,-0.10700389105058365,0
228996,-0.9489356832227054,-2.631792172121767,-0.11506065461203936,0
229000,-0.9507820248722056,-2.608964675364309,-0.12160677500572213,0
229004,-0.9479285877775234,-2.620378423743038,-0.11774624246585794,0
229008,-0.9470893415732051,-2.6138323033493553,-0.11438925764858472,0
229012,-0.9450751506828412,-2.6606622415503165,-0.11539635309376668,0
229016,-0.9527962157625696,-2.64018463416495,-0.10650034332799267,0
229019,-0.9529640650034332,-2.6291065842679484,-0.1046540016784924,0
229023,-0.9524605172808422,-2.6286030365453574,-0.10180056458381018,0
229027,-0.9485999847409781,-2.618028534370947,-0.09240100709544517,0
229031,-0.9517891203173876,-2.620378423743038,-0.09475089646753643,0
229035,-0.9449073014419775,-2.652605477988861,-0.10247196154726482,0
229039,-0.9457465476462958,-2.6225604638742657,-0.10498970016021973,0
229043,-0.9509498741130693,-2.6079575799191272,-0.09861142900740062,0
229047,-0.9464179446097505,-2.6074540321965363,-0.10834668497749293,0
229051,-0.9541390096894788,-2.61953917753872,-0.09710078583962768,0
229055,-0.9581673914702067,-2.619371328297856,-0.097436484321355,0
229058,-0.9576638437476157,-2.615007248035401,-0.10045777065690088,0
229062,-0.9531319142442969,-2.634142061493858,-0.09978637369344624,0
229066,-0.9546425574120698,-2.6408560311284046,-0.09508659494926375,0
229070,-0.9539711604486152,-2.6349813076981765,-0.09575799191271839,0
229074,-0.9553139543755245,-2.6410238803692683,-0.10767528801403829,0
229078,-0.9499427786678873,-2.6388418402380407,-0.08686198214694438,0
229082,-0.9534676127260242,-2.61450370031281,-0.10582894636453803,0
229086,-0.9504463263904783,-2.63330281528954,-0.10314335851071946,0
229090,-0.9526283665217059,-2.6284351873044938,-0.10331120775158312,0
229094,-0.9558175020981154,-2.6452201113908598,-0.1038147554741741,0
229098,-0.9546425574120698,-2.644045166704814,-0.1101930266269932,0
229101,-0.9524605172808422,-2.635820553902495,-0.10331120775158312,0
229105,-0.9564888990615701,-2.622896162355993,-0.10666819256885633,0
229109,-0.9556496528572518,-2.630785076676585,-0.10599679560540169,0
229113,-0.957999542229343,-2.6329671168078126,-0.09861142900740062,0
229117,-0.9544747081712062,-2.6398489356832227,-0.09777218280308232,0
229121,-0.9472571908140688,-2.620881971465629,-0.10532539864194705,0
229125,-0.9474250400549324,-2.6158464942397193,-0.10062561989776454,0
229129,-0.9469214923323415,-2.6000686655985352,-0.09642938887617303,0
229133,-0.94272526131075,-2.6240711070420386,-0.09710078583962768,0
229137,-0.9460822461280232,-2.606614785992218,-0.09089036392767223,0
229141,-0.9445716029602502,-2.648577096208133,-0.0982757305256733,0
229144,-0.9499427786678873,-2.638673990997177,-0.10045777065690088,0
229148,-0.9548104066529335,-2.625413900968948,-0.10196841382467384,0
229152,-0.9509498741130693,-2.6094682230869,-0.10062561989776454,0
229156,-0.9504463263904783,-2.6286030365453574,-0.10415045395590142,0
229160,-0.9539711604486152,-2.629777981231403,-0.09861142900740062,0
229164,-0.9522926680399786,-2.61953917753872,-0.10566109712367437,0
229168,-0.9569924467841611,-2.6235675593194476,-0.0833371480888075,0
229172,-0.9526283665217059,-2.6186999313344015,-0.1012970168612192,0
229176,-0.951621271076524,-2.6138323033493553,-0.09172961013199053,0
229180,-0.9558175020981154,-2.6410238803692683,-0.10045777065690088,0
229183,-0.9543068589303425,-2.6373311970702678,-0.11422140840772106,0
229187,-0.9529640650034332,-2.6284351873044938,-0.10817883573662927,0
229191,-0.9521248187991149,-2.618028534370947,-0.10901808194094759,0
229195,-0.9527962157625696,-2.619371328297856,-0.09945067521171892,0
229199,-0.9543068589303425,-2.6220569161516747,-0.10062561989776454,0
229203,-0.9403753719386587,-2.639681086442359,-0.10247196154726482,0
229207,-0.9553139543755245,-2.6393453879606317,-0.09726863508049134,0
229211,-0.9548104066529335,-2.631792172121767,-0.0991149767299916,0
229215,-0.9573281452658884,-2.6301136797131304,-0.09945067521171892,0
229219,-0.9544747081712062,-2.6380025940337224,-0.1046540016784924,0
229223,-0.9519569695582513,-2.6334706645304036,-0.1101930266269932,0
229226,-0.9569924467841611,-2.6240711070420386,-0.11271076523994812,0
229230,-0.9549782558937971,-2.6240711070420386,-0.11036087586785687,0
229234,-0.9549782558937971,-2.624406805523766,-0.1038147554741741,0
229238,-0.9529640650034332,-2.619371328297856,-0.10968947890440223,0
229242,-0.9583352407110703,-2.62642099641413,-0.11808194094758526,0
229246,-0.9480964370183871,-2.6077897306782636,-0.11371786068513008,0
229250,-0.9527962157625696,-2.6181963836118105,-0.10532539864194705,0
229254,-0.9610208285648889,-2.6339742122529946,-0.1179140917067216,0
229258,-0.9548104066529335,-2.6329671168078126,-0.08937972075989929,0
229262,-0.950614175631342,-2.6344777599755855,-0.11254291599908445,0
229266,-0.9499427786678873,-2.6326314183260853,-0.11069657434958419,0
229269,-0.9519569695582513,-2.6286030365453574,-0.10331120775158312,0
229273,-0.9485999847409781,-2.6181963836118105,-0.11170366979476615,0
229277,-0.9485999847409781,-2.6161821927214466,-0.09810788128480964,0
229281,-0.950110627908751,-2.625413900968948,-0.11036087586785687,0
229285,-0.950614175631342,-2.6311207751583123,-0.10415045395590142,0
229289,-0.9480964370183871,-2.6093003738460365,-0.11623559929808498,0
229293,-0.9489356832227054,-2.609636072327764,-0.10616464484626535,0
229297,-0.942221713588159,-2.6364919508659495,-0.10062561989776454,0
229301,-0.9460822461280232,-2.6082932784008546,-0.10180056458381018,0
229305,-0.9492713817044327,-2.6207141222247654,-0.10901808194094759,0
229309,-0.9524605172808422,-2.6235675593194476,-0.10566109712367437,0
229312,-0.9559853513389791,-2.64706645304036,-0.10280766002899214,0
229316,-0.949103532463569,-2.634309910734722,-0.10415045395590142,0
229320,-0.9536354619668879,-2.61953917753872,-0.10247196154726482,0
229324,-0.9470893415732051,-2.6153429465171283,-0.1012970168612192,0
229328,-0.9507820248722056,-2.5990615701533533,-0.10549324788281071,0
229332,-0.9569924467841611,-2.6072861829556726,-0.09710078583962768,0
229336,-0.9578316929884794,-2.623399710078584,-0.10918593118181125,0
229340,-0.9521248187991149,-2.61450370031281,-0.10582894636453803,0
229344,-0.9475928892957961,-2.612489509422446,-0.09424734874494545,0
229348,-0.9556496528572518,-2.6280994888227664,-0.09659723811703669,0
229351,-0.9544747081712062,-2.6329671168078126,-0.10817883573662927,0
229355,-0.9439002059967956,-2.6645227740901807,-0.10582894636453803,0
229359,-0.9512855725947966,-2.6339742122529946,-0.10868238345922025,0
229363,-0.9482642862592507,-2.6098039215686275,-0.11203936827649347,0
229367,-0.9482642862592507,-2.6044327458609904,-0.10633249408712901,0
229371,-0.9482642862592507,-2.599229419394217,-0.11052872510872053,0
229375,-0.9397039749752041,-2.644716563668269,-0.10482185091935607,0
229379,-0.9527962157625696,-2.6364919508659495,-0.11136797131303883,0
229383,-0.9532997634851605,-2.6349813076981765,-0.10784313725490195,0
229387,-0.9553139543755245,-2.6408560311284046,-0.10616464484626535,0
229391,-0.9494392309452964,-2.6217212176699474,-0.1012970168612192,0
229394,-0.94960708018616,-2.6143358510719463,-0.1046540016784924,0
229398,-0.9543068589303425,-2.6192034790569925,-0.10968947890440223,0
229402,-0.9517891203173876,-2.6240711070420386,-0.11120012207217517,0
229406,-0.9512855725947966,-2.615007248035401,-0.10968947890440223,0
229410,-0.9485999847409781,-2.613496604867628,-0.10028992141603722,0
229414,-0.9499427786678873,-2.6215533684290837,-0.1021362630655375,0
229418,-0.950614175631342,-2.6280994888227664,-0.11506065461203936,0
229422,-0.9538033112077515,-2.6329671168078126,-0.1132143129625391,0
229426,-0.9467536430914778,-2.6153429465171283,-0.11237506675822079,0
229430,-0.9569924467841611,-2.6074540321965363,-0.11271076523994812,0
229434,-0.9492713817044327,-2.62138551918822,-0.11086442359044785,0
229437,-0.9558175020981154,-2.6463950560769054,-0.08652628366521706,0
229441,-0.9662241550316625,-2.653109025711452,-0.10717174029144731,0
229445,-0.9536354619668879,-2.6301136797131304,-0.11069657434958419,0
229449,-0.9492713817044327,-2.6291065842679484,-0.1140535591668574,0
229453,-0.94960708018616,-2.618028534370947,-0.10633249408712901,0
229457,-0.9527962157625696,-2.6212176699473564,-0.09844357976653696,0
229461,-0.9532997634851605,-2.6321278706034943,-0.10599679560540169,0
229429,,,,1
229465,-0.951117723353933,-2.6200427252613108,-0.09928282597085526,0
229469,-0.9512855725947966,-2.617021438925765,-0.10801098649576561,0
229473,-0.9526283665217059,-2.6222247653925383,-0.10952162966353857,0
229476,-0.9593423361562523,-2.6255817502098115,-0.09055466544594491,0
229480,-0.9502784771496147,-2.6237354085603113,-0.10028992141603722,0
229484,-0.9553139543755245,-2.6339742122529946,-0.10498970016021973,0
229488,-0.9558175020981154,-2.6448844129091325,-0.10163271534294652,0
229492,-0.9519569695582513,-2.6329671168078126,-0.09861142900740062,0
229496,-0.949103532463569,-2.631792172121767,-0.10196841382467384,0
229500,-0.9526283665217059,-2.627931639581903,-0.0999542229343099,0
229504,-0.9596780346379796,-2.6296101319905394,-0.09978637369344624,0
229508,-0.9660563057907988,-2.643709468223087,-0.11220721751735713,0
229512,-0.9593423361562523,-2.642702372777905,-0.09693293659876402,0
229516,-0.9553139543755245,-2.648577096208133,-0.10028992141603722,0
229519,-0.9551461051346608,-2.644548714427405,-0.09710078583962768,0
229523,-0.9549782558937971,-2.634142061493858,-0.10599679560540169,0
229527,-0.9534676127260242,-2.618028534370947,-0.08602273594262608,0
229531,-0.9497749294270237,-2.6217212176699474,-0.115732051575494,0
229535,-0.9556496528572518,-2.63330281528954,-0.11438925764858472,0
229539,-0.950614175631342,-2.6408560311284046,-0.10582894636453803,0
229543,-0.9502784771496147,-2.629274433508812,-0.10851453421835659,0
229547,-0.9512855725947966,-2.6197070267795834,-0.10012207217517356,0
229551,-0.9432288090333409,-2.6423666742961776,-0.10834668497749293,0
229555,-0.949103532463569,-2.6364919508659495,-0.10599679560540169,0
229559,-0.9430609597924773,-2.6561303120469977,-0.11203936827649347,0
229562,-0.9504463263904783,-2.648073548485542,-0.11153582055390249,0
229566,-0.9524605172808422,-2.636659800106813,-0.10599679560540169,0
229570,-0.9524605172808422,-2.631792172121767,-0.11589990081635766,0
229574,-0.9393682764934768,-2.647570000762951,-0.10767528801403829,0
229578,-0.9509498741130693,-2.617860685130083,-0.10834668497749293,0
229582,-0.9499427786678873,-2.623903257801175,-0.11120012207217517,0
229586,-0.9517891203173876,-2.626253147173266,-0.10599679560540169,0
229590,-0.9492713817044327,-2.62826733806363,-0.10415045395590142,0
229594,-0.9485999847409781,-2.61953917753872,-0.09861142900740062,0
229598,-0.949103532463569,-2.6220569161516747,-0.10851453421835659,0
229602,-0.9370183871213855,-2.646562905317769,-0.10650034332799267,0
229605,-0.9566567483024337,-2.6304493781948577,-0.10230411230640116,0
229609,-0.9509498741130693,-2.6079575799191272,-0.09559014267185473,0
229613,-0.9536354619668879,-2.6103074692912185,-0.10079346913862822,0
229617,-0.9610208285648889,-2.630281528953994,-0.08216220340276188,0
229621,-0.9526283665217059,-2.6289387350270847,-0.10012207217517356,0
229625,-0.9568245975432974,-2.6186999313344015,-0.09810788128480964,0
229629,-0.9571602960250247,-2.6235675593194476,-0.0991149767299916,0
229633,-0.9522926680399786,-2.6146715495536736,-0.10767528801403829,0
229637,-0.9487678339818417,-2.6123216601815824,-0.10566109712367437,0
229641,-0.9492713817044327,-2.6235675593194476,-0.11002517738612955,0
229644,-0.9385290302891585,-2.6497520408941786,-0.1012970168612192,0
229648,-0.9532997634851605,-2.6443808651865415,-0.09172961013199053,0
229652,-0.9548104066529335,-2.634645609216449,-0.10633249408712901,0
229656,-0.9605172808422979,-2.642702372777905,-0.12580300602731365,0
229660,-0.9526283665217059,-2.6388418402380407,-0.12966353856717783,0
229664,-0.951117723353933,-2.6242389562829023,-0.13251697566186008,0
229668,-0.9553139543755245,-2.63514915693904,-0.11539635309376668,0
229672,-0.9534676127260242,-2.6202105745021744,-0.08753337911039902,0
229676,-0.9517891203173876,-2.623903257801175,-0.06705577172503242,0
229680,-0.9541390096894788,-2.6245746547646296,-0.07897306782635233,0
229684,-0.9479285877775234,-2.6225604638742657,-0.10263981078812848,0
229687,-0.9484321355001144,-2.6131609063859007,-0.13520256351567864,0
229691,-0.9405432211795224,-2.63330281528954,-0.1179140917067216,0
229695,-0.9474250400549324,-2.617860685130083,-0.11170366979476615,0
229699,-0.9548104066529335,-2.6232318608377203,-0.10767528801403829,0
229703,-0.9581673914702067,-2.6222247653925383,-0.11640344853894864,0
229707,-0.949103532463569,-2.6250782024872206,-0.08736552986953536,0
229711,-0.9403753719386587,-2.6380025940337224,-0.13100633249408714,0
229715,-0.9365148393987945,-2.6408560311284046,-0.11371786068513008,0
229719,-0.94272526131075,-2.6415274280918593,-0.10767528801403829,0
229723,-0.9470893415732051,-2.622896162355993,-0.11120012207217517,0
229727,-0.9492713817044327,-2.6240711070420386,-0.12294956893263141,0
229730,-0.9571602960250247,-2.6296101319905394,-0.12748149843595025,0
229734,-0.9519569695582513,-2.6306172274357214,-0.11220721751735713,0
229738,-0.9509498741130693,-2.610643167772946,-0.10784313725490195,0
229742,-0.9553139543755245,-2.630785076676585,-0.10364690623331044,0
229746,-0.957999542229343,-2.6294422827496757,-0.10062561989776454,0
229750,-0.9492713817044327,-2.6301136797131304,-0.08921187151903563,0
229754,-0.9541390096894788,-2.627763790341039,-0.08451209277485312,0
229758,-0.9536354619668879,-2.6148393987945373,-0.1021362630655375,0
229762,-0.9522926680399786,-2.6103074692912185,-0.10112916762035554,0
229766,-0.9568245975432974,-2.6123216601815824,-0.10784313725490195,0
229769,-0.9553139543755245,-2.631792172121767,-0.09861142900740062,0
229773,-0.959510185397116,-2.6289387350270847,-0.10532539864194705,0
229777,-0.9467536430914778,-2.6032578011749448,-0.11757839322499428,0
229781,-0.9621957732509345,-2.6230640115968566,-0.097436484321355,0
229785,-0.9598458838788433,-2.6364919508659495,-0.09961852445258258,0
229789,-0.9588387884336613,-2.6299458304722667,-0.09307240405889983,0
229793,-0.9588387884336613,-2.617860685130083,-0.10364690623331044,0
229797,-0.9561532005798428,-2.609971770809491,-0.07779812314030671,0
229801,-0.9581673914702067,-2.619371328297856,-0.1029755092698558,0
229805,-0.9534676127260242,-2.616517891203174,-0.11237506675822079,0
229809,-0.9573281452658884,-2.622392614633402,-0.09642938887617303,0
229812,-0.9514534218356603,-2.6153429465171283,-0.10515754940108339,0
229816,-0.9546425574120698,-2.629777981231403,-0.10683604180971999,0
229820,-0.9558175020981154,-2.645555809872587,-0.10817883573662927,0
229824,-0.9551461051346608,-2.644716563668269,-0.11287861448081178,0
229828,-0.9475928892957961,-2.6250782024872206,-0.10985732814526589,0
229832,-0.9514534218356603,-2.6121538109407187,-0.10851453421835659,0
229836,-0.9551461051346608,-2.6286030365453574,-0.11052872510872053,0
229840,-0.9459143968871595,-2.612993057145037,-0.11589990081635766,0
229844,-0.9469214923323415,-2.5980544747081713,-0.11170366979476615,0
229848,-0.9430609597924773,-2.6385061417563134,-0.11036087586785687,0
229852,-0.9512855725947966,-2.617860685130083,-0.11220721751735713,0
229855,-0.9586709391927977,-2.6324635690852216,-0.10616464484626535,0
229859,-0.9489356832227054,-2.620378423743038,-0.10549324788281071,0
229863,-0.9477607385366598,-2.6232318608377203,-0.10968947890440223,0
229867,-0.951621271076524,-2.610978866254673,-0.11774624246585794,0
229871,-0.9541390096894788,-2.6212176699473564,-0.10028992141603722,0
229875,-0.9519569695582513,-2.622896162355993,-0.11187151903562981,0
229879,-0.9512855725947966,-2.6166857404440376,-0.10314335851071946,0
229883,-0.9497749294270237,-2.6245746547646296,-0.10280766002899214,0
229887,-0.9596780346379796,-2.627260242618448,-0.09038681620508125,0
229891,-0.9581673914702067,-2.6284351873044938,-0.10918593118181125,0
229895,-0.9541390096894788,-2.626756694895857,-0.10717174029144731,0
229898,-0.9524605172808422,-2.6270923933775845,-0.09894712748912794,0
229902,-0.9573281452658884,-2.6306172274357214,-0.09307240405889983,0
229906,-0.9472571908140688,-2.619035629816129,-0.10532539864194705,0
229910,-0.9544747081712062,-2.633806363012131,-0.10163271534294652,0
229914,-0.9504463263904783,-2.6373311970702678,-0.10280766002899214,0
229918,-0.9445716029602502,-2.6645227740901807,-0.10901808194094759,0
229922,-0.9569924467841611,-2.6306172274357214,-0.11086442359044785,0
229926,-0.9576638437476157,-2.6207141222247654,-0.10498970016021973,0
229930,-0.9564888990615701,-2.622896162355993,-0.10398260471503776,0
229934,-0.9538033112077515,-2.6270923933775845,-0.10112916762035554,0
229937,-0.9548104066529335,-2.6270923933775845,-0.09894712748912794,0
229941,-0.9532997634851605,-2.633806363012131,-0.097436484321355,0
229945,-0.951117723353933,-2.6212176699473564,-0.09760433356221866,0
229949,-0.9507820248722056,-2.606111238269627,-0.10045777065690088,0
229953,-0.9613565270466162,-2.6374990463111314,-0.09525444419012741,0
229957,-0.9502784771496147,-2.6306172274357214,-0.12328526741435873,0
229961,-0.9563210498207064,-2.6103074692912185,-0.10717174029144731,0
229965,-0.9532997634851605,-2.62642099641413,-0.11103227283131151,0
229969,-0.9529640650034332,-2.6260852979324025,-0.10263981078812848,0
229973,-0.9625314717326618,-2.635820553902495,-0.08686198214694438,0
229977,-0.9620279240100709,-2.6344777599755855,-0.07007705806057832,0
229980,-0.9559853513389791,-2.6472343022812237,-0.08971541924162661,0
229984,-0.9444037537193866,-2.6641870756084534,-0.10582894636453803,0
229988,-0.9454108491645685,-2.615510795757992,-0.1012970168612192,0
229992,-0.9450751506828412,-2.659822995345998,-0.09861142900740062,0
229996,-0.9514534218356603,-2.6280994888227664,-0.12177462424658579,0
230000,-0.9492713817044327,-2.628770885786221,-0.11103227283131151,0
230004,-0.9536354619668879,-2.619035629816129,-0.11036087586785687,0
230008,-0.9445716029602502,-2.6541161211566338,-0.1093537804226749,0
230012,-0.9363469901579309,-2.6502555886167696,-0.10112916762035554,0
230016,-0.9608529793240252,-2.6463950560769054,-0.10364690623331044,0
230020,-0.9454108491645685,-2.609636072327764,-0.0999542229343099,0
230023,-0.9502784771496147,-2.618364232852674,-0.1012970168612192,0
230027,-0.949103532463569,-2.6245746547646296,-0.10364690623331044,0
230031,-0.9459143968871595,-2.605607690547036,-0.10331120775158312,0
230035,-0.9475928892957961,-2.605104142824445,-0.10717174029144731,0
230039,-0.9484321355001144,-2.6118181124589914,-0.1046540016784924,0
230043,-0.9554818036163881,-2.626924544136721,-0.097436484321355,0
230047,-0.9591744869153886,-2.6324635690852216,-0.12093537804226749,0
230051,-0.9554818036163881,-2.63330281528954,-0.09307240405889983,0
230055,-0.9487678339818417,-2.617524986648356,-0.10028992141603722,0
230059,-0.9457465476462958,-2.6059433890287633,-0.09877927824826428,0
230062,-0.9532997634851605,-2.627763790341039,-0.10415045395590142,0
230066,-0.9531319142442969,-2.634142061493858,-0.08870832379644464,0
230070,-0.9554818036163881,-2.6393453879606317,-0.09609369039444571,0
230074,-0.9549782558937971,-2.6339742122529946,-0.11388570992599374,0
230078,-0.9648813611047532,-2.6388418402380407,-0.10196841382467384,0
230082,-0.9454108491645685,-2.6052719920653087,-0.10314335851071946,0
230086,-0.9507820248722056,-2.603593499656672,-0.10767528801403829,0
230090,-0.951621271076524,-2.605104142824445,-0.1038147554741741,0
230094,-0.9442359044785229,-2.6385061417563134,-0.10331120775158312,0
230098,-0.9541390096894788,-2.6311207751583123,-0.10331120775158312,0
230102,-0.950614175631342,-2.638170443274586,-0.10851453421835659,0
230105,-0.9593423361562523,-2.6326314183260853,-0.1029755092698558,0
230109,-0.9479285877775234,-2.6270923933775845,-0.10616464484626535,0
230113,-0.9564888990615701,-2.620881971465629,-0.09273670557717249,0
230117,-0.9439002059967956,-2.6562981612878613,-0.09961852445258258,0
230121,-0.9549782558937971,-2.6388418402380407,-0.10112916762035554,0
230125,-0.9517891203173876,-2.6316243228809033,-0.09172961013199053,0
230129,-0.9532997634851605,-2.641695277332723,-0.09877927824826428,0
230133,-0.9475928892957961,-2.619371328297856,-0.10868238345922025,0
230137,-0.9482642862592507,-2.6049362935835814,-0.12479591058213169,0
230141,-0.9539711604486152,-2.619874876020447,-0.09861142900740062,0
230145,-0.9517891203173876,-2.624406805523766,-0.10717174029144731,0
230148,-0.9464179446097505,-2.61450370031281,-0.10062561989776454,0
230152,-0.9539711604486152,-2.622392614633402,-0.09223315785458151,0
230156,-0.9527962157625696,-2.6237354085603113,-0.08619058518348974,0
230160,-0.9484321355001144,-2.617524986648356,-0.10650034332799267,0
230164,-0.9521248187991149,-2.610475318532082,-0.10062561989776454,0
230168,-0.9504463263904783,-2.6314564736400397,-0.1046540016784924,0
230172,-0.9470893415732051,-2.6215533684290837,-0.1038147554741741,0
230176,-0.9454108491645685,-2.5955367360952164,-0.1029755092698558,0
230180,-0.9485999847409781,-2.6037613488975357,-0.10079346913862822,0
230184,-0.9497749294270237,-2.6161821927214466,-0.10532539864194705,0
230188,-0.9509498741130693,-2.6019150072480355,-0.10028992141603722,0
230191,-0.9517891203173876,-2.6161821927214466,-0.11506065461203936,0
230195,-0.9454108491645685,-2.5928511482413974,-0.1012970168612192,0
230199,-0.9549782558937971,-2.6121538109407187,-0.09726863508049134,0
230203,-0.9517891203173876,-2.622896162355993,-0.1012970168612192,0
230207,-0.9549782558937971,-2.622392614633402,-0.10767528801403829,0
230211,-0.9532997634851605,-2.631288624399176,-0.09189745937285419,0
230215,-0.950614175631342,-2.6390096894789044,-0.10683604180971999,0
230219,-0.9538033112077515,-2.631792172121767,-0.09877927824826428,0
230223,-0.9606851300831616,-2.6408560311284046,-0.09021896696421759,0
230227,-0.9465857938506141,-2.623399710078584,-0.12345311665522239,0
230230,-0.951117723353933,-2.6151750972762646,-0.10364690623331044,0
230234,-0.9519569695582513,-2.619371328297856,-0.09928282597085526,0
230238,-0.94960708018616,-2.61450370031281,-0.09961852445258258,0
230242,-0.9559853513389791,-2.638673990997177,-0.09794003204394598,0
230246,-0.9546425574120698,-2.642534523537041,-0.09945067521171892,0
230250,-0.9603494316014343,-2.6364919508659495,-0.10650034332799267,0
230254,-0.9514534218356603,-2.618867780575265,-0.10196841382467384,0
230258,-0.9459143968871595,-2.6044327458609904,-0.10146486610208286,0
230262,-0.9482642862592507,-2.5999008163576716,-0.10045777065690088,0
230266,-0.9477607385366598,-2.613496604867628,-0.1038147554741741,0
230270,-0.9507820248722056,-2.601243610284581,-0.09777218280308232,0
230273,-0.9489356832227054,-2.6057755397878997,-0.1046540016784924,0
230277,-0.9457465476462958,-2.5988937209124896,-0.1046540016784924,0
230281,-0.9538033112077515,-2.6158464942397193,-0.10012207217517356,0
230285,-0.9531319142442969,-2.6270923933775845,-0.10398260471503776,0
230289,-0.9507820248722056,-2.6084611276417182,-0.10633249408712901,0
230293,-0.9532997634851605,-2.6294422827496757,-0.10146486610208286,0
230297,-0.9504463263904783,-2.6388418402380407,-0.10851453421835659,0
230301,-0.9512855725947966,-2.6217212176699474,-0.1029755092698558,0
230305,-0.9566567483024337,-2.618532082093538,-0.10566109712367437,0
230309,-0.9554818036163881,-2.6284351873044938,-0.11036087586785687,0
230313,-0.9541390096894788,-2.621889066910811,-0.10448615243762874,0
230316,-0.9527962157625696,-2.622392614633402,-0.11892118715190356,0
230320,-0.9484321355001144,-2.6181963836118105,-0.10683604180971999,0
230324,-0.9454108491645685,-2.59385824368658,-0.10985732814526589,0
230328,-0.9475928892957961,-2.60074006256199,-0.10431830319676508,0
230332,-0.9485999847409781,-2.6064469367513543,-0.10549324788281071,0
230336,-0.9489356832227054,-2.606111238269627,-0.10431830319676508,0
230340,-0.9526283665217059,-2.61953917753872,-0.10582894636453803,0
230344,-0.949103532463569,-2.6232318608377203,-0.11371786068513008,0
230348,-0.9512855725947966,-2.6156786449988556,-0.11036087586785687,0
230352,-0.9512855725947966,-2.611146715495537,-0.10280766002899214,0
230355,-0.94272526131075,-2.631288624399176,-0.10146486610208286,0
230359,-0.9492713817044327,-2.6304493781948577,-0.10230411230640116,0
230363,-0.9442359044785229,-2.6497520408941786,-0.10767528801403829,0
230367,-0.9527962157625696,-2.6364919508659495,-0.10146486610208286,0
230371,-0.9479285877775234,-2.62826733806363,-0.11103227283131151,0
230375,-0.9472571908140688,-2.617860685130083,-0.10868238345922025,0
230379,-0.9484321355001144,-2.6168535896849012,-0.10868238345922025,0
230383,-0.9467536430914778,-2.603089951934081,-0.10364690623331044,0
230387,-0.9526283665217059,-2.6146715495536736,-0.10398260471503776,0
230391,-0.9477607385366598,-2.6205462729839017,-0.0999542229343099,0
230395,-0.9512855725947966,-2.610139620050355,-0.10028992141603722,0
230398,-0.9529640650034332,-2.617021438925765,-0.10431830319676508,0
230402,-0.9546425574120698,-2.6324635690852216,-0.10666819256885633,0
230406,-0.9489356832227054,-2.618867780575265,-0.12865644312199587,0
230410,-0.9499427786678873,-2.623903257801175,-0.09961852445258258,0
230414,-0.9504463263904783,-2.634309910734722,-0.09810788128480964,0
230418,-0.9583352407110703,-2.625413900968948,-0.11069657434958419,0
230422,-0.9459143968871595,-2.606614785992218,-0.09676508735790035,0
230426,-0.9564888990615701,-2.615510795757992,-0.10230411230640116,0
230430,-0.9522926680399786,-2.6103074692912185,-0.11002517738612955,0
230434,-0.9573281452658884,-2.6217212176699474,-0.10901808194094759,0
230438,-0.9507820248722056,-2.6052719920653087,-0.1038147554741741,0
230441,-0.9524605172808422,-2.618364232852674,-0.10079346913862822,0
230445,-0.9480964370183871,-2.6034256504158084,-0.10230411230640116,0
230449,-0.9536354619668879,-2.6044327458609904,-0.10717174029144731,0
230453,-0.9519569695582513,-2.6197070267795834,-0.09441519798580911,0
230457,-0.9566567483024337,-2.619371328297856,-0.1029755092698558,0
230461,-0.9549782558937971,-2.623399710078584,-0.11824979018844892,0
230465,-0.9403753719386587,-2.6359884031433585,-0.10482185091935607,0
230469,-0.9487678339818417,-2.6225604638742657,-0.10750743877317463,0
230473,-0.9489356832227054,-2.6151750972762646,-0.10968947890440223,0
230477,-0.9559853513389791,-2.639177538719768,-0.10112916762035554,0
230481,-0.949103532463569,-2.6316243228809033,-0.1046540016784924,0
230484,-0.950110627908751,-2.627428091859312,-0.10700389105058365,0
230488,-0.9383611810482948,-2.646059357595178,-0.09794003204394598,0
230492,-0.9460822461280232,-2.617021438925765,-0.10079346913862822,0
230496,-0.9526283665217059,-2.6210498207064927,-0.11741054398413062,0
230500,-0.9479285877775234,-2.6181963836118105,-0.10163271534294652,0
230487,,,,1
230504,-0.9564888990615701,-2.6158464942397193,-0.10364690623331044,0
230508,-0.9652170595864805,-2.6390096894789044,-0.10415045395590142,0
230512,-0.9502784771496147,-2.6311207751583123,-0.0991149767299916,0
230516,-0.9526283665217059,-2.6306172274357214,-0.09894712748912794,0
230520,-0.9554818036163881,-2.6344777599755855,-0.10062561989776454,0
230523,-0.9512855725947966,-2.624406805523766,-0.09894712748912794,0
230527,-0.9544747081712062,-2.6380025940337224,-0.10750743877317463,0
230531,-0.9465857938506141,-2.627763790341039,-0.097436484321355,0
230535,-0.9449073014419775,-2.653109025711452,-0.10230411230640116,0
230539,-0.9526283665217059,-2.6415274280918593,-0.10180056458381018,0
230543,-0.9477607385366598,-2.6304493781948577,-0.10347905699244678,0
230547,-0.9553139543755245,-2.6388418402380407,-0.10263981078812848,0
230551,-0.9519569695582513,-2.6291065842679484,-0.09424734874494545,0
230555,-0.9526283665217059,-2.62826733806363,-0.10599679560540169,0
230559,-0.9514534218356603,-2.6176928358892195,-0.10398260471503776,0
230563,-0.9532997634851605,-2.630785076676585,-0.1038147554741741,0
230566,-0.9514534218356603,-2.6171892881666285,-0.10733958953231097,0
230570,-0.9521248187991149,-2.610139620050355,-0.11355001144426642,0
230574,-0.9524605172808422,-2.619035629816129,-0.10448615243762874,0
230578,-0.9454108491645685,-2.59570458533608,-0.10885023270008393,0
230582,-0.9480964370183871,-2.59570458533608,-0.11203936827649347,0
230586,-0.9433966582742046,-2.6331349660486763,-0.11724269474326696,0
230590,-0.9556496528572518,-2.6349813076981765,-0.10549324788281071,0
230594,-0.9553139543755245,-2.6413595788509956,-0.11120012207217517,0
230598,-0.9532997634851605,-2.643541618982223,-0.11069657434958419,0
230602,-0.950614175631342,-2.643038071259632,-0.11153582055390249,0
230606,-0.9531319142442969,-2.640688181887541,-0.11052872510872053,0
230609,-0.9514534218356603,-2.620378423743038,-0.10398260471503776,0
230613,-0.9536354619668879,-2.615007248035401,-0.1021362630655375,0
230617,-0.9538033112077515,-2.6250782024872206,-0.10599679560540169,0
230621,-0.9543068589303425,-2.6245746547646296,-0.09676508735790035,0
230625,-0.9499427786678873,-2.6284351873044938,-0.10582894636453803,0
230629,-0.957999542229343,-2.6309529259174487,-0.10482185091935607,0
230633,-0.957999542229343,-2.6336385137712672,-0.10364690623331044,0
230637,-0.9543068589303425,-2.6304493781948577,-0.0999542229343099,0
230641,-0.9620279240100709,-2.6294422827496757,-0.09659723811703669,0
230645,-0.9526283665217059,-2.6255817502098115,-0.10062561989776454,0
230648,-0.9615243762874799,-2.6181963836118105,-0.10230411230640116,0
230652,-0.9529640650034332,-2.6212176699473564,-0.09592584115358205,0
230656,-0.9576638437476157,-2.618867780575265,-0.10683604180971999,0
230660,-0.9532997634851605,-2.631288624399176,-0.10482185091935607,0
230664,-0.9529640650034332,-2.627260242618448,-0.10700389105058365,0
230668,-0.9524605172808422,-2.622896162355993,-0.11086442359044785,0
230672,-0.9512855725947966,-2.615007248035401,-0.11690699626153964,0
230676,-0.9499427786678873,-2.6252460517280842,-0.1456092164492256,0
230680,-0.9512855725947966,-2.6171892881666285,-0.13755245288776988,0
230684,-0.9647135118638895,-2.638673990997177,-0.13503471427481498,0
230688,-0.9559853513389791,-2.6489127946898603,-0.09206530861371785,0
230691,-0.9538033112077515,-2.63514915693904,-0.06504158083466849,0
230695,-0.9544747081712062,-2.642702372777905,-0.07192339971007858,0
230699,-0.9544747081712062,-2.6443808651865415,-0.09206530861371785,0
230703,-0.9459143968871595,-2.617524986648356,-0.12093537804226749,0
230707,-0.9462500953688868,-2.60074006256199,-0.1370489051651789,0
230711,-0.9455786984054322,-2.588654917219806,-0.12110322728313115,0
230715,-0.9430609597924773,-2.6304493781948577,-0.11774624246585794,0
230719,-0.9554818036163881,-2.6354848554207675,-0.11757839322499428,0
230723,-0.9494392309452964,-2.61953917753872,-0.1204318303196765,0
230727,-0.9331578545815213,-2.6489127946898603,-0.11438925764858472,0
230731,-0.9348363469901579,-2.6265888456549935,-0.11187151903562981,0
230734,-0.9423895628290226,-2.6537804226749064,-0.10549324788281071,0
230738,-0.9454108491645685,-2.609636072327764,-0.10196841382467384,0
230742,-0.9485999847409781,-2.6133287556267644,-0.10633249408712901,0
230746,-0.9487678339818417,-2.6121538109407187,-0.10952162966353857,0
230750,-0.9605172808422979,-2.6324635690852216,-0.10532539864194705,0
230754,-0.9548104066529335,-2.630785076676585,-0.09945067521171892,0
230758,-0.9573281452658884,-2.632295719844358,-0.10331120775158312,0
230762,-0.9605172808422979,-2.644716563668269,-0.08988326848249027,0
230766,-0.9559853513389791,-2.6532768749523155,-0.1132143129625391,0
230770,-0.9454108491645685,-2.61953917753872,-0.09877927824826428,0
230774,-0.9548104066529335,-2.6230640115968566,-0.10028992141603722,0
230777,-0.9630350194552528,-2.626756694895857,-0.0888761730373083,0
230781,-0.9625314717326618,-2.6420309758144502,-0.10112916762035554,0
230785,-0.9637064164187075,-2.644213015945678,-0.10062561989776454,0
230789,-0.957999542229343,-2.64018463416495,-0.09861142900740062,0
230793,-0.9569924467841611,-2.626253147173266,-0.10549324788281071,0
230797,-0.9668955519951171,-2.625917448691539,-0.10482185091935607,0
230801,-0.9596780346379796,-2.6364919508659495,-0.1021362630655375,0
230805,-0.9591744869153886,-2.63514915693904,-0.09777218280308232,0
230809,-0.9532997634851605,-2.639177538719768,-0.09877927824826428,0
230813,-0.9531319142442969,-2.6380025940337224,-0.09676508735790035,0
230816,-0.9512855725947966,-2.6222247653925383,-0.09894712748912794,0
230820,-0.9573281452658884,-2.627428091859312,-0.08904402227817197,0
230824,-0.9573281452658884,-2.6291065842679484,-0.10448615243762874,0
230828,-0.9529640650034332,-2.630281528953994,-0.09575799191271839,0
230832,-0.951117723353933,-2.6205462729839017,-0.09978637369344624,0
230836,-0.9512855725947966,-2.615510795757992,-0.09726863508049134,0
230840,-0.9482642862592507,-2.601075761043717,-0.10180056458381018,0
230844,-0.9459143968871595,-2.5978866254673076,-0.10952162966353857,0
230848,-0.9573281452658884,-2.615007248035401,-0.10650034332799267,0
230852,-0.9454108491645685,-2.5918440527962154,-0.1046540016784924,0
230856,-0.9428931105516136,-2.6210498207064927,-0.12345311665522239,0
230859,-0.9472571908140688,-2.615510795757992,-0.10566109712367437,0
230863,-0.9402075226977951,-2.6220569161516747,-0.1046540016784924,0
230867,-0.9454108491645685,-2.5955367360952164,-0.1038147554741741,0
230871,-0.9475928892957961,-2.5995651178759442,-0.10750743877317463,0
230875,-0.9477607385366598,-2.6126573586633097,-0.09659723811703669,0
230879,-0.951621271076524,-2.610139620050355,-0.10045777065690088,0
230883,-0.9532997634851605,-2.6296101319905394,-0.10280766002899214,0
230887,-0.9492713817044327,-2.6291065842679484,-0.09760433356221866,0
230891,-0.9517891203173876,-2.6255817502098115,-0.1021362630655375,0
230895,-0.9522926680399786,-2.6161821927214466,-0.10347905699244678,0
230899,-0.949103532463569,-2.6217212176699474,-0.0991149767299916,0
230902,-0.9561532005798428,-2.6094682230869,-0.09726863508049134,0
230906,-0.9532997634851605,-2.624406805523766,-0.10230411230640116,0
230910,-0.9569924467841611,-2.617357137407492,-0.1021362630655375,0
230914,-0.9538033112077515,-2.6250782024872206,-0.12177462424658579,0
230918,-0.9561532005798428,-2.609971770809491,-0.10448615243762874,0
230922,-0.9559853513389791,-2.639177538719768,-0.10347905699244678,0
230926,-0.9588387884336613,-2.6237354085603113,-0.1038147554741741,0
230930,-0.9564888990615701,-2.6156786449988556,-0.10331120775158312,0
230934,-0.9524605172808422,-2.625413900968948,-0.10096131837949188,0
230938,-0.9554818036163881,-2.634142061493858,-0.09575799191271839,0
230941,-0.9541390096894788,-2.6316243228809033,-0.0991149767299916,0
230945,-0.9541390096894788,-2.627428091859312,-0.11774624246585794,0
230949,-0.9571602960250247,-2.6280994888227664,-0.09676508735790035,0
230953,-0.9610208285648889,-2.635652704661631,-0.09676508735790035,0
230957,-0.9548104066529335,-2.6304493781948577,-0.09324025329976349,0
230961,-0.9593423361562523,-2.635820553902495,-0.09542229343099107,0
230965,-0.9499427786678873,-2.6286030365453574,-0.11136797131303883,0
230969,-0.9544747081712062,-2.6393453879606317,-0.1101930266269932,0
230973,-0.9475928892957961,-2.620881971465629,-0.12211032272831311,0
230977,-0.9474250400549324,-2.6138323033493553,-0.09760433356221866,0
230981,-0.9598458838788433,-2.635317006179904,-0.09089036392767223,0
230984,-0.9647135118638895,-2.6443808651865415,-0.08820477607385366,0
230988,-0.958503089951934,-2.6457236591134508,-0.08400854505226214,0
230992,-0.9454108491645685,-2.6049362935835814,-0.08954757000076295,0
230996,-0.9405432211795224,-2.62642099641413,-0.10146486610208286,0
231000,-0.9433966582742046,-2.644213015945678,-0.10717174029144731,0
231004,-0.950110627908751,-2.6311207751583123,-0.11623559929808498,0
231008,-0.94960708018616,-2.61953917753872,-0.10263981078812848,0
231012,-0.9613565270466162,-2.6433737697413595,-0.11539635309376668,0
231016,-0.9480964370183871,-2.617021438925765,-0.10918593118181125,0
231020,-0.9477607385366598,-2.6222247653925383,-0.10952162966353857,0
231024,-0.9519569695582513,-2.62642099641413,-0.11640344853894864,0
231027,-0.9512855725947966,-2.619874876020447,-0.1046540016784924,0
231031,-0.9522926680399786,-2.612489509422446,-0.10599679560540169,0
231035,-0.9425574120698863,-2.6492484931715876,-0.1179140917067216,0
231039,-0.9390325780117494,-2.6568017090104523,-0.10515754940108339,0
231043,-0.9440680552376592,-2.663347829404135,-0.10566109712367437,0
231047,-0.9591744869153886,-2.6482413977264057,-0.10096131837949188,0
231051,-0.9527962157625696,-2.6334706645304036,-0.0991149767299916,0
231055,-0.9415503166247043,-2.640688181887541,-0.10180056458381018,0
231059,-0.9548104066529335,-2.6316243228809033,-0.10196841382467384,0
231063,-0.9502784771496147,-2.6291065842679484,-0.09458304722667277,0
231067,-0.9509498741130693,-2.6076218814374,-0.09307240405889983,0
231070,-0.9573281452658884,-2.6192034790569925,-0.09357595178149081,0
231074,-0.9492713817044327,-2.6240711070420386,-0.0999542229343099,0
231078,-0.9581673914702067,-2.6265888456549935,-0.09861142900740062,0
231082,-0.9554818036163881,-2.635820553902495,-0.10347905699244678,0
231086,-0.9502784771496147,-2.6331349660486763,-0.10666819256885633,0
231090,-0.9522926680399786,-2.6192034790569925,-0.10398260471503776,0
231094,-0.9588387884336613,-2.6146715495536736,-0.11942473487449454,0
231098,-0.9621957732509345,-2.6237354085603113,-0.10599679560540169,0
231102,-0.9581673914702067,-2.6255817502098115,-0.09945067521171892,0
231106,-0.9519569695582513,-2.6291065842679484,-0.10482185091935607,0
231109,-0.9447394522011139,-2.6588158999008162,-0.10263981078812848,0
231113,-0.950110627908751,-2.6413595788509956,-0.10012207217517356,0
231117,-0.9532997634851605,-2.641191729610132,-0.10180056458381018,0
231121,-0.951117723353933,-2.6225604638742657,-0.10062561989776454,0
231125,-0.9531319142442969,-2.6329671168078126,-0.10733958953231097,0
231129,-0.9497749294270237,-2.6306172274357214,-0.09928282597085526,0
231133,-0.9484321355001144,-2.6151750972762646,-0.09861142900740062,0
231137,-0.951621271076524,-2.6143358510719463,-0.09894712748912794,0
231141,-0.9561532005798428,-2.6082932784008546,-0.09877927824826428,0
231145,-0.9462500953688868,-2.598222323949035,-0.09978637369344624,0
231149,-0.9477607385366598,-2.6118181124589914,-0.0991149767299916,0
231152,-0.9524605172808422,-2.618532082093538,-0.08937972075989929,0
231156,-0.9531319142442969,-2.631792172121767,-0.09894712748912794,0
231160,-0.9603494316014343,-2.631288624399176,-0.09861142900740062,0
231164,-0.950614175631342,-2.635317006179904,-0.10851453421835659,0
231168,-0.9553139543755245,-2.6405203326466773,-0.10045777065690088,0
231172,-0.9522926680399786,-2.6227283131151293,-0.10045777065690088,0
231176,-0.9521248187991149,-2.618364232852674,-0.09626153963530937,0
231180,-0.9499427786678873,-2.620378423743038,-0.0982757305256733,0
231184,-0.9529640650034332,-2.620881971465629,-0.09861142900740062,0
231188,-0.9571602960250247,-2.626756694895857,-0.10012207217517356,0
231192,-0.9517891203173876,-2.625917448691539,-0.09877927824826428,0
231195,-0.9509498741130693,-2.6076218814374,-0.09156176089112687,0
231199,-0.9606851300831616,-2.632295719844358,-0.10566109712367437,0
231203,-0.9517891203173876,-2.6291065842679484,-0.10666819256885633,0
231207,-0.9531319142442969,-2.635652704661631,-0.1012970168612192,0
231211,-0.9551461051346608,-2.641695277332723,-0.10096131837949188,0
231215,-0.9492713817044327,-2.6369954985885404,-0.10868238345922025,0
231219,-0.9517891203173876,-2.6284351873044938,-0.09089036392767223,0
231223,-0.9548104066529335,-2.626756694895857,-0.09861142900740062,0
231227,-0.957999542229343,-2.6286030365453574,-0.10918593118181125,0
231231,-0.9521248187991149,-2.616014343480583,-0.10263981078812848,0
231234,-0.9524605172808422,-2.6237354085603113,-0.10331120775158312,0
231238,-0.957999542229343,-2.6296101319905394,-0.09978637369344624,0
231242,-0.9526283665217059,-2.625917448691539,-0.10448615243762874,0
231246,-0.9532997634851605,-2.6336385137712672,-0.10196841382467384,0
231250,-0.9538033112077515,-2.6294422827496757,-0.10650034332799267,0
231254,-0.9465857938506141,-2.6181963836118105,-0.10532539864194705,0
231258,-0.9507820248722056,-2.6034256504158084,-0.09928282597085526,0
231262,-0.9479285877775234,-2.6151750972762646,-0.09256885633630883,0
231266,-0.958503089951934,-2.6339742122529946,-0.10146486610208286,0
231270,-0.9487678339818417,-2.6192034790569925,-0.11170366979476615,0
231274,-0.9519569695582513,-2.622392614633402,-0.10599679560540169,0
231277,-0.951621271076524,-2.6131609063859007,-0.1029755092698558,0
231281,-0.9482642862592507,-2.6042648966201267,-0.10784313725490195,0
231285,-0.9512855725947966,-2.6074540321965363,-0.10180056458381018,0
231289,-0.9554818036163881,-2.625749599450675,-0.10968947890440223,0
231293,-0.9527962157625696,-2.623903257801175,-0.11472495613031204,0
231297,-0.9526283665217059,-2.624910353246357,-0.11355001144426642,0
231301,-0.9474250400549324,-2.615007248035401,-0.11254291599908445,0
231305,-0.9467536430914778,-2.600236514839399,-0.12026398107881284,0
231309,-0.9480964370183871,-2.5978866254673076,-0.10851453421835659,0
231313,-0.9475928892957961,-2.600572213321126,-0.10985732814526589,0
231317,-0.9469214923323415,-2.5963759822995347,-0.10314335851071946,0
231320,-0.950614175631342,-2.6260852979324025,-0.10599679560540169,0
231324,-0.9512855725947966,-2.615007248035401,-0.11220721751735713,0
231328,-0.9494392309452964,-2.6118181124589914,-0.1101930266269932,0
231332,-0.9527962157625696,-2.618532082093538,-0.1046540016784924,0
231336,-0.9454108491645685,-2.5945296406500344,-0.09961852445258258,0
231340,-0.9485999847409781,-2.6042648966201267,-0.10347905699244678,0
231344,-0.9462500953688868,-2.5968795300221257,-0.10918593118181125,0
231348,-0.9487678339818417,-2.601579308766308,-0.10817883573662927,0
231352,-0.9457465476462958,-2.5975509269855803,-0.10549324788281071,0
231356,-0.9489356832227054,-2.606111238269627,-0.09642938887617303,0
231360,-0.951117723353933,-2.6079575799191272,-0.10901808194094759,0
231363,-0.9507820248722056,-2.5968795300221257,-0.10868238345922025,0
231367,-0.9546425574120698,-2.6225604638742657,-0.10163271534294652,0
231371,-0.94960708018616,-2.6156786449988556,-0.10347905699244678,0
231375,-0.9504463263904783,-2.6309529259174487,-0.10700389105058365,0
231379,-0.94960708018616,-2.6197070267795834,-0.10263981078812848,0
231383,-0.9454108491645685,-2.5993972686350806,-0.10347905699244678,0
231387,-0.9568245975432974,-2.606614785992218,-0.10263981078812848,0
231391,-0.9551461051346608,-2.626756694895857,-0.10599679560540169,0
231395,-0.9502784771496147,-2.6260852979324025,-0.1259708552681773,0
231399,-0.9543068589303425,-2.624406805523766,-0.10263981078812848,0
231402,-0.9454108491645685,-2.5973830777447167,-0.10398260471503776,0
231406,-0.9492713817044327,-2.610643167772946,-0.11103227283131151,0
231410,-0.9469214923323415,-2.599732967116808,-0.1012970168612192,0
231414,-0.9484321355001144,-2.6047684443427177,-0.09861142900740062,0
231418,-0.9538033112077515,-2.619035629816129,-0.10683604180971999,0
231422,-0.9487678339818417,-2.6123216601815824,-0.10633249408712901,0
231426,-0.9447394522011139,-2.6497520408941786,-0.09894712748912794,0
231430,-0.9499427786678873,-2.6354848554207675,-0.0999542229343099,0
231434,-0.9442359044785229,-2.6494163424124513,-0.11355001144426642,0
231438,-0.9512855725947966,-2.629274433508812,-0.10364690623331044,0
231442,-0.9497749294270237,-2.6291065842679484,-0.1038147554741741,0
231445,-0.9538033112077515,-2.632799267566949,-0.10163271534294652,0
231449,-0.9485999847409781,-2.619035629816129,-0.10532539864194705,0
231453,-0.9465857938506141,-2.6171892881666285,-0.10582894636453803,0
231457,-0.949103532463569,-2.622896162355993,-0.09928282597085526,0
231461,-0.949103532463569,-2.6237354085603113,-0.10028992141603722,0
231465,-0.950614175631342,-2.6349813076981765,-0.10801098649576561,0
231469,-0.9630350194552528,-2.6291065842679484,-0.11757839322499428,0
231473,-0.9492713817044327,-2.630281528953994,-0.10347905699244678,0
231477,-0.9531319142442969,-2.637666895551995,-0.10431830319676508,0
231481,-0.9534676127260242,-2.6212176699473564,-0.10717174029144731,0
231484,-0.951117723353933,-2.617021438925765,-0.12328526741435873,0
231488,-0.950110627908751,-2.620378423743038,-0.10314335851071946,0
231492,-0.9492713817044327,-2.6227283131151293,-0.10616464484626535,0
231496,-0.9475928892957961,-2.6161821927214466,-0.10364690623331044,0
231486,,,,1
231500,-0.9502784771496147,-2.622392614633402,-0.10146486610208286,0
231504,-0.9598458838788433,-2.6368276493476768,-0.1021362630655375,0
231508,-0.9509498741130693,-2.613496604867628,-0.10280766002899214,0
231512,-0.9529640650034332,-2.61953917753872,-0.0991149767299916,0
231516,-0.9536354619668879,-2.619874876020447,-0.1029755092698558,0
231520,-0.9517891203173876,-2.6237354085603113,-0.0991149767299916,0
231524,-0.9497749294270237,-2.626253147173266,-0.09710078583962768,0
231527,-0.9507820248722056,-2.610643167772946,-0.09861142900740062,0
231531,-0.9454108491645685,-2.591508354314488,-0.09055466544594491,0
231535,-0.9474250400549324,-2.6032578011749448,-0.0871976806286717,0
231539,-0.9546425574120698,-2.6291065842679484,-0.09877927824826428,0
231543,-0.9556496528572518,-2.635652704661631,-0.10498970016021973,0
231547,-0.9521248187991149,-2.62138551918822,-0.1021362630655375,0
231551,-0.9462500953688868,-2.6064469367513543,-0.1101930266269932,0
231555,-0.9566567483024337,-2.6168535896849012,-0.10666819256885633,0
231559,-0.9538033112077515,-2.6237354085603113,-0.10448615243762874,0
231563,-0.9529640650034332,-2.625413900968948,-0.11271076523994812,0
231567,-0.9635385671778438,-2.6326314183260853,-0.12261387045090409,0
231570,-0.9519569695582513,-2.630785076676585,-0.12278171969176775,0
231574,-0.9568245975432974,-2.6220569161516747,-0.13889524681467919,0
231578,-0.950614175631342,-2.634645609216449,-0.09609369039444571,0
231582,-0.9606851300831616,-2.643038071259632,-0.07628747997253375,0
231586,-0.9558175020981154,-2.650087739375906,-0.06940566109712368,0
231590,-0.9507820248722056,-2.617021438925765,-0.08602273594262608,0
231594,-0.9485999847409781,-2.6153429465171283,-0.10515754940108339,0
231598,-0.9413824673838407,-2.627428091859312,-0.13251697566186008,0
231602,-0.9378576333257038,-2.6405203326466773,-0.1469520103761349,0
231606,-0.9465857938506141,-2.6230640115968566,-0.13335622186617838,0
231610,-0.9536354619668879,-2.610643167772946,-0.11506065461203936,0
231613,-0.9425574120698863,-2.6462272068360417,-0.11355001144426642,0
231617,-0.9435645075150683,-2.659990844586862,-0.09542229343099107,0
231621,-0.941718165865568,-2.6583123521782253,-0.09038681620508125,0
231625,-0.9454108491645685,-2.6103074692912185,-0.08518348973830778,0
231629,-0.9452429999237049,-2.659319447623407,-0.08870832379644464,0
231633,-0.9465857938506141,-2.6309529259174487,-0.10012207217517356,0
231637,-0.9504463263904783,-2.637666895551995,-0.09861142900740062,0
231641,-0.9517891203173876,-2.629777981231403,-0.09810788128480964,0
231645,-0.9536354619668879,-2.61953917753872,-0.10012207217517356,0
231649,-0.9559853513389791,-2.6403524834058136,-0.10415045395590142,0
231653,-0.957999542229343,-2.6369954985885404,-0.10247196154726482,0
231656,-0.9625314717326618,-2.6418631265735866,-0.09592584115358205,0
231660,-0.959006637674525,-2.6311207751583123,-0.09928282597085526,0
231664,-0.951621271076524,-2.61953917753872,-0.12529945830472267,0
231668,-0.9685740444037537,-2.632799267566949,-0.09794003204394598,0
231672,-0.9596780346379796,-2.6311207751583123,-0.10498970016021973,0
231676,-0.9492713817044327,-2.631792172121767,-0.10515754940108339,0
231680,-0.9539711604486152,-2.632295719844358,-0.09928282597085526,0
231684,-0.9603494316014343,-2.6304493781948577,-0.10062561989776454,0
231688,-0.9576638437476157,-2.6250782024872206,-0.10180056458381018,0
231692,-0.9559853513389791,-2.6457236591134508,-0.10079346913862822,0
231695,-0.9571602960250247,-2.6369954985885404,-0.10633249408712901,0
231699,-0.9548104066529335,-2.6311207751583123,-0.09726863508049134,0
231703,-0.9615243762874799,-2.6205462729839017,-0.0991149767299916,0
231707,-0.957999542229343,-2.626253147173266,-0.1012970168612192,0
231711,-0.9418860151064317,-2.651598382543679,-0.0999542229343099,0
231715,-0.9526283665217059,-2.6395132372014953,-0.09391165026321813,0
231719,-0.9549782558937971,-2.628770885786221,-0.09508659494926375,0
231723,-0.9561532005798428,-2.609132524605173,-0.1029755092698558,0
231727,-0.9526283665217059,-2.620881971465629,-0.09978637369344624,0
231731,-0.9484321355001144,-2.617021438925765,-0.10062561989776454,0
231735,-0.957495994506752,-2.616014343480583,-0.09861142900740062,0
231738,-0.9457465476462958,-2.602754253452354,-0.09877927824826428,0
231742,-0.9482642862592507,-2.598725871671626,-0.10196841382467384,0
231746,-0.9454108491645685,-2.581269550621805,-0.0999542229343099,0
231750,-0.9454108491645685,-2.5730449378194855,-0.10616464484626535,0
231754,-0.9454108491645685,-2.574387731746395,-0.1268101014724956,0
231758,-0.9499427786678873,-2.6062790875104906,-0.10415045395590142,0
231762,-0.9472571908140688,-2.607118333714809,-0.10498970016021973,0
231766,-0.9346684977492943,-2.609132524605173,-0.10146486610208286,0
231770,-0.9454108491645685,-2.5913405050736245,-0.10331120775158312,0
231774,-0.9472571908140688,-2.603089951934081,-0.08921187151903563,0
231778,-0.9499427786678873,-2.6166857404440376,-0.10448615243762874,0
231781,-0.950110627908751,-2.622392614633402,-0.10180056458381018,0
231785,-0.9457465476462958,-2.6067826352330816,-0.10482185091935607,0
231789,-0.9546425574120698,-2.625749599450675,-0.09659723811703669,0
231793,-0.9462500953688868,-2.605607690547036,-0.09978637369344624,0
231797,-0.9588387884336613,-2.6062790875104906,-0.10196841382467384,0
231801,-0.9544747081712062,-2.628770885786221,-0.09475089646753643,0
231805,-0.9531319142442969,-2.6339742122529946,-0.1038147554741741,0
231809,-0.958503089951934,-2.6383382925154497,-0.09877927824826428,0
231813,-0.9586709391927977,-2.644213015945678,-0.09877927824826428,0
231817,-0.957999542229343,-2.634309910734722,-0.09475089646753643,0
231820,-0.9553139543755245,-2.639681086442359,-0.1046540016784924,0
231824,-0.9564888990615701,-2.62826733806363,-0.09810788128480964,0
231828,-0.9532997634851605,-2.6359884031433585,-0.09861142900740062,0
231832,-0.951621271076524,-2.622896162355993,-0.09458304722667277,0
231836,-0.9546425574120698,-2.6359884031433585,-0.09726863508049134,0
231840,-0.9558175020981154,-2.6484092469672693,-0.10062561989776454,0
231844,-0.9519569695582513,-2.631792172121767,-0.11925688563363088,0
231848,-0.9529640650034332,-2.6275959411001755,-0.1038147554741741,0
231852,-0.9529640650034332,-2.626924544136721,-0.10650034332799267,0
231856,-0.9536354619668879,-2.617357137407492,-0.12697795071335927,0
231860,-0.9581673914702067,-2.623399710078584,-0.1038147554741741,0
231863,-0.9569924467841611,-2.6163500419623102,-0.08988326848249027,0
231867,-0.9660563057907988,-2.643038071259632,-0.08300144960708018,0
231871,-0.960013733119707,-2.649584191653315,-0.08048371099412527,0
231875,-0.949103532463569,-2.6438773174639505,-0.08602273594262608,0
231879,-0.9499427786678873,-2.634813458457313,-0.10196841382467384,0
231883,-0.9385290302891585,-2.6457236591134508,-0.11170366979476615,0
231887,-0.9425574120698863,-2.664354924849317,-0.11120012207217517,0
231891,-0.950614175631342,-2.6536125734340428,-0.11203936827649347,0
231895,-0.9551461051346608,-2.64706645304036,-0.11036087586785687,0
231899,-0.9489356832227054,-2.625749599450675,-0.11304646372167544,0
231903,-0.9480964370183871,-2.6118181124589914,-0.11254291599908445,0
231906,-0.950614175631342,-2.626756694895857,-0.10801098649576561,0
231910,-0.9543068589303425,-2.6284351873044938,-0.10801098649576561,0
231914,-0.9611886778057526,-2.6583123521782253,-0.11153582055390249,0
231918,-0.9532997634851605,-2.648073548485542,-0.11220721751735713,0
231922,-0.951621271076524,-2.624406805523766,-0.1093537804226749,0
231926,-0.950614175631342,-2.6349813076981765,-0.10885023270008393,0
231930,-0.9402075226977951,-2.6321278706034943,-0.1029755092698558,0
231934,-0.9454108491645685,-2.6029221026932174,-0.11992828259708552,0
231938,-0.9514534218356603,-2.6032578011749448,-0.10331120775158312,0
231942,-0.9504463263904783,-2.6265888456549935,-0.09810788128480964,0
231946,-0.9517891203173876,-2.6242389562829023,-0.09139391165026321,0
231949,-0.9551461051346608,-2.6299458304722667,-0.097436484321355,0
231953,-0.9480964370183871,-2.6113145647364004,-0.0841763942931258,0
231957,-0.9556496528572518,-2.629274433508812,-0.1029755092698558,0
231961,-0.9568245975432974,-2.619035629816129,-0.10817883573662927,0
231965,-0.9591744869153886,-2.6275959411001755,-0.10280766002899214,0
231969,-0.9571602960250247,-2.629274433508812,-0.0982757305256733,0
231973,-0.9553139543755245,-2.6393453879606317,-0.10314335851071946,0
231977,-0.9583352407110703,-2.6344777599755855,-0.10347905699244678,0
231981,-0.9578316929884794,-2.6334706645304036,-0.09844357976653696,0
231985,-0.9521248187991149,-2.6210498207064927,-0.10498970016021973,0
231988,-0.9561532005798428,-2.6079575799191272,-0.10431830319676508,0
231992,-0.9539711604486152,-2.620378423743038,-0.10515754940108339,0
231996,-0.949103532463569,-2.6270923933775845,-0.09961852445258258,0
232000,-0.9559853513389791,-2.6458915083543144,-0.10817883573662927,0
232004,-0.9502784771496147,-2.6321278706034943,-0.1012970168612192,0
232008,-0.9445716029602502,-2.6576409552147706,-0.10012207217517356,0
232012,-0.951621271076524,-2.627763790341039,-0.09458304722667277,0
232016,-0.9457465476462958,-2.6136644541084917,-0.09659723811703669,0
232020,-0.951621271076524,-2.6126573586633097,-0.09642938887617303,0
232024,-0.9477607385366598,-2.619035629816129,-0.11757839322499428,0
232028,-0.9464179446097505,-2.6158464942397193,-0.09794003204394598,0
232031,-0.9532997634851605,-2.6311207751583123,-0.10784313725490195,0
232035,-0.9662241550316625,-2.650591287098497,-0.09961852445258258,0
232039,-0.9553139543755245,-2.6457236591134508,-0.09491874570840009,0
232043,-0.950110627908751,-2.6319600213626306,-0.08182650492103456,0
232047,-0.9526283665217059,-2.6291065842679484,-0.08988326848249027,0
232051,-0.9553139543755245,-2.640688181887541,-0.09525444419012741,0
232055,-0.9586709391927977,-2.644045166704814,-0.09391165026321813,0
232059,-0.950110627908751,-2.636659800106813,-0.09626153963530937,0
232063,-0.9455786984054322,-2.603089951934081,-0.09978637369344624,0
232067,-0.9532997634851605,-2.626756694895857,-0.10364690623331044,0
232071,-0.9492713817044327,-2.627260242618448,-0.09424734874494545,0
232074,-0.9561532005798428,-2.608964675364309,-0.10482185091935607,0
232078,-0.9554818036163881,-2.625917448691539,-0.10314335851071946,0
232082,-0.9578316929884794,-2.629274433508812,-0.10498970016021973,0
232086,-0.951621271076524,-2.6210498207064927,-0.09894712748912794,0
232090,-0.9529640650034332,-2.6212176699473564,-0.10028992141603722,0
232094,-0.9517891203173876,-2.624910353246357,-0.09710078583962768,0
232098,-0.9548104066529335,-2.6252460517280842,-0.09357595178149081,0
232102,-0.9519569695582513,-2.627931639581903,-0.10717174029144731,0
232106,-0.9561532005798428,-2.6084611276417182,-0.10515754940108339,0
232110,-0.9563210498207064,-2.6037613488975357,-0.09525444419012741,0
232113,-0.9527962157625696,-2.6113145647364004,-0.12378881513694971,0
232117,-0.950110627908751,-2.612489509422446,-0.1029755092698558,0
232121,-0.9529640650034332,-2.6181963836118105,-0.10515754940108339,0
232125,-0.9551461051346608,-2.6319600213626306,-0.10062561989776454,0
232129,-0.9428931105516136,-2.6398489356832227,-0.10314335851071946,0
232133,-0.9479285877775234,-2.635317006179904,-0.08971541924162661,0
232137,-0.9578316929884794,-2.632295719844358,-0.10263981078812848,0
232141,-0.9395361257343404,-2.6517662317845425,-0.09777218280308232,0
232145,-0.9499427786678873,-2.636156252384222,-0.10314335851071946,0
232149,-0.9532997634851605,-2.6388418402380407,-0.10163271534294652,0
232153,-0.9527962157625696,-2.627428091859312,-0.10062561989776454,0
232156,-0.9536354619668879,-2.617357137407492,-0.09861142900740062,0
232160,-0.951117723353933,-2.6123216601815824,-0.10045777065690088,0
232168,-0.9531319142442969,-2.627428091859312,-0.09307240405889983,0
232172,-0.9531319142442969,-2.633806363012131,-0.10985732814526589,0
232176,-0.9527962157625696,-2.6289387350270847,-0.10028992141603722,0
232180,-0.9499427786678873,-2.6286030365453574,-0.11069657434958419,0
232184,-0.9546425574120698,-2.637666895551995,-0.10448615243762874,0
232188,-0.9551461051346608,-2.64018463416495,-0.09978637369344624,0
232192,-0.9534676127260242,-2.6247425040054932,-0.10733958953231097,0
232196,-0.9531319142442969,-2.6354848554207675,-0.10331120775158312,0
232199,-0.9514534218356603,-2.61953917753872,-0.10985732814526589,0
232203,-0.9418860151064317,-2.6403524834058136,-0.12529945830472267,0
232207,-0.9454108491645685,-2.6057755397878997,-0.10196841382467384,0
232211,-0.9509498741130693,-2.5975509269855803,-0.10952162966353857,0
232215,-0.9492713817044327,-2.6143358510719463,-0.10834668497749293,0
232219,-0.9521248187991149,-2.612489509422446,-0.10096131837949188,0
232223,-0.9489356832227054,-2.6118181124589914,-0.08971541924162661,0
232227,-0.9469214923323415,-2.600236514839399,-0.10263981078812848,0
232231,-0.9529640650034332,-2.609132524605173,-0.10280766002899214,0
232235,-0.9548104066529335,-2.618028534370947,-0.10650034332799267,0
232239,-0.9469214923323415,-2.60258640421149,-0.10650034332799267,0
232242,-0.94960708018616,-2.6052719920653087,-0.1101930266269932,0
232246,-0.9625314717326618,-2.6284351873044938,-0.10364690623331044,0
232250,-0.9489356832227054,-2.619874876020447,-0.09877927824826428,0
232254,-0.9544747081712062,-2.634142061493858,-0.10096131837949188,0
232258,-0.9561532005798428,-2.6153429465171283,-0.10079346913862822,0
232262,-0.957999542229343,-2.6255817502098115,-0.10180056458381018,0
232266,-0.9531319142442969,-2.6374990463111314,-0.10599679560540169,0
232270,-0.9521248187991149,-2.6202105745021744,-0.10012207217517356,0
232274,-0.9482642862592507,-2.6094682230869,-0.10515754940108339,0
232278,-0.9514534218356603,-2.6057755397878997,-0.10314335851071946,0
232281,-0.9492713817044327,-2.6205462729839017,-0.10180056458381018,0
232285,-0.9526283665217059,-2.6222247653925383,-0.09978637369344624,0
232289,-0.9527962157625696,-2.6207141222247654,-0.1021362630655375,0
232293,-0.950110627908751,-2.6202105745021744,-0.11589990081635766,0
232297,-0.9477607385366598,-2.6245746547646296,-0.11002517738612955,0
232301,-0.9546425574120698,-2.6339742122529946,-0.10498970016021973,0
232305,-0.9502784771496147,-2.626924544136721,-0.10918593118181125,0
232309,-0.9454108491645685,-2.5965438315403984,-0.10532539864194705,0
232313,-0.9460822461280232,-2.593354695963989,-0.08602273594262608,0
232317,-0.9534676127260242,-2.601579308766308,-0.10180056458381018,0
232321,-0.9539711604486152,-2.6202105745021744,-0.10062561989776454,0
232324,-0.9512855725947966,-2.6151750972762646,-0.10028992141603722,0
232328,-0.9551461051346608,-2.6306172274357214,-0.10364690623331044,0
232332,-0.950614175631342,-2.6380025940337224,-0.10331120775158312,0
232336,-0.9467536430914778,-2.6118181124589914,-0.09844357976653696,0
232340,-0.9497749294270237,-2.622896162355993,-0.09794003204394598,0
232344,-0.9504463263904783,-2.6344777599755855,-0.10415045395590142,0
232348,-0.9586709391927977,-2.6385061417563134,-0.09861142900740062,0
232352,-0.9477607385366598,-2.6336385137712672,-0.10280766002899214,0
232356,-0.951117723353933,-2.6220569161516747,-0.10146486610208286,0
232360,-0.9494392309452964,-2.6168535896849012,-0.10263981078812848,0
232364,-0.9418860151064317,-2.643038071259632,-0.10314335851071946,0
232367,-0.9499427786678873,-2.6344777599755855,-0.10733958953231097,0
232371,-0.9467536430914778,-2.6116502632181278,-0.1029755092698558,0
232374,,,,1
232375,-0.94960708018616,-2.6034256504158084,-0.10599679560540169,0
232379,-0.9532997634851605,-2.625917448691539,-0.10515754940108339,0
232383,-0.9487678339818417,-2.614000152590219,-0.11976043335622186,0
232387,-0.9543068589303425,-2.6237354085603113,-0.10331120775158312,0
232391,-0.9544747081712062,-2.6380025940337224,-0.1046540016784924,0
232395,-0.951621271076524,-2.619035629816129,-0.09122606240939955,0
232399,-0.9454108491645685,-2.5923476005188064,-0.0999542229343099,0
232403,-0.9517891203173876,-2.6136644541084917,-0.08602273594262608,0
232406,-0.9546425574120698,-2.625749599450675,-0.10247196154726482,0
232410,-0.9504463263904783,-2.635652704661631,-0.1038147554741741,0
232414,-0.9460822461280232,-2.6146715495536736,-0.10733958953231097,0
232418,-0.9512855725947966,-2.612993057145037,-0.09844357976653696,0
232422,-0.941718165865568,-2.641695277332723,-0.10666819256885633,0
232426,-0.9522926680399786,-2.627763790341039,-0.09206530861371785,0
232430,-0.9531319142442969,-2.6359884031433585,-0.09928282597085526,0
232434,-0.9546425574120698,-2.6380025940337224,-0.10498970016021973,0
232438,-0.950110627908751,-2.629274433508812,-0.10012207217517356,0
232442,-0.9606851300831616,-2.646562905317769,-0.09693293659876402,0
232446,-0.9564888990615701,-2.6291065842679484,-0.09726863508049134,0
232449,-0.9553139543755245,-2.6380025940337224,-0.09223315785458151,0
232453,-0.9529640650034332,-2.629777981231403,-0.09978637369344624,0
232457,-0.9559853513389791,-2.6458915083543144,-0.10112916762035554,0
232461,-0.9517891203173876,-2.6349813076981765,-0.10448615243762874,0
232465,-0.9509498741130693,-2.610978866254673,-0.10817883573662927,0
232469,-0.951117723353933,-2.6098039215686275,-0.10112916762035554,0
232473,-0.9497749294270237,-2.6212176699473564,-0.12412451361867703,0
232477,-0.9524605172808422,-2.6255817502098115,-0.11908903639276722,0
232481,-0.9482642862592507,-2.6069504844739453,-0.1293278400854505,0
232485,-0.950614175631342,-2.6275959411001755,-0.13688105592431524,0
232489,-0.9578316929884794,-2.629777981231403,-0.11589990081635766,0
232492,-0.950614175631342,-2.6383382925154497,-0.0714198519874876,0
232496,-0.9517891203173876,-2.6324635690852216,-0.06369878690775921,0
232500,-0.9603494316014343,-2.6319600213626306,-0.07494468604562447,0
232504,-0.9541390096894788,-2.626253147173266,-0.097436484321355,0
232508,-0.9244296940566109,-2.6176928358892195,-0.13150988021667812,0
232512,-0.9425574120698863,-2.649584191653315,-0.12580300602731365,0
232516,-0.9454108491645685,-2.609636072327764,-0.12059967956054017,0
232520,-0.9568245975432974,-2.612489509422446,-0.11271076523994812,0
232524,-0.9531319142442969,-2.6306172274357214,-0.11388570992599374,0
232528,-0.9464179446097505,-2.616014343480583,-0.11287861448081178,0
232532,-0.9415503166247043,-2.6339742122529946,-0.11388570992599374,0
232535,-0.9381933318074311,-2.6388418402380407,-0.11136797131303883,0
232539,-0.9397039749752041,-2.661837186236362,-0.11388570992599374,0
232543,-0.9507820248722056,-2.623903257801175,-0.11673914702067598,0
232547,-0.9558175020981154,-2.6395132372014953,-0.11103227283131151,0
232551,-0.9477607385366598,-2.63514915693904,-0.10901808194094759,0
232555,-0.9526283665217059,-2.629777981231403,-0.10247196154726482,0
232559,-0.9548104066529335,-2.6286030365453574,-0.10415045395590142,0
232563,-0.9551461051346608,-2.634645609216449,-0.11036087586785687,0
232567,-0.9559853513389791,-2.649080643930724,-0.10314335851071946,0
232571,-0.9645456626230259,-2.6479056992446783,-0.09928282597085526,0
232574,-0.949103532463569,-2.6368276493476768,-0.09945067521171892,0
232578,-0.9348363469901579,-2.625749599450675,-0.08988326848249027,0
232582,-0.9549782558937971,-2.627260242618448,-0.08619058518348974,0
232586,-0.9544747081712062,-2.6344777599755855,-0.10448615243762874,0
232590,-0.959510185397116,-2.6294422827496757,-0.10180056458381018,0
232594,-0.9554818036163881,-2.6344777599755855,-0.10347905699244678,0
232598,-0.9541390096894788,-2.629777981231403,-0.10247196154726482,0
232602,-0.9551461051346608,-2.636659800106813,-0.09928282597085526,0
232606,-0.9541390096894788,-2.627931639581903,-0.09928282597085526,0
232610,-0.9553139543755245,-2.6364919508659495,-0.09542229343099107,0
232614,-0.9452429999237049,-2.673250934615091,-0.09928282597085526,0
232617,-0.9593423361562523,-2.651094834821088,-0.09945067521171892,0
232621,-0.9492713817044327,-2.636659800106813,-0.09575799191271839,0
232625,-0.9553139543755245,-2.642198825055314,-0.10045777065690088,0
232629,-0.9615243762874799,-2.6230640115968566,-0.09877927824826428,0
232633,-0.9546425574120698,-2.632295719844358,-0.1029755092698558,0
232637,-0.9539711604486152,-2.6368276493476768,-0.10801098649576561,0
232641,-0.9465857938506141,-2.617021438925765,-0.11036087586785687,0
232645,-0.9435645075150683,-2.6415274280918593,-0.10230411230640116,0
232649,-0.9519569695582513,-2.6309529259174487,-0.10062561989776454,0
232653,-0.9482642862592507,-2.6029221026932174,-0.1170748455024033,0
232657,-0.9464179446097505,-2.609971770809491,-0.10431830319676508,0
232660,-0.9480964370183871,-2.60074006256199,-0.10515754940108339,0
232664,-0.9457465476462958,-2.597215228503853,-0.10717174029144731,0
232668,-0.9440680552376592,-2.6336385137712672,-0.10717174029144731,0
232672,-0.9454108491645685,-2.601075761043717,-0.08602273594262608,0
232676,-0.94960708018616,-2.6082932784008546,-0.10582894636453803,0
232680,-0.9474250400549324,-2.6062790875104906,-0.10733958953231097,0
232684,-0.9425574120698863,-2.651430533302815,-0.10230411230640116,0
232688,-0.9480964370183871,-2.61953917753872,-0.10112916762035554,0
232692,-0.9487678339818417,-2.6133287556267644,-0.10834668497749293,0
232696,-0.9465857938506141,-2.6123216601815824,-0.10700389105058365,0
232699,-0.9472571908140688,-2.6138323033493553,-0.10415045395590142,0
232703,-0.94960708018616,-2.610643167772946,-0.10498970016021973,0
232707,-0.9514534218356603,-2.608964675364309,-0.10096131837949188,0
232711,-0.9543068589303425,-2.6156786449988556,-0.11153582055390249,0
232715,-0.9499427786678873,-2.6230640115968566,-0.10733958953231097,0
232719,-0.9521248187991149,-2.6148393987945373,-0.11271076523994812,0
232723,-0.9551461051346608,-2.6319600213626306,-0.10885023270008393,0
232727,-0.9368505378805219,-2.6462272068360417,-0.11371786068513008,0
232731,-0.950614175631342,-2.644548714427405,-0.10767528801403829,0
232735,-0.9553139543755245,-2.6443808651865415,-0.10885023270008393,0
232739,-0.9492713817044327,-2.637163347829404,-0.10498970016021973,0
232742,-0.9494392309452964,-2.6176928358892195,-0.11858548867017624,0
232746,-0.9548104066529335,-2.62642099641413,-0.10448615243762874,0
232750,-0.9497749294270237,-2.627763790341039,-0.10263981078812848,0
232754,-0.9521248187991149,-2.617357137407492,-0.09626153963530937,0
232758,-0.9522926680399786,-2.610978866254673,-0.11136797131303883,0
232762,-0.9507820248722056,-2.5988937209124896,-0.07897306782635233,0
232766,-0.9509498741130693,-2.5940260929274435,-0.10885023270008393,0
232770,-0.9576638437476157,-2.603089951934081,-0.10683604180971999,0
232774,-0.9509498741130693,-2.5968795300221257,-0.10566109712367437,0
232778,-0.9475928892957961,-2.6039291981383994,-0.11623559929808498,0
232782,-0.9536354619668879,-2.6057755397878997,-0.10868238345922025,0
232785,-0.958503089951934,-2.627260242618448,-0.0841763942931258,0
232789,-0.9553139543755245,-2.635652704661631,-0.0833371480888075,0
232793,-0.9514534218356603,-2.6202105745021744,-0.09105821316853589,0
232797,-0.9521248187991149,-2.6143358510719463,-0.09626153963530937,0
232801,-0.9454108491645685,-2.5921797512779428,-0.1046540016784924,0
232805,-0.9563210498207064,-2.594193942168307,-0.10616464484626535,0
232809,-0.9487678339818417,-2.601243610284581,-0.10851453421835659,0
232813,-0.9521248187991149,-2.6072861829556726,-0.11355001144426642,0
232817,-0.9517891203173876,-2.619371328297856,-0.1195925841153582,0
232821,-0.9489356832227054,-2.615007248035401,-0.1264744029907683,0
232825,-0.9475928892957961,-2.6116502632181278,-0.11908903639276722,0
232828,-0.9479285877775234,-2.6217212176699474,-0.1187533379110399,0
232832,-0.9536354619668879,-2.612489509422446,-0.12244602121004043,0
232836,-0.9539711604486152,-2.623903257801175,-0.10415045395590142,0
232840,-0.9548104066529335,-2.627260242618448,-0.09978637369344624,0
232844,-0.9522926680399786,-2.616014343480583,-0.09189745937285419,0
232848,-0.9444037537193866,-2.644213015945678,-0.10767528801403829,0
232852,-0.9485999847409781,-2.6237354085603113,-0.0730983443961242,0
232856,-0.9445716029602502,-2.6546196688792247,-0.10750743877317463,0
232860,-0.9465857938506141,-2.630281528953994,-0.1029755092698558,0
232864,-0.9521248187991149,-2.6148393987945373,-0.10163271534294652,0
232867,-0.9462500953688868,-2.601579308766308,-0.0999542229343099,0
232871,-0.933829251544976,-2.6344777599755855,-0.10331120775158312,0
232875,-0.951117723353933,-2.6237354085603113,-0.10633249408712901,0
232879,-0.9521248187991149,-2.6151750972762646,-0.11422140840772106,0
232883,-0.9459143968871595,-2.605607690547036,-0.10180056458381018,0
232887,-0.9489356832227054,-2.6077897306782636,-0.10247196154726482,0
232891,-0.9578316929884794,-2.6212176699473564,-0.10498970016021973,0
232895,-0.9480964370183871,-2.6069504844739453,-0.10650034332799267,0
232899,-0.9474250400549324,-2.607118333714809,-0.1038147554741741,0
232903,-0.9497749294270237,-2.618364232852674,-0.10398260471503776,0
232907,-0.9512855725947966,-2.6123216601815824,-0.10045777065690088,0
232910,-0.9549782558937971,-2.61953917753872,-0.10431830319676508,0
232914,-0.9524605172808422,-2.6230640115968566,-0.10784313725490195,0
232918,-0.951621271076524,-2.6141680018310827,-0.10582894636453803,0
232922,-0.951117723353933,-2.610475318532082,-0.11640344853894864,0
232926,-0.9484321355001144,-2.6116502632181278,-0.10415045395590142,0
232930,-0.9543068589303425,-2.617860685130083,-0.10163271534294652,0
232934,-0.950110627908751,-2.6207141222247654,-0.11522850385290302,0
232938,-0.9489356832227054,-2.613496604867628,-0.10096131837949188,0
232942,-0.9487678339818417,-2.610643167772946,-0.07813382162203403,0
232946,-0.9450751506828412,-2.6562981612878613,-0.09609369039444571,0
232950,-0.9526283665217059,-2.639177538719768,-0.1029755092698558,0
232953,-0.958503089951934,-2.6420309758144502,-0.1029755092698558,0
232957,-0.9521248187991149,-2.6240711070420386,-0.10431830319676508,0
232961,-0.9519569695582513,-2.6245746547646296,-0.10750743877317463,0
232965,-0.9524605172808422,-2.62642099641413,-0.10750743877317463,0
232969,-0.9553139543755245,-2.6344777599755855,-0.10532539864194705,0
232973,-0.9527962157625696,-2.627260242618448,-0.10347905699244678,0
232977,-0.9662241550316625,-2.647570000762951,-0.10482185091935607,0
232981,-0.9601815823605706,-2.6385061417563134,-0.10717174029144731,0
232985,-0.9529640650034332,-2.627763790341039,-0.10163271534294652,0
232989,-0.9531319142442969,-2.6369954985885404,-0.09676508735790035,0
232992,-0.9390325780117494,-2.6527733272297245,-0.10398260471503776,0
232996,-0.9514534218356603,-2.6291065842679484,-0.10650034332799267,0
233000,-0.9519569695582513,-2.627260242618448,-0.10750743877317463,0
233004,-0.9591744869153886,-2.626756694895857,-0.09693293659876402,0
233008,-0.9512855725947966,-2.615007248035401,-0.1012970168612192,0
233012,-0.9469214923323415,-2.5999008163576716,-0.11355001144426642,0
233016,-0.9492713817044327,-2.6192034790569925,-0.1029755092698558,0
233020,-0.9571602960250247,-2.625917448691539,-0.10431830319676508,0
233024,-0.9553139543755245,-2.6368276493476768,-0.10314335851071946,0
233028,-0.951117723353933,-2.6252460517280842,-0.10817883573662927,0
233032,-0.9499427786678873,-2.621889066910811,-0.08149080643930724,0
233035,-0.9527962157625696,-2.6202105745021744,-0.09676508735790035,0
233039,-0.9553139543755245,-2.6378347447928587,-0.1101930266269932,0
233043,-0.9546425574120698,-2.641191729610132,-0.10582894636453803,0
233047,-0.9534676127260242,-2.63330281528954,-0.10549324788281071,0
233051,-0.9546425574120698,-2.6354848554207675,-0.1101930266269932,0
233055,-0.9509498741130693,-2.6138323033493553,-0.10498970016021973,0
233059,-0.9541390096894788,-2.619874876020447,-0.10868238345922025,0
233063,-0.9482642862592507,-2.6067826352330816,-0.1093537804226749,0
233067,-0.9605172808422979,-2.6364919508659495,-0.11036087586785687,0
233071,-0.9568245975432974,-2.6232318608377203,-0.11086442359044785,0
233075,-0.9480964370183871,-2.6077897306782636,-0.10582894636453803,0
233078,-0.9465857938506141,-2.6094682230869,-0.10431830319676508,0
233082,-0.9457465476462958,-2.5995651178759442,-0.10784313725490195,0
233086,-0.9507820248722056,-2.593690394445716,-0.10616464484626535,0
233090,-0.950614175631342,-2.6192034790569925,-0.10163271534294652,0
233094,-0.9470893415732051,-2.611482413977264,-0.10431830319676508,0
233098,-0.9502784771496147,-2.6181963836118105,-0.10834668497749293,0
233102,-0.9487678339818417,-2.6116502632181278,-0.1170748455024033,0
233106,-0.951117723353933,-2.615510795757992,-0.09978637369344624,0
233110,-0.9512855725947966,-2.616014343480583,-0.10415045395590142,0
233114,-0.9526283665217059,-2.6220569161516747,-0.11069657434958419,0
233118,-0.9551461051346608,-2.63514915693904,-0.10599679560540169,0
233121,-0.9524605172808422,-2.6306172274357214,-0.08149080643930724,0
233125,-0.9512855725947966,-2.6200427252613108,-0.09726863508049134,0
233129,-0.957999542229343,-2.625413900968948,-0.1038147554741741,0
233133,-0.9613565270466162,-2.643541618982223,-0.10180056458381018,0
233137,-0.951117723353933,-2.6255817502098115,-0.10817883573662927,0
233141,-0.9497749294270237,-2.62642099641413,-0.11069657434958419,0
233145,-0.9492713817044327,-2.6275959411001755,-0.10801098649576561,0
233149,-0.9428931105516136,-2.6415274280918593,-0.11153582055390249,0
233153,-0.9502784771496147,-2.6331349660486763,-0.10985732814526589,0
233157,-0.94960708018616,-2.62138551918822,-0.10415045395590142,0
233160,-0.951621271076524,-2.6098039215686275,-0.10415045395590142,0
233164,-0.950110627908751,-2.618364232852674,-0.10750743877317463,0
233168,-0.949103532463569,-2.6205462729839017,-0.10885023270008393,0
233172,-0.9524605172808422,-2.627931639581903,-0.10163271534294652,0
233176,-0.9402075226977951,-2.6299458304722667,-0.10868238345922025,0
233180,-0.9489356832227054,-2.619874876020447,-0.1165712977798123,0
233184,-0.951117723353933,-2.6146715495536736,-0.10834668497749293,0
233188,-0.9543068589303425,-2.6192034790569925,-0.0999542229343099,0
233192,-0.9527962157625696,-2.6156786449988556,-0.11774624246585794,0
233196,-0.9556496528572518,-2.6368276493476768,-0.1046540016784924,0
233200,-0.9529640650034332,-2.6301136797131304,-0.10415045395590142,0
233203,-0.9544747081712062,-2.6380025940337224,-0.10196841382467384,0
233207,-0.9534676127260242,-2.6250782024872206,-0.10247196154726482,0
233211,-0.9454108491645685,-2.6014114595254445,-0.0863584344243534,0
233215,-0.9640421149004348,-2.635317006179904,-0.10650034332799267,0
233219,-0.9564888990615701,-2.626924544136721,-0.10784313725490195,0
233223,-0.9563210498207064,-2.6118181124589914,-0.10431830319676508,0
233227,-0.9497749294270237,-2.622392614633402,-0.10331120775158312,0
233231,-0.9504463263904783,-2.6324635690852216,-0.10498970016021973,0
233235,-0.9548104066529335,-2.62826733806363,-0.10767528801403829,0
233239,-0.951621271076524,-2.613496604867628,-0.10885023270008393,0
233243,-0.9512855725947966,-2.6116502632181278,-0.09844357976653696,0
233246,-0.9521248187991149,-2.6094682230869,-0.10767528801403829,0
233250,-0.9543068589303425,-2.620378423743038,-0.10901808194094759,0
233254,-0.9502784771496147,-2.624910353246357,-0.10599679560540169,0
233258,-0.9485999847409781,-2.6161821927214466,-0.1046540016784924,0
233262,-0.9529640650034332,-2.616517891203174,-0.1101930266269932,0
233266,-0.9539711604486152,-2.6205462729839017,-0.10834668497749293,0
233270,-0.9546425574120698,-2.6349813076981765,-0.11220721751735713,0
233263,,,,1
233274,-0.9509498741130693,-2.6123216601815824,-0.10599679560540169,0
233278,-0.949103532463569,-2.620378423743038,-0.10364690623331044,0
233282,-0.940711070420386,-2.629274433508812,-0.12546730754558633,0
233285,-0.9482642862592507,-2.6116502632181278,-0.11120012207217517,0
233289,-0.9524605172808422,-2.618028534370947,-0.11170366979476615,0
233293,-0.9487678339818417,-2.612993057145037,-0.10700389105058365,0
233297,-0.951621271076524,-2.6094682230869,-0.11136797131303883,0
233301,-0.950110627908751,-2.6186999313344015,-0.09189745937285419,0
233305,-0.9583352407110703,-2.6275959411001755,-0.11120012207217517,0
233309,-0.9551461051346608,-2.6373311970702678,-0.1012970168612192,0
233313,-0.9539711604486152,-2.63330281528954,-0.09491874570840009,0
233317,-0.9554818036163881,-2.638673990997177,-0.10448615243762874,0
233321,-0.9532997634851605,-2.6410238803692683,-0.10683604180971999,0
233325,-0.9449073014419775,-2.6675440604257266,-0.09928282597085526,0
233328,-0.9576638437476157,-2.6369954985885404,-0.09844357976653696,0
233332,-0.9551461051346608,-2.642534523537041,-0.11808194094758526,0
233336,-0.951621271076524,-2.6232318608377203,-0.10180056458381018,0
233340,-0.9454108491645685,-2.5958724345769437,-0.1012970168612192,0
233344,-0.9527962157625696,-2.6141680018310827,-0.10817883573662927,0
233348,-0.9439002059967956,-2.6512626840619515,-0.09441519798580911,0
233352,-0.9538033112077515,-2.6388418402380407,-0.09777218280308232,0
233356,-0.9548104066529335,-2.6296101319905394,-0.09609369039444571,0
233360,-0.9509498741130693,-2.608964675364309,-0.10062561989776454,0
233364,-0.9531319142442969,-2.62826733806363,-0.11774624246585794,0
233368,-0.9536354619668879,-2.617524986648356,-0.13033493553063247,0
233371,-0.9450751506828412,-2.659990844586862,-0.14527351796749827,0
233375,-0.9240939955748836,-2.6284351873044938,-0.12177462424658579,0
233379,-0.9489356832227054,-2.618364232852674,-0.09357595178149081,0
233383,-0.9484321355001144,-2.6168535896849012,-0.069741359578851,0
233387,-0.9531319142442969,-2.6275959411001755,-0.06890211337453268,0
233391,-0.9502784771496147,-2.6260852979324025,-0.07276264591439688,0
233395,-0.9477607385366598,-2.6245746547646296,-0.11606775005722132,0
233399,-0.9450751506828412,-2.663851377126726,-0.11774624246585794,0
233403,-0.9529640650034332,-2.6423666742961776,-0.11606775005722132,0
233407,-0.9561532005798428,-2.6192034790569925,-0.11086442359044785,0
233411,-0.9586709391927977,-2.633806363012131,-0.10952162966353857,0
233414,-0.9541390096894788,-2.6306172274357214,-0.11086442359044785,0
233418,-0.9469214923323415,-2.608964675364309,-0.11808194094758526,0
233422,-0.94272526131075,-2.6289387350270847,-0.11304646372167544,0
233426,-0.9376897840848402,-2.635652704661631,-0.12227817196917677,0
233430,-0.9457465476462958,-2.6126573586633097,-0.11338216220340276,0
233434,-0.9437323567559319,-2.6527733272297245,-0.11254291599908445,0
233438,-0.9475928892957961,-2.629777981231403,-0.11539635309376668,0
233442,-0.951621271076524,-2.618364232852674,-0.11841763942931258,0
233446,-0.968909742885481,-2.634142061493858,-0.10666819256885633,0
233450,-0.9532997634851605,-2.6395132372014953,-0.09894712748912794,0
233453,-0.9514534218356603,-2.6232318608377203,-0.09206530861371785,0
233457,-0.9566567483024337,-2.617021438925765,-0.09374380102235447,0
233461,-0.9561532005798428,-2.6059433890287633,-0.11220721751735713,0
233465,-0.949103532463569,-2.6215533684290837,-0.09894712748912794,0
233469,-0.9534676127260242,-2.6151750972762646,-0.09760433356221866,0
233473,-0.9598458838788433,-2.6349813076981765,-0.10448615243762874,0
233477,-0.951621271076524,-2.6235675593194476,-0.10062561989776454,0
233481,-0.9556496528572518,-2.6331349660486763,-0.08467994201571678,0
233485,-0.9588387884336613,-2.6227283131151293,-0.09961852445258258,0
233489,-0.9454108491645685,-2.5980544747081713,-0.09844357976653696,0
233493,-0.9558175020981154,-2.631792172121767,-0.09508659494926375,0
233496,-0.9569924467841611,-2.6240711070420386,-0.10364690623331044,0
233500,-0.9586709391927977,-2.635652704661631,-0.10364690623331044,0
233504,-0.9583352407110703,-2.6314564736400397,-0.10314335851071946,0
233508,-0.9611886778057526,-2.648577096208133,-0.10364690623331044,0
233512,-0.957495994506752,-2.6311207751583123,-0.10028992141603722,0
233516,-0.960013733119707,-2.6388418402380407,-0.10230411230640116,0
233520,-0.9573281452658884,-2.6374990463111314,-0.11136797131303883,0
233524,-0.9519569695582513,-2.631792172121767,-0.10515754940108339,0
233528,-0.9531319142442969,-2.636659800106813,-0.10230411230640116,0
233532,-0.9454108491645685,-2.60074006256199,-0.10733958953231097,0
233536,-0.9526283665217059,-2.6158464942397193,-0.10230411230640116,0
233539,-0.9526283665217059,-2.6197070267795834,-0.1093537804226749,0
233543,-0.9480964370183871,-2.6047684443427177,-0.11153582055390249,0
233547,-0.9457465476462958,-2.597215228503853,-0.10415045395590142,0
233551,-0.9454108491645685,-2.5849622339208054,-0.12362096589608605,0
233555,-0.9526283665217059,-2.6077897306782636,-0.10733958953231097,0
233559,-0.933829251544976,-2.6373311970702678,-0.11187151903562981,0
233563,-0.950110627908751,-2.6291065842679484,-0.10968947890440223,0
233567,-0.9613565270466162,-2.644548714427405,-0.10834668497749293,0
233571,-0.9460822461280232,-2.6113145647364004,-0.08686198214694438,0
233575,-0.9509498741130693,-2.60074006256199,-0.11388570992599374,0
233578,-0.949103532463569,-2.618028534370947,-0.10331120775158312,0
233582,-0.9499427786678873,-2.6225604638742657,-0.09491874570840009,0
233586,-0.9454108491645685,-2.597215228503853,-0.1101930266269932,0
233590,-0.9479285877775234,-2.6138323033493553,-0.11136797131303883,0
233594,-0.9455786984054322,-2.5869764248111693,-0.10112916762035554,0
233598,-0.9529640650034332,-2.6042648966201267,-0.10280766002899214,0
233602,-0.9457465476462958,-2.6024185549706265,-0.1021362630655375,0
233606,-0.9531319142442969,-2.623399710078584,-0.0999542229343099,0
233610,-0.958503089951934,-2.6364919508659495,-0.097436484321355,0
233614,-0.9536354619668879,-2.6222247653925383,-0.09760433356221866,0
233618,-0.9558175020981154,-2.6398489356832227,-0.08686198214694438,0
233621,-0.9556496528572518,-2.644548714427405,-0.09458304722667277,0
233625,-0.960013733119707,-2.6408560311284046,-0.10012207217517356,0
233629,-0.9536354619668879,-2.622896162355993,-0.1012970168612192,0
233633,-0.94960708018616,-2.6176928358892195,-0.10180056458381018,0
233637,-0.9489356832227054,-2.6138323033493553,-0.09844357976653696,0
233641,-0.9534676127260242,-2.6133287556267644,-0.11606775005722132,0
233645,-0.957495994506752,-2.6118181124589914,-0.09559014267185473,0
233649,-0.9529640650034332,-2.618532082093538,-0.09693293659876402,0
233653,-0.9544747081712062,-2.6331349660486763,-0.09592584115358205,0
233657,-0.949103532463569,-2.6314564736400397,-0.09508659494926375,0
233661,-0.9541390096894788,-2.6296101319905394,-0.10331120775158312,0
233664,-0.9576638437476157,-2.618364232852674,-0.11103227283131151,0
233668,-0.951117723353933,-2.614000152590219,-0.10582894636453803,0
233672,-0.958503089951934,-2.6334706645304036,-0.09307240405889983,0
233676,-0.959006637674525,-2.6232318608377203,-0.0761196307316701,0
233680,-0.9539711604486152,-2.6250782024872206,-0.08937972075989929,0
233684,-0.9512855725947966,-2.6166857404440376,-0.09794003204394598,0
233688,-0.941718165865568,-2.6415274280918593,-0.10230411230640116,0
233692,-0.9452429999237049,-2.669726100556954,-0.11287861448081178,0
233696,-0.9529640650034332,-2.646059357595178,-0.10885023270008393,0
233700,-0.9569924467841611,-2.6247425040054932,-0.12076752880140383,0
233704,-0.9489356832227054,-2.617524986648356,-0.11690699626153964,0
233707,-0.9454108491645685,-2.595201037613489,-0.10817883573662927,0
233711,-0.9494392309452964,-2.5973830777447167,-0.10985732814526589,0
233715,-0.9554818036163881,-2.6210498207064927,-0.10280766002899214,0
233719,-0.9543068589303425,-2.6245746547646296,-0.10045777065690088,0
233723,-0.9524605172808422,-2.62826733806363,-0.09559014267185473,0
233727,-0.9484321355001144,-2.6212176699473564,-0.09475089646753643,0
233731,-0.9469214923323415,-2.608628976882582,-0.12345311665522239,0
233735,-0.9492713817044327,-2.619371328297856,-0.10180056458381018,0
233739,-0.9460822461280232,-2.6037613488975357,-0.10079346913862822,0
233743,-0.9497749294270237,-2.617524986648356,-0.10314335851071946,0
233746,-0.9499427786678873,-2.624406805523766,-0.1021362630655375,0
233750,-0.9527962157625696,-2.622896162355993,-0.09038681620508125,0
233754,-0.958503089951934,-2.636659800106813,-0.097436484321355,0
233758,-0.9521248187991149,-2.6192034790569925,-0.09794003204394598,0
233762,-0.9586709391927977,-2.633806363012131,-0.10079346913862822,0
233766,-0.9553139543755245,-2.641191729610132,-0.1021362630655375,0
233770,-0.9502784771496147,-2.633806363012131,-0.10650034332799267,0
233774,-0.9548104066529335,-2.6284351873044938,-0.10398260471503776,0
233778,-0.9536354619668879,-2.6215533684290837,-0.10263981078812848,0
233782,-0.951117723353933,-2.617021438925765,-0.09491874570840009,0
233786,-0.9549782558937971,-2.6230640115968566,-0.10448615243762874,0
233789,-0.9492713817044327,-2.625413900968948,-0.11506065461203936,0
233793,-0.9551461051346608,-2.6428702220187685,-0.10515754940108339,0
233797,-0.9430609597924773,-2.6576409552147706,-0.10599679560540169,0
233801,-0.9546425574120698,-2.652941176470588,-0.10515754940108339,0
233805,-0.9549782558937971,-2.636324101625086,-0.09794003204394598,0
233809,-0.9472571908140688,-2.6252460517280842,-0.10985732814526589,0
233813,-0.9578316929884794,-2.6284351873044938,-0.10733958953231097,0
233817,-0.9449073014419775,-2.6641870756084534,-0.09525444419012741,0
233821,-0.9497749294270237,-2.644548714427405,-0.11942473487449454,0
233825,-0.9519569695582513,-2.632799267566949,-0.10532539864194705,0
233829,-0.9539711604486152,-2.6296101319905394,-0.10566109712367437,0
233832,-0.9526283665217059,-2.6291065842679484,-0.09475089646753643,0
233836,-0.9507820248722056,-2.608964675364309,-0.10028992141603722,0
233840,-0.9549782558937971,-2.6181963836118105,-0.10280766002899214,0
233844,-0.9553139543755245,-2.6301136797131304,-0.09609369039444571,0
233848,-0.9494392309452964,-2.617021438925765,-0.10834668497749293,0
233852,-0.9524605172808422,-2.6280994888227664,-0.09525444419012741,0
233856,-0.9484321355001144,-2.61953917753872,-0.0863584344243534,0
233860,-0.9472571908140688,-2.616517891203174,-0.10331120775158312,0
233864,-0.9489356832227054,-2.610978866254673,-0.09794003204394598,0
233868,-0.9517891203173876,-2.6197070267795834,-0.09710078583962768,0
233871,-0.9479285877775234,-2.6215533684290837,-0.09374380102235447,0
233875,-0.9497749294270237,-2.6235675593194476,-0.10079346913862822,0
233879,-0.9497749294270237,-2.6252460517280842,-0.10683604180971999,0
233883,-0.9593423361562523,-2.6329671168078126,-0.09055466544594491,0
233887,-0.9494392309452964,-2.6197070267795834,-0.10683604180971999,0
233891,-0.9527962157625696,-2.623399710078584,-0.10817883573662927,0
233895,-0.9527962157625696,-2.623399710078584,-0.09642938887617303,0
233899,-0.950614175631342,-2.637163347829404,-0.09021896696421759,0
233903,-0.9522926680399786,-2.620881971465629,-0.09810788128480964,0
233907,-0.9531319142442969,-2.6331349660486763,-0.10247196154726482,0
233911,-0.951117723353933,-2.6207141222247654,-0.11153582055390249,0
233914,-0.9527962157625696,-2.6227283131151293,-0.10230411230640116,0
233918,-0.9571602960250247,-2.627428091859312,-0.1046540016784924,0
233922,-0.9556496528572518,-2.6339742122529946,-0.09491874570840009,0
233926,-0.94960708018616,-2.620881971465629,-0.09978637369344624,0
233930,-0.9553139543755245,-2.6339742122529946,-0.10700389105058365,0
233934,-0.9527962157625696,-2.6291065842679484,-0.10599679560540169,0
233938,-0.9452429999237049,-2.6672083619439992,-0.10599679560540169,0
233942,-0.9578316929884794,-2.643541618982223,-0.10582894636453803,0
233946,-0.9534676127260242,-2.6245746547646296,-0.10918593118181125,0
233950,-0.9464179446097505,-2.6153429465171283,-0.10549324788281071,0
233954,-0.9507820248722056,-2.60258640421149,-0.09894712748912794,0
233957,-0.9558175020981154,-2.6344777599755855,-0.10062561989776454,0
233961,-0.950614175631342,-2.6418631265735866,-0.1046540016784924,0
233965,-0.9601815823605706,-2.6311207751583123,-0.10868238345922025,0
233969,-0.9485999847409781,-2.6215533684290837,-0.11069657434958419,0
233973,-0.9522926680399786,-2.6143358510719463,-0.10263981078812848,0
233977,-0.9549782558937971,-2.623399710078584,-0.10398260471503776,0
233981,-0.9526283665217059,-2.6284351873044938,-0.09122606240939955,0
233985,-0.9578316929884794,-2.6275959411001755,-0.10180056458381018,0
233989,-0.951117723353933,-2.6171892881666285,-0.10163271534294652,0
233993,-0.9521248187991149,-2.6158464942397193,-0.10515754940108339,0
233997,-0.9512855725947966,-2.614000152590219,-0.09844357976653696,0
234000,-0.9499427786678873,-2.6237354085603113,-0.11724269474326696,0
234004,-0.9519569695582513,-2.6260852979324025,-0.10415045395590142,0
234008,-0.9479285877775234,-2.6284351873044938,-0.10985732814526589,0
234012,-0.9541390096894788,-2.6235675593194476,-0.10515754940108339,0
234016,-0.9457465476462958,-2.611482413977264,-0.10750743877317463,0
234020,-0.9499427786678873,-2.621889066910811,-0.10196841382467384,0
234024,-0.9566567483024337,-2.6210498207064927,-0.10549324788281071,0
234028,-0.9546425574120698,-2.636659800106813,-0.10650034332799267,0
234032,-0.9524605172808422,-2.6304493781948577,-0.0982757305256733,0
234036,-0.950110627908751,-2.627260242618448,-0.09710078583962768,0
234039,-0.9457465476462958,-2.6108110170138095,-0.0999542229343099,0
234043,-0.9467536430914778,-2.5988937209124896,-0.10549324788281071,0
234047,-0.9553139543755245,-2.6222247653925383,-0.10968947890440223,0
234051,-0.9497749294270237,-2.625749599450675,-0.10650034332799267,0
234055,-0.9524605172808422,-2.6242389562829023,-0.10733958953231097,0
234059,-0.950614175631342,-2.6364919508659495,-0.11438925764858472,0
234063,-0.9517891203173876,-2.63514915693904,-0.11170366979476615,0
234067,-0.9517891203173876,-2.62826733806363,-0.10112916762035554,0
234071,-0.950614175631342,-2.6383382925154497,-0.1132143129625391,0
234075,-0.9522926680399786,-2.623399710078584,-0.10968947890440223,0
234079,-0.9494392309452964,-2.61450370031281,-0.10767528801403829,0
234082,-0.9621957732509345,-2.6227283131151293,-0.10885023270008393,0
234086,-0.9433966582742046,-2.6433737697413595,-0.10985732814526589,0
234090,-0.9482642862592507,-2.6151750972762646,-0.1012970168612192,0
234094,-0.9568245975432974,-2.6126573586633097,-0.1029755092698558,0
234098,-0.950614175631342,-2.6299458304722667,-0.10801098649576561,0
234102,-0.950110627908751,-2.6255817502098115,-0.10263981078812848,0
234106,-0.9517891203173876,-2.6230640115968566,-0.10851453421835659,0
234110,-0.9487678339818417,-2.6138323033493553,-0.10012207217517356,0
234114,-0.9531319142442969,-2.6339742122529946,-0.10733958953231097,0
234118,-0.9475928892957961,-2.619371328297856,-0.10851453421835659,0
234122,-0.9437323567559319,-2.6552910658426794,-0.0991149767299916,0
234125,-0.9484321355001144,-2.6324635690852216,-0.09626153963530937,0
234129,-0.9373540856031128,-2.6299458304722667,-0.0991149767299916,0
234133,-0.9509498741130693,-2.6037613488975357,-0.10314335851071946,0
234137,-0.9475928892957961,-2.607118333714809,-0.10247196154726482,0
234141,-0.9499427786678873,-2.622392614633402,-0.10247196154726482,0
234145,-0.9527962157625696,-2.619371328297856,-0.10280766002899214,0
234149,-0.9400396734569314,-2.6237354085603113,-0.10901808194094759,0
234153,-0.9531319142442969,-2.634142061493858,-0.10599679560540169,0
234157,-0.9532997634851605,-2.6373311970702678,-0.09542229343099107,0
234161,-0.9556496528572518,-2.636659800106813,-0.10079346913862822,0
234164,-0.950614175631342,-2.639681086442359,-0.10163271534294652,0
234131,,,,1
234168,-0.9559853513389791,-2.651094834821088,-0.10163271534294652,0
234172,-0.9526283665217059,-2.6385061417563134,-0.10767528801403829,0
234176,-0.9554818036163881,-2.640688181887541,-0.11623559929808498,0
234180,-0.9502784771496147,-2.6304493781948577,-0.10415045395590142,0
234184,-0.9593423361562523,-2.635317006179904,-0.10616464484626535,0
234188,-0.9531319142442969,-2.635820553902495,-0.1012970168612192,0
234192,-0.9568245975432974,-2.622896162355993,-0.11304646372167544,0
234196,-0.9568245975432974,-2.617860685130083,-0.1046540016784924,0
234200,-0.9531319142442969,-2.6380025940337224,-0.11388570992599374,0
234204,-0.9517891203173876,-2.6304493781948577,-0.11153582055390249,0
234207,-0.9482642862592507,-2.6113145647364004,-0.11103227283131151,0
234211,-0.9561532005798428,-2.6029221026932174,-0.10767528801403829,0
234215,-0.9484321355001144,-2.6087968261234455,-0.11808194094758526,0
234219,-0.9482642862592507,-2.600572213321126,-0.10767528801403829,0
234223,-0.9561532005798428,-2.5988937209124896,-0.10733958953231097,0
234227,-0.9454108491645685,-2.588654917219806,-0.09760433356221866,0
234231,-0.9546425574120698,-2.6163500419623102,-0.09139391165026321,0
234235,-0.9494392309452964,-2.618867780575265,-0.10482185091935607,0
234239,-0.941718165865568,-2.644548714427405,-0.09072251468680857,0
234243,-0.9420538643472953,-2.6532768749523155,-0.10079346913862822,0
234247,-0.9499427786678873,-2.641695277332723,-0.10163271534294652,0
234250,-0.9531319142442969,-2.642534523537041,-0.1021362630655375,0
234254,-0.9517891203173876,-2.6304493781948577,-0.10448615243762874,0
234258,-0.950614175631342,-2.634645609216449,-0.09592584115358205,0
234262,-0.9522926680399786,-2.6207141222247654,-0.09861142900740062,0
234266,-0.9432288090333409,-2.6484092469672693,-0.09441519798580911,0
234270,-0.9561532005798428,-2.626756694895857,-0.0982757305256733,0
234274,-0.9392004272526131,-2.6467307545586327,-0.10012207217517356,0
234278,-0.9559853513389791,-2.655962462806134,-0.10398260471503776,0
234282,-0.9469214923323415,-2.622896162355993,-0.10616464484626535,0
234286,-0.9475928892957961,-2.612993057145037,-0.09877927824826428,0
234290,-0.9543068589303425,-2.6237354085603113,-0.11136797131303883,0
234293,-0.9529640650034332,-2.625917448691539,-0.1259708552681773,0
234297,-0.9543068589303425,-2.627931639581903,-0.13553826199740596,0
234301,-0.9521248187991149,-2.6186999313344015,-0.13637750820172426,0
234305,-0.9606851300831616,-2.636659800106813,-0.1264744029907683,0
234309,-0.9529640650034332,-2.628770885786221,-0.08786907759212634,0
234313,-0.960013733119707,-2.639177538719768,-0.059838254367895014,0
234317,-0.9544747081712062,-2.6463950560769054,-0.06772716868848706,0
234321,-0.9543068589303425,-2.6374990463111314,-0.09324025329976349,0
234325,-0.932822156099794,-2.636156252384222,-0.12378881513694971,0
234329,-0.9345006485084306,-2.657473105973907,-0.1328526741435874,0
234332,-0.941214618142977,-2.662340733958953,-0.13033493553063247,0
234336,-0.9524605172808422,-2.645555809872587,-0.11673914702067598,0
234340,-0.9472571908140688,-2.626924544136721,-0.1204318303196765,0
234344,-0.9445716029602502,-2.6573052567330433,-0.11254291599908445,0
234348,-0.9355077439536126,-2.639681086442359,-0.10331120775158312,0
234352,-0.9345006485084306,-2.6542839703974974,-0.10331120775158312,0
234356,-0.9435645075150683,-2.6552910658426794,-0.09693293659876402,0
234360,-0.9462500953688868,-2.6176928358892195,-0.09861142900740062,0
234364,-0.9615243762874799,-2.615007248035401,-0.10314335851071946,0
234368,-0.951117723353933,-2.6138323033493553,-0.10566109712367437,0
234372,-0.9497749294270237,-2.6235675593194476,-0.1021362630655375,0
234375,-0.9583352407110703,-2.627260242618448,-0.09575799191271839,0
234379,-0.9588387884336613,-2.620378423743038,-0.1012970168612192,0
234383,-0.9598458838788433,-2.635652704661631,-0.0982757305256733,0
234387,-0.957999542229343,-2.634142061493858,-0.1021362630655375,0
234391,-0.9586709391927977,-2.6405203326466773,-0.09726863508049134,0
234395,-0.9573281452658884,-2.6373311970702678,-0.10415045395590142,0
234399,-0.9684061951628901,-2.638673990997177,-0.09877927824826428,0
234403,-0.9558175020981154,-2.6512626840619515,-0.09760433356221866,0
234407,-0.9615243762874799,-2.6319600213626306,-0.10566109712367437,0
234411,-0.9608529793240252,-2.6453879606317234,-0.10582894636453803,0
234415,-0.9529640650034332,-2.6245746547646296,-0.10415045395590142,0
234418,-0.9454108491645685,-2.60074006256199,-0.10398260471503776,0
234422,-0.9553139543755245,-2.6205462729839017,-0.097436484321355,0
234426,-0.9460822461280232,-2.6034256504158084,-0.09794003204394598,0
234430,-0.9489356832227054,-2.6077897306782636,-0.09642938887617303,0
234434,-0.9563210498207064,-2.599732967116808,-0.09777218280308232,0
234438,-0.9569924467841611,-2.6074540321965363,-0.09676508735790035,0
234442,-0.9544747081712062,-2.6324635690852216,-0.09844357976653696,0
234446,-0.9559853513389791,-2.646059357595178,-0.09760433356221866,0
234450,-0.9566567483024337,-2.6299458304722667,-0.09810788128480964,0
234454,-0.9581673914702067,-2.6284351873044938,-0.10280766002899214,0
234457,-0.9519569695582513,-2.626756694895857,-0.10566109712367437,0
234461,-0.9502784771496147,-2.623903257801175,-0.10515754940108339,0
234465,-0.9767986572060731,-2.660494392309453,-0.10985732814526589,0
234469,-0.9489356832227054,-2.6304493781948577,-0.11338216220340276,0
234473,-0.9464179446097505,-2.6200427252613108,-0.09945067521171892,0
234477,-0.9452429999237049,-2.6636835278858624,-0.10633249408712901,0
234481,-0.9454108491645685,-2.6153429465171283,-0.10599679560540169,0
234485,-0.9544747081712062,-2.631792172121767,-0.10482185091935607,0
234489,-0.9459143968871595,-2.6138323033493553,-0.10582894636453803,0
234493,-0.9472571908140688,-2.6076218814374,-0.1012970168612192,0
234497,-0.94960708018616,-2.608964675364309,-0.11338216220340276,0
234500,-0.9489356832227054,-2.609971770809491,-0.10415045395590142,0
234504,-0.9479285877775234,-2.616517891203174,-0.11187151903562981,0
234508,-0.9398718242160677,-2.647570000762951,-0.11069657434958419,0
234512,-0.9489356832227054,-2.623903257801175,-0.1029755092698558,0
234516,-0.950614175631342,-2.6334706645304036,-0.09559014267185473,0
234520,-0.9497749294270237,-2.6349813076981765,-0.10079346913862822,0
234524,-0.9519569695582513,-2.626756694895857,-0.09945067521171892,0
234528,-0.9531319142442969,-2.6339742122529946,-0.09525444419012741,0
234532,-0.950614175631342,-2.6385061417563134,-0.10431830319676508,0
234536,-0.9524605172808422,-2.631792172121767,-0.10582894636453803,0
234540,-0.9439002059967956,-2.6578088044556343,-0.1046540016784924,0
234543,-0.957999542229343,-2.643709468223087,-0.10263981078812848,0
234547,-0.9526283665217059,-2.6336385137712672,-0.097436484321355,0
234551,-0.9551461051346608,-2.6388418402380407,-0.09710078583962768,0
234555,-0.9529640650034332,-2.62826733806363,-0.09726863508049134,0
234559,-0.9455786984054322,-2.602754253452354,-0.09357595178149081,0
234563,-0.9581673914702067,-2.6136644541084917,-0.10280766002899214,0
234567,-0.9576638437476157,-2.6146715495536736,-0.09810788128480964,0
234571,-0.959006637674525,-2.616517891203174,-0.09945067521171892,0
234575,-0.9517891203173876,-2.620378423743038,-0.10347905699244678,0
234579,-0.9576638437476157,-2.615510795757992,-0.11522850385290302,0
234583,-0.9566567483024337,-2.6156786449988556,-0.12026398107881284,0
234586,-0.9564888990615701,-2.6153429465171283,-0.12999923704890515,0
234590,-0.9532997634851605,-2.6314564736400397,-0.11136797131303883,0
234594,-0.959510185397116,-2.6329671168078126,-0.09290455481803617,0
234598,-0.9494392309452964,-2.6217212176699474,-0.09122606240939955,0
234602,-0.9544747081712062,-2.634142061493858,-0.09156176089112687,0
234606,-0.9450751506828412,-2.666369115739681,-0.10767528801403829,0
234610,-0.9402075226977951,-2.6484092469672693,-0.12026398107881284,0
234614,-0.9425574120698863,-2.6635156786449987,-0.11741054398413062,0
234618,-0.950110627908751,-2.640688181887541,-0.1101930266269932,0
234622,-0.9561532005798428,-2.6161821927214466,-0.10683604180971999,0
234625,-0.9514534218356603,-2.611482413977264,-0.11069657434958419,0
234629,-0.9365148393987945,-2.634813458457313,-0.10700389105058365,0
234633,-0.9454108491645685,-2.6039291981383994,-0.10817883573662927,0
234637,-0.950614175631342,-2.6245746547646296,-0.11422140840772106,0
234641,-0.9539711604486152,-2.6291065842679484,-0.1046540016784924,0
234645,-0.9517891203173876,-2.62826733806363,-0.12026398107881284,0
234649,-0.9449073014419775,-2.657473105973907,-0.1140535591668574,0
234653,-0.9524605172808422,-2.642534523537041,-0.10717174029144731,0
234657,-0.9479285877775234,-2.634813458457313,-0.11438925764858472,0
234661,-0.9482642862592507,-2.6094682230869,-0.09861142900740062,0
234665,-0.9512855725947966,-2.610139620050355,-0.08837262531471732,0
234668,-0.9551461051346608,-2.631792172121767,-0.08602273594262608,0
234672,-0.9480964370183871,-2.6103074692912185,-0.09391165026321813,0
234676,-0.9512855725947966,-2.6143358510719463,-0.09223315785458151,0
234680,-0.9509498741130693,-2.6024185549706265,-0.09575799191271839,0
234684,-0.950614175631342,-2.62642099641413,-0.10364690623331044,0
234688,-0.9370183871213855,-2.643038071259632,-0.10364690623331044,0
234692,-0.9613565270466162,-2.6499198901350423,-0.09928282597085526,0
234696,-0.9551461051346608,-2.6494163424124513,-0.10196841382467384,0
234700,-0.9591744869153886,-2.644045166704814,-0.10331120775158312,0
234704,-0.9628671702143892,-2.636659800106813,-0.10733958953231097,0
234708,-0.9485999847409781,-2.624910353246357,-0.0991149767299916,0
234711,-0.9517891203173876,-2.6247425040054932,-0.10633249408712901,0
234715,-0.9564888990615701,-2.62138551918822,-0.10230411230640116,0
234719,-0.9521248187991149,-2.6148393987945373,-0.09928282597085526,0
234723,-0.9544747081712062,-2.6309529259174487,-0.10180056458381018,0
234727,-0.950614175631342,-2.6364919508659495,-0.09290455481803617,0
234731,-0.9561532005798428,-2.6168535896849012,-0.1029755092698558,0
234735,-0.959006637674525,-2.619035629816129,-0.10163271534294652,0
234739,-0.9645456626230259,-2.635652704661631,-0.09726863508049134,0
234743,-0.9568245975432974,-2.6247425040054932,-0.08854047455558098,0
234747,-0.9526283665217059,-2.627931639581903,-0.09861142900740062,0
234750,-0.9494392309452964,-2.6161821927214466,-0.1012970168612192,0
234754,-0.9541390096894788,-2.6235675593194476,-0.10062561989776454,0
234758,-0.950614175631342,-2.638673990997177,-0.10012207217517356,0
234762,-0.960013733119707,-2.6428702220187685,-0.09659723811703669,0
234766,-0.9526283665217059,-2.6344777599755855,-0.097436484321355,0
234770,-0.9459143968871595,-2.6116502632181278,-0.09810788128480964,0
234774,-0.9499427786678873,-2.62138551918822,-0.10112916762035554,0
234778,-0.9267795834287021,-2.618532082093538,-0.09726863508049134,0
234782,-0.9529640650034332,-2.62138551918822,-0.10515754940108339,0
234786,-0.9502784771496147,-2.6230640115968566,-0.10750743877317463,0
234790,-0.9539711604486152,-2.627763790341039,-0.10180056458381018,0
234793,-0.9541390096894788,-2.6237354085603113,-0.10515754940108339,0
234797,-0.9484321355001144,-2.6148393987945373,-0.10045777065690088,0
234801,-0.9522926680399786,-2.6131609063859007,-0.09508659494926375,0
234805,-0.957999542229343,-2.627763790341039,-0.10750743877317463,0
234809,-0.9541390096894788,-2.6289387350270847,-0.11136797131303883,0
234813,-0.9415503166247043,-2.636324101625086,-0.10683604180971999,0
234817,-0.9472571908140688,-2.623903257801175,-0.10549324788281071,0
234821,-0.9519569695582513,-2.6252460517280842,-0.1038147554741741,0
234825,-0.9566567483024337,-2.6186999313344015,-0.10431830319676508,0
234829,-0.9509498741130693,-2.6067826352330816,-0.10263981078812848,0
234833,-0.9561532005798428,-2.6009079118028535,-0.10263981078812848,0
234836,-0.9531319142442969,-2.6284351873044938,-0.11052872510872053,0
234840,-0.9514534218356603,-2.6207141222247654,-0.10498970016021973,0
234844,-0.9489356832227054,-2.614000152590219,-0.09928282597085526,0
234848,-0.9668955519951171,-2.618532082093538,-0.09441519798580911,0
234852,-0.9564888990615701,-2.617524986648356,-0.09089036392767223,0
234856,-0.950614175631342,-2.6304493781948577,-0.09592584115358205,0
234860,-0.9544747081712062,-2.6385061417563134,-0.0999542229343099,0
234864,-0.9534676127260242,-2.622896162355993,-0.0982757305256733,0
234868,-0.941214618142977,-2.6462272068360417,-0.10180056458381018,0
234872,-0.9529640650034332,-2.632799267566949,-0.09223315785458151,0
234876,-0.9532997634851605,-2.6418631265735866,-0.1101930266269932,0
234879,-0.9504463263904783,-2.6457236591134508,-0.09626153963530937,0
234883,-0.9551461051346608,-2.643205920500496,-0.10683604180971999,0
234887,-0.9566567483024337,-2.6301136797131304,-0.10247196154726482,0
234891,-0.9517891203173876,-2.623399710078584,-0.09794003204394598,0
234895,-0.9532997634851605,-2.6368276493476768,-0.09877927824826428,0
234899,-0.9512855725947966,-2.624910353246357,-0.10079346913862822,0
234903,-0.9497749294270237,-2.62642099641413,-0.0999542229343099,0
234907,-0.957999542229343,-2.629777981231403,-0.1012970168612192,0
234911,-0.9605172808422979,-2.643038071259632,-0.09710078583962768,0
234915,-0.9509498741130693,-2.6146715495536736,-0.09307240405889983,0
234918,-0.9392004272526131,-2.6423666742961776,-0.09810788128480964,0
234922,-0.9534676127260242,-2.6237354085603113,-0.1021362630655375,0
234926,-0.9517891203173876,-2.626756694895857,-0.10498970016021973,0
234930,-0.951117723353933,-2.618532082093538,-0.11086442359044785,0
234934,-0.9499427786678873,-2.6247425040054932,-0.1046540016784924,0
234938,-0.9642099641412984,-2.6334706645304036,-0.09374380102235447,0
234942,-0.960013733119707,-2.640688181887541,-0.09794003204394598,0
234946,-0.9485999847409781,-2.6235675593194476,-0.10515754940108339,0
234950,-0.9512855725947966,-2.6171892881666285,-0.09961852445258258,0
234954,-0.9454108491645685,-2.597215228503853,-0.10834668497749293,0
234958,-0.9395361257343404,-2.633806363012131,-0.11338216220340276,0
234961,-0.9568245975432974,-2.621889066910811,-0.10230411230640116,0
234965,-0.9527962157625696,-2.6202105745021744,-0.10448615243762874,0
234969,-0.9485999847409781,-2.6176928358892195,-0.1093537804226749,0
234973,-0.9457465476462958,-2.603089951934081,-0.09861142900740062,0
234977,-0.9492713817044327,-2.615510795757992,-0.09794003204394598,0
234981,-0.9507820248722056,-2.6049362935835814,-0.10163271534294652,0
234985,-0.9558175020981154,-2.6301136797131304,-0.10532539864194705,0
234989,-0.951117723353933,-2.6242389562829023,-0.10163271534294652,0
234993,-0.9509498741130693,-2.6054398413061723,-0.10112916762035554,0
234997,-0.9487678339818417,-2.608964675364309,-0.10885023270008393,0
235001,-0.9472571908140688,-2.6146715495536736,-0.10448615243762874,0
235004,-0.9538033112077515,-2.61953917753872,-0.10347905699244678,0
235008,-0.9569924467841611,-2.6156786449988556,-0.10851453421835659,0
235012,-0.9637064164187075,-2.6368276493476768,-0.10364690623331044,0
235016,-0.9527962157625696,-2.630281528953994,-0.1029755092698558,0
235020,-0.9563210498207064,-2.611482413977264,-0.09961852445258258,0
235024,-0.9531319142442969,-2.6280994888227664,-0.09794003204394598,0
235028,-0.9692454413672084,-2.6522697795071335,-0.08904402227817197,0
235032,-0.9559853513389791,-2.6541161211566338,-0.09475089646753643,0
235036,-0.9459143968871595,-2.62138551918822,-0.10012207217517356,0
235040,-0.9521248187991149,-2.6121538109407187,-0.0982757305256733,0
235043,-0.9492713817044327,-2.6212176699473564,-0.10146486610208286,0
235047,-0.9390325780117494,-2.644716563668269,-0.09945067521171892,0
235051,-0.9499427786678873,-2.6326314183260853,-0.09978637369344624,0
235055,-0.9494392309452964,-2.6153429465171283,-0.10364690623331044,0
235059,-0.9504463263904783,-2.6291065842679484,-0.10801098649576561,0
235030,,,,1
235063,-0.9460822461280232,-2.606111238269627,-0.12412451361867703,0
235067,-0.9494392309452964,-2.6084611276417182,-0.125131609063859,0
235071,-0.9499427786678873,-2.6202105745021744,-0.13100633249408714,0
235075,-0.9482642862592507,-2.610475318532082,-0.10968947890440223,0
235079,-0.9504463263904783,-2.629777981231403,-0.08770122835126268,0
235083,-0.9445716029602502,-2.659990844586862,-0.08300144960708018,0
235086,-0.950614175631342,-2.651094834821088,-0.0863584344243534,0
235090,-0.9514534218356603,-2.625749599450675,-0.09525444419012741,0
235094,-0.9449073014419775,-2.651094834821088,-0.1289921416037232,0
235098,-0.9428931105516136,-2.6489127946898603,-0.14628061341268025,0
235102,-0.9586709391927977,-2.6452201113908598,-0.1409094377050431,0
235106,-0.9454108491645685,-2.605607690547036,-0.13050278477149616,0
235110,-0.9475928892957961,-2.6098039215686275,-0.11539635309376668,0
235114,-0.9650492103456169,-2.6306172274357214,-0.10247196154726482,0
235118,-0.957495994506752,-2.622392614633402,-0.0841763942931258,0
235122,-0.951117723353933,-2.614000152590219,-0.09089036392767223,0
235126,-0.9457465476462958,-2.603593499656672,-0.09961852445258258,0
235129,-0.9499427786678873,-2.617860685130083,-0.09710078583962768,0
235133,-0.9517891203173876,-2.621889066910811,-0.10280766002899214,0
235137,-0.9386968795300221,-2.6385061417563134,-0.10750743877317463,0
235141,-0.9554818036163881,-2.637163347829404,-0.11422140840772106,0
235145,-0.94960708018616,-2.6232318608377203,-0.10750743877317463,0
235149,-0.9532997634851605,-2.6359884031433585,-0.1132143129625391,0
235153,-0.9494392309452964,-2.6225604638742657,-0.10666819256885633,0
235157,-0.9660563057907988,-2.651094834821088,-0.10096131837949188,0
235161,-0.9613565270466162,-2.657473105973907,-0.10163271534294652,0
235165,-0.9621957732509345,-2.6420309758144502,-0.09760433356221866,0
235169,-0.9531319142442969,-2.6472343022812237,-0.09777218280308232,0
235172,-0.9553139543755245,-2.6453879606317234,-0.09710078583962768,0
235176,-0.9605172808422979,-2.6487449454489966,-0.1093537804226749,0
235180,-0.9626993209735255,-2.6494163424124513,-0.10666819256885633,0
235184,-0.9687418936446174,-2.65394827191577,-0.10364690623331044,0
235188,-0.9569924467841611,-2.6301136797131304,-0.10431830319676508,0
235192,-0.9558175020981154,-2.6492484931715876,-0.10331120775158312,0
235196,-0.9532997634851605,-2.6448844129091325,-0.10045777065690088,0
235200,-0.9558175020981154,-2.6517662317845425,-0.10112916762035554,0
235204,-0.9539711604486152,-2.639681086442359,-0.1046540016784924,0
235208,-0.9677347981994354,-2.637163347829404,-0.09156176089112687,0
235211,-0.9539711604486152,-2.6326314183260853,-0.10163271534294652,0
235215,-0.9546425574120698,-2.6385061417563134,-0.10230411230640116,0
235219,-0.959510185397116,-2.6400167849240863,-0.09710078583962768,0
235223,-0.951117723353933,-2.625749599450675,-0.10448615243762874,0
235227,-0.9381933318074311,-2.639177538719768,-0.10196841382467384,0
235231,-0.9465857938506141,-2.619035629816129,-0.10767528801403829,0
235235,-0.950614175631342,-2.6326314183260853,-0.10700389105058365,0
235239,-0.9484321355001144,-2.622896162355993,-0.10901808194094759,0
235243,-0.9492713817044327,-2.6284351873044938,-0.11623559929808498,0
235247,-0.9378576333257038,-2.6418631265735866,-0.11741054398413062,0
235251,-0.9454108491645685,-2.605607690547036,-0.10566109712367437,0
235254,-0.9457465476462958,-2.6000686655985352,-0.11069657434958419,0
235258,-0.9470893415732051,-2.6074540321965363,-0.11371786068513008,0
235262,-0.9457465476462958,-2.598222323949035,-0.0982757305256733,0
235266,-0.9454108491645685,-2.587144274052033,-0.10784313725490195,0
235270,-0.9467536430914778,-2.5883192187380786,-0.10196841382467384,0
235274,-0.950614175631342,-2.618532082093538,-0.10263981078812848,0
235278,-0.9517891203173876,-2.6210498207064927,-0.09945067521171892,0
235282,-0.9464179446097505,-2.6133287556267644,-0.09592584115358205,0
235286,-0.9532997634851605,-2.6286030365453574,-0.1046540016784924,0
235290,-0.9514534218356603,-2.6153429465171283,-0.1029755092698558,0
235294,-0.9479285877775234,-2.619874876020447,-0.10448615243762874,0
235297,-0.9690775921263447,-2.6395132372014953,-0.09223315785458151,0
235301,-0.9449073014419775,-2.6636835278858624,-0.09626153963530937,0
235305,-0.9499427786678873,-2.6458915083543144,-0.09794003204394598,0
235309,-0.9635385671778438,-2.6457236591134508,-0.10314335851071946,0
235313,-0.9583352407110703,-2.6388418402380407,-0.10045777065690088,0
235317,-0.9497749294270237,-2.6380025940337224,-0.09978637369344624,0
235321,-0.9548104066529335,-2.629777981231403,-0.1029755092698558,0
235325,-0.9610208285648889,-2.6403524834058136,-0.10448615243762874,0
235329,-0.9578316929884794,-2.63514915693904,-0.09726863508049134,0
235333,-0.9573281452658884,-2.6336385137712672,-0.09877927824826428,0
235336,-0.9529640650034332,-2.62826733806363,-0.09726863508049134,0
235340,-0.9558175020981154,-2.6443808651865415,-0.08585488670176242,0
235344,-0.9633707179369801,-2.6479056992446783,-0.10801098649576561,0
235348,-0.9551461051346608,-2.6472343022812237,-0.1165712977798123,0
235352,-0.9536354619668879,-2.6284351873044938,-0.12529945830472267,0
235356,-0.957999542229343,-2.6319600213626306,-0.10062561989776454,0
235360,-0.9677347981994354,-2.6364919508659495,-0.07846952010376135,0
235364,-0.9618600747692072,-2.6334706645304036,-0.06772716868848706,0
235368,-0.9618600747692072,-2.634645609216449,-0.10196841382467384,0
235372,-0.9435645075150683,-2.648073548485542,-0.10498970016021973,0
235376,-0.9345006485084306,-2.6576409552147706,-0.10901808194094759,0
235379,-0.9439002059967956,-2.66586556801709,-0.10347905699244678,0
235383,-0.9546425574120698,-2.6492484931715876,-0.09877927824826428,0
235387,-0.9657206073090715,-2.6502555886167696,-0.10582894636453803,0
235391,-0.9561532005798428,-2.619874876020447,-0.10079346913862822,0
235395,-0.9475928892957961,-2.6156786449988556,-0.1093537804226749,0
235399,-0.9502784771496147,-2.620378423743038,-0.09240100709544517,0
235403,-0.950110627908751,-2.622896162355993,-0.10045777065690088,0
235407,-0.9452429999237049,-2.668215457389181,-0.10079346913862822,0
235411,-0.9529640650034332,-2.6374990463111314,-0.11892118715190356,0
235415,-0.9484321355001144,-2.6247425040054932,-0.10868238345922025,0
235419,-0.9487678339818417,-2.6166857404440376,-0.12261387045090409,0
235422,-0.9512855725947966,-2.615007248035401,-0.10885023270008393,0
235426,-0.9454108491645685,-2.5928511482413974,-0.1021362630655375,0
235430,-0.9548104066529335,-2.6094682230869,-0.09961852445258258,0
235434,-0.9544747081712062,-2.626756694895857,-0.0991149767299916,0
235438,-0.949103532463569,-2.6275959411001755,-0.09961852445258258,0
235442,-0.9499427786678873,-2.627260242618448,-0.09105821316853589,0
235446,-0.9497749294270237,-2.629777981231403,-0.09575799191271839,0
235450,-0.9480964370183871,-2.609971770809491,-0.09710078583962768,0
235454,-0.9531319142442969,-2.628770885786221,-0.09810788128480964,0
235458,-0.9538033112077515,-2.6304493781948577,-0.09844357976653696,0
235462,-0.9558175020981154,-2.65210193026627,-0.10968947890440223,0
235465,-0.9519569695582513,-2.6395132372014953,-0.10599679560540169,0
235469,-0.9561532005798428,-2.616517891203174,-0.10616464484626535,0
235473,-0.9534676127260242,-2.6131609063859007,-0.10180056458381018,0
235477,-0.9700846875715267,-2.6378347447928587,-0.10566109712367437,0
235481,-0.9512855725947966,-2.6232318608377203,-0.10582894636453803,0
235485,-0.9559853513389791,-2.6418631265735866,-0.09609369039444571,0
235489,-0.9682383459220264,-2.642534523537041,-0.0982757305256733,0
235493,-0.960013733119707,-2.648073548485542,-0.10062561989776454,0
235497,-0.9405432211795224,-2.65210193026627,-0.09340810254062715,0
235501,-0.9531319142442969,-2.642534523537041,-0.09760433356221866,0
235504,-0.950110627908751,-2.6364919508659495,-0.10280766002899214,0
235508,-0.9558175020981154,-2.6499198901350423,-0.10398260471503776,0
235512,-0.9568245975432974,-2.6270923933775845,-0.09726863508049134,0
235516,-0.9455786984054322,-2.5995651178759442,-0.1021362630655375,0
235520,-0.9549782558937971,-2.6148393987945373,-0.09810788128480964,0
235524,-0.9583352407110703,-2.624406805523766,-0.0991149767299916,0
235528,-0.9613565270466162,-2.646059357595178,-0.10364690623331044,0
235532,-0.9538033112077515,-2.6385061417563134,-0.1012970168612192,0
235536,-0.9536354619668879,-2.623399710078584,-0.10230411230640116,0
235540,-0.9512855725947966,-2.6143358510719463,-0.10918593118181125,0
235544,-0.9489356832227054,-2.612489509422446,-0.10314335851071946,0
235547,-0.9521248187991149,-2.609971770809491,-0.10700389105058365,0
235551,-0.9559853513389791,-2.6374990463111314,-0.10834668497749293,0
235555,-0.9497749294270237,-2.6316243228809033,-0.10549324788281071,0
235559,-0.9522926680399786,-2.6197070267795834,-0.10616464484626535,0
235563,-0.9536354619668879,-2.617021438925765,-0.10549324788281071,0
235567,-0.969916838330663,-2.6420309758144502,-0.10952162966353857,0
235571,-0.9477607385366598,-2.632799267566949,-0.10196841382467384,0
235575,-0.949103532463569,-2.629777981231403,-0.09592584115358205,0
235579,-0.9529640650034332,-2.627260242618448,-0.09475089646753643,0
235583,-0.9541390096894788,-2.6237354085603113,-0.11170366979476615,0
235587,-0.9465857938506141,-2.618364232852674,-0.09458304722667277,0
235590,-0.949103532463569,-2.6207141222247654,-0.10515754940108339,0
235594,-0.9553139543755245,-2.634813458457313,-0.09945067521171892,0
235598,-0.9583352407110703,-2.6311207751583123,-0.1046540016784924,0
235602,-0.958503089951934,-2.6403524834058136,-0.10549324788281071,0
235606,-0.9553139543755245,-2.641191729610132,-0.10515754940108339,0
235610,-0.960013733119707,-2.6468986037994964,-0.10230411230640116,0
235614,-0.9514534218356603,-2.6250782024872206,-0.10851453421835659,0
235618,-0.9519569695582513,-2.6280994888227664,-0.11355001144426642,0
235622,-0.9611886778057526,-2.6472343022812237,-0.10683604180971999,0
235626,-0.9605172808422979,-2.651094834821088,-0.10280766002899214,0
235629,-0.9571602960250247,-2.6420309758144502,-0.10784313725490195,0
235633,-0.9569924467841611,-2.6252460517280842,-0.11036087586785687,0
235637,-0.9558175020981154,-2.6458915083543144,-0.10817883573662927,0
235641,-0.9558175020981154,-2.6532768749523155,-0.10750743877317463,0
235645,-0.9487678339818417,-2.6284351873044938,-0.11036087586785687,0
235649,-0.9569924467841611,-2.6181963836118105,-0.10498970016021973,0
235653,-0.9539711604486152,-2.625917448691539,-0.10146486610208286,0
235657,-0.969413290608072,-2.6467307545586327,-0.09592584115358205,0
235661,-0.9465857938506141,-2.6364919508659495,-0.10163271534294652,0
235665,-0.9532997634851605,-2.639681086442359,-0.10482185091935607,0
235669,-0.9517891203173876,-2.6296101319905394,-0.09777218280308232,0
235672,-0.9766308079652094,-2.659990844586862,-0.10566109712367437,0
235676,-0.9522926680399786,-2.636156252384222,-0.09324025329976349,0
235680,-0.9544747081712062,-2.6368276493476768,-0.10599679560540169,0
235684,-0.9522926680399786,-2.6235675593194476,-0.10247196154726482,0
235688,-0.9563210498207064,-2.608125429159991,-0.10163271534294652,0
235692,-0.9522926680399786,-2.6077897306782636,-0.10801098649576561,0
235696,-0.9578316929884794,-2.619035629816129,-0.10045777065690088,0
235700,-0.9538033112077515,-2.623903257801175,-0.10482185091935607,0
235704,-0.9507820248722056,-2.6067826352330816,-0.09726863508049134,0
235708,-0.9512855725947966,-2.6131609063859007,-0.11220721751735713,0
235712,-0.9487678339818417,-2.609636072327764,-0.1101930266269932,0
235715,-0.9477607385366598,-2.6202105745021744,-0.1021362630655375,0
235719,-0.9477607385366598,-2.624406805523766,-0.11103227283131151,0
235723,-0.9524605172808422,-2.6242389562829023,-0.1140535591668574,0
235727,-0.9504463263904783,-2.638673990997177,-0.10666819256885633,0
235731,-0.9524605172808422,-2.6311207751583123,-0.10146486610208286,0
235735,-0.9509498741130693,-2.611146715495537,-0.10717174029144731,0
235739,-0.9543068589303425,-2.619874876020447,-0.11455710688944838,0
235743,-0.9504463263904783,-2.6344777599755855,-0.10885023270008393,0
235747,-0.9660563057907988,-2.649584191653315,-0.10616464484626535,0
235751,-0.9526283665217059,-2.6354848554207675,-0.09726863508049134,0
235755,-0.9497749294270237,-2.6304493781948577,-0.10801098649576561,0
235758,-0.9531319142442969,-2.634309910734722,-0.10364690623331044,0
235762,-0.9489356832227054,-2.622392614633402,-0.10952162966353857,0
235766,-0.9504463263904783,-2.6395132372014953,-0.09089036392767223,0
235770,-0.9538033112077515,-2.628770885786221,-0.10398260471503776,0
235774,-0.9519569695582513,-2.631288624399176,-0.08954757000076295,0
235778,-0.9596780346379796,-2.6344777599755855,-0.09928282597085526,0
235782,-0.9529640650034332,-2.629274433508812,-0.09861142900740062,0
235786,-0.9558175020981154,-2.6477378500038147,-0.09693293659876402,0
235790,-0.9544747081712062,-2.6489127946898603,-0.09525444419012741,0
235794,-0.9601815823605706,-2.63514915693904,-0.09945067521171892,0
235797,-0.9561532005798428,-2.6168535896849012,-0.10364690623331044,0
235801,-0.9558175020981154,-2.6393453879606317,-0.1093537804226749,0
235805,-0.9539711604486152,-2.6331349660486763,-0.10784313725490195,0
235809,-0.9512855725947966,-2.623903257801175,-0.09491874570840009,0
235813,-0.9538033112077515,-2.6275959411001755,-0.11355001144426642,0
235817,-0.9499427786678873,-2.6232318608377203,-0.1268101014724956,0
235821,-0.9544747081712062,-2.6354848554207675,-0.12563515678645,0
235825,-0.9482642862592507,-2.613496604867628,-0.11589990081635766,0
235829,-0.9459143968871595,-2.598725871671626,-0.10817883573662927,0
235833,-0.9586709391927977,-2.626924544136721,-0.08199435416189822,0
235837,-0.9672312504768444,-2.6286030365453574,-0.07343404287785153,0
235840,-0.9539711604486152,-2.633806363012131,-0.08602273594262608,0
235844,-0.9388647287708858,-2.64018463416495,-0.10398260471503776,0
235848,-0.9371862363622492,-2.652605477988861,-0.1273136491950866,0
235852,-0.9383611810482948,-2.6576409552147706,-0.1486305027847715,0
235856,-0.9489356832227054,-2.6354848554207675,-0.11422140840772106,0
235829,,,,1
235860,-0.9487678339818417,-2.6168535896849012,-0.12362096589608605,0
235864,-0.9507820248722056,-2.6084611276417182,-0.1165712977798123,0
235868,-0.9454108491645685,-2.5868085755703056,-0.10314335851071946,0
235872,-0.9474250400549324,-2.595201037613489,-0.10599679560540169,0
235876,-0.9413824673838407,-2.6212176699473564,-0.11103227283131151,0
235880,-0.9454108491645685,-2.5940260929274435,-0.10918593118181125,0
235883,-0.9465857938506141,-2.6024185549706265,-0.0999542229343099,0
235887,-0.9277866788738841,-2.63330281528954,-0.09642938887617303,0
235891,-0.9460822461280232,-2.614000152590219,-0.1029755092698558,0
235895,-0.9460822461280232,-2.6034256504158084,-0.1093537804226749,0
235899,-0.9553139543755245,-2.6265888456549935,-0.11136797131303883,0
235903,-0.958503089951934,-2.635820553902495,-0.10834668497749293,0
235907,-0.9638742656595711,-2.6512626840619515,-0.10364690623331044,0
235911,-0.9551461051346608,-2.649080643930724,-0.09525444419012741,0
235915,-0.960013733119707,-2.6484092469672693,-0.09760433356221866,0
235919,-0.9660563057907988,-2.6532768749523155,-0.09877927824826428,0
235922,-0.9620279240100709,-2.641191729610132,-0.10079346913862822,0
235926,-0.9598458838788433,-2.641191729610132,-0.10733958953231097,0
235930,-0.9563210498207064,-2.6210498207064927,-0.0999542229343099,0
235934,-0.960013733119707,-2.636659800106813,-0.09928282597085526,0
235938,-0.9548104066529335,-2.627763790341039,-0.0991149767299916,0
235942,-0.9554818036163881,-2.6319600213626306,-0.09945067521171892,0
235946,-0.9588387884336613,-2.625749599450675,-0.09122606240939955,0
235950,-0.9551461051346608,-2.630785076676585,-0.09777218280308232,0
235954,-0.950614175631342,-2.639681086442359,-0.09760433356221866,0
235958,-0.9559853513389791,-2.6489127946898603,-0.09122606240939955,0
235962,-0.9558175020981154,-2.6527733272297245,-0.10112916762035554,0
235965,-0.950110627908751,-2.6380025940337224,-0.10062561989776454,0
235969,-0.9532997634851605,-2.6398489356832227,-0.09877927824826428,0
235973,-0.9588387884336613,-2.626756694895857,-0.1021362630655375,0
235977,-0.9522926680399786,-2.6151750972762646,-0.09844357976653696,0
235981,-0.9697489890897993,-2.629274433508812,-0.10532539864194705,0
235985,-0.950614175631342,-2.6374990463111314,-0.09961852445258258,0
235989,-0.9418860151064317,-2.65210193026627,-0.10331120775158312,0
235993,-0.9477607385366598,-2.638673990997177,-0.10515754940108339,0
235997,-0.9489356832227054,-2.620378423743038,-0.11002517738612955,0
236001,-0.9569924467841611,-2.6133287556267644,-0.10566109712367437,0
236005,-0.9455786984054322,-2.5935225452048525,-0.12227817196917677,0
236008,-0.9480964370183871,-2.594193942168307,-0.10599679560540169,0
236012,-0.9459143968871595,-2.5923476005188064,-0.10280766002899214,0
236016,-0.9479285877775234,-2.601747158007172,-0.11992828259708552,0
236020,-0.9442359044785229,-2.6400167849240863,-0.10263981078812848,0
236024,-0.9487678339818417,-2.620881971465629,-0.10498970016021973,0
236028,-0.9519569695582513,-2.624406805523766,-0.11136797131303883,0
236032,-0.9484321355001144,-2.6148393987945373,-0.10851453421835659,0
236036,-0.9487678339818417,-2.6146715495536736,-0.08669413290608072,0
236040,-0.9507820248722056,-2.5980544747081713,-0.10247196154726482,0
236044,-0.9526283665217059,-2.6148393987945373,-0.10415045395590142,0
236048,-0.9563210498207064,-2.605607690547036,-0.097436484321355,0
236051,-0.9553139543755245,-2.6265888456549935,-0.10834668497749293,0
236055,-0.9541390096894788,-2.626756694895857,-0.1038147554741741,0
236059,-0.9538033112077515,-2.6291065842679484,-0.10851453421835659,0
236063,-0.9610208285648889,-2.6369954985885404,-0.09659723811703669,0
236067,-0.9603494316014343,-2.63330281528954,-0.10163271534294652,0
236071,-0.9507820248722056,-2.6156786449988556,-0.10163271534294652,0
236075,-0.9559853513389791,-2.6408560311284046,-0.09978637369344624,0
236079,-0.9561532005798428,-2.615007248035401,-0.10566109712367437,0
236083,-0.949103532463569,-2.620881971465629,-0.10364690623331044,0
236087,-0.9568245975432974,-2.6186999313344015,-0.10028992141603722,0
236090,-0.9581673914702067,-2.622896162355993,-0.10196841382467384,0
236094,-0.9551461051346608,-2.6354848554207675,-0.10364690623331044,0
236098,-0.9479285877775234,-2.6331349660486763,-0.10079346913862822,0
236102,-0.9517891203173876,-2.6284351873044938,-0.09374380102235447,0
236106,-0.9531319142442969,-2.627931639581903,-0.11942473487449454,0
236110,-0.9573281452658884,-2.6329671168078126,-0.11992828259708552,0
236114,-0.9538033112077515,-2.6311207751583123,-0.1101930266269932,0
236118,-0.950110627908751,-2.6291065842679484,-0.09877927824826428,0
236122,-0.9675669489585718,-2.6291065842679484,-0.08081940947585259,0
236126,-0.957495994506752,-2.6230640115968566,-0.057488364995803766,0
236130,-0.9454108491645685,-2.594361791409171,-0.08753337911039902,0
236133,-0.9470893415732051,-2.6064469367513543,-0.10532539864194705,0
236137,-0.9392004272526131,-2.6380025940337224,-0.10079346913862822,0
236141,-0.9425574120698863,-2.657976653696498,-0.11203936827649347,0
236145,-0.9482642862592507,-2.6220569161516747,-0.11203936827649347,0
236149,-0.9440680552376592,-2.648577096208133,-0.11472495613031204,0
236153,-0.9398718242160677,-2.6675440604257266,-0.10968947890440223,0
236157,-0.9499427786678873,-2.64706645304036,-0.10968947890440223,0
236161,-0.9464179446097505,-2.62826733806363,-0.12026398107881284,0
236165,-0.9517891203173876,-2.624910353246357,-0.11472495613031204,0
236169,-0.9484321355001144,-2.6166857404440376,-0.11052872510872053,0
236173,-0.9432288090333409,-2.651934081025406,-0.10582894636453803,0
236176,-0.950614175631342,-2.6484092469672693,-0.10163271534294652,0
236180,-0.957495994506752,-2.6275959411001755,-0.10079346913862822,0
236184,-0.9497749294270237,-2.625917448691539,-0.10280766002899214,0
236188,-0.9440680552376592,-2.6517662317845425,-0.1029755092698558,0
236192,-0.9475928892957961,-2.6255817502098115,-0.10347905699244678,0
236196,-0.9454108491645685,-2.59066910811017,-0.11271076523994812,0
236200,-0.9465857938506141,-2.6108110170138095,-0.09726863508049134,0
236204,-0.9532997634851605,-2.6301136797131304,-0.1093537804226749,0
236208,-0.9455786984054322,-2.601075761043717,-0.10448615243762874,0
236212,-0.9504463263904783,-2.6270923933775845,-0.10700389105058365,0
236215,-0.9527962157625696,-2.624406805523766,-0.08518348973830778,0
236219,-0.960013733119707,-2.6410238803692683,-0.10599679560540169,0
236223,-0.9561532005798428,-2.619371328297856,-0.11002517738612955,0
236227,-0.959006637674525,-2.618028534370947,-0.1046540016784924,0
236231,-0.9569924467841611,-2.6176928358892195,-0.10515754940108339,0
236235,-0.9623636224917982,-2.625749599450675,-0.1029755092698558,0
236239,-0.9569924467841611,-2.62138551918822,-0.10398260471503776,0
236243,-0.9470893415732051,-2.615007248035401,-0.1021362630655375,0
236247,-0.9591744869153886,-2.627763790341039,-0.09894712748912794,0
236251,-0.9543068589303425,-2.6294422827496757,-0.10280766002899214,0
236255,-0.9532997634851605,-2.6354848554207675,-0.10398260471503776,0
236258,-0.94960708018616,-2.618028534370947,-0.10196841382467384,0
236262,-0.9444037537193866,-2.65210193026627,-0.10415045395590142,0
236266,-0.9454108491645685,-2.608964675364309,-0.10566109712367437,0
236270,-0.9529640650034332,-2.6202105745021744,-0.10045777065690088,0
236274,-0.9487678339818417,-2.6136644541084917,-0.09626153963530937,0
236278,-0.9514534218356603,-2.6087968261234455,-0.09726863508049134,0
236282,-0.9462500953688868,-2.5978866254673076,-0.09290455481803617,0
236286,-0.9497749294270237,-2.6113145647364004,-0.1165712977798123,0
236290,-0.9502784771496147,-2.6212176699473564,-0.09575799191271839,0
236294,-0.9398718242160677,-2.6562981612878613,-0.09122606240939955,0
236298,-0.9487678339818417,-2.6294422827496757,-0.1012970168612192,0
236301,-0.9543068589303425,-2.6280994888227664,-0.10012207217517356,0
236305,-0.9556496528572518,-2.633806363012131,-0.0824979018844892,0
236309,-0.9526283665217059,-2.6314564736400397,-0.09441519798580911,0
236313,-0.9460822461280232,-2.609132524605173,-0.09894712748912794,0
236317,-0.959006637674525,-2.6128252079041734,-0.10096131837949188,0
236321,-0.9470893415732051,-2.6103074692912185,-0.1038147554741741,0
236325,-0.9541390096894788,-2.6153429465171283,-0.09659723811703669,0
236329,-0.950614175631342,-2.6306172274357214,-0.10498970016021973,0
236333,-0.9538033112077515,-2.6321278706034943,-0.1029755092698558,0
236337,-0.9578316929884794,-2.632295719844358,-0.09710078583962768,0
236341,-0.9601815823605706,-2.6321278706034943,-0.09206530861371785,0
236344,-0.9554818036163881,-2.636156252384222,-0.10566109712367437,0
236348,-0.9539711604486152,-2.632799267566949,-0.11052872510872053,0
236352,-0.9521248187991149,-2.618867780575265,-0.10398260471503776,0
236356,-0.9564888990615701,-2.6176928358892195,-0.10247196154726482,0
236360,-0.9548104066529335,-2.6230640115968566,-0.1038147554741741,0
236364,-0.9538033112077515,-2.6289387350270847,-0.10230411230640116,0
236368,-0.9539711604486152,-2.631792172121767,-0.1038147554741741,0
236372,-0.9487678339818417,-2.6166857404440376,-0.09189745937285419,0
236376,-0.9499427786678873,-2.6181963836118105,-0.11992828259708552,0
236380,-0.9519569695582513,-2.6280994888227664,-0.09844357976653696,0
236383,-0.9455786984054322,-2.5985580224307623,-0.10247196154726482,0
236387,-0.9564888990615701,-2.610139620050355,-0.0991149767299916,0
236391,-0.9548104066529335,-2.618364232852674,-0.11237506675822079,0
236395,-0.9534676127260242,-2.6143358510719463,-0.08467994201571678,0
236399,-0.9462500953688868,-2.603593499656672,-0.11371786068513008,0
236403,-0.9507820248722056,-2.594193942168307,-0.10901808194094759,0
236407,-0.9504463263904783,-2.6215533684290837,-0.10347905699244678,0
236411,-0.9497749294270237,-2.6275959411001755,-0.10415045395590142,0
236415,-0.9553139543755245,-2.637163347829404,-0.09894712748912794,0
236419,-0.9551461051346608,-2.64018463416495,-0.09592584115358205,0
236423,-0.9561532005798428,-2.6148393987945373,-0.09961852445258258,0
236426,-0.9526283665217059,-2.6222247653925383,-0.11472495613031204,0
236430,-0.9626993209735255,-2.6354848554207675,-0.10364690623331044,0
236434,-0.9531319142442969,-2.641191729610132,-0.10532539864194705,0
236438,-0.957999542229343,-2.6349813076981765,-0.10532539864194705,0
236442,-0.951621271076524,-2.62138551918822,-0.10700389105058365,0
236446,-0.9526283665217059,-2.6235675593194476,-0.1021362630655375,0
236450,-0.9485999847409781,-2.618364232852674,-0.10079346913862822,0
236454,-0.9484321355001144,-2.618532082093538,-0.1021362630655375,0
236458,-0.9549782558937971,-2.622392614633402,-0.10079346913862822,0
236462,-0.9485999847409781,-2.618364232852674,-0.10398260471503776,0
236466,-0.951117723353933,-2.613496604867628,-0.1289921416037232,0
236469,-0.9521248187991149,-2.613496604867628,-0.10918593118181125,0
236473,-0.9502784771496147,-2.6227283131151293,-0.10801098649576561,0
236477,-0.9492713817044327,-2.626756694895857,-0.10918593118181125,0
236481,-0.949103532463569,-2.626924544136721,-0.10314335851071946,0
236485,-0.9507820248722056,-2.609636072327764,-0.08602273594262608,0
236489,-0.9502784771496147,-2.6186999313344015,-0.09961852445258258,0
236493,-0.9371862363622492,-2.644548714427405,-0.10146486610208286,0
236497,-0.9489356832227054,-2.6275959411001755,-0.10683604180971999,0
236501,-0.9430609597924773,-2.6477378500038147,-0.10398260471503776,0
236505,-0.9517891203173876,-2.6354848554207675,-0.10498970016021973,0
236508,-0.9519569695582513,-2.6294422827496757,-0.11220721751735713,0
236512,-0.9469214923323415,-2.6098039215686275,-0.10347905699244678,0
236516,-0.9504463263904783,-2.626924544136721,-0.10398260471503776,0
236520,-0.9526283665217059,-2.630281528953994,-0.10196841382467384,0
236524,-0.9484321355001144,-2.61953917753872,-0.10700389105058365,0
236528,-0.9549782558937971,-2.622896162355993,-0.10398260471503776,0
236532,-0.9504463263904783,-2.634142061493858,-0.10717174029144731,0
236536,-0.9418860151064317,-2.6504234378576332,-0.10717174029144731,0
236540,-0.9548104066529335,-2.6385061417563134,-0.11187151903562981,0
236544,-0.9603494316014343,-2.6339742122529946,-0.10666819256885633,0
236548,-0.9539711604486152,-2.629274433508812,-0.10364690623331044,0
236551,-0.9492713817044327,-2.6280994888227664,-0.11086442359044785,0
236555,-0.9465857938506141,-2.616014343480583,-0.1289921416037232,0
236559,-0.951621271076524,-2.612489509422446,-0.09391165026321813,0
236563,-0.9531319142442969,-2.629274433508812,-0.10851453421835659,0
236567,-0.9551461051346608,-2.6408560311284046,-0.11237506675822079,0
236571,-0.950110627908751,-2.6250782024872206,-0.10717174029144731,0
236575,-0.950614175631342,-2.6334706645304036,-0.10247196154726482,0
236579,-0.9536354619668879,-2.6220569161516747,-0.10146486610208286,0
236583,-0.9522926680399786,-2.6141680018310827,-0.10498970016021973,0
236587,-0.9480964370183871,-2.603089951934081,-0.10146486610208286,0
236591,-0.941718165865568,-2.6383382925154497,-0.1029755092698558,0
236594,-0.9521248187991149,-2.6220569161516747,-0.1038147554741741,0
236598,-0.9425574120698863,-2.6573052567330433,-0.10398260471503776,0
236602,-0.950110627908751,-2.641191729610132,-0.10834668497749293,0
236606,-0.9415503166247043,-2.6405203326466773,-0.10901808194094759,0
236610,-0.9549782558937971,-2.634813458457313,-0.10180056458381018,0
236614,-0.957999542229343,-2.6321278706034943,-0.10180056458381018,0
236618,-0.9524605172808422,-2.6316243228809033,-0.09710078583962768,0
236622,-0.9522926680399786,-2.6186999313344015,-0.09777218280308232,0
236626,-0.9539711604486152,-2.62642099641413,-0.10331120775158312,0
236630,-0.9532997634851605,-2.635652704661631,-0.10918593118181125,0
236634,-0.9512855725947966,-2.6215533684290837,-0.10851453421835659,0
236637,-0.9479285877775234,-2.6250782024872206,-0.10180056458381018,0
236641,-0.9452429999237049,-2.671740291447318,-0.10263981078812848,0
236645,-0.9499427786678873,-2.6457236591134508,-0.13134203097581446,0
236649,-0.9559853513389791,-2.646059357595178,-0.10515754940108339,0
236647,,,,1
236653,-0.951621271076524,-2.6265888456549935,-0.10062561989776454,0
236657,-0.9460822461280232,-2.6151750972762646,-0.0999542229343099,0
236661,-0.9561532005798428,-2.601747158007172,-0.10616464484626535,0
236665,-0.9489356832227054,-2.6076218814374,-0.0991149767299916,0
236669,-0.9454108491645685,-2.5918440527962154,-0.10146486610208286,0
236673,-0.9548104066529335,-2.609971770809491,-0.10549324788281071,0
236676,-0.9442359044785229,-2.6383382925154497,-0.0999542229343099,0
236680,-0.9460822461280232,-2.610978866254673,-0.10650034332799267,0
236684,-0.9532997634851605,-2.627428091859312,-0.10364690623331044,0
236688,-0.9507820248722056,-2.6087968261234455,-0.09592584115358205,0
236692,-0.9529640650034332,-2.6161821927214466,-0.10700389105058365,0
236696,-0.951117723353933,-2.612489509422446,-0.11271076523994812,0
236700,-0.9460822461280232,-2.60074006256199,-0.11120012207217517,0
236704,-0.9541390096894788,-2.615007248035401,-0.10868238345922025,0
236708,-0.951117723353933,-2.6118181124589914,-0.11203936827649347,0
236712,-0.9561532005798428,-2.6047684443427177,-0.097436484321355,0
236716,-0.9524605172808422,-2.619371328297856,-0.10515754940108339,0
236719,-0.957495994506752,-2.6141680018310827,-0.0991149767299916,0
236723,-0.9464179446097505,-2.6128252079041734,-0.10062561989776454,0
236727,-0.9529640650034332,-2.6200427252613108,-0.09861142900740062,0
236731,-0.950614175631342,-2.6349813076981765,-0.10012207217517356,0
236735,-0.9462500953688868,-2.612489509422446,-0.11170366979476615,0
236739,-0.9497749294270237,-2.623399710078584,-0.10398260471503776,0
236743,-0.9568245975432974,-2.6156786449988556,-0.10532539864194705,0
236747,-0.9529640650034332,-2.6212176699473564,-0.09575799191271839,0
236751,-0.9544747081712062,-2.6326314183260853,-0.09491874570840009,0
236755,-0.9502784771496147,-2.6284351873044938,-0.10347905699244678,0
236759,-0.950614175631342,-2.63514915693904,-0.115732051575494,0
236762,-0.951621271076524,-2.62138551918822,-0.11069657434958419,0
236766,-0.9502784771496147,-2.6215533684290837,-0.09659723811703669,0
236770,-0.9494392309452964,-2.615007248035401,-0.12160677500572213,0
236774,-0.9613565270466162,-2.6423666742961776,-0.1336919203479057,0
236778,-0.9499427786678873,-2.635652704661631,-0.14325932707713435,0
236782,-0.9559853513389791,-2.6512626840619515,-0.12412451361867703,0
236786,-0.9356755931944762,-2.650087739375906,-0.10482185091935607,0
236790,-0.9509498741130693,-2.620881971465629,-0.07444113832303349,0
236794,-0.951621271076524,-2.614000152590219,-0.07242694743266956,0
236798,-0.9551461051346608,-2.6311207751583123,-0.10012207217517356,0
236801,-0.9494392309452964,-2.616014343480583,-0.12177462424658579,0
236805,-0.9445716029602502,-2.650087739375906,-0.1268101014724956,0
236809,-0.9475928892957961,-2.6240711070420386,-0.1179140917067216,0
236813,-0.9543068589303425,-2.626756694895857,-0.11472495613031204,0
236817,-0.9549782558937971,-2.629274433508812,-0.11438925764858472,0
236821,-0.9487678339818417,-2.6171892881666285,-0.11254291599908445,0
236825,-0.9353398947127489,-2.6250782024872206,-0.1148928053711757,0
236829,-0.9388647287708858,-2.634813458457313,-0.11153582055390249,0
236833,-0.9284580758373387,-2.6393453879606317,-0.11036087586785687,0
236837,-0.9418860151064317,-2.6542839703974974,-0.10750743877317463,0
236841,-0.9474250400549324,-2.6270923933775845,-0.1165712977798123,0
236844,-0.9418860151064317,-2.645555809872587,-0.1148928053711757,0
236848,-0.9529640650034332,-2.6331349660486763,-0.10817883573662927,0
236852,-0.9532997634851605,-2.6385061417563134,-0.09659723811703669,0
236856,-0.9494392309452964,-2.6245746547646296,-0.10415045395590142,0
236860,-0.9620279240100709,-2.624406805523766,-0.09810788128480964,0
236864,-0.9514534218356603,-2.6181963836118105,-0.09877927824826428,0
236868,-0.9541390096894788,-2.6227283131151293,-0.10263981078812848,0
236872,-0.9538033112077515,-2.6265888456549935,-0.11103227283131151,0
236876,-0.9487678339818417,-2.6128252079041734,-0.10801098649576561,0
236880,-0.9559853513389791,-2.64018463416495,-0.10163271534294652,0
236884,-0.9618600747692072,-2.6331349660486763,-0.10817883573662927,0
236887,-0.9621957732509345,-2.6291065842679484,-0.10482185091935607,0
236891,-0.9538033112077515,-2.627428091859312,-0.09978637369344624,0
236895,-0.9538033112077515,-2.6286030365453574,-0.10180056458381018,0
236899,-0.9573281452658884,-2.6301136797131304,-0.0982757305256733,0
236903,-0.9573281452658884,-2.6329671168078126,-0.09877927824826428,0
236907,-0.9687418936446174,-2.6457236591134508,-0.10012207217517356,0
236911,-0.9645456626230259,-2.6494163424124513,-0.10163271534294652,0
236915,-0.9603494316014343,-2.638673990997177,-0.10801098649576561,0
236919,-0.9423895628290226,-2.660326543068589,-0.10398260471503776,0
236923,-0.9529640650034332,-2.638673990997177,-0.10532539864194705,0
236927,-0.9475928892957961,-2.6237354085603113,-0.10515754940108339,0
236930,-0.9512855725947966,-2.615007248035401,-0.10364690623331044,0
236934,-0.9445716029602502,-2.6484092469672693,-0.10918593118181125,0
236938,-0.942221713588159,-2.6532768749523155,-0.11103227283131151,0
236942,-0.960013733119707,-2.6494163424124513,-0.11187151903562981,0
236946,-0.9460822461280232,-2.618532082093538,-0.10733958953231097,0
236950,-0.9455786984054322,-2.5928511482413974,-0.10666819256885633,0
236954,-0.9455786984054322,-2.581269550621805,-0.10985732814526589,0
236958,-0.9472571908140688,-2.5975509269855803,-0.11422140840772106,0
236962,-0.9259403372243838,-2.6136644541084917,-0.10700389105058365,0
236966,-0.9378576333257038,-2.6309529259174487,-0.11808194094758526,0
236969,-0.9521248187991149,-2.6176928358892195,-0.10398260471503776,0
236973,-0.9449073014419775,-2.650591287098497,-0.10717174029144731,0
236977,-0.9423895628290226,-2.664858472571908,-0.11506065461203936,0
236981,-0.9467536430914778,-2.6235675593194476,-0.11069657434958419,0
236985,-0.9418860151064317,-2.6489127946898603,-0.1132143129625391,0
236989,-0.9477607385366598,-2.6390096894789044,-0.10549324788281071,0
236993,-0.9517891203173876,-2.631288624399176,-0.10331120775158312,0
236997,-0.9563210498207064,-2.6116502632181278,-0.1101930266269932,0
237001,-0.9538033112077515,-2.623903257801175,-0.11606775005722132,0
237005,-0.9487678339818417,-2.6136644541084917,-0.11002517738612955,0
237009,-0.9541390096894788,-2.622392614633402,-0.10280766002899214,0
237012,-0.9551461051346608,-2.635820553902495,-0.10515754940108339,0
237016,-0.9554818036163881,-2.640688181887541,-0.10918593118181125,0
237020,-0.9485999847409781,-2.6286030365453574,-0.11187151903562981,0
237024,-0.950614175631342,-2.637163347829404,-0.097436484321355,0
237028,-0.9546425574120698,-2.6403524834058136,-0.09559014267185473,0
237032,-0.950110627908751,-2.6311207751583123,-0.10498970016021973,0
237036,-0.9492713817044327,-2.631792172121767,-0.10566109712367437,0
237040,-0.9548104066529335,-2.625749599450675,-0.10515754940108339,0
237044,-0.957495994506752,-2.619874876020447,-0.10566109712367437,0
237048,-0.9509498741130693,-2.6034256504158084,-0.09609369039444571,0
237052,-0.9529640650034332,-2.6212176699473564,-0.10096131837949188,0
237055,-0.9459143968871595,-2.604097047379263,-0.09575799191271839,0
237059,-0.9563210498207064,-2.601579308766308,-0.10633249408712901,0
237063,-0.9521248187991149,-2.6062790875104906,-0.10784313725490195,0
237067,-0.9558175020981154,-2.6388418402380407,-0.1021362630655375,0
237071,-0.9546425574120698,-2.643038071259632,-0.10515754940108339,0
237075,-0.9467536430914778,-2.6141680018310827,-0.11086442359044785,0
237079,-0.9539711604486152,-2.6225604638742657,-0.10885023270008393,0
237083,-0.9539711604486152,-2.6247425040054932,-0.10415045395590142,0
237087,-0.9538033112077515,-2.6247425040054932,-0.08384069581139848,0
237091,-0.9559853513389791,-2.6453879606317234,-0.08031586175326161,0
237094,-0.9497749294270237,-2.634645609216449,-0.09458304722667277,0
237098,-0.9487678339818417,-2.6197070267795834,-0.10146486610208286,0
237102,-0.941214618142977,-2.6420309758144502,-0.12278171969176775,0
237106,-0.9524605172808422,-2.6319600213626306,-0.11690699626153964,0
237110,-0.9521248187991149,-2.6168535896849012,-0.11992828259708552,0
237114,-0.9469214923323415,-2.601579308766308,-0.12395666437781337,0
237118,-0.9502784771496147,-2.6156786449988556,-0.11422140840772106,0
237122,-0.9462500953688868,-2.6052719920653087,-0.11220721751735713,0
237126,-0.9393682764934768,-2.6395132372014953,-0.09928282597085526,0
237130,-0.9480964370183871,-2.609636072327764,-0.10952162966353857,0
237134,-0.9492713817044327,-2.6215533684290837,-0.10985732814526589,0
237137,-0.9470893415732051,-2.6118181124589914,-0.10700389105058365,0
237141,-0.9548104066529335,-2.616014343480583,-0.11287861448081178,0
237145,-0.9353398947127489,-2.6205462729839017,-0.10918593118181125,0
237149,-0.951621271076524,-2.6116502632181278,-0.10733958953231097,0
237153,-0.9494392309452964,-2.610139620050355,-0.10599679560540169,0
237157,-0.950614175631342,-2.6260852979324025,-0.10347905699244678,0
237161,-0.9541390096894788,-2.6260852979324025,-0.10851453421835659,0
237165,-0.9504463263904783,-2.636324101625086,-0.11254291599908445,0
237169,-0.9484321355001144,-2.618364232852674,-0.10263981078812848,0
237173,-0.951117723353933,-2.6143358510719463,-0.09877927824826428,0
237177,-0.9538033112077515,-2.61953917753872,-0.10901808194094759,0
237180,-0.9543068589303425,-2.6232318608377203,-0.10482185091935607,0
237184,-0.9519569695582513,-2.6255817502098115,-0.1029755092698558,0
237188,-0.9544747081712062,-2.635317006179904,-0.09861142900740062,0
237192,-0.9569924467841611,-2.6252460517280842,-0.10683604180971999,0
237196,-0.9554818036163881,-2.635317006179904,-0.10079346913862822,0
237200,-0.9536354619668879,-2.6222247653925383,-0.10247196154726482,0
237204,-0.9494392309452964,-2.61450370031281,-0.10817883573662927,0
237208,-0.9526283665217059,-2.62138551918822,-0.10851453421835659,0
237212,-0.9534676127260242,-2.6156786449988556,-0.1179140917067216,0
237216,-0.9482642862592507,-2.602754253452354,-0.09928282597085526,0
237220,-0.9531319142442969,-2.623903257801175,-0.10096131837949188,0
237223,-0.9548104066529335,-2.625749599450675,-0.10733958953231097,0
237227,-0.9527962157625696,-2.623903257801175,-0.10196841382467384,0
237231,-0.9287937743190661,-2.6334706645304036,-0.11120012207217517,0
237235,-0.9353398947127489,-2.628770885786221,-0.1140535591668574,0
237239,-0.9433966582742046,-2.6472343022812237,-0.09877927824826428,0
237243,-0.9507820248722056,-2.6200427252613108,-0.09945067521171892,0
237247,-0.9563210498207064,-2.604600595101854,-0.1029755092698558,0
237251,-0.9509498741130693,-2.601747158007172,-0.0999542229343099,0
237255,-0.9621957732509345,-2.6176928358892195,-0.10263981078812848,0
237259,-0.9497749294270237,-2.625413900968948,-0.1029755092698558,0
237262,-0.958503089951934,-2.638673990997177,-0.10314335851071946,0
237266,-0.9484321355001144,-2.6250782024872206,-0.10952162966353857,0
237270,-0.9534676127260242,-2.616014343480583,-0.10314335851071946,0
237274,-0.9445716029602502,-2.65394827191577,-0.11287861448081178,0
237278,-0.9527962157625696,-2.6359884031433585,-0.09240100709544517,0
237282,-0.958503089951934,-2.6413595788509956,-0.0999542229343099,0
237286,-0.9539711604486152,-2.6329671168078126,-0.1046540016784924,0
237290,-0.9499427786678873,-2.6316243228809033,-0.10985732814526589,0
237294,-0.9507820248722056,-2.6072861829556726,-0.10700389105058365,0
237298,-0.9521248187991149,-2.6079575799191272,-0.10146486610208286,0
237302,-0.9531319142442969,-2.6242389562829023,-0.10515754940108339,0
237305,-0.9588387884336613,-2.6230640115968566,-0.09642938887617303,0
237309,-0.9454108491645685,-2.59251544975967,-0.10566109712367437,0
237313,-0.9517891203173876,-2.6126573586633097,-0.097436484321355,0
237317,-0.9556496528572518,-2.62642099641413,-0.10431830319676508,0
237321,-0.9489356832227054,-2.6207141222247654,-0.10196841382467384,0
237325,-0.9324864576180666,-2.634813458457313,-0.09391165026321813,0
237329,-0.9472571908140688,-2.6212176699473564,-0.10532539864194705,0
237333,-0.9514534218356603,-2.6131609063859007,-0.10415045395590142,0
237337,-0.9541390096894788,-2.6202105745021744,-0.1021362630655375,0
237341,-0.9531319142442969,-2.6349813076981765,-0.1046540016784924,0
237345,-0.9554818036163881,-2.6359884031433585,-0.1093537804226749,0
237348,-0.9578316929884794,-2.6331349660486763,-0.1012970168612192,0
237352,-0.9527962157625696,-2.6237354085603113,-0.10247196154726482,0
237356,-0.9529640650034332,-2.6242389562829023,-0.10851453421835659,0
237360,-0.957999542229343,-2.627260242618448,-0.10700389105058365,0
237364,-0.9480964370183871,-2.6116502632181278,-0.10196841382467384,0
237368,-0.957999542229343,-2.6181963836118105,-0.11120012207217517,0
237372,-0.949103532463569,-2.623903257801175,-0.10985732814526589,0
237376,-0.9519569695582513,-2.618532082093538,-0.10582894636453803,0
237380,-0.9538033112077515,-2.6250782024872206,-0.10515754940108339,0
237384,-0.9536354619668879,-2.615510795757992,-0.10247196154726482,0
237387,-0.9635385671778438,-2.6309529259174487,-0.10666819256885633,0
237391,-0.9568245975432974,-2.6205462729839017,-0.10549324788281071,0
237395,-0.9586709391927977,-2.6398489356832227,-0.10834668497749293,0
237399,-0.9549782558937971,-2.6334706645304036,-0.11254291599908445,0
237403,-0.9554818036163881,-2.6359884031433585,-0.11103227283131151,0
237407,-0.951621271076524,-2.618028534370947,-0.10532539864194705,0
237411,-0.9504463263904783,-2.6331349660486763,-0.10700389105058365,0
237415,-0.9341649500267033,-2.643541618982223,-0.10784313725490195,0
237419,-0.9526283665217059,-2.635820553902495,-0.10515754940108339,0
237423,-0.9499427786678873,-2.6284351873044938,-0.10163271534294652,0
237427,-0.9504463263904783,-2.636156252384222,-0.10616464484626535,0
237430,-0.9467536430914778,-2.6128252079041734,-0.10801098649576561,0
237434,-0.9566567483024337,-2.6156786449988556,-0.09508659494926375,0
237438,-0.9507820248722056,-2.60074006256199,-0.10549324788281071,0
237442,-0.9489356832227054,-2.606614785992218,-0.09206530861371785,0
237446,-0.9551461051346608,-2.6286030365453574,-0.10079346913862822,0
237450,-0.9509498741130693,-2.6087968261234455,-0.10280766002899214,0
237454,-0.9454108491645685,-2.593354695963989,-0.10280766002899214,0
237458,-0.9494392309452964,-2.604097047379263,-0.10868238345922025,0
237462,-0.9454108491645685,-2.5878156710154876,-0.10784313725490195,0
237466,-0.9467536430914778,-2.590165560387579,-0.10431830319676508,0
237470,-0.951621271076524,-2.5983901731898986,-0.10985732814526589,0
237473,-0.9578316929884794,-2.6156786449988556,-0.10700389105058365,0
237477,-0.9548104066529335,-2.618364232852674,-0.10750743877317463,0
237481,-0.9534676127260242,-2.6076218814374,-0.115732051575494,0
237485,-0.960013733119707,-2.635820553902495,-0.10868238345922025,0
237489,-0.9521248187991149,-2.6176928358892195,-0.10549324788281071,0
237493,-0.9544747081712062,-2.633806363012131,-0.11892118715190356,0
237497,-0.951621271076524,-2.61953917753872,-0.10901808194094759,0
237501,-0.9514534218356603,-2.6133287556267644,-0.10515754940108339,0
237505,-0.9366826886396582,-2.628770885786221,-0.12177462424658579,0
237509,-0.9521248187991149,-2.6163500419623102,-0.11036087586785687,0
237513,-0.9497749294270237,-2.620881971465629,-0.11438925764858472,0
237516,-0.9539711604486152,-2.626253147173266,-0.11371786068513008,0
237520,-0.9509498741130693,-2.607118333714809,-0.11086442359044785,0
237524,-0.9403753719386587,-2.628770885786221,-0.11002517738612955,0
237528,-0.9477607385366598,-2.625917448691539,-0.10482185091935607,0
237532,-0.9512855725947966,-2.6136644541084917,-0.10448615243762874,0
237536,-0.950110627908751,-2.6222247653925383,-0.10700389105058365,0
237540,-0.9576638437476157,-2.6148393987945373,-0.10733958953231097,0
237544,-0.9452429999237049,-2.662844281681544,-0.10314335851071946,0
237548,-0.9521248187991149,-2.6301136797131304,-0.09945067521171892,0
237552,-0.9526283665217059,-2.6232318608377203,-0.10700389105058365,0
237555,-0.9534676127260242,-2.6136644541084917,-0.11153582055390249,0
237559,-0.9553139543755245,-2.6311207751583123,-0.1101930266269932,0
237563,-0.9517891203173876,-2.626253147173266,-0.11136797131303883,0
237567,-0.9512855725947966,-2.6168535896849012,-0.10666819256885633,0
237571,-0.9497749294270237,-2.6215533684290837,-0.10314335851071946,0
237575,-0.9643778133821621,-2.632295719844358,-0.10498970016021973,0
237579,-0.9531319142442969,-2.634142061493858,-0.10834668497749293,0
237583,-0.9519569695582513,-2.629777981231403,-0.11287861448081178,0
237587,-0.950110627908751,-2.625917448691539,-0.10280766002899214,0
237591,-0.9561532005798428,-2.6074540321965363,-0.09894712748912794,0
237595,-0.9345006485084306,-2.643038071259632,-0.11220721751735713,0
237598,-0.9522926680399786,-2.623399710078584,-0.11438925764858472,0
237602,-0.9512855725947966,-2.6181963836118105,-0.10582894636453803,0
237606,-0.9527962157625696,-2.6210498207064927,-0.10985732814526589,0
237610,-0.9521248187991149,-2.615510795757992,-0.10633249408712901,0
237614,-0.9514534218356603,-2.6062790875104906,-0.10750743877317463,0
237618,-0.9470893415732051,-2.6098039215686275,-0.10566109712367437,0
237622,-0.9497749294270237,-2.6197070267795834,-0.10566109712367437,0
237626,-0.9492713817044327,-2.6255817502098115,-0.10398260471503776,0
237630,-0.9487678339818417,-2.604097047379263,-0.09810788128480964,0
237634,-0.9556496528572518,-2.6247425040054932,-0.1046540016784924,0
237638,-0.9548104066529335,-2.6217212176699474,-0.09810788128480964,0
237641,-0.950614175631342,-2.6368276493476768,-0.0982757305256733,0
237645,-0.9536354619668879,-2.6217212176699474,-0.10700389105058365,0
237649,-0.949103532463569,-2.6237354085603113,-0.10498970016021973,0
237653,-0.9512855725947966,-2.6176928358892195,-0.10096131837949188,0
237626,,,,1
237657,-0.9531319142442969,-2.6301136797131304,-0.10398260471503776,0
237661,-0.9383611810482948,-2.652941176470588,-0.10885023270008393,0
237665,-0.9616922255283435,-2.6380025940337224,-0.10196841382467384,0
237669,-0.9532997634851605,-2.634645609216449,-0.11103227283131151,0
237673,-0.9524605172808422,-2.6286030365453574,-0.10633249408712901,0
237677,-0.9444037537193866,-2.6636835278858624,-0.10851453421835659,0
237680,-0.9519569695582513,-2.6405203326466773,-0.11136797131303883,0
237684,-0.9397039749752041,-2.6621728847180894,-0.10817883573662927,0
237688,-0.9455786984054322,-2.6171892881666285,-0.11120012207217517,0
237692,-0.9497749294270237,-2.6265888456549935,-0.10717174029144731,0
237696,-0.9544747081712062,-2.636156252384222,-0.10985732814526589,0
237700,-0.9502784771496147,-2.632799267566949,-0.11187151903562981,0
237704,-0.9576638437476157,-2.6240711070420386,-0.11908903639276722,0
237708,-0.9474250400549324,-2.6161821927214466,-0.11002517738612955,0
237712,-0.950110627908751,-2.6225604638742657,-0.11237506675822079,0
237716,-0.9512855725947966,-2.617021438925765,-0.10700389105058365,0
237720,-0.9512855725947966,-2.6136644541084917,-0.11237506675822079,0
237723,-0.9485999847409781,-2.616014343480583,-0.11237506675822079,0
237727,-0.9538033112077515,-2.623903257801175,-0.10750743877317463,0
237731,-0.9514534218356603,-2.6151750972762646,-0.10700389105058365,0
237735,-0.9543068589303425,-2.622392614633402,-0.10801098649576561,0
237739,-0.9526283665217059,-2.6235675593194476,-0.10767528801403829,0
237743,-0.9454108491645685,-2.5983901731898986,-0.09961852445258258,0
237747,-0.9450751506828412,-2.654451819638361,-0.10331120775158312,0
237751,-0.9532997634851605,-2.647570000762951,-0.10364690623331044,0
237755,-0.9618600747692072,-2.642198825055314,-0.10096131837949188,0
237759,-0.9492713817044327,-2.6331349660486763,-0.11556420233463034,0
237763,-0.951621271076524,-2.617524986648356,-0.09441519798580911,0
237766,-0.9519569695582513,-2.6207141222247654,-0.10230411230640116,0
237770,-0.9524605172808422,-2.6232318608377203,-0.10515754940108339,0
237774,-0.9375219348439765,-2.6291065842679484,-0.09676508735790035,0
237778,-0.9397039749752041,-2.6573052567330433,-0.10582894636453803,0
237782,-0.951621271076524,-2.6336385137712672,-0.10683604180971999,0
237786,-0.9512855725947966,-2.618532082093538,-0.10028992141603722,0
237790,-0.9573281452658884,-2.6245746547646296,-0.1101930266269932,0
237794,-0.9548104066529335,-2.629274433508812,-0.12714579995422293,0
237798,-0.9541390096894788,-2.628770885786221,-0.13352407110704204,0
237802,-0.9469214923323415,-2.6103074692912185,-0.13520256351567864,0
237806,-0.9449073014419775,-2.6458915083543144,-0.10431830319676508,0
237809,-0.9559853513389791,-2.656466010528725,-0.08283360036621652,0
237813,-0.9531319142442969,-2.645555809872587,-0.07343404287785153,0
237817,-0.9452429999237049,-2.676104371709773,-0.09424734874494545,0
237821,-0.9454108491645685,-2.619874876020447,-0.11422140840772106,0
237825,-0.9306401159685663,-2.626756694895857,-0.1259708552681773,0
237829,-0.9460822461280232,-2.6047684443427177,-0.11355001144426642,0
237833,-0.9546425574120698,-2.627763790341039,-0.11220721751735713,0
237837,-0.958503089951934,-2.6393453879606317,-0.11069657434958419,0
237841,-0.9556496528572518,-2.639681086442359,-0.11908903639276722,0
237845,-0.9576638437476157,-2.6255817502098115,-0.11170366979476615,0
237848,-0.9361791409170672,-2.6247425040054932,-0.11858548867017624,0
237852,-0.9433966582742046,-2.6428702220187685,-0.1179140917067216,0
237856,-0.9392004272526131,-2.655962462806134,-0.11170366979476615,0
237860,-0.9452429999237049,-2.6745937285420003,-0.1148928053711757,0
237864,-0.9334935530632487,-2.6568017090104523,-0.11455710688944838,0
237868,-0.9571602960250247,-2.6420309758144502,-0.12261387045090409,0
237872,-0.9529640650034332,-2.6314564736400397,-0.11237506675822079,0
237876,-0.9517891203173876,-2.6309529259174487,-0.10700389105058365,0
237880,-0.9527962157625696,-2.6284351873044938,-0.09676508735790035,0
237884,-0.9524605172808422,-2.6250782024872206,-0.09407949950408179,0
237888,-0.9544747081712062,-2.639681086442359,-0.09609369039444571,0
237891,-0.9554818036163881,-2.6405203326466773,-0.09642938887617303,0
237895,-0.9536354619668879,-2.6237354085603113,-0.10146486610208286,0
237899,-0.9546425574120698,-2.6380025940337224,-0.09961852445258258,0
237903,-0.9544747081712062,-2.641695277332723,-0.09542229343099107,0
237907,-0.9556496528572518,-2.6420309758144502,-0.09760433356221866,0
237911,-0.9605172808422979,-2.6452201113908598,-0.08619058518348974,0
237915,-0.9610208285648889,-2.645052262149996,-0.09626153963530937,0
237919,-0.9561532005798428,-2.6220569161516747,-0.09508659494926375,0
237923,-0.9573281452658884,-2.629777981231403,-0.09710078583962768,0
237927,-0.9543068589303425,-2.625749599450675,-0.10028992141603722,0
237931,-0.9527962157625696,-2.6275959411001755,-0.10263981078812848,0
237934,-0.9761272602426184,-2.6631799801632714,-0.08921187151903563,0
237938,-0.9613565270466162,-2.6641870756084534,-0.10196841382467384,0
237942,-0.9564888990615701,-2.6388418402380407,-0.0999542229343099,0
237946,-0.9527962157625696,-2.6299458304722667,-0.09508659494926375,0
237950,-0.9475928892957961,-2.616517891203174,-0.09945067521171892,0
237954,-0.9331578545815213,-2.642534523537041,-0.09290455481803617,0
237958,-0.9507820248722056,-2.6146715495536736,-0.1012970168612192,0
237962,-0.9470893415732051,-2.608964675364309,-0.10247196154726482,0
237966,-0.941718165865568,-2.6410238803692683,-0.09928282597085526,0
237970,-0.9521248187991149,-2.6207141222247654,-0.0999542229343099,0
237973,-0.9470893415732051,-2.6143358510719463,-0.10280766002899214,0
237977,-0.9512855725947966,-2.6126573586633097,-0.1093537804226749,0
237981,-0.9497749294270237,-2.621889066910811,-0.10045777065690088,0
237985,-0.9472571908140688,-2.6163500419623102,-0.1148928053711757,0
237989,-0.9459143968871595,-2.5975509269855803,-0.10885023270008393,0
237993,-0.9464179446097505,-2.607118333714809,-0.10733958953231097,0
237997,-0.9548104066529335,-2.618364232852674,-0.11153582055390249,0
238001,-0.9467536430914778,-2.6032578011749448,-0.1101930266269932,0
238005,-0.9480964370183871,-2.6024185549706265,-0.11472495613031204,0
238009,-0.9512855725947966,-2.6057755397878997,-0.1093537804226749,0
238013,-0.9467536430914778,-2.596208133058671,-0.10263981078812848,0
238016,-0.9497749294270237,-2.6181963836118105,-0.10801098649576561,0
238020,-0.9462500953688868,-2.602754253452354,-0.10331120775158312,0
238024,-0.9534676127260242,-2.6079575799191272,-0.09877927824826428,0
238028,-0.9504463263904783,-2.626924544136721,-0.10683604180971999,0
238032,-0.950614175631342,-2.634142061493858,-0.09877927824826428,0
238036,-0.9538033112077515,-2.630785076676585,-0.09542229343099107,0
238040,-0.9504463263904783,-2.6400167849240863,-0.08988326848249027,0
238044,-0.9480964370183871,-2.6163500419623102,-0.08870832379644464,0
238048,-0.9522926680399786,-2.606111238269627,-0.10146486610208286,0
238052,-0.9492713817044327,-2.618028534370947,-0.09525444419012741,0
238056,-0.9522926680399786,-2.610978866254673,-0.10028992141603722,0
238059,-0.9507820248722056,-2.601579308766308,-0.09861142900740062,0
238063,-0.9519569695582513,-2.6153429465171283,-0.10347905699244678,0
238067,-0.9536354619668879,-2.612993057145037,-0.09810788128480964,0
238071,-0.94960708018616,-2.6116502632181278,-0.08988326848249027,0
238075,-0.9539711604486152,-2.6168535896849012,-0.09206530861371785,0
238079,-0.9618600747692072,-2.6304493781948577,-0.09525444419012741,0
238083,-0.9489356832227054,-2.6205462729839017,-0.08652628366521706,0
238087,-0.9479285877775234,-2.6260852979324025,-0.1046540016784924,0
238091,-0.9534676127260242,-2.618028534370947,-0.09945067521171892,0
238095,-0.9576638437476157,-2.6186999313344015,-0.08921187151903563,0
238099,-0.9480964370183871,-2.602250705729763,-0.11976043335622186,0
238102,-0.9521248187991149,-2.605607690547036,-0.12278171969176775,0
238106,-0.9573281452658884,-2.6215533684290837,-0.10163271534294652,0
238110,-0.9586709391927977,-2.6336385137712672,-0.08535133897917144,0
238114,-0.9731059739070725,-2.6418631265735866,-0.08954757000076295,0
238118,-0.9360112916762036,-2.636156252384222,-0.09206530861371785,0
238122,-0.9497749294270237,-2.6294422827496757,-0.11052872510872053,0
238126,-0.9454108491645685,-2.5960402838178074,-0.11455710688944838,0
238130,-0.9311436636911573,-2.630785076676585,-0.11522850385290302,0
238134,-0.9502784771496147,-2.6321278706034943,-0.09777218280308232,0
238138,-0.9492713817044327,-2.625749599450675,-0.10968947890440223,0
238141,-0.9470893415732051,-2.6168535896849012,-0.10868238345922025,0
238145,-0.9452429999237049,-2.6596551461051345,-0.0982757305256733,0
238149,-0.9492713817044327,-2.642702372777905,-0.10834668497749293,0
238153,-0.94960708018616,-2.627763790341039,-0.09945067521171892,0
238157,-0.9517891203173876,-2.6252460517280842,-0.10347905699244678,0
238161,-0.9512855725947966,-2.618028534370947,-0.11052872510872053,0
238165,-0.9485999847409781,-2.61450370031281,-0.09961852445258258,0
238169,-0.9467536430914778,-2.60258640421149,-0.1093537804226749,0
238173,-0.9507820248722056,-2.599229419394217,-0.1170748455024033,0
238177,-0.9504463263904783,-2.6225604638742657,-0.1029755092698558,0
238181,-0.9454108491645685,-2.5960402838178074,-0.10784313725490195,0
238184,-0.951117723353933,-2.604600595101854,-0.10163271534294652,0
238188,-0.9529640650034332,-2.6153429465171283,-0.1012970168612192,0
238192,-0.9532997634851605,-2.6289387350270847,-0.10599679560540169,0
238196,-0.9531319142442969,-2.635652704661631,-0.10784313725490195,0
238200,-0.9548104066529335,-2.6324635690852216,-0.10415045395590142,0
238204,-0.9660563057907988,-2.6474021515220874,-0.10331120775158312,0
238208,-0.9563210498207064,-2.6186999313344015,-0.09206530861371785,0
238212,-0.951117723353933,-2.6148393987945373,-0.10196841382467384,0
238216,-0.9482642862592507,-2.6082932784008546,-0.10163271534294652,0
238220,-0.9561532005798428,-2.600572213321126,-0.0999542229343099,0
238224,-0.9566567483024337,-2.6126573586633097,-0.08098725871671625,0
238227,-0.9561532005798428,-2.601243610284581,-0.10331120775158312,0
238231,-0.9509498741130693,-2.5955367360952164,-0.10566109712367437,0
238235,-0.9559853513389791,-2.631792172121767,-0.10230411230640116,0
238239,-0.9541390096894788,-2.6265888456549935,-0.10532539864194705,0
238243,-0.957495994506752,-2.619874876020447,-0.10263981078812848,0
238247,-0.957999542229343,-2.62642099641413,-0.11388570992599374,0
238251,-0.9546425574120698,-2.6373311970702678,-0.1046540016784924,0
238255,-0.9521248187991149,-2.6200427252613108,-0.11271076523994812,0
238259,-0.9517891203173876,-2.6220569161516747,-0.09189745937285419,0
238263,-0.9492713817044327,-2.625749599450675,-0.09391165026321813,0
238266,-0.9531319142442969,-2.6331349660486763,-0.09928282597085526,0
238270,-0.9553139543755245,-2.637163347829404,-0.10196841382467384,0
238274,-0.9538033112077515,-2.635820553902495,-0.10431830319676508,0
238278,-0.9558175020981154,-2.6463950560769054,-0.10985732814526589,0
238282,-0.9502784771496147,-2.634813458457313,-0.10868238345922025,0
238286,-0.9428931105516136,-2.643709468223087,-0.09760433356221866,0
238290,-0.9615243762874799,-2.627931639581903,-0.09961852445258258,0
238294,-0.9482642862592507,-2.6032578011749448,-0.11170366979476615,0
238298,-0.9519569695582513,-2.6163500419623102,-0.1029755092698558,0
238302,-0.9492713817044327,-2.623903257801175,-0.10599679560540169,0
238306,-0.9524605172808422,-2.623903257801175,-0.09877927824826428,0
238309,-0.9504463263904783,-2.6336385137712672,-0.10515754940108339,0
238313,-0.9536354619668879,-2.6245746547646296,-0.09005111772335393,0
238317,-0.9512855725947966,-2.6166857404440376,-0.10750743877317463,0
238321,-0.9559853513389791,-2.6390096894789044,-0.10415045395590142,0
238325,-0.958503089951934,-2.642534523537041,-0.10331120775158312,0
238329,-0.9504463263904783,-2.6410238803692683,-0.10045777065690088,0
238333,-0.9480964370183871,-2.615510795757992,-0.097436484321355,0
238337,-0.951621271076524,-2.612489509422446,-0.10180056458381018,0
238341,-0.9464179446097505,-2.6126573586633097,-0.10112916762035554,0
238345,-0.9465857938506141,-2.6121538109407187,-0.10180056458381018,0
238349,-0.9531319142442969,-2.627763790341039,-0.10062561989776454,0
238352,-0.9613565270466162,-2.6494163424124513,-0.08602273594262608,0
238356,-0.9626993209735255,-2.64706645304036,-0.10750743877317463,0
238360,-0.9546425574120698,-2.646562905317769,-0.1029755092698558,0
238364,-0.9532997634851605,-2.644213015945678,-0.09928282597085526,0
238368,-0.9543068589303425,-2.6349813076981765,-0.10096131837949188,0
238372,-0.9566567483024337,-2.6255817502098115,-0.10885023270008393,0
238376,-0.9475928892957961,-2.6143358510719463,-0.10582894636453803,0
238380,-0.9459143968871595,-2.6019150072480355,-0.11069657434958419,0
238384,-0.950614175631342,-2.6217212176699474,-0.1170748455024033,0
238388,-0.9543068589303425,-2.6280994888227664,-0.10532539864194705,0
238392,-0.9459143968871595,-2.603089951934081,-0.10767528801403829,0
238395,-0.9526283665217059,-2.6166857404440376,-0.10901808194094759,0
238399,-0.9450751506828412,-2.662005035477226,-0.11355001144426642,0
238403,-0.9608529793240252,-2.65210193026627,-0.08736552986953536,0
238407,-0.957495994506752,-2.630281528953994,-0.1038147554741741,0
238411,-0.9517891203173876,-2.6296101319905394,-0.10633249408712901,0
238415,-0.9544747081712062,-2.635652704661631,-0.10851453421835659,0
238419,-0.9509498741130693,-2.6118181124589914,-0.10415045395590142,0
238423,-0.950614175631342,-2.628770885786221,-0.10582894636453803,0
238427,-0.9514534218356603,-2.617021438925765,-0.10566109712367437,0
238431,-0.9480964370183871,-2.6064469367513543,-0.11304646372167544,0
238434,-0.951621271076524,-2.6084611276417182,-0.10717174029144731,0
238438,-0.950614175631342,-2.627260242618448,-0.09642938887617303,0
238442,-0.9561532005798428,-2.611146715495537,-0.10666819256885633,0
238446,-0.9616922255283435,-2.6141680018310827,-0.10817883573662927,0
238450,-0.9568245975432974,-2.6148393987945373,-0.10398260471503776,0
238454,-0.9544747081712062,-2.630785076676585,-0.10733958953231097,0
238458,-0.9519569695582513,-2.6301136797131304,-0.1029755092698558,0
238462,-0.9455786984054322,-2.602250705729763,-0.10801098649576561,0
238466,-0.9469214923323415,-2.5988937209124896,-0.10566109712367437,0
238470,-0.9452429999237049,-2.6561303120469977,-0.10666819256885633,0
238474,-0.9494392309452964,-2.6270923933775845,-0.11774624246585794,0
238477,-0.9480964370183871,-2.6121538109407187,-0.11002517738612955,0
238481,-0.9536354619668879,-2.6062790875104906,-0.10700389105058365,0
238485,-0.9538033112077515,-2.6205462729839017,-0.10901808194094759,0
238489,-0.9519569695582513,-2.6230640115968566,-0.11036087586785687,0
238493,-0.9564888990615701,-2.6176928358892195,-0.08803692683299,0
238497,-0.9543068589303425,-2.622896162355993,-0.10196841382467384,0
238501,-0.9538033112077515,-2.6284351873044938,-0.10683604180971999,0
238505,-0.9527962157625696,-2.6240711070420386,-0.09928282597085526,0
238509,-0.9543068589303425,-2.625413900968948,-0.09777218280308232,0
238513,-0.9559853513389791,-2.6428702220187685,-0.10918593118181125,0
238517,-0.9613565270466162,-2.6541161211566338,-0.10247196154726482,0
238520,-0.950110627908751,-2.6385061417563134,-0.10851453421835659,0
238524,-0.949103532463569,-2.6373311970702678,-0.11355001144426642,0
238528,-0.9536354619668879,-2.623399710078584,-0.11002517738612955,0
238532,-0.9538033112077515,-2.6270923933775845,-0.10767528801403829,0
238536,-0.9534676127260242,-2.617357137407492,-0.10868238345922025,0
238540,-0.951621271076524,-2.609132524605173,-0.1029755092698558,0
238544,-0.951621271076524,-2.6103074692912185,-0.1093537804226749,0
238548,-0.957495994506752,-2.6087968261234455,-0.10431830319676508,0
238552,-0.9499427786678873,-2.619874876020447,-0.10918593118181125,0
238556,-0.9521248187991149,-2.6116502632181278,-0.10633249408712901,0
238559,-0.94960708018616,-2.608964675364309,-0.10448615243762874,0
238563,-0.9541390096894788,-2.6197070267795834,-0.12999923704890515,0
238567,-0.9502784771496147,-2.6225604638742657,-0.11153582055390249,0
238571,-0.9497749294270237,-2.62826733806363,-0.10834668497749293,0
238575,-0.9502784771496147,-2.626756694895857,-0.0999542229343099,0
238579,-0.9502784771496147,-2.6270923933775845,-0.09961852445258258,0
238583,-0.9549782558937971,-2.62642099641413,-0.0863584344243534,0
238587,-0.9475928892957961,-2.609636072327764,-0.09928282597085526,0
238591,-0.9539711604486152,-2.6217212176699474,-0.09693293659876402,0
238595,-0.9497749294270237,-2.6270923933775845,-0.10196841382467384,0
238599,-0.9526283665217059,-2.6304493781948577,-0.1132143129625391,0
238602,-0.9480964370183871,-2.6084611276417182,-0.10146486610208286,0
238606,-0.9531319142442969,-2.626924544136721,-0.09861142900740062,0
238610,-0.9558175020981154,-2.645052262149996,-0.09861142900740062,0
238614,-0.9455786984054322,-2.6057755397878997,-0.10616464484626535,0
238618,-0.9512855725947966,-2.6098039215686275,-0.10482185091935607,0
238622,-0.9571602960250247,-2.6252460517280842,-0.10885023270008393,0
238626,-0.9554818036163881,-2.635317006179904,-0.09894712748912794,0
238630,-0.9568245975432974,-2.624406805523766,-0.0982757305256733,0
238634,-0.9538033112077515,-2.628770885786221,-0.10498970016021973,0
238638,-0.9534676127260242,-2.6202105745021744,-0.09206530861371785,0
238642,-0.9358434424353399,-2.636324101625086,-0.10985732814526589,0
238645,-0.9588387884336613,-2.622392614633402,-0.11052872510872053,0
238649,-0.9534676127260242,-2.614000152590219,-0.11052872510872053,0
238653,-0.9519569695582513,-2.622392614633402,-0.1268101014724956,0
238657,-0.9568245975432974,-2.6161821927214466,-0.10482185091935607,0
238661,-0.958503089951934,-2.6336385137712672,-0.10750743877317463,0
238665,-0.9536354619668879,-2.622896162355993,-0.10767528801403829,0
238669,-0.9563210498207064,-2.607118333714809,-0.10482185091935607,0
238673,-0.9430609597924773,-2.643541618982223,-0.10599679560540169,0
238677,-0.9524605172808422,-2.6354848554207675,-0.10817883573662927,0
238681,-0.9509498741130693,-2.610978866254673,-0.10566109712367437,0
238685,-0.9578316929884794,-2.6242389562829023,-0.11472495613031204,0
238688,-0.9418860151064317,-2.646562905317769,-0.10733958953231097,0
238692,-0.960013733119707,-2.6499198901350423,-0.10968947890440223,0
238696,-0.9517891203173876,-2.6378347447928587,-0.10767528801403829,0
238700,-0.9586709391927977,-2.6383382925154497,-0.10331120775158312,0
238704,-0.9539711604486152,-2.6304493781948577,-0.10549324788281071,0
238708,-0.9514534218356603,-2.61953917753872,-0.10582894636453803,0
238712,-0.9558175020981154,-2.6415274280918593,-0.11942473487449454,0
238716,-0.9554818036163881,-2.6433737697413595,-0.09559014267185473,0
238720,-0.9549782558937971,-2.6329671168078126,-0.10045777065690088,0
238724,-0.9524605172808422,-2.6289387350270847,-0.0999542229343099,0
238727,-0.9507820248722056,-2.608964675364309,-0.10112916762035554,0
238731,-0.9539711604486152,-2.6197070267795834,-0.09424734874494545,0
238735,-0.959510185397116,-2.6237354085603113,-0.09844357976653696,0
238739,-0.9519569695582513,-2.6230640115968566,-0.10079346913862822,0
238743,-0.9467536430914778,-2.6076218814374,-0.11724269474326696,0
238747,-0.957495994506752,-2.610475318532082,-0.10868238345922025,0
238751,-0.9548104066529335,-2.616014343480583,-0.10314335851071946,0
238755,-0.9392004272526131,-2.647570000762951,-0.10801098649576561,0
238759,-0.9504463263904783,-2.6408560311284046,-0.1038147554741741,0
238763,-0.9519569695582513,-2.6314564736400397,-0.11287861448081178,0
238767,-0.9469214923323415,-2.6047684443427177,-0.10247196154726482,0
238770,-0.9532997634851605,-2.6301136797131304,-0.12882429236285953,0
238774,-0.9492713817044327,-2.6270923933775845,-0.13772030212863354,0
238778,-0.9521248187991149,-2.619035629816129,-0.12714579995422293,0
238782,-0.9507820248722056,-2.605104142824445,-0.10750743877317463,0
238786,-0.959510185397116,-2.617021438925765,-0.07326619363698787,0
238790,-0.9645456626230259,-2.635652704661631,-0.05933470664530403,0
238794,-0.9551461051346608,-2.6443808651865415,-0.07779812314030671,0
238798,-0.9455786984054322,-2.6019150072480355,-0.09945067521171892,0
238802,-0.9402075226977951,-2.6156786449988556,-0.12110322728313115,0
238806,-0.9454108491645685,-2.589158464942397,-0.12479591058213169,0
238810,-0.9509498741130693,-2.59066910811017,-0.12613870450904097,0
238813,-0.9531319142442969,-2.6230640115968566,-0.13503471427481498,0
238817,-0.9532997634851605,-2.6286030365453574,-0.11925688563363088,0
238821,-0.9460822461280232,-2.6123216601815824,-0.1187533379110399,0
238825,-0.941718165865568,-2.6393453879606317,-0.10163271534294652,0
238829,-0.9489356832227054,-2.6225604638742657,-0.09105821316853589,0
238833,-0.9455786984054322,-2.5983901731898986,-0.09223315785458151,0
238837,-0.9454108491645685,-2.5852979324025327,-0.0863584344243534,0
238841,-0.9464179446097505,-2.5985580224307623,-0.10180056458381018,0
238845,-0.9425574120698863,-2.643205920500496,-0.10196841382467384,0
238849,-0.979316395819028,-2.656969558251316,-0.10263981078812848,0
238852,-0.9507820248722056,-2.6250782024872206,-0.10683604180971999,0
238856,-0.9606851300831616,-2.6413595788509956,-0.10566109712367437,0
238860,-0.9626993209735255,-2.646562905317769,-0.10079346913862822,0
238864,-0.9586709391927977,-2.6467307545586327,-0.09659723811703669,0
238868,-0.9613565270466162,-2.656969558251316,-0.10398260471503776,0
238872,-0.9517891203173876,-2.6393453879606317,-0.08870832379644464,0
238876,-0.9637064164187075,-2.6395132372014953,-0.10750743877317463,0
238880,-0.9618600747692072,-2.6380025940337224,-0.10650034332799267,0
238884,-0.9558175020981154,-2.6527733272297245,-0.10834668497749293,0
238888,-0.9643778133821621,-2.640688181887541,-0.10549324788281071,0
238892,-0.9538033112077515,-2.63514915693904,-0.10733958953231097,0
238895,-0.9512855725947966,-2.6245746547646296,-0.1046540016784924,0
238899,-0.9538033112077515,-2.625917448691539,-0.10717174029144731,0
238903,-0.9566567483024337,-2.618532082093538,-0.1029755092698558,0
238907,-0.9543068589303425,-2.6222247653925383,-0.09726863508049134,0
238911,-0.9487678339818417,-2.615007248035401,-0.09324025329976349,0
238915,-0.9564888990615701,-2.6151750972762646,-0.09575799191271839,0
238919,-0.9440680552376592,-2.6467307545586327,-0.09525444419012741,0
238923,-0.9578316929884794,-2.634645609216449,-0.09592584115358205,0
238927,-0.9376897840848402,-2.6438773174639505,-0.09559014267185473,0
238931,-0.9532997634851605,-2.642534523537041,-0.10180056458381018,0
238935,-0.9539711604486152,-2.6349813076981765,-0.10314335851071946,0
238938,-0.9514534218356603,-2.62138551918822,-0.10196841382467384,0
238942,-0.9386968795300221,-2.639681086442359,-0.10263981078812848,0
238946,-0.94960708018616,-2.622392614633402,-0.10952162966353857,0
238950,-0.9400396734569314,-2.62642099641413,-0.10448615243762874,0
238954,-0.9392004272526131,-2.6504234378576332,-0.10767528801403829,0
238958,-0.9462500953688868,-2.618364232852674,-0.10062561989776454,0
238962,-0.9449073014419775,-2.6507591363393606,-0.10331120775158312,0
238966,-0.9462500953688868,-2.618867780575265,-0.0999542229343099,0
238970,-0.9700846875715267,-2.635317006179904,-0.10868238345922025,0
238974,-0.9477607385366598,-2.6311207751583123,-0.10616464484626535,0
238978,-0.9454108491645685,-2.5970473792629893,-0.10750743877317463,0
238981,-0.9385290302891585,-2.633806363012131,-0.1101930266269932,0
238985,-0.9472571908140688,-2.618028534370947,-0.10683604180971999,0
238989,-0.9538033112077515,-2.6304493781948577,-0.10700389105058365,0
238993,-0.9480964370183871,-2.609636072327764,-0.11136797131303883,0
238997,-0.9546425574120698,-2.6306172274357214,-0.10398260471503776,0
239001,-0.9536354619668879,-2.6186999313344015,-0.10230411230640116,0
239005,-0.9512855725947966,-2.6126573586633097,-0.10415045395590142,0
239009,-0.9521248187991149,-2.609971770809491,-0.1021362630655375,0
239013,-0.9569924467841611,-2.612489509422446,-0.09810788128480964,0
239017,-0.9697489890897993,-2.6245746547646296,-0.09760433356221866,0
239020,-0.9569924467841611,-2.621889066910811,-0.10096131837949188,0
239024,-0.94960708018616,-2.615007248035401,-0.10062561989776454,0
239028,-0.9556496528572518,-2.6280994888227664,-0.1021362630655375,0
239032,-0.9532997634851605,-2.6374990463111314,-0.10045777065690088,0
239036,-0.9573281452658884,-2.634142061493858,-0.08753337911039902,0
239040,-0.9568245975432974,-2.6222247653925383,-0.09794003204394598,0
239044,-0.9569924467841611,-2.6163500419623102,-0.09491874570840009,0
239048,-0.9536354619668879,-2.6138323033493553,-0.09894712748912794,0
239052,-0.9578316929884794,-2.6247425040054932,-0.0863584344243534,0
239056,-0.9514534218356603,-2.6151750972762646,-0.09458304722667277,0
239060,-0.9531319142442969,-2.629274433508812,-0.1021362630655375,0
239063,-0.9534676127260242,-2.6207141222247654,-0.11355001144426642,0
239067,-0.9532997634851605,-2.632799267566949,-0.12748149843595025,0
239071,-0.9345006485084306,-2.65394827191577,-0.12697795071335927,0
239075,-0.9487678339818417,-2.6306172274357214,-0.10331120775158312,0
239079,-0.9633707179369801,-2.643205920500496,-0.08400854505226214,0
239083,-0.957999542229343,-2.6368276493476768,-0.09290455481803617,0
239087,-0.94960708018616,-2.618532082093538,-0.10599679560540169,0
239091,-0.9365148393987945,-2.6334706645304036,-0.1148928053711757,0
239095,-0.9380254825665675,-2.641191729610132,-0.11690699626153964,0
239099,-0.9430609597924773,-2.6527733272297245,-0.11455710688944838,0
239103,-0.949103532463569,-2.642534523537041,-0.11690699626153964,0
239106,-0.9536354619668879,-2.620378423743038,-0.12194247348744945,0
239110,-0.9494392309452964,-2.6146715495536736,-0.11892118715190356,0
239114,-0.9462500953688868,-2.601243610284581,-0.10482185091935607,0
239118,-0.9475928892957961,-2.6059433890287633,-0.10968947890440223,0
239122,-0.9524605172808422,-2.619035629816129,-0.11103227283131151,0
239126,-0.9532997634851605,-2.6324635690852216,-0.10666819256885633,0
239130,-0.950614175631342,-2.6373311970702678,-0.11254291599908445,0
239134,-0.9400396734569314,-2.632799267566949,-0.11355001144426642,0
239138,-0.9529640650034332,-2.6247425040054932,-0.11220721751735713,0
239142,-0.9544747081712062,-2.6364919508659495,-0.0999542229343099,0
239145,-0.951621271076524,-2.618364232852674,-0.10280766002899214,0
239149,-0.9514534218356603,-2.6133287556267644,-0.09424734874494545,0
239153,-0.9465857938506141,-2.6158464942397193,-0.10263981078812848,0
239157,-0.9536354619668879,-2.609971770809491,-0.09726863508049134,0
239161,-0.9366826886396582,-2.6309529259174487,-0.10096131837949188,0
239165,-0.9583352407110703,-2.630281528953994,-0.09407949950408179,0
239169,-0.9524605172808422,-2.627931639581903,-0.10062561989776454,0
239173,-0.9563210498207064,-2.6141680018310827,-0.10398260471503776,0
239177,-0.9539711604486152,-2.6232318608377203,-0.10163271534294652,0
239181,-0.9504463263904783,-2.6349813076981765,-0.09928282597085526,0
239185,-0.9558175020981154,-2.650087739375906,-0.10314335851071946,0
239188,-0.9549782558937971,-2.636324101625086,-0.09391165026321813,0
239192,-0.9526283665217059,-2.6316243228809033,-0.10012207217517356,0
239196,-0.9568245975432974,-2.6192034790569925,-0.10280766002899214,0
239200,-0.9541390096894788,-2.6245746547646296,-0.09794003204394598,0
239204,-0.9573281452658884,-2.627763790341039,-0.10196841382467384,0
239208,-0.950614175631342,-2.6373311970702678,-0.10616464484626535,0
239212,-0.9472571908140688,-2.622392614633402,-0.09978637369344624,0
239216,-0.9462500953688868,-2.6047684443427177,-0.10263981078812848,0
239220,-0.9459143968871595,-2.6009079118028535,-0.10700389105058365,0
239224,-0.9564888990615701,-2.6067826352330816,-0.1012970168612192,0
239228,-0.950614175631342,-2.628770885786221,-0.11254291599908445,0
239231,-0.9512855725947966,-2.620881971465629,-0.1038147554741741,0
239235,-0.9512855725947966,-2.617021438925765,-0.10196841382467384,0
239239,-0.9519569695582513,-2.62138551918822,-0.10196841382467384,0
239243,-0.9524605172808422,-2.622896162355993,-0.10280766002899214,0
239247,-0.9289616235599297,-2.644548714427405,-0.10196841382467384,0
239251,-0.9398718242160677,-2.664858472571908,-0.10817883573662927,0
239255,-0.950614175631342,-2.65210193026627,-0.09710078583962768,0
239259,-0.9536354619668879,-2.6311207751583123,-0.10230411230640116,0
239263,-0.9509498741130693,-2.6116502632181278,-0.1046540016784924,0
239267,-0.9487678339818417,-2.609636072327764,-0.10263981078812848,0
239271,-0.9504463263904783,-2.6299458304722667,-0.10180056458381018,0
239274,-0.9541390096894788,-2.625917448691539,-0.10331120775158312,0
239278,-0.9497749294270237,-2.626924544136721,-0.09794003204394598,0
239282,-0.9464179446097505,-2.6166857404440376,-0.09458304722667277,0
239286,-0.9467536430914778,-2.6032578011749448,-0.11472495613031204,0
239290,-0.9536354619668879,-2.6082932784008546,-0.1029755092698558,0
239294,-0.9541390096894788,-2.6207141222247654,-0.10448615243762874,0
239298,-0.9532997634851605,-2.6319600213626306,-0.10582894636453803,0
239302,-0.950614175631342,-2.638673990997177,-0.09693293659876402,0
239306,-0.9568245975432974,-2.6250782024872206,-0.10415045395590142,0
239310,-0.9551461051346608,-2.635820553902495,-0.10331120775158312,0
239313,-0.9558175020981154,-2.6492484931715876,-0.10230411230640116,0
239317,-0.9554818036163881,-2.645052262149996,-0.11187151903562981,0
239321,-0.9687418936446174,-2.6532768749523155,-0.10146486610208286,0
239325,-0.9559853513389791,-2.654955367360952,-0.10347905699244678,0
239329,-0.9613565270466162,-2.662005035477226,-0.10331120775158312,0
239333,-0.9561532005798428,-2.625917448691539,-0.10263981078812848,0
239337,-0.951117723353933,-2.616517891203174,-0.10146486610208286,0
239341,-0.9373540856031128,-2.6250782024872206,-0.10431830319676508,0
239345,-0.9526283665217059,-2.6227283131151293,-0.10314335851071946,0
239349,-0.9467536430914778,-2.6064469367513543,-0.10331120775158312,0
239353,-0.9539711604486152,-2.618028534370947,-0.1046540016784924,0
239356,-0.9566567483024337,-2.6171892881666285,-0.10817883573662927,0
239360,-0.9553139543755245,-2.6284351873044938,-0.10079346913862822,0
239364,-0.9512855725947966,-2.617524986648356,-0.09038681620508125,0
239368,-0.951621271076524,-2.6121538109407187,-0.09324025329976349,0
239372,-0.9514534218356603,-2.611146715495537,-0.097436484321355,0
239376,-0.9556496528572518,-2.627931639581903,-0.09861142900740062,0
239380,-0.9538033112077515,-2.6289387350270847,-0.10146486610208286,0
239384,-0.9559853513389791,-2.6467307545586327,-0.09005111772335393,0
239388,-0.9465857938506141,-2.6176928358892195,-0.09676508735790035,0
239392,-0.9543068589303425,-2.6220569161516747,-0.1021362630655375,0
239396,-0.9573281452658884,-2.627931639581903,-0.10196841382467384,0
239399,-0.9499427786678873,-2.6296101319905394,-0.1012970168612192,0
239403,-0.9517891203173876,-2.6289387350270847,-0.10196841382467384,0
239407,-0.9526283665217059,-2.626253147173266,-0.10549324788281071,0
239411,-0.9657206073090715,-2.6398489356832227,-0.09458304722667277,0
239415,-0.9517891203173876,-2.6339742122529946,-0.10817883573662927,0
239419,-0.959006637674525,-2.6240711070420386,-0.10062561989776454,0
239423,-0.9539711604486152,-2.6260852979324025,-0.10415045395590142,0
239427,-0.9578316929884794,-2.626756694895857,-0.10482185091935607,0
239431,-0.9284580758373387,-2.639177538719768,-0.0999542229343099,0
239435,-0.9485999847409781,-2.6227283131151293,-0.10717174029144731,0
239438,-0.9482642862592507,-2.6029221026932174,-0.11388570992599374,0
239442,-0.9527962157625696,-2.6136644541084917,-0.10784313725490195,0
239446,-0.9536354619668879,-2.6123216601815824,-0.10314335851071946,0
239450,-0.9462500953688868,-2.6009079118028535,-0.09961852445258258,0
239454,-0.951621271076524,-2.6039291981383994,-0.09894712748912794,0
239458,-0.9470893415732051,-2.606614785992218,-0.10566109712367437,0
239462,-0.9459143968871595,-2.601243610284581,-0.10062561989776454,0
239466,-0.951117723353933,-2.606614785992218,-0.10582894636453803,0
239470,-0.9479285877775234,-2.6171892881666285,-0.10448615243762874,0
239474,-0.94960708018616,-2.612993057145037,-0.09861142900740062,0
239478,-0.9474250400549324,-2.6103074692912185,-0.10112916762035554,0
239481,-0.9454108491645685,-2.5958724345769437,-0.09945067521171892,0
239485,-0.9519569695582513,-2.612993057145037,-0.10112916762035554,0
239489,-0.9514534218356603,-2.6113145647364004,-0.10532539864194705,0
239493,-0.9522926680399786,-2.6098039215686275,-0.10885023270008393,0
239497,-0.9576638437476157,-2.612993057145037,-0.10683604180971999,0
239501,-0.9702525368123903,-2.635652704661631,-0.1046540016784924,0
239505,-0.9553139543755245,-2.6413595788509956,-0.10431830319676508,0
239509,-0.957999542229343,-2.636324101625086,-0.10280766002899214,0
239513,-0.9556496528572518,-2.6369954985885404,-0.10952162966353857,0
239517,-0.9512855725947966,-2.6247425040054932,-0.11203936827649347,0
239521,-0.9497749294270237,-2.6306172274357214,-0.09777218280308232,0
239524,-0.9548104066529335,-2.6227283131151293,-0.10868238345922025,0
239528,-0.9534676127260242,-2.6128252079041734,-0.11153582055390249,0
239532,-0.9559853513389791,-2.6393453879606317,-0.10784313725490195,0
239536,-0.950614175631342,-2.643205920500496,-0.10985732814526589,0
239540,-0.9457465476462958,-2.6171892881666285,-0.10415045395590142,0
239544,-0.9539711604486152,-2.622392614633402,-0.10666819256885633,0
239548,-0.9499427786678873,-2.624910353246357,-0.10515754940108339,0
239552,-0.9571602960250247,-2.6291065842679484,-0.10314335851071946,0
239556,-0.9507820248722056,-2.608964675364309,-0.10028992141603722,0
239560,-0.9536354619668879,-2.6082932784008546,-0.10834668497749293,0
239564,-0.9480964370183871,-2.5993972686350806,-0.1012970168612192,0
239567,-0.9551461051346608,-2.625413900968948,-0.10398260471503776,0
239571,-0.9548104066529335,-2.6260852979324025,-0.10817883573662927,0
239575,-0.9512855725947966,-2.6141680018310827,-0.10028992141603722,0
239579,-0.9569924467841611,-2.6138323033493553,-0.09978637369344624,0
239583,-0.9566567483024337,-2.6153429465171283,-0.09139391165026321,0
239587,-0.9469214923323415,-2.606111238269627,-0.10079346913862822,0
239591,-0.9652170595864805,-2.636324101625086,-0.09861142900740062,0
239595,-0.9467536430914778,-2.6143358510719463,-0.1046540016784924,0
239599,-0.9551461051346608,-2.6306172274357214,-0.10062561989776454,0
239603,-0.9561532005798428,-2.6128252079041734,-0.09307240405889983,0
239606,-0.9551461051346608,-2.6334706645304036,-0.10599679560540169,0
239573,,,,1
239610,-0.9573281452658884,-2.638170443274586,-0.10196841382467384,0
239614,-0.9477607385366598,-2.624910353246357,-0.1293278400854505,0
239618,-0.9449073014419775,-2.6542839703974974,-0.11992828259708552,0
239622,-0.9573281452658884,-2.6433737697413595,-0.11355001144426642,0
239626,-0.9645456626230259,-2.651598382543679,-0.07796597238117037,0
239630,-0.957999542229343,-2.6393453879606317,-0.0658808270389868,0
239634,-0.9620279240100709,-2.635820553902495,-0.0683985656519417,0
239638,-0.951621271076524,-2.620881971465629,-0.09223315785458151,0
239642,-0.950110627908751,-2.622896162355993,-0.11086442359044785,0
239646,-0.9445716029602502,-2.6562981612878613,-0.12798504615854123,0
239649,-0.9507820248722056,-2.6222247653925383,-0.1353704127565423,0
239653,-0.9571602960250247,-2.627763790341039,-0.11589990081635766,0
239657,-0.9536354619668879,-2.6202105745021744,-0.11841763942931258,0
239661,-0.9543068589303425,-2.622392614633402,-0.10733958953231097,0
239665,-0.9465857938506141,-2.613496604867628,-0.10817883573662927,0
239669,-0.9526283665217059,-2.622896162355993,-0.11052872510872053,0
239673,-0.9454108491645685,-2.5935225452048525,-0.10096131837949188,0
239677,-0.9457465476462958,-2.59570458533608,-0.10700389105058365,0
239681,-0.9454108491645685,-2.5753948271915768,-0.10650034332799267,0
239685,-0.9544747081712062,-2.618532082093538,-0.10868238345922025,0
239689,-0.9544747081712062,-2.6314564736400397,-0.11187151903562981,0
239692,-0.9452429999237049,-2.6680476081483175,-0.10885023270008393,0
239696,-0.9632028686961165,-2.652437628747997,-0.10700389105058365,0
239700,-0.959510185397116,-2.642534523537041,-0.08954757000076295,0
239704,-0.9469214923323415,-2.6131609063859007,-0.09928282597085526,0
239708,-0.957495994506752,-2.6116502632181278,-0.10683604180971999,0
239712,-0.9586709391927977,-2.636324101625086,-0.10079346913862822,0
239716,-0.9477607385366598,-2.6286030365453574,-0.09525444419012741,0
239720,-0.9538033112077515,-2.6270923933775845,-0.10733958953231097,0
239724,-0.959006637674525,-2.622896162355993,-0.10599679560540169,0
239728,-0.9601815823605706,-2.6291065842679484,-0.10918593118181125,0
239731,-0.9650492103456169,-2.640688181887541,-0.11220721751735713,0
239735,-0.9583352407110703,-2.6336385137712672,-0.10230411230640116,0
239739,-0.9454108491645685,-2.605104142824445,-0.10918593118181125,0
239743,-0.9522926680399786,-2.607118333714809,-0.10347905699244678,0
239747,-0.94960708018616,-2.6093003738460365,-0.09710078583962768,0
239751,-0.9469214923323415,-2.5999008163576716,-0.09626153963530937,0
239755,-0.9517891203173876,-2.6161821927214466,-0.10163271534294652,0
239759,-0.9447394522011139,-2.6542839703974974,-0.09760433356221866,0
239763,-0.9593423361562523,-2.6433737697413595,-0.10415045395590142,0
239767,-0.9630350194552528,-2.6331349660486763,-0.1038147554741741,0
239771,-0.9569924467841611,-2.6168535896849012,-0.10885023270008393,0
239774,-0.951621271076524,-2.6171892881666285,-0.10347905699244678,0
239778,-0.9559853513389791,-2.642198825055314,-0.10012207217517356,0
239782,-0.9477607385366598,-2.631288624399176,-0.10985732814526589,0
239786,-0.9571602960250247,-2.63330281528954,-0.1046540016784924,0
239790,-0.9494392309452964,-2.6205462729839017,-0.09122606240939955,0
239794,-0.9480964370183871,-2.6057755397878997,-0.11338216220340276,0
239798,-0.9499427786678873,-2.6200427252613108,-0.09441519798580911,0
239802,-0.9529640650034332,-2.619035629816129,-0.11036087586785687,0
239806,-0.9480964370183871,-2.6079575799191272,-0.1038147554741741,0
239810,-0.9492713817044327,-2.6210498207064927,-0.10885023270008393,0
239814,-0.9477607385366598,-2.6230640115968566,-0.10566109712367437,0
239817,-0.9485999847409781,-2.615007248035401,-0.10196841382467384,0
239821,-0.9509498741130693,-2.6000686655985352,-0.10230411230640116,0
239825,-0.9465857938506141,-2.6054398413061723,-0.10750743877317463,0
239829,-0.9487678339818417,-2.6082932784008546,-0.1038147554741741,0
239833,-0.9497749294270237,-2.619874876020447,-0.10196841382467384,0
239837,-0.9472571908140688,-2.6121538109407187,-0.11052872510872053,0
239841,-0.9529640650034332,-2.617524986648356,-0.09441519798580911,0
239845,-0.9504463263904783,-2.6354848554207675,-0.09726863508049134,0
239849,-0.9521248187991149,-2.61953917753872,-0.1093537804226749,0
239853,-0.959006637674525,-2.6166857404440376,-0.09877927824826428,0
239857,-0.9479285877775234,-2.6232318608377203,-0.10062561989776454,0
239860,-0.9541390096894788,-2.6225604638742657,-0.1301670862897688,0
239864,-0.9558175020981154,-2.645052262149996,-0.10180056458381018,0
239868,-0.9450751506828412,-2.6734187838559547,-0.10028992141603722,0
239872,-0.9527962157625696,-2.6482413977264057,-0.10028992141603722,0
239876,-0.9529640650034332,-2.631792172121767,-0.11136797131303883,0
239880,-0.9529640650034332,-2.627260242618448,-0.08182650492103456,0
239884,-0.9526283665217059,-2.6255817502098115,-0.10347905699244678,0
239888,-0.9480964370183871,-2.609132524605173,-0.11976043335622186,0
239892,-0.9526283665217059,-2.618364232852674,-0.08770122835126268,0
239896,-0.9583352407110703,-2.620378423743038,-0.10767528801403829,0
239899,-0.94960708018616,-2.6128252079041734,-0.10868238345922025,0
239903,-0.9621957732509345,-2.620378423743038,-0.11522850385290302,0
239907,-0.9581673914702067,-2.6220569161516747,-0.12479591058213169,0
239911,-0.9573281452658884,-2.6284351873044938,-0.12278171969176775,0
239915,-0.9588387884336613,-2.619035629816129,-0.10750743877317463,0
239919,-0.9539711604486152,-2.6252460517280842,-0.08954757000076295,0
239923,-0.9566567483024337,-2.6200427252613108,-0.08602273594262608,0
239927,-0.9519569695582513,-2.6222247653925383,-0.09777218280308232,0
239931,-0.9521248187991149,-2.608964675364309,-0.11052872510872053,0
239935,-0.9460822461280232,-2.5980544747081713,-0.10532539864194705,0
239939,-0.9460822461280232,-2.5918440527962154,-0.10918593118181125,0
239942,-0.9457465476462958,-2.594697489890898,-0.12211032272831311,0
239946,-0.9529640650034332,-2.610475318532082,-0.11136797131303883,0
239950,-0.94960708018616,-2.6103074692912185,-0.1392309452964065,0
239954,-0.9507820248722056,-2.604097047379263,-0.1179140917067216,0
239958,-0.9398718242160677,-2.6484092469672693,-0.1179140917067216,0
239962,-0.9499427786678873,-2.6374990463111314,-0.11606775005722132,0
239966,-0.9460822461280232,-2.6103074692912185,-0.10985732814526589,0
239970,-0.9534676127260242,-2.610978866254673,-0.09676508735790035,0
239974,-0.9472571908140688,-2.6113145647364004,-0.10482185091935607,0
239978,-0.9489356832227054,-2.609636072327764,-0.10700389105058365,0
239982,-0.9479285877775234,-2.6205462729839017,-0.10918593118181125,0
239985,-0.9507820248722056,-2.603089951934081,-0.10448615243762874,0
239989,-0.9522926680399786,-2.6069504844739453,-0.11187151903562981,0
239993,-0.9512855725947966,-2.6108110170138095,-0.10985732814526589,0
239997,-0.9538033112077515,-2.6200427252613108,-0.09374380102235447,0
240001,-0.9657206073090715,-2.6398489356832227,-0.10448615243762874,0
240005,-0.9548104066529335,-2.6336385137712672,-0.10750743877317463,0
240009,-0.9529640650034332,-2.6294422827496757,-0.10733958953231097,0
240013,-0.9532997634851605,-2.634309910734722,-0.10062561989776454,0
240017,-0.9558175020981154,-2.647570000762951,-0.10885023270008393,0
240021,-0.9509498741130693,-2.6138323033493553,-0.10700389105058365,0
240024,-0.9544747081712062,-2.6280994888227664,-0.1140535591668574,0
240028,-0.9521248187991149,-2.615007248035401,-0.10515754940108339,0
240032,-0.9517891203173876,-2.6222247653925383,-0.10700389105058365,0
240036,-0.9561532005798428,-2.6059433890287633,-0.1021362630655375,0
240040,-0.9519569695582513,-2.617524986648356,-0.11925688563363088,0
240044,-0.9548104066529335,-2.6237354085603113,-0.10566109712367437,0
240048,-0.9546425574120698,-2.6359884031433585,-0.10733958953231097,0
240052,-0.9566567483024337,-2.6286030365453574,-0.12328526741435873,0
240056,-0.9596780346379796,-2.628770885786221,-0.10616464484626535,0
240060,-0.9581673914702067,-2.6309529259174487,-0.11455710688944838,0
240064,-0.9430609597924773,-2.651598382543679,-0.10515754940108339,0
240067,-0.9455786984054322,-2.6087968261234455,-0.09710078583962768,0
240071,-0.9452429999237049,-2.6546196688792247,-0.11120012207217517,0
240075,-0.9444037537193866,-2.661501487754635,-0.10582894636453803,0
240079,-0.9509498741130693,-2.6235675593194476,-0.10062561989776454,0
240083,-0.9548104066529335,-2.6240711070420386,-0.10616464484626535,0
240087,-0.9568245975432974,-2.62138551918822,-0.08988326848249027,0
240091,-0.9484321355001144,-2.6153429465171283,-0.11002517738612955,0
240095,-0.9561532005798428,-2.601579308766308,-0.0991149767299916,0
240099,-0.9519569695582513,-2.617357137407492,-0.09844357976653696,0
240103,-0.9521248187991149,-2.6103074692912185,-0.09945067521171892,0
240107,-0.9522926680399786,-2.608964675364309,-0.09139391165026321,0
240110,-0.9489356832227054,-2.610139620050355,-0.09810788128480964,0
240114,-0.9559853513389791,-2.643038071259632,-0.10717174029144731,0
240118,-0.94960708018616,-2.625413900968948,-0.10062561989776454,0
240122,-0.9519569695582513,-2.621889066910811,-0.09693293659876402,0
240126,-0.9450751506828412,-2.666369115739681,-0.10280766002899214,0
240130,-0.9445716029602502,-2.6720759899290454,-0.12915999084458685,0
240134,-0.9502784771496147,-2.649080643930724,-0.09894712748912794,0
240138,-0.9480964370183871,-2.61953917753872,-0.09945067521171892,0
240142,-0.949103532463569,-2.6252460517280842,-0.10482185091935607,0
240146,-0.9527962157625696,-2.623399710078584,-0.10784313725490195,0
240150,-0.9553139543755245,-2.6364919508659495,-0.10498970016021973,0
240153,-0.949103532463569,-2.631792172121767,-0.10079346913862822,0
240157,-0.951117723353933,-2.6207141222247654,-0.1046540016784924,0
240161,-0.9469214923323415,-2.6042648966201267,-0.10582894636453803,0
240165,-0.9492713817044327,-2.6181963836118105,-0.10582894636453803,0
240169,-0.9549782558937971,-2.6215533684290837,-0.09374380102235447,0
240173,-0.9549782558937971,-2.6250782024872206,-0.10196841382467384,0
240177,-0.9529640650034332,-2.6230640115968566,-0.10364690623331044,0
240181,-0.9454108491645685,-2.5985580224307623,-0.11153582055390249,0
240185,-0.9521248187991149,-2.6014114595254445,-0.10482185091935607,0
240189,-0.9494392309452964,-2.608628976882582,-0.10062561989776454,0
240192,-0.950614175631342,-2.6294422827496757,-0.09844357976653696,0
240196,-0.9457465476462958,-2.6079575799191272,-0.09475089646753643,0
240200,-0.949103532463569,-2.619371328297856,-0.10683604180971999,0
240204,-0.9469214923323415,-2.6034256504158084,-0.10062561989776454,0
240208,-0.9512855725947966,-2.6077897306782636,-0.10196841382467384,0
240212,-0.9454108491645685,-2.5873121232928966,-0.10314335851071946,0
240216,-0.9454108491645685,-2.581101701380941,-0.11170366979476615,0
240220,-0.9445716029602502,-2.6368276493476768,-0.10112916762035554,0
240224,-0.9538033112077515,-2.627763790341039,-0.10112916762035554,0
240228,-0.9425574120698863,-2.6527733272297245,-0.11153582055390249,0
240232,-0.9603494316014343,-2.639681086442359,-0.10851453421835659,0
240235,-0.9611886778057526,-2.648577096208133,-0.1029755092698558,0
240239,-0.9509498741130693,-2.6186999313344015,-0.10247196154726482,0
240243,-0.9418860151064317,-2.646562905317769,-0.10968947890440223,0
240247,-0.9541390096894788,-2.637163347829404,-0.10885023270008393,0
240251,-0.9504463263904783,-2.642534523537041,-0.10784313725490195,0
240255,-0.9548104066529335,-2.632295719844358,-0.10280766002899214,0
240259,-0.9457465476462958,-2.6123216601815824,-0.09542229343099107,0
240263,-0.950110627908751,-2.6210498207064927,-0.09659723811703669,0
240267,-0.9524605172808422,-2.624406805523766,-0.10028992141603722,0
240271,-0.9433966582742046,-2.6448844129091325,-0.10566109712367437,0
240275,-0.9507820248722056,-2.6146715495536736,-0.09978637369344624,0
240278,-0.9578316929884794,-2.629777981231403,-0.0982757305256733,0
240282,-0.9541390096894788,-2.6255817502098115,-0.10549324788281071,0
240286,-0.9475928892957961,-2.614000152590219,-0.0991149767299916,0
240290,-0.9482642862592507,-2.6024185549706265,-0.10985732814526589,0
240294,-0.9474250400549324,-2.6082932784008546,-0.10263981078812848,0
240298,-0.9531319142442969,-2.6240711070420386,-0.10616464484626535,0
240302,-0.9482642862592507,-2.6077897306782636,-0.10683604180971999,0
240306,-0.9512855725947966,-2.611482413977264,-0.115732051575494,0
240310,-0.9477607385366598,-2.623399710078584,-0.10112916762035554,0
240314,-0.9462500953688868,-2.6084611276417182,-0.11052872510872053,0
240317,-0.951621271076524,-2.609636072327764,-0.11170366979476615,0
240321,-0.951621271076524,-2.6072861829556726,-0.09894712748912794,0
240325,-0.9499427786678873,-2.6200427252613108,-0.11522850385290302,0
240329,-0.9474250400549324,-2.613496604867628,-0.11036087586785687,0
240333,-0.9485999847409781,-2.6121538109407187,-0.11086442359044785,0
240337,-0.9459143968871595,-2.60258640421149,-0.10549324788281071,0
240341,-0.94272526131075,-2.6286030365453574,-0.10599679560540169,0
240342,,,,1
240345,-0.9459143968871595,-2.605104142824445,-0.10599679560540169,0
240349,-0.9477607385366598,-2.6146715495536736,-0.10633249408712901,0
240353,-0.9517891203173876,-2.619371328297856,-0.11086442359044785,0
240357,-0.942221713588159,-2.645555809872587,-0.10263981078812848,0
240360,-0.9397039749752041,-2.6625085831998168,-0.10851453421835659,0
240364,-0.9467536430914778,-2.6220569161516747,-0.10599679560540169,0
240368,-0.9475928892957961,-2.6098039215686275,-0.10767528801403829,0
240372,-0.9499427786678873,-2.620378423743038,-0.11522850385290302,0
240376,-0.9538033112077515,-2.625749599450675,-0.10683604180971999,0
240380,-0.9472571908140688,-2.616517891203174,-0.10633249408712901,0
240384,-0.9527962157625696,-2.624406805523766,-0.11170366979476615,0
240388,-0.9514534218356603,-2.6176928358892195,-0.10163271534294652,0
240392,-0.9524605172808422,-2.6255817502098115,-0.11103227283131151,0
240396,-0.9502784771496147,-2.626924544136721,-0.11589990081635766,0
240400,-0.9445716029602502,-2.660326543068589,-0.10767528801403829,0
240403,-0.9477607385366598,-2.6393453879606317,-0.11455710688944838,0
240407,-0.9454108491645685,-2.604097047379263,-0.10431830319676508,0
240411,-0.9492713817044327,-2.61953917753872,-0.10549324788281071,0
240415,-0.9519569695582513,-2.622392614633402,-0.1012970168612192,0
240419,-0.9484321355001144,-2.617021438925765,-0.1046540016784924,0
240423,-0.9559853513389791,-2.6390096894789044,-0.10247196154726482,0
240427,-0.9469214923323415,-2.612489509422446,-0.10482185091935607,0
240431,-0.9480964370183871,-2.6037613488975357,-0.10230411230640116,0
240435,-0.9539711604486152,-2.6153429465171283,-0.09928282597085526,0
240439,-0.9469214923323415,-2.6054398413061723,-0.10566109712367437,0
240443,-0.9439002059967956,-2.649080643930724,-0.10666819256885633,0
240446,-0.9462500953688868,-2.617524986648356,-0.11002517738612955,0
240450,-0.940711070420386,-2.6296101319905394,-0.11220721751735713,0
240454,-0.9489356832227054,-2.618028534370947,-0.10851453421835659,0
240458,-0.949103532463569,-2.623399710078584,-0.11304646372167544,0
240462,-0.9504463263904783,-2.632799267566949,-0.1132143129625391,0
240466,-0.950614175631342,-2.6378347447928587,-0.11304646372167544,0
240470,-0.9512855725947966,-2.622392614633402,-0.11673914702067598,0
240474,-0.959510185397116,-2.6260852979324025,-0.10398260471503776,0
240478,-0.9553139543755245,-2.6380025940337224,-0.11036087586785687,0
240482,-0.9504463263904783,-2.642198825055314,-0.12714579995422293,0
240485,-0.9413824673838407,-2.6537804226749064,-0.11304646372167544,0
240489,-0.9484321355001144,-2.6331349660486763,-0.10834668497749293,0
240493,-0.9529640650034332,-2.6284351873044938,-0.10918593118181125,0
240497,-0.9581673914702067,-2.6286030365453574,-0.10834668497749293,0
240501,-0.9499427786678873,-2.620881971465629,-0.10146486610208286,0
240505,-0.9611886778057526,-2.643205920500496,-0.10633249408712901,0
240509,-0.9556496528572518,-2.6423666742961776,-0.11136797131303883,0
240513,-0.9549782558937971,-2.6374990463111314,-0.10196841382467384,0
240517,-0.957495994506752,-2.6220569161516747,-0.10549324788281071,0
240521,-0.9546425574120698,-2.6339742122529946,-0.10364690623331044,0
240525,-0.9512855725947966,-2.617357137407492,-0.10566109712367437,0
240528,-0.9475928892957961,-2.6128252079041734,-0.10683604180971999,0
240532,-0.9489356832227054,-2.6123216601815824,-0.10532539864194705,0
240536,-0.9477607385366598,-2.618532082093538,-0.10549324788281071,0
240540,-0.9353398947127489,-2.6230640115968566,-0.11103227283131151,0
240544,-0.957495994506752,-2.6168535896849012,-0.10885023270008393,0
240548,-0.9522926680399786,-2.6143358510719463,-0.10079346913862822,0
240552,-0.9546425574120698,-2.626756694895857,-0.12244602121004043,0
240556,-0.9504463263904783,-2.638673990997177,-0.12832074464026855,0
240560,-0.951117723353933,-2.62138551918822,-0.14057373922331579,0
240564,-0.9548104066529335,-2.624406805523766,-0.12865644312199587,0
240568,-0.951621271076524,-2.6146715495536736,-0.10079346913862822,0
240571,-0.9454108491645685,-2.5985580224307623,-0.08367284657053482,0
240575,-0.9620279240100709,-2.615510795757992,-0.08081940947585259,0
240579,-0.9482642862592507,-2.608125429159991,-0.08619058518348974,0
240583,-0.9507820248722056,-2.601579308766308,-0.11355001144426642,0
240587,-0.9445716029602502,-2.643205920500496,-0.1268101014724956,0
240591,-0.9460822461280232,-2.615510795757992,-0.11506065461203936,0
240595,-0.9504463263904783,-2.631792172121767,-0.10012207217517356,0
240599,-0.9670634012359808,-2.625413900968948,-0.11287861448081178,0
240603,-0.9477607385366598,-2.622896162355993,-0.11287861448081178,0
240607,-0.941718165865568,-2.6448844129091325,-0.11069657434958419,0
240610,-0.9334935530632487,-2.64706645304036,-0.11640344853894864,0
240614,-0.9345006485084306,-2.6576409552147706,-0.10398260471503776,0
240618,-0.9366826886396582,-2.648073548485542,-0.12026398107881284,0
240622,-0.9444037537193866,-2.6630121309224077,-0.10582894636453803,0
240626,-0.9474250400549324,-2.6311207751583123,-0.12009613183794918,0
240630,-0.933325703822385,-2.635820553902495,-0.12781719691767757,0
240634,-0.9556496528572518,-2.634813458457313,-0.11036087586785687,0
240638,-0.9539711604486152,-2.634309910734722,-0.10398260471503776,0
240642,-0.9526283665217059,-2.6316243228809033,-0.10314335851071946,0
240646,-0.9647135118638895,-2.642702372777905,-0.09407949950408179,0
240650,-0.9615243762874799,-2.627931639581903,-0.09458304722667277,0
240653,-0.9677347981994354,-2.6316243228809033,-0.09894712748912794,0
240657,-0.9618600747692072,-2.6326314183260853,-0.0982757305256733,0
240661,-0.9610208285648889,-2.6398489356832227,-0.09659723811703669,0
240665,-0.9605172808422979,-2.6448844129091325,-0.09777218280308232,0
240669,-0.9603494316014343,-2.641695277332723,-0.10314335851071946,0
240673,-0.9633707179369801,-2.6443808651865415,-0.10767528801403829,0
240677,-0.9726024261844816,-2.652605477988861,-0.09710078583962768,0
240681,-0.9652170595864805,-2.663851377126726,-0.11220721751735713,0
240685,-0.9569924467841611,-2.6334706645304036,-0.10650034332799267,0
240689,-0.9593423361562523,-2.6368276493476768,-0.10280766002899214,0
240693,-0.959006637674525,-2.6275959411001755,-0.1101930266269932,0
240696,-0.9620279240100709,-2.6309529259174487,-0.10431830319676508,0
240700,-0.9546425574120698,-2.6400167849240863,-0.10599679560540169,0
240704,-0.9432288090333409,-2.6489127946898603,-0.10851453421835659,0
240708,-0.9439002059967956,-2.6670405127031356,-0.10263981078812848,0
240712,-0.9497749294270237,-2.6477378500038147,-0.11287861448081178,0
240716,-0.9482642862592507,-2.61953917753872,-0.10532539864194705,0
240720,-0.9376897840848402,-2.63330281528954,-0.10582894636453803,0
240724,-0.9467536430914778,-2.608964675364309,-0.1038147554741741,0
240728,-0.9502784771496147,-2.619874876020447,-0.10817883573662927,0
240732,-0.9440680552376592,-2.643205920500496,-0.10448615243762874,0
240736,-0.9455786984054322,-2.6049362935835814,-0.10532539864194705,0
240739,-0.9485999847409781,-2.6087968261234455,-0.11052872510872053,0
240743,-0.9462500953688868,-2.597215228503853,-0.11640344853894864,0
240747,-0.9485999847409781,-2.605607690547036,-0.11103227283131151,0
240751,-0.9504463263904783,-2.627428091859312,-0.11741054398413062,0
240755,-0.9514534218356603,-2.6181963836118105,-0.12177462424658579,0
240759,-0.9432288090333409,-2.6467307545586327,-0.1148928053711757,0
240763,-0.9539711604486152,-2.638673990997177,-0.11539635309376668,0
240767,-0.9460822461280232,-2.6158464942397193,-0.11287861448081178,0
240771,-0.9385290302891585,-2.6462272068360417,-0.11069657434958419,0
240775,-0.9339971007858396,-2.653109025711452,-0.11606775005722132,0
240778,-0.9408789196612497,-2.6472343022812237,-0.11170366979476615,0
240782,-0.9459143968871595,-2.617357137407492,-0.11371786068513008,0
240786,-0.9464179446097505,-2.6128252079041734,-0.10784313725490195,0
240790,-0.9494392309452964,-2.614000152590219,-0.10347905699244678,0
240794,-0.9454108491645685,-2.590501258869306,-0.10767528801403829,0
240798,-0.9526283665217059,-2.610978866254673,-0.10918593118181125,0
240802,-0.9492713817044327,-2.620378423743038,-0.10885023270008393,0
240806,-0.9522926680399786,-2.619371328297856,-0.10817883573662927,0
240810,-0.9316472114137483,-2.639177538719768,-0.12009613183794918,0
240814,-0.9454108491645685,-2.6054398413061723,-0.10918593118181125,0
240818,-0.9383611810482948,-2.642534523537041,-0.11455710688944838,0
240821,-0.9485999847409781,-2.6220569161516747,-0.11103227283131151,0
240825,-0.9497749294270237,-2.6247425040054932,-0.11237506675822079,0
240829,-0.9482642862592507,-2.6069504844739453,-0.10650034332799267,0
240833,-0.9455786984054322,-2.590165560387579,-0.10952162966353857,0
240837,-0.9452429999237049,-2.651934081025406,-0.10952162966353857,0
240841,-0.950614175631342,-2.6458915083543144,-0.11338216220340276,0
240845,-0.9541390096894788,-2.6369954985885404,-0.10247196154726482,0
240849,-0.9454108491645685,-2.608125429159991,-0.1101930266269932,0
240853,-0.9497749294270237,-2.6168535896849012,-0.11455710688944838,0
240857,-0.9470893415732051,-2.6108110170138095,-0.11237506675822079,0
240861,-0.9601815823605706,-2.623399710078584,-0.11623559929808498,0
240864,-0.9454108491645685,-2.5970473792629893,-0.10314335851071946,0
240868,-0.9475928892957961,-2.601075761043717,-0.10247196154726482,0
240872,-0.9484321355001144,-2.6077897306782636,-0.08048371099412527,0
240876,-0.9499427786678873,-2.618028534370947,-0.09458304722667277,0
240880,-0.9507820248722056,-2.6039291981383994,-0.09794003204394598,0
240884,-0.9433966582742046,-2.6349813076981765,-0.1140535591668574,0
240888,-0.9390325780117494,-2.6499198901350423,-0.11338216220340276,0
240892,-0.9418860151064317,-2.657976653696498,-0.11153582055390249,0
240896,-0.9415503166247043,-2.6512626840619515,-0.11203936827649347,0
240900,-0.914023041123064,-2.6138323033493553,-0.11808194094758526,0
240903,-0.9324864576180666,-2.6291065842679484,-0.10616464484626535,0
240907,-0.9361791409170672,-2.6275959411001755,-0.10431830319676508,0
240911,-0.9331578545815213,-2.6468986037994964,-0.09978637369344624,0
240915,-0.9398718242160677,-2.6650263218127717,-0.10079346913862822,0
240919,-0.9385290302891585,-2.6640192263675897,-0.11103227283131151,0
240923,-0.9444037537193866,-2.668383306630045,-0.10398260471503776,0
240927,-0.9449073014419775,-2.668886854352636,-0.11187151903562981,0
240931,-0.9430609597924773,-2.6641870756084534,-0.1165712977798123,0
240935,-0.9477607385366598,-2.6428702220187685,-0.11271076523994812,0
240939,-0.9472571908140688,-2.6247425040054932,-0.1140535591668574,0
240943,-0.9507820248722056,-2.608125429159991,-0.11237506675822079,0
240946,-0.9469214923323415,-2.5965438315403984,-0.11606775005722132,0
240950,-0.9546425574120698,-2.6280994888227664,-0.1140535591668574,0
240954,-0.957999542229343,-2.6324635690852216,-0.11422140840772106,0
240958,-0.9521248187991149,-2.618867780575265,-0.10968947890440223,0
240962,-0.9435645075150683,-2.641191729610132,-0.10750743877317463,0
240966,-0.9521248187991149,-2.6205462729839017,-0.10062561989776454,0
240970,-0.9553139543755245,-2.636659800106813,-0.10112916762035554,0
240974,-0.9470893415732051,-2.6171892881666285,-0.10163271534294652,0
240978,-0.9507820248722056,-2.6062790875104906,-0.09928282597085526,0
240982,-0.9502784771496147,-2.615007248035401,-0.10616464484626535,0
240986,-0.9514534218356603,-2.610978866254673,-0.10549324788281071,0
240989,-0.9415503166247043,-2.6284351873044938,-0.11103227283131151,0
240993,-0.9536354619668879,-2.6156786449988556,-0.10733958953231097,0
240997,-0.959510185397116,-2.626756694895857,-0.10868238345922025,0
241001,-0.9548104066529335,-2.625917448691539,-0.10885023270008393,0
241005,-0.9632028686961165,-2.6408560311284046,-0.11741054398413062,0
241009,-0.9621957732509345,-2.634309910734722,-0.12865644312199587,0
241013,-0.9744487678339818,-2.6541161211566338,-0.12664225223163195,0
241017,-0.9637064164187075,-2.6522697795071335,-0.1281528953994049,0
241021,-0.9705882352941176,-2.663347829404135,-0.13100633249408714,0
241025,-0.9673990997177081,-2.651430533302815,-0.12311741817349507,0
241029,-0.9610208285648889,-2.651430533302815,-0.13184557869840544,0
241032,-0.9643778133821621,-2.6410238803692683,-0.13469901579308766,0
241036,-0.9697489890897993,-2.637163347829404,-0.13855954833295187,0
241040,-0.950614175631342,-2.6438773174639505,-0.13671320668345158,0
241044,-0.957999542229343,-2.641191729610132,-0.13503471427481498,0
241048,-0.9618600747692072,-2.639177538719768,-0.13805600061036086,0
241052,-0.958503089951934,-2.644716563668269,-0.1353704127565423,0
241056,-0.9593423361562523,-2.6374990463111314,-0.1362096589608606,0
241060,-0.9571602960250247,-2.638673990997177,-0.12613870450904097,0
241064,-0.9553139543755245,-2.643541618982223,-0.12412451361867703,0
241068,-0.9581673914702067,-2.6354848554207675,-0.12999923704890515,0
241071,-0.9529640650034332,-2.6306172274357214,-0.12446021210040435,0
241075,-0.9538033112077515,-2.6301136797131304,-0.13050278477149616,0
241079,-0.9356755931944762,-2.6438773174639505,-0.13184557869840544,0
241083,-0.9454108491645685,-2.599229419394217,-0.1259708552681773,0
241087,-0.9469214923323415,-2.594361791409171,-0.1264744029907683,0
241091,-0.9564888990615701,-2.6064469367513543,-0.12630655374990463,0
241095,-0.9460822461280232,-2.5978866254673076,-0.11908903639276722,0
241099,-0.9432288090333409,-2.636324101625086,-0.11858548867017624,0
241103,-0.9507820248722056,-2.611985961699855,-0.1132143129625391,0
241107,-0.9386968795300221,-2.627763790341039,-0.11690699626153964,0
241111,-0.9400396734569314,-2.631792172121767,-0.1170748455024033,0
241114,-0.94272526131075,-2.643709468223087,-0.11673914702067598,0
241118,-0.9440680552376592,-2.6489127946898603,-0.11052872510872053,0
241122,-0.951117723353933,-2.626924544136721,-0.11371786068513008,0
241126,-0.9499427786678873,-2.6252460517280842,-0.11589990081635766,0
241130,-0.9454108491645685,-2.5965438315403984,-0.11506065461203936,0
241134,-0.9457465476462958,-2.597718776226444,-0.12429236285954069,0
241138,-0.9465857938506141,-2.604600595101854,-0.11271076523994812,0
241142,-0.9469214923323415,-2.596711680781262,-0.1140535591668574,0
241146,-0.951117723353933,-2.604097047379263,-0.11556420233463034,0
241150,-0.9559853513389791,-2.639177538719768,-0.11589990081635766,0
241154,-0.9459143968871595,-2.6116502632181278,-0.11841763942931258,0
241157,-0.9507820248722056,-2.601243610284581,-0.11623559929808498,0
241161,-0.9561532005798428,-2.5985580224307623,-0.11925688563363088,0
241165,-0.94960708018616,-2.606614785992218,-0.1165712977798123,0
241169,-0.9329900053406577,-2.634309910734722,-0.115732051575494,0
241173,-0.9504463263904783,-2.6369954985885404,-0.1170748455024033,0
241177,-0.9459143968871595,-2.6138323033493553,-0.1170748455024033,0
241181,-0.9464179446097505,-2.6116502632181278,-0.11757839322499428,0
241185,-0.9571602960250247,-2.62138551918822,-0.11371786068513008,0
241189,-0.9494392309452964,-2.6163500419623102,-0.11271076523994812,0
241193,-0.94960708018616,-2.6138323033493553,-0.11908903639276722,0
241196,-0.9477607385366598,-2.619874876020447,-0.11757839322499428,0
241200,-0.9529640650034332,-2.6212176699473564,-0.12412451361867703,0
241204,-0.9502784771496147,-2.622896162355993,-0.12227817196917677,0
241208,-0.9470893415732051,-2.617524986648356,-0.11606775005722132,0
241212,-0.9454108491645685,-2.5983901731898986,-0.1195925841153582,0
241216,-0.9472571908140688,-2.6084611276417182,-0.12076752880140383,0
241220,-0.9563210498207064,-2.6054398413061723,-0.12613870450904097,0
241224,-0.9519569695582513,-2.617357137407492,-0.12429236285954069,0
241228,-0.9561532005798428,-2.6059433890287633,-0.1264744029907683,0
241232,-0.9588387884336613,-2.6151750972762646,-0.12966353856717783,0
241236,-0.9568245975432974,-2.6131609063859007,-0.1301670862897688,0
241239,-0.9539711604486152,-2.627931639581903,-0.12882429236285953,0
241243,-0.9504463263904783,-2.6339742122529946,-0.12546730754558633,0
241247,-0.9455786984054322,-2.6042648966201267,-0.12613870450904097,0
241251,-0.959510185397116,-2.617860685130083,-0.13318837262531472,0
241255,-0.9553139543755245,-2.6294422827496757,-0.12194247348744945,0
241259,-0.9390325780117494,-2.6532768749523155,-0.12311741817349507,0
241263,-0.9519569695582513,-2.6374990463111314,-0.12429236285954069,0
241267,-0.9531319142442969,-2.642198825055314,-0.12328526741435873,0
241271,-0.9559853513389791,-2.654451819638361,-0.12177462424658579,0
241275,-0.9606851300831616,-2.6522697795071335,-0.12211032272831311,0
241279,-0.9568245975432974,-2.6306172274357214,-0.1289921416037232,0
241282,-0.9657206073090715,-2.6378347447928587,-0.11606775005722132,0
241286,-0.959006637674525,-2.6252460517280842,-0.12378881513694971,0
241290,-0.9541390096894788,-2.6299458304722667,-0.11992828259708552,0
241294,-0.9544747081712062,-2.6390096894789044,-0.11992828259708552,0
241298,-0.9437323567559319,-2.6641870756084534,-0.12143892576485847,0
241302,-0.9564888990615701,-2.6369954985885404,-0.12177462424658579,0
241306,-0.9509498741130693,-2.6161821927214466,-0.12143892576485847,0
241310,-0.950614175631342,-2.6222247653925383,-0.11824979018844892,0
241314,-0.9509498741130693,-2.60258640421149,-0.11976043335622186,0
241318,-0.9512855725947966,-2.609971770809491,-0.12328526741435873,0
241310,,,,1
241322,-0.9593423361562523,-2.620881971465629,-0.12076752880140383,0
241325,-0.9521248187991149,-2.6123216601815824,-0.12378881513694971,0
241329,-0.9621957732509345,-2.6242389562829023,-0.11355001144426642,0
241333,-0.9502784771496147,-2.6275959411001755,-0.12496375982299535,0
241337,-0.9492713817044327,-2.62826733806363,-0.12278171969176775,0
241341,-0.9543068589303425,-2.625413900968948,-0.1093537804226749,0
241345,-0.9261081864652475,-2.626756694895857,-0.1132143129625391,0
241349,-0.9336614023041123,-2.6484092469672693,-0.11388570992599374,0
241353,-0.9470893415732051,-2.623399710078584,-0.11925688563363088,0
241357,-0.9465857938506141,-2.617860685130083,-0.10700389105058365,0
241361,-0.9479285877775234,-2.624910353246357,-0.11455710688944838,0
241364,-0.9454108491645685,-2.59570458533608,-0.11623559929808498,0
241368,-0.9440680552376592,-2.634645609216449,-0.1148928053711757,0
241372,-0.9442359044785229,-2.6517662317845425,-0.1148928053711757,0
241376,-0.9454108491645685,-2.6069504844739453,-0.11338216220340276,0
241380,-0.9454108491645685,-2.588151369497215,-0.1132143129625391,0
241384,-0.9475928892957961,-2.5960402838178074,-0.11992828259708552,0
241388,-0.9459143968871595,-2.5995651178759442,-0.11388570992599374,0
241392,-0.9454108491645685,-2.5854657816433964,-0.11422140840772106,0
241396,-0.9455786984054322,-2.581773098344396,-0.11808194094758526,0
241400,-0.941718165865568,-2.626253147173266,-0.11589990081635766,0
241404,-0.9489356832227054,-2.6126573586633097,-0.12496375982299535,0
241407,-0.9454108491645685,-2.5923476005188064,-0.12278171969176775,0
241411,-0.9457465476462958,-2.591172655832761,-0.11271076523994812,0
241415,-0.9454108491645685,-2.581605249103532,-0.12529945830472267,0
241419,-0.9517891203173876,-2.6062790875104906,-0.11237506675822079,0
241423,-0.9415503166247043,-2.6286030365453574,-0.1195925841153582,0
241427,-0.9470893415732051,-2.6171892881666285,-0.12059967956054017,0
241431,-0.9492713817044327,-2.6220569161516747,-0.11673914702067598,0
241435,-0.9514534218356603,-2.6131609063859007,-0.11355001144426642,0
241439,-0.9329900053406577,-2.6393453879606317,-0.11757839322499428,0
241443,-0.9454108491645685,-2.603089951934081,-0.1179140917067216,0
241447,-0.9439002059967956,-2.654955367360952,-0.1093537804226749,0
241450,-0.9529640650034332,-2.6374990463111314,-0.1093537804226749,0
241454,-0.9541390096894788,-2.6304493781948577,-0.10247196154726482,0
241458,-0.9626993209735255,-2.6388418402380407,-0.10834668497749293,0
241462,-0.9464179446097505,-2.6284351873044938,-0.10498970016021973,0
241466,-0.9551461051346608,-2.635652704661631,-0.10650034332799267,0
241470,-0.957495994506752,-2.6237354085603113,-0.10347905699244678,0
241474,-0.9621957732509345,-2.627260242618448,-0.09676508735790035,0
241478,-0.9541390096894788,-2.6275959411001755,-0.09760433356221866,0
241482,-0.9596780346379796,-2.627931639581903,-0.10062561989776454,0
241486,-0.9551461051346608,-2.6383382925154497,-0.10415045395590142,0
241489,-0.9546425574120698,-2.6438773174639505,-0.10045777065690088,0
241493,-0.9573281452658884,-2.635820553902495,-0.10498970016021973,0
241497,-0.9539711604486152,-2.6334706645304036,-0.11153582055390249,0
241501,-0.9576638437476157,-2.6260852979324025,-0.11287861448081178,0
241505,-0.951117723353933,-2.627763790341039,-0.11304646372167544,0
241509,-0.9720988784618906,-2.662340733958953,-0.11623559929808498,0
241513,-0.9596780346379796,-2.646059357595178,-0.13855954833295187,0
241517,-0.9509498741130693,-2.6161821927214466,-0.1456092164492256,0
241521,-0.9561532005798428,-2.6062790875104906,-0.13553826199740596,0
241525,-0.9559853513389791,-2.6388418402380407,-0.10515754940108339,0
241529,-0.9455786984054322,-2.6087968261234455,-0.0769588769359884,0
241532,-0.9544747081712062,-2.6284351873044938,-0.06856641489280536,0
241536,-0.9531319142442969,-2.6364919508659495,-0.08602273594262608,0
241540,-0.9519569695582513,-2.629274433508812,-0.11724269474326696,0
241544,-0.9459143968871595,-2.6103074692912185,-0.13083848325322348,0
241548,-0.9519569695582513,-2.620378423743038,-0.13083848325322348,0
241552,-0.9539711604486152,-2.625917448691539,-0.12143892576485847,0
241556,-0.9608529793240252,-2.6373311970702678,-0.11724269474326696,0
241560,-0.9561532005798428,-2.6153429465171283,-0.12429236285954069,0
241564,-0.949103532463569,-2.6217212176699474,-0.12613870450904097,0
241568,-0.9373540856031128,-2.627763790341039,-0.11606775005722132,0
241572,-0.933325703822385,-2.6334706645304036,-0.11203936827649347,0
241575,-0.9408789196612497,-2.6398489356832227,-0.11069657434958419,0
241579,-0.9454108491645685,-2.6014114595254445,-0.10515754940108339,0
241583,-0.9499427786678873,-2.618028534370947,-0.1187533379110399,0
241587,-0.9526283665217059,-2.6220569161516747,-0.11069657434958419,0
241591,-0.9497749294270237,-2.6284351873044938,-0.11120012207217517,0
241595,-0.9596780346379796,-2.6314564736400397,-0.11069657434958419,0
241599,-0.9710917830167086,-2.643541618982223,-0.09961852445258258,0
241603,-0.9558175020981154,-2.654451819638361,-0.10196841382467384,0
241607,-0.9561532005798428,-2.6225604638742657,-0.10012207217517356,0
241611,-0.9532997634851605,-2.6311207751583123,-0.10364690623331044,0
241615,-0.9517891203173876,-2.631288624399176,-0.10448615243762874,0
241618,-0.9413824673838407,-2.6428702220187685,-0.09642938887617303,0
241622,-0.9581673914702067,-2.632295719844358,-0.11052872510872053,0
241626,-0.9598458838788433,-2.643541618982223,-0.11338216220340276,0
241630,-0.9563210498207064,-2.6197070267795834,-0.10750743877317463,0
241634,-0.9605172808422979,-2.6385061417563134,-0.10532539864194705,0
241638,-0.9522926680399786,-2.6215533684290837,-0.10196841382467384,0
241642,-0.9459143968871595,-2.610139620050355,-0.10650034332799267,0
241646,-0.9521248187991149,-2.6079575799191272,-0.10448615243762874,0
241650,-0.9598458838788433,-2.628770885786221,-0.09894712748912794,0
241654,-0.9564888990615701,-2.619035629816129,-0.10549324788281071,0
241657,-0.9549782558937971,-2.6265888456549935,-0.10700389105058365,0
241661,-0.9576638437476157,-2.6210498207064927,-0.09559014267185473,0
241665,-0.9568245975432974,-2.6143358510719463,-0.10028992141603722,0
241669,-0.959006637674525,-2.6133287556267644,-0.11069657434958419,0
241673,-0.9465857938506141,-2.612489509422446,-0.10817883573662927,0
241677,-0.9517891203173876,-2.6220569161516747,-0.10515754940108339,0
241681,-0.9492713817044327,-2.627428091859312,-0.11153582055390249,0
241685,-0.9499427786678873,-2.627428091859312,-0.11002517738612955,0
241689,-0.9692454413672084,-2.6504234378576332,-0.1029755092698558,0
241693,-0.9487678339818417,-2.627763790341039,-0.11220721751735713,0
241697,-0.9472571908140688,-2.617524986648356,-0.11472495613031204,0
241700,-0.9462500953688868,-2.6034256504158084,-0.11808194094758526,0
241704,-0.9459143968871595,-2.5960402838178074,-0.10717174029144731,0
241708,-0.9415503166247043,-2.6286030365453574,-0.10280766002899214,0
241712,-0.9454108491645685,-2.593186846723125,-0.12127107652399481,0
241716,-0.9457465476462958,-2.5973830777447167,-0.10599679560540169,0
241720,-0.9435645075150683,-2.6324635690852216,-0.10952162966353857,0
241724,-0.9467536430914778,-2.608964675364309,-0.1029755092698558,0
241728,-0.9485999847409781,-2.610139620050355,-0.10633249408712901,0
241732,-0.9454108491645685,-2.5898298619058515,-0.10801098649576561,0
241736,-0.9465857938506141,-2.598725871671626,-0.10448615243762874,0
241739,-0.9479285877775234,-2.6136644541084917,-0.09726863508049134,0
241743,-0.9625314717326618,-2.633806363012131,-0.10247196154726482,0
241747,-0.9514534218356603,-2.617524986648356,-0.097436484321355,0
241751,-0.9526283665217059,-2.6265888456549935,-0.11741054398413062,0
241755,-0.9527962157625696,-2.623903257801175,-0.10482185091935607,0
241759,-0.9596780346379796,-2.6294422827496757,-0.10885023270008393,0
241763,-0.9479285877775234,-2.625413900968948,-0.10566109712367437,0
241767,-0.9553139543755245,-2.6364919508659495,-0.10532539864194705,0
241771,-0.9534676127260242,-2.6242389562829023,-0.10280766002899214,0
241775,-0.9538033112077515,-2.626924544136721,-0.10817883573662927,0
241779,-0.9719310292210269,-2.6606622415503165,-0.09559014267185473,0
241782,-0.9564888990615701,-2.6393453879606317,-0.10666819256885633,0
241786,-0.9571602960250247,-2.6354848554207675,-0.10364690623331044,0
241790,-0.957495994506752,-2.623399710078584,-0.10498970016021973,0
241794,-0.9616922255283435,-2.6205462729839017,-0.09525444419012741,0
241798,-0.9504463263904783,-2.634813458457313,-0.09374380102235447,0
241802,-0.9578316929884794,-2.6311207751583123,-0.11203936827649347,0
241806,-0.9601815823605706,-2.6304493781948577,-0.11808194094758526,0
241810,-0.9596780346379796,-2.6314564736400397,-0.12446021210040435,0
241814,-0.9571602960250247,-2.6378347447928587,-0.11690699626153964,0
241818,-0.9610208285648889,-2.6448844129091325,-0.10498970016021973,0
241822,-0.9680704966811627,-2.653109025711452,-0.09139391165026321,0
241825,-0.9588387884336613,-2.6344777599755855,-0.09223315785458151,0
241829,-0.9534676127260242,-2.622392614633402,-0.09626153963530937,0
241833,-0.9400396734569314,-2.634142061493858,-0.11673914702067598,0
241837,-0.9454108491645685,-2.602754253452354,-0.11237506675822079,0
241841,-0.9467536430914778,-2.5963759822995347,-0.12194247348744945,0
241845,-0.9529640650034332,-2.610139620050355,-0.12479591058213169,0
241849,-0.949103532463569,-2.6197070267795834,-0.12697795071335927,0
241853,-0.9454108491645685,-2.598222323949035,-0.12328526741435873,0
241857,-0.9454108491645685,-2.582780193789578,-0.12529945830472267,0
241861,-0.9454108491645685,-2.581605249103532,-0.11304646372167544,0
241865,-0.9497749294270237,-2.6087968261234455,-0.12127107652399481,0
241868,-0.9621957732509345,-2.6230640115968566,-0.10146486610208286,0
241872,-0.9479285877775234,-2.6291065842679484,-0.10498970016021973,0
241876,-0.9475928892957961,-2.616517891203174,-0.10968947890440223,0
241880,-0.9460822461280232,-2.600236514839399,-0.10196841382467384,0
241884,-0.9460822461280232,-2.59570458533608,-0.10549324788281071,0
241888,-0.9531319142442969,-2.6265888456549935,-0.09945067521171892,0
241892,-0.9480964370183871,-2.6044327458609904,-0.10079346913862822,0
241896,-0.9517891203173876,-2.6168535896849012,-0.09810788128480964,0
241900,-0.9474250400549324,-2.612993057145037,-0.11220721751735713,0
241904,-0.9538033112077515,-2.622896162355993,-0.11170366979476615,0
241908,-0.9564888990615701,-2.621889066910811,-0.10498970016021973,0
241911,-0.9647135118638895,-2.6395132372014953,-0.10733958953231097,0
241915,-0.9581673914702067,-2.6349813076981765,-0.11355001144426642,0
241919,-0.9588387884336613,-2.6230640115968566,-0.10784313725490195,0
241923,-0.951621271076524,-2.617524986648356,-0.11556420233463034,0
241927,-0.9658884565499352,-2.6474021515220874,-0.11304646372167544,0
241931,-0.9605172808422979,-2.6552910658426794,-0.11304646372167544,0
241935,-0.958503089951934,-2.648073548485542,-0.1140535591668574,0
241939,-0.9610208285648889,-2.647570000762951,-0.11976043335622186,0
241943,-0.9596780346379796,-2.637163347829404,-0.10750743877317463,0
241947,-0.959006637674525,-2.6260852979324025,-0.11002517738612955,0
241950,-0.9620279240100709,-2.630281528953994,-0.11908903639276722,0
241954,-0.957495994506752,-2.623399710078584,-0.11304646372167544,0
241958,-0.9732738231479362,-2.651094834821088,-0.11120012207217517,0
241962,-0.9532997634851605,-2.6463950560769054,-0.11892118715190356,0
241966,-0.9538033112077515,-2.6368276493476768,-0.11724269474326696,0
241970,-0.9543068589303425,-2.6309529259174487,-0.11455710688944838,0
241974,-0.9519569695582513,-2.6296101319905394,-0.11170366979476615,0
241978,-0.9514534218356603,-2.620378423743038,-0.1046540016784924,0
241982,-0.9447394522011139,-2.649080643930724,-0.11237506675822079,0
241986,-0.9477607385366598,-2.6354848554207675,-0.1187533379110399,0
241990,-0.9524605172808422,-2.631288624399176,-0.11271076523994812,0
241993,-0.9472571908140688,-2.617021438925765,-0.11640344853894864,0
241997,-0.9512855725947966,-2.6161821927214466,-0.10901808194094759,0
242001,-0.9534676127260242,-2.6151750972762646,-0.11673914702067598,0
242005,-0.9484321355001144,-2.612993057145037,-0.11170366979476615,0
242009,-0.9454108491645685,-2.593186846723125,-0.1140535591668574,0
242013,-0.9519569695582513,-2.6126573586633097,-0.12177462424658579,0
242017,-0.959006637674525,-2.6161821927214466,-0.11472495613031204,0
242021,-0.9521248187991149,-2.608964675364309,-0.11472495613031204,0
242025,-0.9517891203173876,-2.6186999313344015,-0.11741054398413062,0
242029,-0.9551461051346608,-2.63330281528954,-0.11741054398413062,0
242033,-0.9532997634851605,-2.6400167849240863,-0.10784313725490195,0
242036,-0.9544747081712062,-2.6418631265735866,-0.12093537804226749,0
242040,-0.9472571908140688,-2.6250782024872206,-0.11589990081635766,0
242044,-0.9467536430914778,-2.609132524605173,-0.12496375982299535,0
242048,-0.957999542229343,-2.6202105745021744,-0.1195925841153582,0
242052,-0.9610208285648889,-2.6418631265735866,-0.11623559929808498,0
242056,-0.9517891203173876,-2.630785076676585,-0.11271076523994812,0
242060,-0.9487678339818417,-2.6176928358892195,-0.11287861448081178,0
242064,-0.9519569695582513,-2.6212176699473564,-0.1204318303196765,0
242068,-0.9494392309452964,-2.621889066910811,-0.09676508735790035,0
242072,-0.9544747081712062,-2.6334706645304036,-0.11556420233463034,0
242075,-0.9544747081712062,-2.6395132372014953,-0.115732051575494,0
242079,-0.9554818036163881,-2.6380025940337224,-0.10985732814526589,0
242083,-0.958503089951934,-2.643205920500496,-0.11472495613031204,0
242087,-0.9576638437476157,-2.6280994888227664,-0.12160677500572213,0
242091,-0.9625314717326618,-2.6378347447928587,-0.11808194094758526,0
242095,-0.9499427786678873,-2.6390096894789044,-0.11774624246585794,0
242099,-0.9549782558937971,-2.632295719844358,-0.12127107652399481,0
242103,-0.9517891203173876,-2.6301136797131304,-0.11808194094758526,0
242107,-0.9596780346379796,-2.6311207751583123,-0.12143892576485847,0
242111,-0.9543068589303425,-2.6296101319905394,-0.11371786068513008,0
242115,-0.9569924467841611,-2.62138551918822,-0.11506065461203936,0
242118,-0.9559853513389791,-2.6433737697413595,-0.11069657434958419,0
242122,-0.9423895628290226,-2.6640192263675897,-0.1170748455024033,0
242126,-0.9502784771496147,-2.639681086442359,-0.11690699626153964,0
242130,-0.9484321355001144,-2.6232318608377203,-0.11472495613031204,0
242134,-0.9487678339818417,-2.6156786449988556,-0.11522850385290302,0
242138,-0.9489356832227054,-2.6093003738460365,-0.11976043335622186,0
242142,-0.951621271076524,-2.6103074692912185,-0.1204318303196765,0
242146,-0.9534676127260242,-2.6093003738460365,-0.11892118715190356,0
242150,-0.9527962157625696,-2.619371328297856,-0.12479591058213169,0
242154,-0.9439002059967956,-2.6537804226749064,-0.11556420233463034,0
242158,-0.9538033112077515,-2.6452201113908598,-0.0982757305256733,0
242161,-0.9454108491645685,-2.601579308766308,-0.11606775005722132,0
242165,-0.9482642862592507,-2.598725871671626,-0.12244602121004043,0
242169,-0.9499427786678873,-2.617524986648356,-0.12110322728313115,0
242173,-0.9492713817044327,-2.6270923933775845,-0.12059967956054017,0
242177,-0.9519569695582513,-2.6294422827496757,-0.1187533379110399,0
242181,-0.9499427786678873,-2.629777981231403,-0.12580300602731365,0
242185,-0.9494392309452964,-2.619371328297856,-0.11808194094758526,0
242189,-0.9598458838788433,-2.6364919508659495,-0.11808194094758526,0
242193,-0.9593423361562523,-2.633806363012131,-0.1170748455024033,0
242197,-0.9519569695582513,-2.627260242618448,-0.11120012207217517,0
242201,-0.9454108491645685,-2.601075761043717,-0.12160677500572213,0
242204,-0.9536354619668879,-2.608964675364309,-0.11892118715190356,0
242208,-0.9499427786678873,-2.6205462729839017,-0.12110322728313115,0
242212,-0.9477607385366598,-2.6255817502098115,-0.11942473487449454,0
242216,-0.9524605172808422,-2.6250782024872206,-0.11506065461203936,0
242220,-0.9536354619668879,-2.618028534370947,-0.11589990081635766,0
242224,-0.951117723353933,-2.617524986648356,-0.11338216220340276,0
242228,-0.9541390096894788,-2.619371328297856,-0.11589990081635766,0
242232,-0.950110627908751,-2.6245746547646296,-0.1046540016784924,0
242236,-0.9559853513389791,-2.6438773174639505,-0.1148928053711757,0
242240,-0.9494392309452964,-2.625917448691539,-0.11673914702067598,0
242243,-0.9440680552376592,-2.652437628747997,-0.12462806134126803,0
242247,-0.9494392309452964,-2.634813458457313,-0.09961852445258258,0
242251,-0.9499427786678873,-2.6291065842679484,-0.12026398107881284,0
242255,-0.9531319142442969,-2.633806363012131,-0.12093537804226749,0
242259,-0.9467536430914778,-2.6151750972762646,-0.13067063401235982,0
242263,-0.9464179446097505,-2.610475318532082,-0.1353704127565423,0
242267,-0.9460822461280232,-2.602250705729763,-0.13637750820172426,0
242271,-0.9444037537193866,-2.6517662317845425,-0.12496375982299535,0
242275,-0.9519569695582513,-2.636324101625086,-0.10968947890440223,0
242279,-0.9522926680399786,-2.6237354085603113,-0.097436484321355,0
242283,-0.960013733119707,-2.638673990997177,-0.09693293659876402,0
242286,-0.9553139543755245,-2.6413595788509956,-0.11522850385290302,0
242290,-0.9447394522011139,-2.660494392309453,-0.13772030212863354,0
242294,-0.9375219348439765,-2.6453879606317234,-0.15433737697413596,0
242298,-0.9454108491645685,-2.605607690547036,-0.1677653162432288,0
242302,-0.9485999847409781,-2.6076218814374,-0.15954070344090943,0
242306,-0.9512855725947966,-2.6146715495536736,-0.14191653315022507,0
242310,-0.9517891203173876,-2.6207141222247654,-0.12613870450904097,0
242314,-0.9499427786678873,-2.6227283131151293,-0.11606775005722132,0
242318,-0.9454108491645685,-2.5930189974822615,-0.12378881513694971,0
242299,,,,1
242322,-0.9420538643472953,-2.6301136797131304,-0.11371786068513008,0
242326,-0.9433966582742046,-2.648577096208133,-0.11908903639276722,0
242329,-0.9452429999237049,-2.6774471656366825,-0.12093537804226749,0
242333,-0.9487678339818417,-2.641695277332723,-0.12446021210040435,0
242337,-0.9381933318074311,-2.644213015945678,-0.10263981078812848,0
242341,-0.9509498741130693,-2.6156786449988556,-0.12412451361867703,0
242345,-0.9548104066529335,-2.6255817502098115,-0.13083848325322348,0
242349,-0.9492713817044327,-2.633806363012131,-0.1362096589608606,0
242353,-0.9658884565499352,-2.6527733272297245,-0.11808194094758526,0
242357,-0.9606851300831616,-2.652437628747997,-0.12915999084458685,0
242361,-0.9638742656595711,-2.6611657892729075,-0.12613870450904097,0
242365,-0.9559853513389791,-2.662005035477226,-0.11422140840772106,0
242368,-0.951621271076524,-2.6339742122529946,-0.13436331731136034,0
242372,-0.9561532005798428,-2.615007248035401,-0.12580300602731365,0
242376,-0.957495994506752,-2.6181963836118105,-0.12915999084458685,0
242380,-0.9586709391927977,-2.631792172121767,-0.1259708552681773,0
242384,-0.9514534218356603,-2.61953917753872,-0.12748149843595025,0
242388,-0.9559853513389791,-2.643205920500496,-0.1276493476768139,0
242392,-0.9499427786678873,-2.6364919508659495,-0.1281528953994049,0
242396,-0.9383611810482948,-2.651430533302815,-0.12009613183794918,0
242400,-0.9314793621728846,-2.6474021515220874,-0.12177462424658579,0
242404,-0.9447394522011139,-2.664354924849317,-0.13352407110704204,0
242408,-0.9395361257343404,-2.6576409552147706,-0.13772030212863354,0
242411,-0.9314793621728846,-2.6472343022812237,-0.12278171969176775,0
242415,-0.9380254825665675,-2.6428702220187685,-0.1195925841153582,0
242419,-0.9306401159685663,-2.629274433508812,-0.11741054398413062,0
242423,-0.9299687190051117,-2.624406805523766,-0.12076752880140383,0
242427,-0.9321507591363393,-2.6227283131151293,-0.10633249408712901,0
242431,-0.9301365682459753,-2.6197070267795834,-0.11992828259708552,0
242435,-0.9397039749752041,-2.6522697795071335,-0.12278171969176775,0
242439,-0.9385290302891585,-2.656466010528725,-0.12781719691767757,0
