timestamp_ms,x_g,y_g,z_g,beat_event
388962,-0.9692454413672084,-2.6646906233310443,0.11388570992599374,0
388966,-0.9613565270466162,-2.662844281681544,0.11187151903562981,0
388970,-0.9653849088273442,-2.661501487754635,0.1179140917067216,0
388974,-0.9660563057907988,-2.6630121309224077,0.11724269474326696,0
388978,-0.9653849088273442,-2.662844281681544,0.1195925841153582,0
388982,-0.9663920042725261,-2.6662012664988173,0.12059967956054017,0
388986,-0.9695811398489357,-2.6502555886167696,0.12479591058213169,0
388990,-0.9806591897459372,-2.6546196688792247,0.12160677500572213,0
388994,-0.9707560845349813,-2.6641870756084534,0.1281528953994049,0
388997,-0.9690775921263447,-2.6552910658426794,0.1328526741435874,0
389001,-0.9720988784618906,-2.6729152361333637,0.12865644312199587,0
389005,-0.9720988784618906,-2.6824826428625923,0.13134203097581446,0
389009,-0.9670634012359808,-2.6457236591134508,0.09844357976653696,0
389013,-0.9658884565499352,-2.6547875181200884,0.10851453421835659,0
389017,-0.9637064164187075,-2.651934081025406,0.1170748455024033,0
389021,-0.9647135118638895,-2.6527733272297245,0.11892118715190356,0
389025,-0.9605172808422979,-2.6522697795071335,0.11925688563363088,0
389029,-0.9660563057907988,-2.656466010528725,0.1289921416037232,0
389033,-0.9749523155565728,-2.65210193026627,0.12093537804226749,0
389036,-0.9702525368123903,-2.652437628747997,0.12194247348744945,0
389040,-0.9705882352941176,-2.6641870756084534,0.12076752880140383,0
389044,-0.9774700541695277,-2.68651102464332,0.12059967956054017,0
389048,-0.977302204928664,-2.6913786526283663,0.12009613183794918,0
389052,-0.9820019836728465,-2.686175326161593,0.12076752880140383,0
389056,-0.9818341344319829,-2.683154039826047,0.1284885938811322,0
389060,-0.9803234912642099,-2.6710688944838634,0.12362096589608605,0
389064,-0.9757915617608911,-2.668215457389181,0.12211032272831311,0
389068,-0.9754558632791638,-2.667879758907454,0.12026398107881284,0
389072,-0.9662241550316625,-2.660997940032044,0.12563515678645,0
389076,-0.9828412298771648,-2.685671778439002,0.13033493553063247,0
389079,-1.0132219424734874,-2.695910582131685,0.1417486839093614,0
389083,-0.9851911192492561,-2.6918822003509573,0.13939879453727017,0
389087,-0.9825055313954375,-2.6903715571831843,0.1320134279392691,0
389091,-0.9744487678339818,-2.6754329747463186,0.12630655374990463,0
389095,-0.9697489890897993,-2.652941176470588,0.12479591058213169,0
389099,-0.9707560845349813,-2.6571374074921796,0.10163271534294652,0
389103,-0.9643778133821621,-2.6477378500038147,0.11103227283131151,0
389107,-0.9670634012359808,-2.6296101319905394,0.09273670557717249,0
389111,-0.9668955519951171,-2.6220569161516747,0.11355001144426642,0
389115,-0.9658884565499352,-2.644045166704814,0.10851453421835659,0
389119,-0.9771343556878004,-2.6601586938277255,0.12462806134126803,0
389122,-0.9680704966811627,-2.6557946135652704,0.10717174029144731,0
389126,-0.9794842450598916,-2.6630121309224077,0.10817883573662927,0
389130,-0.9741130693522545,-2.6641870756084534,0.10012207217517356,0
389134,-0.9702525368123903,-2.6586480506599526,0.1046540016784924,0
389138,-0.9647135118638895,-2.6517662317845425,0.10515754940108339,0
389142,-0.9682383459220264,-2.644548714427405,0.11187151903562981,0
389146,-0.9710917830167086,-2.6479056992446783,0.10515754940108339,0
389150,-0.9667277027542535,-2.6636835278858624,0.10616464484626535,0
389154,-0.9445716029602502,-2.671740291447318,0.1101930266269932,0
389158,-0.9726024261844816,-2.6641870756084534,0.11589990081635766,0
389161,-0.9726024261844816,-2.6591515983825436,0.11741054398413062,0
389165,-0.9620279240100709,-2.641191729610132,0.1187533379110399,0
389169,-0.9754558632791638,-2.663347829404135,0.08602273594262608,0
389173,-0.9616922255283435,-2.629274433508812,0.11976043335622186,0
389177,-0.9598458838788433,-2.6410238803692683,0.1264744029907683,0
389181,-0.9601815823605706,-2.634309910734722,0.09642938887617303,0
389185,-0.9454108491645685,-2.601747158007172,0.09391165026321813,0
389189,-0.9630350194552528,-2.6087968261234455,0.09072251468680857,0
389193,-0.9675669489585718,-2.6240711070420386,0.12194247348744945,0
389197,-0.9679026474402991,-2.6390096894789044,0.13100633249408714,0
389201,-0.9633707179369801,-2.646562905317769,0.13436331731136034,0
389204,-0.9731059739070725,-2.6482413977264057,0.13604180971999694,0
389208,-0.9717631799801633,-2.662340733958953,0.15299458304722666,0
389212,-0.9762951094834821,-2.6616693369954985,0.1328526741435874,0
389216,-0.9761272602426184,-2.6745937285420003,0.13083848325322348,0
389220,-0.9769665064469367,-2.677111467154955,0.12529945830472267,0
389224,-0.9809948882276646,-2.6700617990386815,0.12915999084458685,0
389228,-0.9799877927824826,-2.67962920576791,0.12630655374990463,0
389232,-0.9957656214236666,-2.6724116884107727,0.13855954833295187,0
389236,-0.994590676737621,-2.6596551461051345,0.15148393987945372,0
389240,-0.9798199435416189,-2.6680476081483175,0.12412451361867703,0
389244,-0.9967727168688487,-2.6754329747463186,0.13604180971999694,0
389247,-1.0011367971313039,-2.675265125505455,0.13654535744258792,0
389251,-0.9902265964751659,-2.660997940032044,0.13419546807049668,0
389255,-0.9892195010299839,-2.6443808651865415,0.14158083466849775,0
389259,-1.0071793698023956,-2.6667048142214083,0.13402761882963302,0
389263,-0.9868696116578927,-2.6903715571831843,0.13234912642099642,0
389267,-0.9747844663157091,-2.684161135271229,0.11623559929808498,0
389271,-0.9809948882276646,-2.6744258793011366,0.11673914702067598,0
389275,-0.9766308079652094,-2.678118562600137,0.12949568932631417,0
389279,-0.9603494316014343,-2.6512626840619515,0.12781719691767757,0
389283,-0.9450751506828412,-2.6745937285420003,0.10767528801403829,0
389287,-0.9726024261844816,-2.662844281681544,0.13604180971999694,0
389290,-0.9663920042725261,-2.65898374914168,0.14208438239108873,0
389294,-0.9853589684901197,-2.6848325322346835,0.16810101472495612,0
389298,-0.9499427786678873,-2.656969558251316,0.15870145723659113,0
389302,-0.9559853513389791,-2.6497520408941786,0.1459449149309529,0
389306,-0.9645456626230259,-2.6468986037994964,0.12294956893263141,0
389310,-0.9544747081712062,-2.6423666742961776,0.09491874570840009,0
389314,-0.9502784771496147,-2.6291065842679484,0.06554512855725948,0
389318,-0.9524605172808422,-2.6270923933775845,0.07662317845426107,0
389322,-0.9687418936446174,-2.640688181887541,0.12362096589608605,0
389326,-0.9610208285648889,-2.6403524834058136,0.1430914778362707,0
389329,-0.9640421149004348,-2.649584191653315,0.13637750820172426,0
389333,-0.9658884565499352,-2.6571374074921796,0.12865644312199587,0
389337,-0.9648813611047532,-2.651934081025406,0.11824979018844892,0
389341,-0.9558175020981154,-2.652605477988861,0.12429236285954069,0
389345,-0.9685740444037537,-2.650926985580224,0.12429236285954069,0
389349,-0.9581673914702067,-2.6383382925154497,0.12328526741435873,0
389353,-0.9682383459220264,-2.6289387350270847,0.1353704127565423,0
389357,-0.94960708018616,-2.619371328297856,0.10247196154726482,0
389361,-0.9477607385366598,-2.6202105745021744,0.09122606240939955,0
389365,-0.959006637674525,-2.618028534370947,0.10347905699244678,0
389369,-0.9962691691462577,-2.6576409552147706,0.1289921416037232,0
389372,-0.9742809185931182,-2.658480201419089,0.1311741817349508,0
389376,-0.9392004272526131,-2.6656977187762263,0.13419546807049668,0
389380,-0.9553139543755245,-2.6517662317845425,0.1298313878080415,0
389384,-0.9455786984054322,-2.6087968261234455,0.12429236285954069,0
389388,-0.9402075226977951,-2.6153429465171283,0.12127107652399481,0
389392,-0.9571602960250247,-2.619035629816129,0.13604180971999694,0
389396,-0.9643778133821621,-2.620881971465629,0.12177462424658579,0
389400,-0.9653849088273442,-2.6452201113908598,0.12882429236285953,0
389404,-0.9648813611047532,-2.6448844129091325,0.1298313878080415,0
389408,-0.970420386053254,-2.6474021515220874,0.13805600061036086,0
389412,-0.9912336919203478,-2.6344777599755855,0.14023804074158847,0
389415,-0.9813305867093919,-2.664858472571908,0.152826733806363,0
389419,-0.9887159533073929,-2.6547875181200884,0.1613870450904097,0
389423,-0.9454108491645685,-2.6049362935835814,0.15165178912031738,0
389427,-0.9484321355001144,-2.6082932784008546,0.14795910582131686,0
389431,-0.960013733119707,-2.6286030365453574,0.1459449149309529,0
389435,-0.9744487678339818,-2.646562905317769,0.162729839017319,0
389439,-0.9818341344319829,-2.664858472571908,0.12798504615854123,0
389443,-0.9737773708705272,-2.660997940032044,0.11741054398413062,0
389447,-0.9798199435416189,-2.6625085831998168,0.11841763942931258,0
389451,-0.9611886778057526,-2.660326543068589,0.11237506675822079,0
389454,-0.9519569695582513,-2.6388418402380407,0.125131609063859,0
389458,-0.9454108491645685,-2.6019150072480355,0.13688105592431524,0
389462,-0.9378576333257038,-2.6200427252613108,0.1425879301136797,0
389466,-0.9731059739070725,-2.6311207751583123,0.14963759822995346,0
389470,-0.9272831311512931,-2.6168535896849012,0.17263294422827496,0
389474,-0.8772640573739223,-2.574219882505531,0.1301670862897688,0
389478,-0.9073090714885176,-2.5839551384756234,0.12412451361867703,0
389482,-0.9430609597924773,-2.627260242618448,0.13436331731136034,0
389486,-0.9544747081712062,-2.6385061417563134,0.13906309605554285,0
389490,-0.968909742885481,-2.6448844129091325,0.14728770885786222,0
389494,-1.0117112993057145,-2.676104371709773,0.17615777828641183,0
389497,-0.9642099641412984,-2.6499198901350423,0.1600442511635004,0
389501,-0.9672312504768444,-2.6398489356832227,0.14275577935454337,0
389505,-0.998619058518349,-2.6660334172579536,0.18068970778973067,0
389509,-0.9548104066529335,-2.636659800106813,0.18975356679636834,0
389513,-0.9531319142442969,-2.634142061493858,0.1694438086518654,0
389517,-0.9737773708705272,-2.6453879606317234,0.16105134660868237,0
389521,-0.9855268177309834,-2.676775768673228,0.19814602883955137,0
389525,-0.9551461051346608,-2.654955367360952,0.20385290302891584,0
389529,-0.9762951094834821,-2.659319447623407,0.18941786831464102,0
389533,-0.9957656214236666,-2.6621728847180894,0.20368505378805218,0
389537,-0.9841840238040741,-2.6756008239871822,0.21963073167009994,0
389540,-0.9454108491645685,-2.6108110170138095,0.20989547570000763,0
389544,-0.9392004272526131,-2.635652704661631,0.1519874876020447,0
389548,-0.931815060654612,-2.6410238803692683,0.1511482413977264,0
389552,-0.9183871213855191,-2.6242389562829023,0.17447928587777523,0
389556,-0.9350041962310216,-2.6250782024872206,0.1984817273212787,0
389560,-0.9284580758373387,-2.6294422827496757,0.25571831845578696,0
389564,-0.8760891126878767,-2.573212787060349,0.24178683146410315,0
389568,-0.8955596246280613,-2.588654917219806,0.15400167849240862,0
389572,-0.9345006485084306,-2.6296101319905394,0.21996643015182726,0
389576,-0.941718165865568,-2.6413595788509956,0.23054093232623787,0
389580,-0.9279545281147478,-2.6217212176699474,0.21358815899900815,0
389583,-0.9432288090333409,-2.6418631265735866,0.19579613946746013,0
389587,-0.9264438849469748,-2.6344777599755855,0.19915312428473333,0
389591,-0.9556496528572518,-2.6311207751583123,0.23070878156710153,0
389595,-0.9586709391927977,-2.6373311970702678,0.25068284122987716,0
389599,-0.9460822461280232,-2.6113145647364004,0.24212252994583047,0
389603,-0.9754558632791638,-2.6448844129091325,0.26394293125810636,0
389607,-0.9524605172808422,-2.6284351873044938,0.2317158770122835,0
389611,-0.9558175020981154,-2.6359884031433585,0.2001602197299153,0
389615,-0.9598458838788433,-2.6390096894789044,0.21291676203555351,0
389619,-0.9633707179369801,-2.6479056992446783,0.20754558632791636,0
389622,-0.9546425574120698,-2.6410238803692683,0.20872053101396199,0
389626,-0.9616922255283435,-2.624406805523766,0.21946288242923628,0
389630,-0.9618600747692072,-2.6247425040054932,0.1976424811169604,0
389634,-0.9339971007858396,-2.6354848554207675,0.17481498435950255,0
389638,-0.9240939955748836,-2.603089951934081,0.22986953536278323,0
389642,-0.9225833524071106,-2.6074540321965363,0.2617608911268788,0
389646,-0.9568245975432974,-2.6062790875104906,0.2577325093461509,0
389650,-0.9465857938506141,-2.601075761043717,0.2948271915770199,0
389654,-0.9244296940566109,-2.5973830777447167,0.2560540169375143,0
389658,-0.9227512016479743,-2.600572213321126,0.254207675288014,0
389662,-0.9658884565499352,-2.639681086442359,0.3023804074158846,0
389665,-0.9818341344319829,-2.659487296864271,0.32537575341420616,0
389669,-0.9672312504768444,-2.6479056992446783,0.2592431525139238,0
389673,-0.9840161745632104,-2.667879758907454,0.300701915007248,0
389677,-0.9413824673838407,-2.6468986037994964,0.21358815899900815,0
389681,-0.978309300373846,-2.6504234378576332,0.2763637750820172,0
389685,-0.9073090714885176,-2.6121538109407187,0.23272297245746545,0
389689,-0.9897230487525749,-2.6215533684290837,0.26444647898069734,0
389693,-0.934332799267567,-2.645052262149996,0.23221942473487447,0
389697,-0.9256046387426565,-2.6240711070420386,0.2432974746318761,0
389701,-0.9554818036163881,-2.6331349660486763,0.23607995727473868,0
389705,-0.8755855649652857,-2.568345159075303,0.24564736400396733,0
389708,-0.9719310292210269,-2.63330281528954,0.24984359502555886,0
389712,-0.9170443274586099,-2.6133287556267644,0.27065690089265276,0
389716,-0.9647135118638895,-2.627763790341039,0.25706111238269624,0
389720,-1.0414206149385823,-2.642702372777905,0.3446784161135271,0
389724,-0.8556115053025101,-2.5985580224307623,0.31429770351720454,0
389728,-0.9952620737010757,-2.6252460517280842,0.30170901045243,0
389732,-0.8532616159304188,-2.5983901731898986,0.3062409399557488,0
389736,-1.0192645151445792,-2.6635156786449987,0.3421606775005722,0
389740,-0.9197299153124284,-2.624910353246357,0.39822232394903484,0
389744,-0.8990844586861981,-2.6079575799191272,0.3497138933394369,0
389747,-0.8844815747310597,-2.5800946059357592,0.2738460364690623,0
389751,-0.9484321355001144,-2.588151369497215,0.3851300831616693,0
389755,-0.9835126268406195,-2.634813458457313,0.4128252079041733,0
389759,-0.969916838330663,-2.641191729610132,0.39150835431448844,0
389763,-0.9717631799801633,-2.652941176470588,0.3527351796749828,0
389767,-0.9774700541695277,-2.6735866330968183,0.32705424582284276,0
389771,-0.9559853513389791,-2.6557946135652704,0.3070801861600671,0
389775,-0.9840161745632104,-2.670733196002136,0.28559548332951856,0
389779,-0.9558175020981154,-2.659319447623407,0.3074158846417944,0
389783,-0.9798199435416189,-2.6636835278858624,0.27804226749065386,0
389787,-0.9319829098954756,-2.631792172121767,0.2746852826733806,0
389790,-0.9309758144502936,-2.6334706645304036,0.3136263065537499,0
389794,-0.921408407721065,-2.611146715495537,0.3148012512397955,0
389798,-0.9178835736629282,-2.6087968261234455,0.3502174410620279,0
389802,-0.9099946593423361,-2.589158464942397,0.36868085755703056,0
389806,-0.9261081864652475,-2.601075761043717,0.4170214389257648,0
389810,-0.8963988708323796,-2.5923476005188064,0.44807354848554204,0
389814,-0.8828030823224231,-2.5681773098344394,0.3975509269855802,0
389818,-0.8876707103074692,-2.5626382848859386,0.37354848554207676,0
389822,-0.9235904478522926,-2.602082856488899,0.38764782177462426,0
389826,-0.9454108491645685,-2.5814373998626685,0.3868085755703059,0
389830,-0.9618600747692072,-2.605607690547036,0.3955367360952163,0
389833,-0.9428931105516136,-2.6197070267795834,0.3762340733958953,0
389837,-0.9472571908140688,-2.609132524605173,0.3401464866102083,0
389841,-0.9469214923323415,-2.5958724345769437,0.3451819638361181,0
389845,-0.9457465476462958,-2.579758907454032,0.36498817425803004,0
389849,-0.9242618448157472,-2.5837872892347598,0.3401464866102083,0
389853,-0.931815060654612,-2.6126573586633097,0.32923628595407034,0
389857,-0.9410467689021134,-2.6314564736400397,0.33511100938429844,0
389861,-0.9363469901579309,-2.635317006179904,0.35827420462348364,0
389865,-0.9286259250782024,-2.625413900968948,0.35575646601052874,0
389869,-0.9042877851529717,-2.5864728770885783,0.32453650720988786,0
389873,-0.8866636148622873,-2.5664988174258028,0.36616311894407566,0
389876,-0.8833066300450141,-2.562470435645075,0.37942320897230486,0
389880,-0.8708857862211032,-2.538635843442435,0.4005722133211261,0
389884,-0.866521705958648,-2.52738994430457,0.4207141222247654,0
389888,-0.8734035248340581,-2.530914778362707,0.42390325780117494,0
389892,-0.8717250324254215,-2.5119478141451133,0.44421301594567786,0
389896,-0.8789425497825589,-2.535278858625162,0.4735866330968185,0
389900,-0.886831464103151,-2.545685511558709,0.44052033264667734,0
389904,-0.8829709315632868,-2.5508888380254824,0.4329671168078126,0
389908,-0.906134126802472,-2.5651560234988935,0.4344777599755855,0
389912,-0.9428931105516136,-2.60258640421149,0.4203784237430381,0
389915,-0.9375219348439765,-2.6062790875104906,0.4009079118028534,0
389919,-0.9410467689021134,-2.632295719844358,0.3800946059357595,0
389923,-0.9430609597924773,-2.6452201113908598,0.3324254215304799,0
389927,-0.9222476539253833,-2.6296101319905394,0.36330968184939344,0
389931,-0.9408789196612497,-2.6242389562829023,0.357099259937438,0
389935,-0.9167086289768825,-2.6029221026932174,0.3730449378194858,0
389939,-0.8970702677958342,-2.581773098344396,0.36868085755703056,0
389943,-0.9217441062027923,-2.596711680781262,0.40275425345235366,0
389947,-0.9098268101014725,-2.5834515907530324,0.4353170061799039,0
389951,-0.8925383382925154,-2.56498817425803,0.44807354848554204,0
389955,-0.8875028610666056,-2.5646524757763025,0.4376668955519951,0
389958,-0.8990844586861981,-2.582108796826123,0.4620050354772259,0
389962,-0.8765926604104677,-2.557938506141756,0.48953231097886624,0
389966,-0.8274128328374151,-2.512619211108568,0.5007782101167315,0
389970,-0.8457084000915541,-2.5424963759822994,0.45881589990081634,0
389974,-0.9017700465400168,-2.575730525673304,0.48617532616159304,0
389978,-0.8891813534752422,-2.565491721980621,0.5170595864805065,0
389982,-0.9029449912260624,-2.546692607003891,0.5184023804074158,0
389986,-0.8885099565117875,-2.5616311894407566,0.5585183489738308,0
389990,-0.856618600747692,-2.5834515907530324,0.5506294346532387,0
389994,-0.8786068513008316,-2.563813229571984,0.5365300984206912,0
389998,-0.8712214847028306,-2.539810788128481,0.5325017166399634,0
390001,-0.8309376668955519,-2.5361181048294803,0.4917143511100938,0
390005,-0.8918669413290607,-2.5371252002746623,0.44807354848554204,0
390009,-0.9173800259403372,-2.566330968184939,0.4601586938277256,0
390013,-0.9350041962310216,-2.6024185549706265,0.4536125734340429,0
390017,-0.9722667277027542,-2.618364232852674,0.4611657892729076,0
390021,-0.9052948805981537,-2.564316777294575,0.44924849317158766,0
390025,-0.9195620660715648,-2.58059815365835,0.43665980010681316,0
390029,-0.9182192721446555,-2.603089951934081,0.4509269855802243,0
390033,-0.9074769207293812,-2.6034256504158084,0.44387731746395054,0
390037,-0.8975738155184252,-2.586137178606851,0.45999084458686196,0
390040,-0.8999237048905164,-2.5795910582131683,0.5007782101167315,0
390044,-0.9336614023041123,-2.6098039215686275,0.5633859769588769,0
390048,-0.857122148470283,-2.5990615701533533,0.6358968490119783,0
390052,-0.8582970931563286,-2.59066910811017,0.6400930800335698,0
390056,-0.8739070725566491,-2.5602883955138473,0.6776913099870298,0
390060,-0.8420157167925536,-2.54115358205539,0.67265583276112,0
390064,-0.8485618371862363,-2.559449149309529,0.6504997329671168,0
390068,-0.8522545204852369,-2.562973983367666,0.6102159151598382,0
390072,-0.8554436560616464,-2.5661631189440754,0.5721141374837873,0
390076,-0.8510795757991912,-2.572877088578622,0.5383764400701915,0
390080,-0.8723964293888762,-2.530411230640116,0.5086671244373235,0
390083,-0.8698786907759213,-2.5379644464789806,0.4918822003509575,0
390087,-0.8522545204852369,-2.5567635614557105,0.4635156786449988,0
390091,-0.865514610513466,-2.537293049515526,0.4618371862363622,0
390095,-0.8651789120317387,-2.520004577706569,0.45545891508354314,0
390099,-0.856618600747692,-2.554581521324483,0.4578088044556344,0
390103,-0.8618219272144655,-2.5290684367132066,0.4568017090104524,0
390107,-0.8428549629968719,-2.5424963759822994,0.47912565804531926,0
390111,-0.8452048523689631,-2.5552529182879375,0.4819790951400015,0
390115,-0.8791103990234226,-2.555924315251392,0.4714045929655909,0
390119,-0.8989166094453345,-2.5730449378194855,0.5573434042877852,0
390123,-0.8950560769054703,-2.5601205462729837,0.5753032730601968,0
390126,-0.8539330128938735,-2.580766002899214,0.6140764476997024,0
390130,-0.8452048523689631,-2.576234073395895,0.6557030594338903,0
390134,-0.8247272449835965,-2.52738994430457,0.6703059433890287,0
390138,-0.8185168230716411,-2.4924773022049287,0.6545281147478447,0
390142,-0.8191882200350957,-2.4772030212863356,0.6592278934920272,0
390146,-0.8475547417410544,-2.517486839093614,0.6560387579156176,0
390150,-0.8435263599603265,-2.521347371633478,0.6186083772030213,0
390154,-0.8356374456397344,-2.5300755321583885,0.6031662470435645,0
390158,-0.8470511940184634,-2.5448462653543906,0.5635538261997406,0
390162,-0.8332875562676432,-2.5208438239108872,0.5377050431067368,0
390166,-0.8165026321812772,-2.486434729533837,0.5041351949340047,0
390169,-0.856618600747692,-2.5518959334706643,0.5011139085984588,0
390173,-0.8535973144121461,-2.5695201037613487,0.48986800946059356,0
390177,-0.8554436560616464,-2.5612954909590293,0.48735027084763866,0
390181,-0.8572899977111467,-2.5661631189440754,0.49893186846723125,0
390185,-0.913015945677882,-2.592011902037079,0.5009460593575952,0
390189,-0.8544365606164644,-2.5829480430304415,0.5576791027695125,0
390193,-0.8366445410849164,-2.5527351796749826,0.5345159075303273,0
390197,-0.8384908827344167,-2.5300755321583885,0.5345159075303273,0
390201,-0.837315938048371,-2.531754024567025,0.5988021667811093,0
390205,-0.8074387731746395,-2.512954909590295,0.6338826581216144,0
390208,-0.8060959792477301,-2.5005340657663844,0.6367360952162966,0
390212,-0.7985427634088654,-2.495330739299611,0.6463035019455252,0
390216,-0.7666514076447699,-2.48979171435111,0.6357289997711146,0
390220,-0.772022583352407,-2.4904631113145648,0.6298542763408865,0
390224,-0.7775616083009079,-2.4523613336385135,0.6567101548790722,0
390228,-0.7673228046082246,-2.4723353933012895,0.6494926375219349,0
390232,-0.7686655985351338,-2.477035172045472,0.6330434119172961,0
390236,-0.7748760204470894,-2.4424582284275576,0.607866025787747,0
390240,-0.7789044022278172,-2.4213092240787364,0.5840314335851071,0
390244,-0.7674906538490882,-2.4548790722514684,0.5551613641565576,0
390248,-0.7973678187228198,-2.480392156862745,0.5506294346532387,0
390251,-0.8198596169985504,-2.4921416037232014,0.5439154650186923,0
390255,-0.8240558480201419,-2.498184176394293,0.5455939574273289,0
390259,-0.8448691538872358,-2.517990386816205,0.5413977264057374,0
390263,-0.8509117265583276,-2.5346074616617074,0.5526436255436026,0
390267,-0.857625696192874,-2.5591134508278017,0.550965133134966,0
390271,-0.9017700465400168,-2.58563363088426,0.542069123369192,0
390275,-0.8834744792858777,-2.5735484855420765,0.5546578164339666,0
390279,-0.9106660563057908,-2.5641489280537115,0.5694285496299687,0
390283,-0.8730678263523308,-2.529907682917525,0.6431143663691157,0
390287,-0.7919966430151827,-2.5064087891966125,0.6625848783093004,0
390291,-0.7676585030899519,-2.4960021362630656,0.6486533913176166,0
390294,-0.7985427634088654,-2.4919737544823377,0.6857480735484855,0
390298,-0.7978713664454108,-2.470656900892653,0.7411383230334935,0
390302,-0.7733653772793163,-2.489959563591974,0.7367742427710383,0
390306,-0.7530556191348134,-2.464446478980697,0.7058899824521248,0
390310,-0.755237659266041,-2.457061112382696,0.6709773403524834,0
390314,-0.765140764476997,-2.474517433432517,0.6310292210269322,0
390318,-0.7710154879072251,-2.471160448615244,0.597962920576791,0
390322,-0.7743724727244983,-2.433897917143511,0.5721141374837873,0
390326,-0.7876325627527275,-2.443801022354467,0.5727855344472419,0
390330,-0.8154955367360952,-2.500701915007248,0.5672465094987411,0
390333,-0.8317769130998702,-2.5183260852979323,0.5521400778210116,0
390337,-0.8381551842526894,-2.505233844510567,0.5645609216449226,0
390341,-0.8428549629968719,-2.530243381399252,0.5652323186083772,0
390345,-0.8710536354619669,-2.514633401998932,0.5721141374837873,0
390349,-0.820531013962005,-2.503723201342794,0.6231403067063401,0
390353,-0.8081101701380942,-2.5183260852979323,0.5773174639505607,0
390357,-0.8356374456397344,-2.530243381399252,0.5929274433508812,0
390361,-0.7538948653391317,-2.4746852826733807,0.6833981841763943,0
390365,-0.765644312199588,-2.4582360570687416,0.6736629282063019,0
390369,-0.7889753566796368,-2.46914625772488,0.7179751277943084,0
390373,-0.7993820096131837,-2.490295262073701,0.7688334477759975,0
390376,-0.7807507438773175,-2.4617608911268785,0.7721904325932707,0
390380,-0.7809185931181811,-2.435912108033875,0.7596017395284962,0
390384,-0.7666514076447699,-2.456054016937514,0.720157167925536,0
390388,-0.764133669031815,-2.45907530327306,0.6758449683375295,0
390392,-0.7695048447394521,-2.4674677653162433,0.6273365377279316,0
390396,-0.7767223620965896,-2.4528648813611045,0.6013199053940642,0
390400,-0.7852826733806363,-2.4523613336385135,0.6050125886930647,0
390404,-0.7745403219653619,-2.438261997405966,0.6134050507362477,0
390408,-0.7810864423590448,-2.4439688715953305,0.6234760051880675,0
390412,-0.784946974898909,-2.443633173113603,0.6135728999771114,0
390416,-0.7841077286945907,-2.46595712214847,0.6076981765468833,0
390419,-0.7992141603723201,-2.471160448615244,0.6149156939040207,0
390423,-0.8094529640650034,-2.4985198748760205,0.6118944075684748,0
390427,-0.8260700389105058,-2.4970092317082475,0.6120622568093385,0
390431,-0.8332875562676432,-2.5097657740138857,0.5919203479056993,0
390435,-0.8507438773174639,-2.5356145571068893,0.625658045319295,0
390439,-0.8443656061646448,-2.538803692683299,0.6479819943541618,0
390443,-0.7666514076447699,-2.502716105897612,0.7607766842145418,0
390447,-0.7753795681696803,-2.4646143282215607,0.7596017395284962,0
390451,-0.748355840390631,-2.450179293507286,0.8037460898756389,0
390455,-0.7460059510185397,-2.441786831464103,0.8433585107194629,0
390459,-0.7377813382162203,-2.4213092240787364,0.8128099488822766,0
390462,-0.7308995193408102,-2.3882429236285954,0.7904859998474097,0
390466,-0.7287174792095826,-2.409224078736553,0.7387884336614022,0
390470,-0.727038986800946,-2.4231555657282366,0.7361028458075837,0
390474,-0.7268711375600824,-2.42651255054551,0.7085755703059433,0
390478,-0.7246890974288548,-2.4271839475089645,0.6808804455634394,0
390482,-0.7208285648889906,-2.41459525444419,0.6541924162661173,0
390486,-0.734927901121538,-2.4124132143129624,0.6498283360036622,0
390490,-0.757251850156405,-2.4468223086900127,0.6399252307927061,0
390494,-0.775547417410544,-2.443129625391012,0.6337148088807507,0
390498,-0.7792401007095445,-2.440779736018921,0.6394216830701152,0
390501,-0.7768902113374533,-2.435912108033875,0.6365682459754329,0
390505,-0.8104600595101854,-2.4842526894026093,0.63505760280766,0
390509,-0.8193560692759594,-2.4792172121766995,0.6560387579156176,0
390513,-0.8369802395666437,-2.518997482261387,0.6399252307927061,0
390517,-0.8579613946746013,-2.5602883955138473,0.6585564965285725,0
390521,-0.8673609521629663,-2.540314335851072,0.6921263447013046,0
390525,-0.8134813458457313,-2.5334325169756617,0.7277103837644007,0
390529,-0.7956893263141832,-2.4949950408178836,0.7592660410467689,0
390533,-0.7538948653391317,-2.4698176546883346,0.7965285725185015,0
390537,-0.7317387655451285,-2.428862439917601,0.8529259174486915,0
390541,-0.7303959716182192,-2.4399404898146027,0.9133516441596093,0
390544,-0.7260318913557641,-2.4213092240787364,0.9262760357061112,0
390548,-0.7068970778973067,-2.3981460288395513,0.9093232623788815,0
390552,-0.7033722438391699,-2.3954604409857327,0.8564507515068284,0
390556,-0.6929655909056229,-2.345441367208362,0.7503700312809949,0
390560,-0.6976653696498054,-2.3634012359807737,0.7104219119554436,0
390564,-0.708239871824216,-2.381528953994049,0.6620813305867094,0
390568,-0.7169680323491264,-2.4055313954375523,0.6342183566033417,0
390572,-0.7298924238956283,-2.4281910429541465,0.6254901960784314,0
390576,-0.7402990768291752,-2.429869535362783,0.6338826581216144,0
390580,-0.7371099412527656,-2.4167772945754176,0.6483176928358892,0
390584,-0.7486915388723583,-2.420973525597009,0.6573815518425269,0
390587,-0.7157930876630808,-2.402174410620279,0.6850766765850309,0
390591,-0.7362706950484473,-2.400328068970779,0.663759822995346,0
390595,-0.7152895399404898,-2.389417868314641,0.6743343251697566,0
390599,-0.7871290150301365,-2.4103990234225985,0.6708094911116197,0
390603,-0.7324101625085832,-2.395292591744869,0.7235141527428092,0
390607,-0.8148241397726406,-2.479385061417563,0.708743419546807,0
390611,-0.7549019607843137,-2.4505149919890132,0.8065995269703212,0
390615,-0.6699702449073014,-2.4424582284275576,0.8796139467460136,0
390619,-0.6244831006332494,-2.3912642099641412,0.9301365682459753,0
390623,-0.6605706874189364,-2.4075455863279163,0.9667277027542535,0
390626,-0.6463035019455252,-2.3857251850156405,0.9519569695582513,0
390630,-0.6392538338292515,-2.381025406271458,0.8859922178988326,0
390634,-0.6503318837262532,-2.379011215381094,0.8035782406347752,0
390638,-0.6649347676813916,-2.3946211947814144,0.736438544289311,0
390642,-0.6672846570534828,-2.4127489127946897,0.709246967269398,0
390646,-0.6907835507743953,-2.3697795071335928,0.7021972991531242,0
390650,-0.699343862058442,-2.3719615472648203,0.7050507362478065,0
390654,-0.6874265659571221,-2.4444724193179215,0.7114290074006255,0
390658,-0.6778591592278934,-2.4419546807049666,0.7273746852826733,0
390662,-0.6699702449073014,-2.4406118867780573,0.7228427557793545,0
390666,-0.692462043183032,-2.3900892652780956,0.7213321126115816,0
390669,-0.6734950789654383,-2.4142595559624627,0.7085755703059433,0
390673,-0.7006866559853513,-2.3959639887083237,0.7011902037079423,0
390677,-0.7011902037079423,-2.3697795071335928,0.711764705882353,0
390681,-0.7035400930800335,-2.377500572213321,0.7241855497062638,0
390685,-0.7115968566414893,-2.386396581979095,0.7396276798657205,0
390689,-0.718142977035172,-2.406202792401007,0.7795757991912718,0
390693,-0.7080720225833523,-2.4053635461966887,0.8361409933623254,0
390697,-0.6817196917677577,-2.4384298466468297,0.8802853437094682,0
390701,-0.6694666971847104,-2.429365987640192,0.9002594033722437,0
390705,-0.6832303349355306,-2.443129625391012,0.9079804684519722,0
390709,-0.6807125963225757,-2.451186388952468,0.8900205996795605,0
390712,-0.6570458533607996,-2.4203021286335544,0.8816281376363775,0
390716,-0.6550316624704356,-2.4197985809109634,0.8676966506446936,0
390720,-0.6541924162661173,-2.3994888227664606,0.8614862287327382,0
390724,-0.6473105973907072,-2.3625619897764554,0.8306019684138246,0
390728,-0.6308613717860685,-2.390928511482414,0.7930037384603646,0
390732,-0.6761806668192568,-2.4276874952315555,0.7824292362859541,0
390736,-0.6832303349355306,-2.457564660105287,0.7958571755550469,0
390740,-0.6741664759288929,-2.436751354238193,0.7866254673075456,0
390744,-0.6647669184405279,-2.4238269626916913,0.784443427176318,0
390748,-0.6651026169222553,-2.4317158770122833,0.7634622720683604,0
390752,-0.6708094911116197,-2.4463187609674217,0.7493629358358129,0
390755,-0.6703059433890287,-2.439269092851148,0.7426489662012664,0
390759,-0.6971618219272144,-2.387403677424277,0.7345922026398107,0
390763,-0.7240177004654001,-2.3999923704890516,0.7386205844205386,0
390767,-0.7223392080567635,-2.418120088502327,0.7570840009155413,0
390771,-0.7090791180285343,-2.3813611047531853,0.7916609445334554,0
390775,-0.7068970778973067,-2.3823682001983673,0.7961928740367742,0
390779,-0.7033722438391699,-2.387907225146868,0.7879682612344548,0
390783,-0.6803768978408484,-2.4182879377431905,0.8037460898756389,0
390787,-0.6981689173723964,-2.396803234912642,0.8415121690699626,0
390791,-0.7228427557793545,-2.409224078736553,0.9094911116197452,0
390794,-0.7166323338673991,-2.4083848325322346,0.9477607385366598,0
390798,-0.6797055008773937,-2.4152666514076446,0.9637064164187075,0
390802,-0.6570458533607996,-2.3956282902265964,0.9566567483024337,0
390806,-0.6466392004272525,-2.376493476768139,0.9766308079652094,0
390810,-0.6322041657129778,-2.392439154650187,0.9961013199053941,0
390814,-0.626665140764477,-2.3753185320820935,0.9749523155565728,0
390818,-0.6001449607080186,-2.3781719691767758,0.9068055237659266,0
390822,-0.578156710154879,-2.3422522316319525,0.8050888838025482,0
390826,-0.5872205691615168,-2.343595025558862,0.7240177004654001,0
390830,-0.5726176852063782,-2.3276493476768136,0.6783627069504844,0
390834,-0.6075303273060196,-2.3288242923628593,0.6426108186465247,0
390837,-0.5966201266498817,-2.3385595483329515,0.6568780041199359,0
390841,-0.6066910811017013,-2.3457770656900894,0.6338826581216144,0
390845,-0.5815136949721522,-2.327985046158541,0.6647669184405279,0
390849,-0.5764782177462424,-2.323453116655222,0.7032043945983062,0
390853,-0.6120622568093385,-2.3529945830472268,0.6956511787594415,0
390857,-0.5976272220950637,-2.348462653543908,0.755741206988632,0
390861,-0.6001449607080186,-2.3625619897764554,0.7710154879072251,0
390865,-0.6372396429388876,-2.375989929045548,0.8104600595101854,0
390869,-0.6417715724422064,-2.4015030136568245,0.8257343404287785,0
390873,-0.6971618219272144,-2.3722972457465477,0.8411764705882353,0
390877,-0.6889372091248951,-2.337888151369497,0.893713282978561,0
390880,-0.6679560540169375,-2.378004119935912,0.970420386053254,0
390884,-0.6488212405584802,-2.372129396505684,1.0592126344701305,0
390888,-0.6348897535667963,-2.3753185320820935,1.0912718394750895,0
390892,-0.6132372014953841,-2.3422522316319525,1.0671015487907225,0
390896,-0.5956130312046998,-2.3477912565804533,0.9903944457160295,0
390900,-0.5670786602578775,-2.3162355992980848,0.906134126802472,0
390904,-0.5731212329289692,-2.314557106889448,0.8514152742809186,0
390908,-0.5581826504921035,-2.324963759822995,0.8240558480201419,0
390912,-0.5783245593957427,-2.323117418173495,0.7985427634088654,0
390916,-0.578156710154879,-2.323620965896086,0.7804150453955901,0
390919,-0.5771496147096971,-2.321103227283131,0.7554055085069047,0
390923,-0.5600289921416037,-2.2851834897383076,0.7606088349736781,0
390927,-0.5731212329289692,-2.2986114290074005,0.7475165941863127,0
390931,-0.5880598153658351,-2.3331883726253144,0.7339208056763561,0
390935,-0.5744640268558785,-2.339230945296406,0.7476844434271763,0
390939,-0.6122301060502021,-2.3521553368429085,0.7661478599221789,0
390943,-0.6031662470435645,-2.316571297779812,0.7958571755550469,0
390947,-0.6048447394522011,-2.320096131837949,0.813649195086595,0
390951,-0.6016556038757915,-2.3164034485389484,0.8309376668955519,0
390955,-0.6452964065003433,-2.336377508201724,0.8448691538872358,0
390959,-0.6610742351415274,-2.3649118791485466,0.9074769207293812,0
390962,-0.6506675822079805,-2.360212100404364,0.9937514305333027,0
390966,-0.6083695735103379,-2.330502784771496,1.0909361409933622,0
390970,-0.5556649118791486,-2.329999237048905,1.1522011139085984,0
390974,-0.533173113603418,-2.281490806439307,1.097985809109636,0
390978,-0.5026245517662318,-2.2709163042648965,1.033196002136263,0
390982,-0.5069886320286869,-2.2653772793163958,0.9680704966811627,0
390986,-0.533173113603418,-2.251445792324712,0.9402075226977951,0
390990,-0.5622110322728313,-2.2574883649958037,0.9197299153124284,0
390994,-0.5654001678492409,-2.2673914702067597,0.8900205996795605,0
390998,-0.5724498359655146,-2.280483710994125,0.856115053025101,0
391002,-0.5716105897611963,-2.2856870374608986,0.8240558480201419,0
391005,-0.5657358663309682,-2.290890363927672,0.7985427634088654,0
391009,-0.5870527199206531,-2.3095216296635384,0.7711833371480887,0
391013,-0.6036697947661555,-2.3204318303196763,0.7726939803158617,0
391017,-0.6565423056382086,-2.3590371557183185,0.7883039597161822,0
391021,-0.627672236209659,-2.3806897077897307,0.8264057373922331,0
391025,-0.6149156939040207,-2.365247577630274,0.8453727016098268,0
391029,-0.6515068284122988,-2.368604562447547,0.8455405508506905,0
391033,-0.670138094148165,-2.397810330357824,0.8569542992294193,0
391037,-0.6812161440451667,-2.4453116655222398,0.8821316853589685,0
391041,-0.7104219119554436,-2.3892500190737773,0.9000915541313801,0
391045,-0.6877622644388495,-2.3380560006103606,0.9544747081712062,0
391048,-0.706729228656443,-2.3580300602731366,1.0013046463721675,0
391052,-0.6723201342793926,-2.391767757686732,1.078179598687724,0
391056,-0.6202868696116579,-2.3837109941252765,1.1179598687724117,0
391060,-0.5682536049439231,-2.3237888151369495,1.1496833752956435,0
391064,-0.5261234454871443,-2.287869077592126,1.0864042114900434,0
391068,-0.5026245517662318,-2.2777981231403066,1.032188906691081,0
391072,-0.4902037079423209,-2.2438925764858473,0.9390325780117494,0
391076,-0.5084992751964599,-2.2616845960173952,0.8687037460898756,0
391080,-0.5029602502479591,-2.273266193636988,0.8018997482261386,0
391084,-0.5301518272678721,-2.2611810482948043,0.7408026245517662,0
391087,-0.5383764400701915,-2.2621881437399862,0.7220035095750362,0
391091,-0.5524757763027389,-2.2937438010223543,0.6978332188906691,0
391095,-0.5400549324788281,-2.273601892118715,0.7171358815899901,0
391099,-0.5437476157778286,-2.280987258716716,0.7569161516746776,0
391103,-0.5301518272678721,-2.2689021133745326,0.7757152666514077,0
391107,-0.514877546349279,-2.297436484321355,0.7856183718623636,0
391111,-0.5356908522163729,-2.2905546654459448,0.8091172655832761,0
391115,-0.48902876325627526,-2.237682154573892,0.8594720378423742,0
391119,-0.4761043717097734,-2.217372396429389,0.8687037460898756,0
391123,-0.4987640192263676,-2.2403677424277104,0.856618600747692,0
391127,-0.5093385214007782,-2.266720073243305,0.8866636148622873,0
391130,-0.5249485008010987,-2.2581597619592584,0.9531319142442969,0
391134,-0.5333409628442817,-2.2485923552300298,1.0516594186312658,0
391138,-0.5286411841000992,-2.2343251697566187,1.154383154039826,0
391142,-0.49322499427786676,-2.238017853055619,1.2200122072175172,0
391146,-0.45243762874799726,-2.2064621957732506,1.184092469672694,0
391150,-0.4378347447928588,-2.1695353627832454,1.0810330357824063,0
391154,-0.441191729610132,-2.1551003280689707,0.9279545281147478,0
391158,-0.476775768673228,-2.177256427862974,0.8905241474021515,0
391162,-0.5011139085984588,-2.210154879072251,0.8717250324254215,0
391166,-0.5189059281300068,-2.212169069962615,0.8866636148622873,0
391170,-0.5251163500419623,-2.2279468986037996,0.9276188296330204,0
391173,-0.5207522697795071,-2.244060425726711,0.9677347981994354,0
391177,-0.5024567025253681,-2.248424505989166,0.9517891203173876,0
391181,-0.4885252155336843,-2.2522850385290303,0.9091554131380178,0
391185,-0.4913786526283665,-2.2526207370107576,0.8676966506446936,0
391189,-0.5098420691233692,-2.270244907301442,0.8359731441214617,0
391193,-0.5395513847562371,-2.281490806439307,0.830434119172961,0
391197,-0.5643930724040589,-2.278133821622034,0.8361409933623254,0
391201,-0.5944380865186542,-2.305157549401083,0.8713893339436942,0
391205,-0.6431143663691157,-2.3659189745937286,0.8809567406729228,0
391209,-0.5403906309605554,-2.314221408407721,0.9657206073090715,0
391212,-0.6031662470435645,-2.30180056458381,0.8935454337376973,0
391216,-0.605348287174792,-2.3204318303196763,0.9449073014419775,0
391220,-0.6249866483558404,-2.336881055924315,0.9964370183871214,0
391224,-0.6211261158159762,-2.34258793011368,1.06240177004654,0
391228,-0.6060196841382467,-2.332852674143587,1.0999999999999999,0
391232,-0.6024948500801098,-2.3098573281452657,1.1204776073853666,0
391236,-0.5630502784771496,-2.2960936903944456,1.1683146410315097,0
391240,-0.5121919584954604,-2.2838406958113984,1.1688181887541007,0
391244,-0.47291523613336384,-2.2069657434958416,1.082207980468452,0
391248,-0.4531090257114519,-2.2036087586785684,1.023796444647898,0
391252,-0.45579461356527046,-2.200755321583886,0.9373540856031128,0
391255,-0.4386739909971771,-2.181620508125429,0.8955596246280613,0
391259,-0.4369954985885405,-2.165339131761654,0.8708857862211032,0
391263,-0.41819638361181044,-2.176752880140383,0.8811245899137865,0
391267,-0.3975509269855802,-2.132272831311513,0.8604791332875562,0
391271,-0.40275425345235366,-2.1443579766536964,0.8475547417410544,0
391275,-0.4207141222247654,-2.160471503776608,0.8483939879453727,0
391279,-0.42222476539253834,-2.166346227206836,0.8876707103074692,0
391283,-0.4680476081483177,-2.1893415732051573,0.8727321278706035,0
391287,-0.4705653467612726,-2.214854657816434,0.9083161669336995,0
391291,-0.47207598992904554,-2.234157320515755,0.9212405584802014,0
391295,-0.5081635767147326,-2.259334706645304,0.8935454337376973,0
391298,-0.5343480582894636,-2.2700770580605782,0.9245975432974746,0
391302,-0.5350194552529183,-2.2668879224841687,0.9465857938506141,0
391306,-0.570771343556878,-2.268230716411078,0.9517891203173876,0
391310,-0.5833600366216525,-2.298443579766537,0.9610208285648889,0
391314,-0.6031662470435645,-2.295422293430991,0.979316395819028,0
391318,-0.5981307698176547,-2.332852674143587,1.0328603036545356,0
391322,-0.5640573739223316,-2.2841763942931257,1.1258487830930037,0
391326,-0.542572671091783,-2.2635309376668955,1.1574044403753718,0
391330,-0.5207522697795071,-2.25043869687953,1.1666361486228731,0
391334,-0.47996490424963756,-2.225261310749981,1.1285343709468223,0
391338,-0.4601586938277256,-2.214015411612116,1.0853971160448614,0
391341,-0.421889066910811,-2.1728923476005186,1.056023498893721,0
391345,-0.40678263523308156,-2.158960860608835,0.987708857862211,0
391349,-0.4022507057297627,-2.1446936751354237,0.9195620660715648,0
391353,-0.40510414282444496,-2.1408331425955596,0.866018158236057,0
391357,-0.4136644541084916,-2.131265735866331,0.8059281300068665,0
391361,-0.4390096894789044,-2.151575494010834,0.8005569542992294,0
391365,-0.4564660105287251,-2.188502327000839,0.8158312352178225,0
391369,-0.4675440604257267,-2.192362859540703,0.8353017471580071,0
391373,-0.49205004959182114,-2.220897230487526,0.8614862287327382,0
391377,-0.5039673456931411,-2.255809872587167,0.8828030823224231,0
391380,-0.5330052643625544,-2.25547417410544,0.8891813534752422,0
391384,-0.5719462882429236,-2.2808194094758525,0.9252689402609292,0
391388,-0.5210879682612344,-2.234157320515755,0.9642099641412984,0
391392,-0.4933928435187304,-2.256313420309758,0.9637064164187075,0
391396,-0.5167238879987792,-2.2309681849393455,0.969916838330663,0
391400,-0.5372014953841459,-2.226771953917754,1.0135576409552147,0
391404,-0.5264591439688716,-2.2094834821087965,1.0533379110399024,0
391408,-0.5241092545967804,-2.2229114213778898,1.0946288242923627,0
391412,-0.5068207827878233,-2.2507743953612573,1.1417944609750514,0
391416,-0.48080415045395586,-2.2141832608529795,1.169657434958419,0
391420,-0.4373311970702678,-2.1764171816586555,1.1389410238803692,0
391423,-0.42977798123140304,-2.127237354085603,1.06928358892195,0
391427,-0.393690394445716,-2.1087739375906005,0.9642099641412984,0
391431,-0.38496223392080564,-2.120859082932784,0.9276188296330204,0
391435,-0.38848706797894256,-2.109948882276646,0.8910276951247424,0
391439,-0.39016556038757916,-2.0983672846570536,0.8648432135500114,0
391443,-0.384290836957351,-2.1062561989776456,0.8772640573739223,0
391447,-0.3987258716716258,-2.107431143663691,0.8490653849088273,0
391451,-0.403593499656672,-2.111459525444419,0.827916380560006,0
391455,-0.42474250400549324,-2.146540016784924,0.8475547417410544,0
391459,-0.4368276493476768,-2.148554207675288,0.866521705958648,0
391463,-0.44303807125963224,-2.1596322575722895,0.8893492027161058,0
391466,-0.4792935072861829,-2.184977492942702,0.9345006485084306,0
391470,-0.48130769817654684,-2.206294346532387,0.9611886778057526,0
391474,-0.49238574807354846,-2.2215686274509805,0.9752880140383001,0
391478,-0.49372854200045774,-2.2401998931868468,0.9966048676279851,0
391482,-0.5123598077363241,-2.262691691462577,1.0167467765316243,0
391486,-0.5197451743343251,-2.2388570992599375,1.068780041199359,0
391490,-0.5053101396200503,-2.2501029983978027,1.1377660791943236,0
391494,-0.48533607995727474,-2.232143129625391,1.1522011139085984,0
391498,-0.45075913633936066,-2.210322728313115,1.1317235065232318,0
391502,-0.4299458304722667,-2.146036469062333,1.0716334782940413,0
391505,-0.4232318608377203,-2.15644312199588,1.0110399023422598,0
391509,-0.4311207751583123,-2.139154650186923,0.9843518730449378,0
391513,-0.4556267643244068,-2.179102769512474,0.9840161745632104,0
391517,-0.42390325780117494,-2.18212405584802,0.9835126268406195,0
391521,-0.4311207751583123,-2.145029373617151,0.9767986572060731,0
391525,-0.42977798123140304,-2.1230411230640116,0.9371862363622492,0
391529,-0.4291065842679484,-2.1634927901121537,0.895223926146334,0
391533,-0.41433585107194626,-2.1545967803463797,0.8836423285267414,0
391537,-0.4435416189822232,-2.159800106813153,0.8770962081330587,0
391541,-0.4586480506599527,-2.1817883573662926,0.9009308003356984,0
391545,-0.45797665369649804,-2.182627603570611,0.9385290302891585,0
391548,-0.4653620202944991,-2.2002517738612952,0.9373540856031128,0
391552,-0.48449683375295644,-2.210154879072251,0.9475928892957961,0
391556,-0.4943999389639124,-2.2099870298313875,0.9665598535133898,0
391560,-0.4927214465552758,-2.237514305333028,0.987708857862211,0
391564,-0.4938963912413214,-2.2579919127183947,1.0204394598306248,0
391568,-0.4943999389639124,-2.2329823758297094,1.0682764934767681,0
391572,-0.47828641184100096,-2.203776607919432,1.1246738384069581,0
391576,-0.45059128709849694,-2.1972304875257493,1.1693217364766917,0
391580,-0.42893873502708474,-2.1987411306935223,1.1775463492790113,0
391584,-0.394193942168307,-2.1512397955291065,1.1422980086976424,0
391588,-0.39100480659189746,-2.1131380178530557,1.0931181811245898,0
391591,-0.38664072632944224,-2.138147554741741,1.0196002136263065,0
391595,-0.384290836957351,-2.123376821545739,1.016914625772488,0
391599,-0.38194094758525976,-2.117334248874647,0.9774700541695277,0
391603,-0.3868085755703059,-2.087289234760052,0.9742809185931182,0
391607,-0.3713664454108491,-2.0834287022201874,0.9630350194552528,0
391611,-0.3651560234988937,-2.1047455558098727,0.9358434424353399,0
391615,-0.36700236514839396,-2.095178149080644,0.9254367895017929,0
391619,-0.3572671091783017,-2.0669794766155487,0.9128480964370184,0
391623,-0.33292896925307086,-2.1235446707866026,0.9084840161745632,0
391627,-0.3562600137331197,-2.086617837796597,0.9296330205233844,0
391631,-0.3742198825055314,-2.0945067521171894,0.9452429999237049,0
391634,-0.39318684672312504,-2.1018921187151904,0.949103532463569,0
391638,-0.41181811245899136,-2.1230411230640116,0.9444037537193866,0
391642,-0.44807354848554204,-2.1517433432516975,0.9563210498207064,0
391646,-0.4702296482795453,-2.183466849774929,0.995094224460212,0
391650,-0.4905394064240482,-2.207301441977569,1.0417563134203096,0
391654,-0.4977569237811856,-2.2318074311436638,1.0800259403372243,0
391658,-0.5046387426565957,-2.26420233463035,1.0976501106279086,0
391662,-0.48869306477454794,-2.255977721828031,1.1500190737773708,0
391666,-0.4697261005569543,-2.2490959029526207,1.2035629816128786,0
391670,-0.4249103532463569,-2.208308537422751,1.250896467536431,0
391673,-0.4087968261234455,-2.1611429007400624,1.208766308079652,0
391677,-0.3871442740520332,-2.113473716334783,1.1421301594567788,0
391681,-0.3780804150453956,-2.1059205004959183,1.0662623025864042,0
391685,-0.37992675669489584,-2.1054169527733273,1.0189288166628518,0
391689,-0.3812695506218051,-2.125391012436103,1.005500877393759,0
391693,-0.3772411688410773,-2.116830701152056,0.9996261539635309,0
391697,-0.3634775310902571,-2.094171053635462,0.977805752651255,0
391701,-0.3515602349889372,-2.075204089417868,0.94960708018616,0
391705,-0.32705424582284276,-2.1062561989776456,0.9442359044785229,0
391709,-0.3206759746700236,-2.1250553139543755,0.9467536430914778,0
391713,-0.3050659952697032,-2.0988708323796446,0.9279545281147478,0
391716,-0.32420080872816054,-2.1097810330357825,0.9380254825665675,0
391720,-0.32839703974975204,-2.117334248874647,0.9489356832227054,0
391724,-0.34031433585107196,-2.144022278171969,0.9630350194552528,0
391728,-0.36868085755703056,-2.108606088349737,0.9863660639353017,0
391732,-0.3945296406500343,-2.117837796597238,0.9900587472343022,0
391736,-0.42977798123140304,-2.1064240482185093,0.9848554207675287,0
391740,-0.44807354848554204,-2.135294117647059,0.9786449988555733,0
391744,-0.47459372854200044,-2.1644998855573356,0.9729381246662089,0
391748,-0.5108491645685511,-2.2225757228961625,1.0023117418173495,0
391752,-0.5048065918974594,-2.2665522240024414,1.1135957885099566,0
391756,-0.4744258793011368,-2.2250934615091174,1.2060807202258335,0
391759,-0.42642099641412984,-2.192866407263294,1.2544213015945678,0
391763,-0.3705271992065308,-2.147547112230106,1.2524071107042039,0
391767,-0.338300144960708,-2.1537575341420614,1.1649576562142365,0
391771,-0.30875867856870376,-2.1240482185091936,1.0941252765697718,0
391775,-0.2990234225986114,-2.11699855039292,1.0187609674219882,0
391779,-0.32134737163347826,-2.128747997253376,0.970923933775845,0
391783,-0.32671854734111544,-2.135126268406195,0.9452429999237049,0
391787,-0.3510566872663462,-2.091653315022507,0.9252689402609292,0
391791,-0.34870679789425496,-2.0691615167467763,0.9153658350499733,0
391795,-0.35424582284275574,-2.078225375753414,0.9225833524071106,0
391798,-0.3319218738078889,-2.1126344701304647,0.9289616235599297,0
391802,-0.3191653315022507,-2.1047455558098727,0.9291294728007934,0
391806,-0.2854276340886549,-2.0804074158846415,0.9398718242160677,0
391810,-0.28475623712520026,-2.0597619592584113,0.9244296940566109,0
391814,-0.2808957045853361,-2.0542229343099105,0.931815060654612,0
391818,-0.29969481956206606,-2.08124666208896,0.9346684977492943,0
391822,-0.3119478141451133,-2.080239566643778,0.9521248187991149,0
391826,-0.34031433585107196,-2.125391012436103,0.9836804760814831,0
391830,-0.3896620126649882,-2.102059967956054,0.9885481040665293,0
391834,-0.4262531471732662,-2.1463721675440603,1.015403982604715,0
391838,-0.4468986037994964,-2.1601358052948805,1.070794232089723,0
391841,-0.44673075455863276,-2.167689021133745,1.1240024414435035,0
391845,-0.43968108644235904,-2.1713817044327457,1.189967193102922,0
391849,-0.4029221026932173,-2.134119172961013,1.2435111009384299,0
391853,-0.37237354085603114,-2.116495002670329,1.2549248493171588,0
391857,-0.33259327077134354,-2.133279926756695,1.191981383993286,0
391861,-0.30439459830624854,-2.0975280384527353,1.1090638590066377,0
391865,-0.2892881666285191,-2.099038681620508,1.0499809262226292,0
391869,-0.2941557946135653,-2.0919890135042345,1.0209430075532158,0
391873,-0.2770351720454719,-2.073357747768368,1.0086900129701686,0
391877,-0.28945601586938274,-2.0876249332417793,0.9907301441977568,0
391881,-0.2884489204242008,-2.0943389028763257,0.9672312504768444,0
391884,-0.2975127794308385,-2.10004577706569,0.9287937743190661,0
391888,-0.3070801861600671,-2.0832608529793237,0.9299687190051117,0
391892,-0.319501029983978,-2.106591897459373,0.9383611810482948,0
391896,-0.3357824063477531,-2.1190127412832838,0.959510185397116,0
391900,-0.35827420462348364,-2.0963530937666897,0.9835126268406195,0
391904,-0.3886549172198062,-2.0881284809643703,1.0053330281528954,0
391908,-0.4111467154955367,-2.1059205004959183,1.0298390173189897,0
391912,-0.4155107957579919,-2.1399938963912413,1.0528343633173114,0
391916,-0.44303807125963224,-2.1606393530174715,1.0637445639734493,0
391920,-0.46871900511177234,-2.1829633020523382,1.0726405737392233,0
391924,-0.47744716563668266,-2.193369954985885,1.0508201724269475,0
391927,-0.47291523613336384,-2.1725566491187913,1.1041962310215914,0
391931,-0.45461966887922484,-2.178599221789883,1.1609292744335087,0
391935,-0.4262531471732662,-2.1789349202716104,1.209269855802243,0
391939,-0.37573052567330434,-2.1527504386968794,1.2467002365148394,0
391943,-0.3332646677347982,-2.124719615472648,1.2698634317540245,0
391947,-0.28559548332951856,-2.0849393453879603,1.1968490119783322,0
391951,-0.25790035858701454,-2.026863508049134,1.097482261387045,0
391955,-0.23322652018005646,-2.0094071869993133,1.000129701686122,0
391959,-0.23842984664682992,-2.0122606240939955,0.9306401159685663,0
391963,-0.2560540169375143,-2.033241779201953,0.9192263675898374,0
391966,-0.25152208743419546,-2.0463340199893185,0.9249332417792019,0
391970,-0.25622186617837794,-2.066308079652094,0.950110627908751,0
391974,-0.265117875944152,-2.0448233768215456,0.9492713817044327,0
391978,-0.2620965896086061,-2.0241779201953154,0.9499427786678873,0
391982,-0.25286488136110474,-2.037605859464408,0.9497749294270237,0
391986,-0.23759060044251162,-2.0236743724727244,0.957495994506752,0
391990,-0.2474937056534676,-2.025352864881361,0.9756237125200274,0
391994,-0.2637750820172427,-2.015449759670405,0.9964370183871214,0
391998,-0.3025482566567483,-2.0412985427634087,1.005500877393759,0
392002,-0.33091477836270694,-2.0988708323796446,1.0167467765316243,0
392006,-0.348203250171664,-2.077218280308232,1.013389791714351,0
392009,-0.39855802243076216,-2.0970244907301443,1.015403982604715,0
392013,-0.43095292591744866,-2.1141451132982376,1.0096971084153505,0
392017,-0.4603265430685893,-2.170710307469291,1.0509880216678111,0
392021,-0.449080643930724,-2.1725566491187913,1.09496452277409,0
392025,-0.4373311970702678,-2.158960860608835,1.1456549935149156,0
392029,-0.3829480430304417,-2.1295872434576943,1.2388113221942474,0
392033,-0.32671854734111544,-2.1235446707866026,1.3203860532539864,0
392037,-0.25286488136110474,-2.0735255970092314,1.2945372701609825,0
392041,-0.19730678263523307,-2.013435568780041,1.2178301670862897,0
392045,-0.17061875333791104,-1.9894331273365375,1.1035248340581367,0
392049,-0.16457618066681926,-1.9724803540093079,1.0024795910582132,0
392052,-0.1707866025787747,-1.9766765850308994,0.9373540856031128,0
392056,-0.19344625009536887,-1.9464637216754406,0.9232547493705653,0
392060,-0.20939192797741663,-1.988761730373083,0.9167086289768825,0
392064,-0.22684824902723735,-1.9818799114976728,0.933829251544976,0
392068,-0.23708705271992064,-1.9815442130159455,0.9415503166247043,0
392072,-0.2500114442664225,-2.0020218204013123,0.9761272602426184,0
392076,-0.22181277180132752,-1.9817120622568092,0.9977798123140307,0
392080,-0.2197985809109636,-1.9749980926222628,1.0196002136263065,0
392084,-0.20519569695582512,-1.9766765850308994,1.0447775997558557,0
392088,-0.22265201800564582,-1.9849011978332187,1.0620660715648127,0
392091,-0.2674677653162432,-2.0003433279926757,1.073815518425269,0
392095,-0.3082551308461127,-2.0409628442816814,1.0864042114900434,0
392099,-0.36112764171816586,-2.0537193865873196,1.08120088502327,0
392103,-0.40594338902876326,-2.0901426718547342,1.1060425726710916,0
392107,-0.4311207751583123,-2.1032349126420997,1.1238345922026398,0
392111,-0.44840924696726936,-2.148554207675288,1.1441443503471427,0
392115,-0.4155107957579919,-2.14956130312047,1.1706645304036012,0
392119,-0.3978866254673075,-2.119348439765011,1.160761425192645,0
392123,-0.3631418326085298,-2.0973601892118716,1.1862745098039216,0
392127,-0.32185091935606924,-2.1077668421454185,1.1703288319218739,0
392131,-0.27283894102388034,-2.0669794766155487,1.175700007629511,0
392134,-0.24682230869001295,-2.060936903944457,1.1965133134966048,0
392138,-0.19730678263523307,-2.0084000915541314,1.1624399176012816,0
392142,-0.15702296482795453,-1.9744945448996718,1.0904325932707712,0
392146,-0.134531166552224,-1.9144045166704813,1.022789349202716,0
392150,-0.12328526741435873,-1.9227969787136643,0.9672312504768444,0
392154,-0.10952162966353857,-1.8974517433432516,0.9462500953688868,0
392158,-0.12865644312199587,-1.92397192339971,0.9680704966811627,0
392162,-0.1486305027847715,-1.9201113908598457,0.9992904554818036,0
392166,-0.15333028152895398,-1.9147402151522086,1.0488059815365836,0
392170,-0.16390478370336461,-1.9315251392385748,1.0892576485847256,0
392174,-0.18320744640268558,-1.9149080643930723,1.104364080262455,0
392177,-0.208216983291371,-1.945288776989395,1.1112458991378653,0
392181,-0.23456931410696574,-1.9565346761272602,1.1347447928587777,0
392185,-0.2600823987182421,-1.9760051880674447,1.1231631952391852,0
392189,-0.29298084992751966,-2.0206530861371785,1.1201419089036393,0
392193,-0.33595025558861674,-2.0740291447318224,1.13759822995346,0
392197,-0.3795910582131685,-2.0794003204394595,1.121316853589685,0
392201,-0.4012436102845807,-2.102059967956054,1.1404516670481422,0
392205,-0.4086289768825818,-2.1128023193713283,1.1626077668421453,0
392209,-0.39436179140917066,-2.107598992904555,1.1748607614251927,0
392213,-0.35290302891584646,-2.0889677271686886,1.1787212939650569,0
392217,-0.35340657663843744,-2.0607690547035933,1.121820401312276,0
392220,-0.32386511024643316,-2.0775539787899593,1.107888914320592,0
392224,-0.28106355382619974,-2.067818722819867,1.1015106431677728,0
392228,-0.2555504692149233,-2.0600976577401386,1.1342412451361867,0
392232,-0.20435645075150682,-1.9894331273365375,1.1703288319218739,0
392236,-0.152826733806363,-1.9649271381704432,1.1621042191195543,0
392240,-0.11438925764858472,-1.911047531853208,1.1045319295033187,0
392244,-0.07964446478980697,-1.8831845578698405,1.0501487754634928,0
392248,-0.05933470664530403,-1.8276264591439688,1.0160753795681696,0
392252,-0.06285954070344091,-1.8279621576256961,1.015907530327306,0
392256,-0.08702983138780804,-1.8199053940642405,1.0261463340199892,0
392259,-0.0863584344243534,-1.8079880979629206,1.0671015487907225,0
392263,-0.09710078583962768,-1.807820248722057,1.085564965285725,0
392267,-0.12479591058213169,-1.855153734645609,1.1077210650797285,0
392271,-0.13973449301899749,-1.8533073929961088,1.1486762798504615,0
392275,-0.14644846265354391,-1.8751277943083848,1.1495155260547798,0
392279,-0.17481498435950255,-1.868078126192111,1.151865415426871,0
392283,-0.23020523384451055,-1.9274967574578468,1.168650339513237,0
392287,-0.2589074540321965,-1.961066605630579,1.1624399176012816,0
392291,-0.28727397573815516,-2.0250171663996337,1.1641184100099182,0
392295,-0.33125047684443426,-2.0770504310673683,1.1720073243305105,0
392299,-0.34921034561684594,-2.0468375677119095,1.1908064393072404,0
392302,-0.3366216525520714,-2.095681696803235,1.208766308079652,0
392306,-0.3265506981002518,-2.1008850232700085,1.23847562371252,0
392310,-0.3161440451667048,-2.0945067521171894,1.2099412527656976,0
392314,-0.25790035858701454,-2.0261921110856793,1.158747234302281,0
392318,-0.227519645990692,-2.0078965438315404,1.0926146334019988,0
392322,-0.24145113298237583,-2.022835126268406,1.0229571984435797,0
392326,-0.22332341496910046,-2.0008468757152666,1.0447775997558557,0
392330,-0.18572518501564048,-1.9632486457618066,1.071801327534905,0
392334,-0.13671320668345158,-1.937399862668803,1.1194705119401847,0
392338,-0.0871976806286717,-1.870595864805066,1.138101777676051,0
392342,-0.03667505912870985,-1.8326619363698786,1.1280308232242313,0
392345,-0.0240863660639353,-1.7886854352635995,1.0981536583504996,0
392349,0.010154879072251469,-1.8412222476539253,1.0531700617990387,0
392353,0.0057907988097962914,-1.8964446478980697,1.0706263828488594,0
392357,-0.020393682764934768,-1.820576791027695,1.0788509956511787,0
392361,-0.042717631799801634,-1.8227588311589227,1.081704432745861,0
392365,-0.06571297779812314,-1.8123521782253758,1.096475165941863,0
392369,-0.09592584115358205,-1.828969253070878,1.1062104219119553,0
392373,-0.1370489051651789,-1.8509575036240176,1.1186312657358664,0
392377,-0.1818646524757763,-1.8867093919279774,1.1354161898222324,0
392381,-0.20385290302891584,-1.9412603952086671,1.1501869230182344,0
392384,-0.2441367208361944,-1.9875867856870373,1.1488441290913252,0
392388,-0.273006790264744,-2.018974593728542,1.158747234302281,0
392392,-0.2770351720454719,-2.035255970092317,1.1562294956893262,0
392396,-0.3124513618677043,-2.0404592965590904,1.1626077668421453,0
392400,-0.31631189440756846,-2.06932936598764,1.1652933546959638,0
392404,-0.2973449301899748,-2.0834287022201874,1.1673075455863278,0
392408,-0.2469901579308766,-2.073189898527504,1.1416266117341878,0
392412,-0.20972762645914397,-2.0186388952468146,1.110406652933547,0
392416,-0.18807507438773174,-1.9563668268863965,1.0966430151827267,0
392420,-0.13822384985122452,-1.9337071793698024,1.086068513008316,0
392424,-0.06688792248416876,-1.8798275730525673,1.085564965285725,0
392427,0.003440909437705043,-1.9102082856488898,1.0766689555199511,0
392431,0.059838254367895014,-1.8826810101472495,1.0686121919584954,0
392435,0.09475089646753643,-1.8412222476539253,1.0447775997558557,0
392439,0.09290455481803617,-1.824605172808423,1.0526665140764477,0
392443,0.14107728694590677,-1.7881818875410085,1.0669336995498588,0
392447,0.19915312428473333,-1.74101625085832,1.0785152971694514,0
392451,0.1669260700389105,-1.7064393072404058,1.0889219501029983,0
392455,0.14443427176317997,-1.7106355382619973,1.0936217288471808,0
392459,0.09945067521171892,-1.7581368734264133,1.1273594262607767,0
392463,0.08686198214694438,-1.8093308918898299,1.1532082093537803,0
392467,0.06705577172503242,-1.8029526207370108,1.1688181887541007,0
392470,0.030464637216754405,-1.8293049515526054,1.1812390325780118,0
392474,-0.022407873655298696,-1.7774395361257342,1.2084306095979247,0
392478,-0.04825665674830243,-1.781467917906462,1.2242084382391087,0
392482,-0.0855191882200351,-1.8197375448233768,1.225551232166018,0
392486,-0.14359502555886167,-1.8563286793316547,1.2344472419317922,0
392490,-0.12110322728313115,-1.8596856641489279,1.2273975738155183,0
392494,-0.12496375982299535,-1.8660639353017472,1.232936598764019,0
392498,-0.14208438239108873,-1.8867093919279774,1.2158159761959257,0
392502,-0.14611276417181657,-1.8966124971389333,1.2391470206759747,0
392506,-0.143427176317998,-1.9006408789196612,1.2602960250247959,0
392510,-0.13889524681467919,-1.903158617532616,1.2589532310978866,0
392513,-0.1536659800106813,-1.9076905470359349,1.228068970778973,0
392517,-0.1605477988860914,-1.9323643854428931,1.1960097657740139,0
392521,-0.16709391927977416,-1.9400854505226215,1.1792248416876479,0
392525,-0.15131609063859006,-1.919439993896391,1.1600900282291904,0
392529,-0.11522850385290302,-1.9075226977950712,1.134073395895323,0
392533,-0.06655222400244144,-1.8590142671854732,1.1130922407873656,0
392537,0.009315632867933165,-1.8776455329213397,1.086068513008316,0
392541,0.052285038529030284,-1.8534752422369725,1.0731441214618143,0
392545,0.07125200274662394,-1.8336690318150606,1.02480354009308,0
392549,0.10817883573662927,-1.8195696955825131,1.0147325856412603,0
392552,0.14678416113527123,-1.7675364309147783,1.0187609674219882,0
392556,0.17598992904554817,-1.7537727931639582,1.0464560921644923,0
392560,0.19747463187609673,-1.7134889753566795,1.0585412375066758,0
392564,0.19948882276646066,-1.6958648050659952,1.0650873579003586,0
392568,0.1835431448844129,-1.7136568245975432,1.0674372472724498,0
392572,0.17817196917677577,-1.7302738994430455,1.073311970702678,0
392576,0.17884336614023041,-1.733463035019455,1.0867399099717707,0
392580,0.16894026092927442,-1.6821011673151751,1.0756618600747692,0
392584,0.15551232166018158,-1.67270160982681,1.1020141908903638,0
392588,0.1170748455024033,-1.709796292057679,1.1102388036926834,0
392592,0.0991149767299916,-1.7463874265659571,1.126688029297322,0
392595,0.08518348973830778,-1.748401617456321,1.1496833752956435,0
392599,0.056816968032349126,-1.7905317769130997,1.1545510032806896,0
392603,0.041039139391165026,-1.8049668116273747,1.184092469672694,0
392607,0.01871519035629816,-1.8351796749828335,1.1894636453803311,0
392611,0.004951552605477989,-1.8771419851987488,1.1661326009002821,0
392615,-0.030968184939345385,-1.8214160372320134,1.2065842679484244,0
392619,-0.03180743114366369,-1.8000991836423283,1.2200122072175172,0
392623,-0.03449301899748226,-1.7843213550011443,1.2206836041809719,0
392627,-0.030968184939345385,-1.769214923323415,1.2190051117723353,0
392631,-0.024422064545662623,-1.749912260624094,1.2168230716411077,0
392635,8.392462043183032e-05,-1.8563286793316547,1.1968490119783322,0
392638,0.009987029831387807,-1.8687495231555658,1.1966811627374685,0
392642,0.013847562371252002,-1.8818417639429312,1.1958419165331502,0
392646,0.028282597085526818,-1.8783169298847944,1.186106660563058,0
392650,0.040535591668574046,-1.8595178149080642,1.1787212939650569,0
392654,0.060341802090486,-1.8434042877851529,1.1745250629434654,0
392658,0.0705806057831693,-1.8318226901655603,1.1738536659800107,0
392662,0.0667200732433051,-1.821583886472877,1.1626077668421453,0
392666,0.07813382162203403,-1.8101701380941482,1.1567330434119172,0
392670,0.09961852445258258,-1.815205615320058,1.1305485618371862,0
392674,0.09189745937285419,-1.8207446402685588,1.1229953459983215,0
392677,0.1021362630655375,-1.8199053940642405,1.1159456778820478,0
392681,0.09978637369344624,-1.8183947508964675,1.12568093385214,0
392685,0.10750743877317463,-1.8113450827801938,1.1411230640115968,0
392689,0.1093537804226749,-1.7896925307087814,1.1298771648737316,0
392693,0.10952162966353857,-1.7841535057602806,1.1248416876478218,0
392697,0.11824979018844892,-1.7856641489280536,1.1402838178072785,0
392701,0.13469901579308766,-1.767704280155642,1.1046997787441823,0
392705,0.1459449149309529,-1.7386663614862286,1.1290379186694133,0
392709,0.13990234225986115,-1.7554512855725948,1.1387731746395056,0
392713,0.13772030212863354,-1.751422903791867,1.1569008926527808,0
392717,0.1293278400854505,-1.7604867627985046,1.1585793850614174,0
392720,0.12781719691767757,-1.7348058289463644,1.2099412527656976,0
392724,0.13302052338445106,-1.7376592660410466,1.2037308308537422,0
392728,0.12244602121004043,-1.7304417486839092,1.2000381475547417,0
392732,0.11556420233463034,-1.7482337682154574,1.2124589913786525,0
392736,0.10918593118181125,-1.7544441901274128,1.2221942473487448,0
392740,0.10482185091935607,-1.768711375600824,1.2391470206759747,0
392744,0.10012207217517356,-1.7762645914396886,1.2532463569085222,0
392748,0.08988326848249027,-1.7878461890592812,1.2554283970397497,0
392752,0.07125200274662394,-1.7975814450293734,1.2497215228503853,0
392756,0.07410543984130617,-1.7967421988250551,1.2220263981078812,0
392760,0.07242694743266956,-1.780964370183871,1.2349507896543832,0
392763,0.09156176089112687,-1.804798962386511,1.2243762874799724,0
392767,0.10733958953231097,-1.7693827725642786,1.2121232928969252,0
392771,0.12546730754558633,-1.7465552758068208,1.2168230716411077,0
392775,0.14359502555886167,-1.7160067139696344,1.2094377050431067,0
392779,0.17229724574654764,-1.7356450751506827,1.206752117189288,0
392783,0.19646753643091477,-1.7010681315327687,1.2060807202258335,0
392787,0.20754558632791636,-1.6728694590676736,1.185603112840467,0
392791,0.21409170672159913,-1.6387960631723506,1.1884565499351492,0
392795,0.21946288242923628,-1.6409781033035782,1.1684824902723734,0
392799,0.2065384908827344,-1.634599832150759,1.1579079880979628,0
392803,0.21845578698405432,-1.6498741130693522,1.150354772259098,0
392806,0.2286945906767376,-1.6401388570992599,1.1562294956893262,0
392810,0.21560234988937207,-1.6668268863965818,1.1847638666361486,0
392814,0.19394979781795987,-1.6779049362935836,1.1562294956893262,0
392818,0.18337529564354924,-1.699893186846723,1.158747234302281,0
392822,0.1724650949874113,-1.7233920805676355,1.1740215152208744,0
392826,0.1758220798046845,-1.7133211261158159,1.1991989013504234,0
392830,0.17296864271000228,-1.7264133669031814,1.1760357061112383,0
392834,0.19646753643091477,-1.7089570458533607,1.1745250629434654,0
392838,0.16994735637445638,-1.6814297703517205,1.1768749523155566,0
392842,0.16071564812695505,-1.6658197909513999,1.1913099870298314,0
392845,0.18941786831464102,-1.67773708705272,1.1775463492790113,0
392849,0.19361409933623253,-1.6946898603799496,1.168146791790646,0
392853,0.20083161669336994,-1.678240634775311,1.1688181887541007,0
392857,0.21442740520332645,-1.644502937361715,1.185603112840467,0
392861,0.21795223926146334,-1.6550774395361256,1.1854352635996033,0
392865,0.21476310368505377,-1.6181506065461204,1.2007095445181963,0
392869,0.21744869153887236,-1.6352712291142137,1.2084306095979247,0
392873,0.20133516441596092,-1.638124666208896,1.1916456855115587,0
392877,0.18925001907377736,-1.6565880827038986,1.2141374837872891,0
392881,0.15970855268177309,-1.653398947127489,1.2203479056992446,0
392885,0.17447928587777523,-1.6819333180743115,1.227061875333791,0
392888,0.16541542687113756,-1.6720302128633553,1.2085984588387884,0
392892,0.16189059281300067,-1.6834439612420844,1.1981918059052414,0
392896,0.17380788891432059,-1.712817578393225,1.1906385900663767,0
392900,0.1741435873960479,-1.725070572976272,1.21967650873579,0
392904,0.16894026092927442,-1.670183871213855,1.201884489204242,0
392908,0.18404669260700388,-1.6958648050659952,1.1876173037308309,0
392912,0.2001602197299153,-1.6881437399862669,1.1768749523155566,0
392916,0.21761654077973602,-1.68461890592813,1.158747234302281,0
392920,0.23289082169832911,-1.6512169069962614,1.1642862592507819,0
392924,0.26444647898069734,-1.619829098954757,1.1585793850614174,0
392928,0.2876096742198825,-1.588609140154116,1.1570687418936445,0
392931,0.2904631113145647,-1.5721599145494773,1.1313878080415045,0
392935,0.28861676966506444,-1.5468146791790645,1.1199740596627756,0
392939,0.2800564583810178,-1.565949492637522,1.1392767223620965,0
392943,0.2738460364690623,-1.557557030594339,1.1480048828870069,0
392947,0.2671320668345159,-1.5679636835278858,1.154383154039826,0
392951,0.25538261997405964,-1.5756847486076142,1.1770428015564203,0
392955,0.2568932631418326,-1.5587319752803845,1.1604257267109177,0
392959,0.25236133363851376,-1.5510109102006562,1.185603112840467,0
392963,0.2637750820172427,-1.5714885175860227,1.191981383993286,0
392967,0.24900434882124053,-1.5761882963302052,1.1829175249866484,0
392970,0.23054093232623787,-1.5943160143434805,1.1852674143587396,0
392974,0.2496757457846952,-1.5800488288700694,1.1792248416876479,0
392978,0.2516899366750591,-1.5688029297322041,1.1760357061112383,0
392982,0.2563897154192416,-1.5531929503318838,1.1859388113221943,0
392986,0.26444647898069734,-1.5677958342870222,1.1874494544899672,0
392990,0.292813000686656,-1.5600747692072938,1.1894636453803311,0
392994,0.2721675440604257,-1.5761882963302052,1.1585793850614174,0
392998,0.26310368505378806,-1.578202487220569,1.1475013351644159,0
393002,0.2577325093461509,-1.5500038147554742,1.1496833752956435,0
393006,0.254711223010605,-1.5557106889448387,1.1616006713969633,0
393010,0.2577325093461509,-1.5354009308003356,1.1412909132524605,0
393013,0.2577325093461509,-1.5330510414282443,1.1428015564202334,0
393017,0.2558861676966506,-1.5503395132372015,1.1362554360265507,0
393021,0.26478217746242466,-1.5795452811474784,1.1631113145647363,0
393025,0.2704890516517891,-1.5835736629282062,1.1673075455863278,0
393029,0.26780346379797054,-1.5823987182421606,1.154383154039826,0
393033,0.28609903105210954,-1.5768596932936598,1.1599221789883267,0
393037,0.28358129243915464,-1.5699778744182498,1.1399481193255512,0
393041,0.3042267490653849,-1.5605783169298848,1.1585793850614174,0
393045,0.32504005493247884,-1.531708247501335,1.150858319981689,0
393049,0.3119478141451133,-1.5338902876325626,1.1501869230182344,0
393053,0.3228580148012512,-1.525329976348516,1.1458228427557793,0
393056,0.3169832913710231,-1.5300297550926985,1.1486762798504615,0
393060,0.30875867856870376,-1.5181124589913786,1.1409552147707331,0
393064,0.31127641718165866,-1.5033417257953765,1.1421301594567788,0
393068,0.3132906080720226,-1.5137483787289234,1.1485084306095978,0
393072,0.30775158312352174,-1.5379186694132905,1.143472953383688,0
393076,0.30053406576638436,-1.507537956816968,1.1448157473105973,0
393080,0.3265506981002518,-1.5025024795910582,1.1471656366826886,0
393084,0.3122835126268406,-1.5182803082322422,1.176203555352102,0
393088,0.31681544213015944,-1.5004882887006943,1.1765392538338293,0
393092,0.31966887922484166,-1.516937514305333,1.160761425192645,0
393096,0.3215152208743419,-1.5033417257953765,1.1407873655298695,0
393099,0.34870679789425496,-1.5338902876325626,1.1367589837491416,0
393103,0.3401464866102083,-1.4870603494316015,1.1323949034866865,0
393107,0.35088883802548254,-1.5308690012970168,1.1443121995880063,0
393111,0.36163118944075684,-1.5384222171358815,1.128198672465095,0
393115,0.34417486839093614,-1.570313572899977,1.1337376974135958,0
393119,0.35777065690089266,-1.561417563134203,1.1317235065232318,0
393123,0.35860990310521096,-1.5587319752803845,1.1332341496910048,0
393127,0.35911345082780194,-1.5451361867704279,1.1416266117341878,0
393131,0.3518959334706645,-1.561921110856794,1.1394445716029602,0
393135,0.3413214312962539,-1.5194552529182879,1.1448157473105973,0
393138,0.3361181048294804,-1.493270771343557,1.144983596551461,0
393142,0.33175402456702524,-1.4803463797970549,1.1461585412375066,0
393146,0.3406500343327993,-1.4647364003967345,1.1511940184634164,0
393150,0.33460746166170746,-1.4739681086442358,1.1555580987258716,0
393154,0.33007553215838864,-1.4640650034332798,1.1632791638056,0
393158,0.32621499961852446,-1.4736324101625085,1.1646219577325092,0
393162,0.31379415579461356,-1.500656137941558,1.1689860379949644,0
393166,0.3166475928892958,-1.4929350728618296,1.176707103074693,0
393170,0.3223544670786602,-1.5108949416342412,1.1624399176012816,0
393174,0.3173189898527504,-1.515930418860151,1.1609292744335087,0
393178,0.33091477836270694,-1.4954528114747845,1.1701609826810102,0
393181,0.3369573510337987,-1.4739681086442358,1.1298771648737316,0
393185,0.3451819638361181,-1.5330510414282443,1.1323949034866865,0
393189,0.3497138933394369,-1.5599069199664302,1.1342412451361867,0
393193,0.3465247577630274,-1.586594949263752,1.120813305867094,0
393197,0.3579385061417563,-1.5735027084763866,1.1241702906843671,0
393201,0.36330968184939344,-1.55806057831693,1.1475013351644159,0
393205,0.36750591287098494,-1.542114900434882,1.168650339513237,0
393209,0.35256733043411914,-1.5531929503318838,1.1871137560082399,0
393213,0.3330968184939345,-1.5286869611657892,1.1725108720531014,0
393217,0.311612115663386,-1.5364080262455175,1.1679789425497824,0
393221,0.3094300755321584,-1.533218890669108,1.1520332646677347,0
393224,0.2998626688029297,-1.499649042496376,1.1515297169451437,0
393228,0.30271610589761194,-1.5288548104066528,1.152872510872053,0
393232,0.33511100938429844,-1.5053559166857404,1.1481727321278705,0
393236,0.33762874799725334,-1.4796749828336002,1.1468299382009612,0
393240,0.3663309681849393,-1.5083772030212863,1.161768520637827,0
393244,0.38848706797894256,-1.507537956816968,1.1558937972075989,0
393248,0.41517509727626456,-1.4855497062638283,1.1463263904783703,0
393256,0.43917753871976806,-1.453658350499733,1.1500190737773708,0
393260,0.4477378500038147,-1.4383840695811398,1.1315556572823682,0
393263,0.4395132372014954,-1.4331807431143664,1.1280308232242313,0
393267,0.4210498207064927,-1.442244602121004,1.1280308232242313,0
393271,0.394697489890898,-1.4637293049515525,1.1411230640115968,0
393275,0.3572671091783017,-1.5129091325246051,1.1483405813687342,0
393279,0.3223544670786602,-1.5231479362172884,1.1683146410315097,0
393283,0.3097657740138857,-1.5244907301441977,1.183588921950103,0
393287,0.3045624475471122,-1.5246585793850613,1.2002059967956054,0
393291,0.2936522468909743,-1.5251621271076523,1.1621042191195543,0
393295,0.2909666590371557,-1.5372472724498358,1.1871137560082399,0
393299,0.3050659952697032,-1.5432898451209276,1.1852674143587396,0
393303,0.32386511024643316,-1.526337071793698,1.177210650797284,0
393306,0.34618905928130006,-1.544129091325246,1.1755321583886473,0
393310,0.3680094605935759,-1.542618448157473,1.163782711528191,0
393314,0.3834515907530327,-1.5115663385976958,1.1344090943770504,0
393318,0.402082856488899,-1.4914244296940566,1.138101777676051,0
393322,0.42339971007858396,-1.450133516441596,1.135584039063096,0
393326,0.42088197146562906,-1.442244602121004,1.1352483405813687,0
393330,0.41567864499885554,-1.450133516441596,1.1186312657358664,0
393334,0.39570458533607994,-1.4766536964980543,1.1234988937209125,0
393338,0.3886549172198062,-1.4962920576791028,1.1295414663920043,0
393342,0.37774471656366826,-1.507034409094377,1.1515297169451437,0
393346,0.3688487067978942,-1.5092164492256046,1.1661326009002821,0
393349,0.36582742046234834,-1.5251621271076523,1.1710002288853285,0
393353,0.3648203250171664,-1.5194552529182879,1.174189364461738,0
393357,0.3851300831616693,-1.4890745403219654,1.1735179674982834,0
393361,0.38613717860685126,-1.4764858472571907,1.1819104295414664,0
393365,0.3928511482413977,-1.4905851834897383,1.167643244068055,0
393369,0.39520103761348896,-1.4894102388036927,1.177714198519875,0
393373,0.41819638361181044,-1.458525978484779,1.1478370336461432,0
393377,0.41601434348058286,-1.443251697566186,1.153376058594644,0
393381,0.4304493781948577,-1.461043717097734,1.119302662699321,0
393385,0.43833829251544976,-1.4529869535362783,1.1320592050049592,0
393389,0.4428702220187686,-1.4397268635080491,1.1201419089036393,0
393392,0.44253452353704126,-1.4476157778286411,1.134576943617914,0
393396,0.42977798123140304,-1.4808499275196458,1.1154421301594568,0
393400,0.4244068055237659,-1.4660791943236438,1.1369268329900053,0
393404,0.41433585107194626,-1.4645685511558708,1.105371175707637,0
393408,0.3886549172198062,-1.4890745403219654,1.1255130846112764,0
393412,0.3710307469291218,-1.5061951628900587,1.1422980086976424,0
393416,0.36414892805371174,-1.524322880903334,1.1456549935149156,0
393420,0.36784161135271226,-1.51542687113756,1.1610971236743723,0
393424,0.3814373998626688,-1.5189517051956969,1.1730144197756924,0
393428,0.3779125658045319,-1.5078736552986953,1.1839246204318303,0
393431,0.3780804150453956,-1.5030060273136492,1.1616006713969633,0
393435,0.37858396276798656,-1.4855497062638283,1.152872510872053,0
393439,0.4108110170138094,-1.4691004806591896,1.1458228427557793,0
393443,0.42306401159685664,-1.452651255054551,1.129709315632868,0
393447,0.4361562523842222,-1.450637064164187,1.1387731746395056,0
393451,0.45999084458686196,-1.4266346227206836,1.1308842603189135,0
393455,0.495071335927367,-1.401121538109407,1.1046997787441823,0
393459,0.5962844281681544,-1.324078736552987,0.9249332417792019,0
393463,0.42927443350881206,-1.3657053482871748,1.2042343785763332,0
393467,0.4202105745021744,-1.3955825131609063,1.2052414740215152,0
393471,0.43632410162508584,-1.4246204318303197,1.137094682230869,0
393474,0.42977798123140304,-1.4680933852140077,1.0924467841611352,0
393478,0.4133287556267643,-1.4466086823834592,1.0961394674601357,0
393482,0.4432059205004959,-1.4548332951857785,1.0951323720149537,0
393486,0.4376668955519951,-1.444762340733959,1.1082246128023194,0
393490,0.4628442816815442,-1.4283131151293202,1.1062104219119553,0
393494,0.40980392156862744,-1.461043717097734,1.1181277180132754,0
393498,0.39822232394903484,-1.485214007782101,1.1377660791943236,0
393502,0.33678950179293504,-1.4628900587472342,1.1642862592507819,0
393506,0.3497138933394369,-1.5132448310063324,1.1892957961394675,0
393510,0.3540779736018921,-1.52230869001297,1.168650339513237,0
393514,0.6317006179903868,-1.3522774090180818,1.0013046463721675,0
393517,0.3067444876783398,-1.459533073929961,1.2537499046311131,0
393521,0.4269245441367208,-1.4268024719615473,1.192484931715877,0
393525,0.365995269703212,-1.484206912336919,1.0946288242923627,0
393529,0.2577325093461509,-1.506530861371786,1.239986266880293,0
393533,0.25068284122987716,-1.5392614633401998,1.2344472419317922,0
393537,0.2891203173876554,-1.5266727702754253,1.1433051041428244,0
393541,0.3493781948577096,-1.563431754024567,1.1248416876478218,0
393545,0.3905012588693065,-1.5244907301441977,1.1485084306095978,0
393549,0.4022507057297627,-1.4989776455329213,1.152872510872053,0
393553,0.4138323033493553,-1.4877317463950561,1.1590829327840084,0
393556,0.606858930342565,-1.3574807354848553,1.0803616388189516,0
393560,0.9276188296330204,-1.120813305867094,0.968909742885481,0
393564,0.24883649958037687,-1.3620126649881743,1.393232623788815,0
393568,0.1370489051651789,-1.5434576943617913,1.2263904783703363,0
393572,0.1818646524757763,-1.612947280079347,1.176707103074693,0
393576,0.22936598764019225,-1.6161364156557565,1.136087586785687,0
393580,0.290798809796292,-1.5867627985046158,1.1626077668421453,0
393584,0.32537575341420616,-1.5338902876325626,1.174189364461738,0
393588,0.32017242694743264,-1.5117341878385595,1.1803997863736935,0
393592,0.31631189440756846,-1.5066987106126497,1.1768749523155566,0
393596,0.30959792477302206,-1.518448157473106,1.1733501182574197,0
393599,0.31043717097734036,-1.5189517051956969,1.1857709620813306,0
393603,0.31933318074311434,-1.5013275349050126,1.1802319371328298,0
393607,0.32218661783779656,-1.4808499275196458,1.174189364461738,0
393611,0.33041123064011596,-1.4855497062638283,1.1674753948271914,0
393615,0.3322575722896162,-1.46591134508278,1.1550545510032806,0
393619,0.3440070191500725,-1.542114900434882,1.1552224002441442,0
393623,0.3626382848859388,-1.5461432822156098,1.152368963149462,0
393627,0.36750591287098494,-1.5369115739681085,1.1411230640115968,0
393631,0.3767376211184863,-1.5323796444647897,1.129709315632868,0
393635,0.3821087968261234,-1.518448157473106,1.116784924086366,0
393639,0.4121538109407187,-1.479339284351873,1.1067139696345463,0
393642,0.36330968184939344,-1.5046845197222858,1.1300450141145952,0
393646,0.3547493705653467,-1.5510109102006562,1.160257877470054,0
393650,0.3158083466849775,-1.5370794232089722,1.1416266117341878,0
393654,0.3136263065537499,-1.5330510414282443,1.1475013351644159,0
393658,0.29969481956206606,-1.5172732127870603,1.1443121995880063,0
393662,0.3054016937514305,-1.5204623483634698,1.1550545510032806,0
393666,0.32386511024643316,-1.5152590218966964,1.15136186770428,0
393670,0.36079194323643854,-1.5379186694132905,1.138101777676051,0
393674,0.35575646601052874,-1.555039291981384,1.121316853589685,0
393678,0.3868085755703059,-1.562424658579385,1.117288471808957,0
393682,0.41349660486762796,-1.4946135652704662,1.1428015564202334,0
393685,0.43179217212176696,-1.4810177767605095,1.1226596475165942,0
393689,0.4564660105287251,-1.434355687800412,1.1221560997940032,0
393693,0.45831235217822536,-1.4242847333485924,1.1156099794003205,0
393697,0.4586480506599527,-1.413038834210727,1.1184634164950027,0
393701,0.4457236591134508,-1.4103532463569084,1.1318913557640955,0
393705,0.4462272068360418,-1.4221026932173646,1.1245059891660945,0
393709,0.4282673380636301,-1.4106889448386357,1.1298771648737316,0
393713,0.40762188143739986,-1.4340199893186847,1.1135957885099566,0
393717,0.3871442740520332,-1.4828641184100098,1.1305485618371862,0
393721,0.3705271992065308,-1.4821927214465551,1.1391088731212329,0
393724,0.36666666666666664,-1.5140840772106507,1.1496833752956435,0
393728,0.3648203250171664,-1.5119020370794232,1.1354161898222324,0
393732,0.3592813000686656,-1.5246585793850613,1.137094682230869,0
393736,0.35256733043411914,-1.5437933928435186,1.1471656366826886,0
393740,0.35424582284275574,-1.5360723277637902,1.1547188525215533,0
393744,0.3604562447547112,-1.5313725490196077,1.1684824902723734,0
393748,0.3680094605935759,-1.53422598611429,1.167139696345464,0
393752,0.38697642481116956,-1.5468146791790645,1.1501869230182344,0
393756,0.36868085755703056,-1.5399328603036544,1.1535439078355076,0
393760,0.3859693293659876,-1.5014953841458762,1.1498512245365071,0
393764,0.36666666666666664,-1.5216372930495154,1.1574044403753718,0
393767,0.3789196612497139,-1.517944609750515,1.152872510872053,0
393771,0.3755626764324407,-1.5063630121309224,1.1456549935149156,0
393775,0.43884184023804074,-1.4739681086442358,1.1347447928587777,0
393779,0.42507820248722056,-1.457518883039597,1.1313878080415045,0
393783,0.40074006256198974,-1.4719539177538719,1.177714198519875,0
393787,0.8762569619287404,-1.2262226291294727,1.0026474402990768,0
393791,0.2048599984740978,-1.4534905012588692,1.2564354924849317,0
393795,0.0722590981918059,-1.6035477225909818,1.2290760662241549,0
393799,0.17397573815518425,-1.661287861448081,1.1770428015564203,0
393803,0.23289082169832911,-1.638124666208896,1.1569008926527808,0
393807,0.2760280766002899,-1.607408255130846,1.1844281681544213,0
393810,0.283413443198291,-1.5860914015411611,1.18207827878233,0
393814,0.2795529106584268,-1.5790417334248874,1.1886243991760128,0
393818,0.29885557335774776,-1.5392614633401998,1.201884489204242,0
393822,0.32453650720988786,-1.5157625696192873,1.2042343785763332,0
393826,0.3347753109025711,-1.4875638971541925,1.1884565499351492,0
393830,0.3606240939955749,-1.5226443884946974,1.162775616083009,0
393834,0.38076600289921414,-1.4967956054016938,1.1428015564202334,0
393838,0.39016556038757916,-1.5115663385976958,1.126184481574731,0
393842,0.4066147859922179,-1.477325093461509,1.1330663004501411,0
393846,0.4279316395819028,-1.448622873273823,1.1453192950331883,0
393849,0.4368276493476768,-1.448622873273823,1.1055390249485006,0
393853,0.4252460517280842,-1.444762340733959,1.1013427939269091,0
393857,0.4240711070420386,-1.42143129625391,1.1095674067292287,0
393861,0.4351491569390402,-1.4551689936675059,1.129709315632868,0
393865,0.41735713740749214,-1.436873426413367,1.1616006713969633,0
393869,0.39570458533607994,-1.466918440527962,1.1668039978637368,0
393873,0.3592813000686656,-1.4989776455329213,1.1663004501411458,0
393877,0.36196688792248416,-1.5256656748302433,1.1433051041428244,0
393881,0.3755626764324407,-1.5058594644083314,1.1364232852674143,0
393885,0.38378728923476,-1.4840390630960554,1.143472953383688,0
393889,0.4121538109407187,-1.467421988250553,1.1540474555580986,0
393892,0.39268329900053406,-1.4939421683070115,1.1563973449301899,0
393896,0.3873121232928969,-1.514923323414969,1.1466620889600976,0
393900,0.38815136949721524,-1.525833524071107,1.1438086518654154,0
393904,0.4032578011749447,-1.5043488212405585,1.1344090943770504,0
393908,0.41148241397726404,-1.4808499275196458,1.1352483405813687,0
393912,0.4150072480354009,-1.4766536964980543,1.1219882505531396,0
393916,0.40930037384603646,-1.4716182192721445,1.1090638590066377,0
393920,0.40980392156862744,-1.4781643396658273,1.1226596475165942,0
393924,0.3925154497596704,-1.492767223620966,1.1280308232242313,0
393928,0.3962081330586709,-1.4931029221026932,1.1438086518654154,0
393932,0.3814373998626688,-1.5038452735179675,1.1483405813687342,0
393935,0.3596169985503929,-1.505523765926604,1.1407873655298695,0
393939,0.36700236514839396,-1.513412680247196,1.1441443503471427,0
393943,0.37405203326466774,-1.5120698863202868,1.1575722896162355,0
393947,0.37354848554207676,-1.5213015945677881,1.1562294956893262,0
393951,0.3797589074540322,-1.5077058060578317,1.1412909132524605,0
393955,0.366498817425803,-1.5187838559548332,1.1401159685664148,0
393959,0.3690165560387579,-1.5117341878385595,1.1275272755016403,0
393963,0.37740901808194094,-1.5162661173418783,1.1362554360265507,0
393967,0.3938582436865797,-1.509048599984741,1.1228274967574579,0
393971,0.40074006256198974,-1.4967956054016938,1.1171206225680934,0
393975,0.40762188143739986,-1.4754787518120087,1.1095674067292287,0
393978,0.4183642328526741,-1.4528191042954146,1.0872434576943617,0
393982,0.4294422827496757,-1.4165636682688638,1.1248416876478218,0
393986,0.42507820248722056,-1.4271381704432746,1.1307164110780499,0
393990,0.42222476539253834,-1.435866330968185,1.1275272755016403,0
393994,0.42088197146562906,-1.4499656672007324,1.1199740596627756,0
393998,0.3928511482413977,-1.4800106813153275,1.13759822995346,0
394002,0.38529793240253296,-1.4613794155794613,1.1382696269169146,0
394006,0.3958724345769436,-1.4741359578850994,1.1473334859235522,0
394010,0.3805981536583505,-1.4790035858701456,1.1545510032806896,0
394014,0.37237354085603114,-1.4920958266575113,1.1421301594567788,0
394017,0.375394827191577,-1.4937743190661479,1.1476691844052795,0
394021,0.37690547035934996,-1.5041809719996948,1.1359197375448233,0
394025,0.3742198825055314,-1.506530861371786,1.1384374761577782,0
394029,0.36952010376134886,-1.51542687113756,1.1347447928587777,0
394033,0.3864728770885786,-1.4778286411841,1.1270237277790494,0
394037,0.3854657816433966,-1.4786678873884183,1.1268558785381857,0
394041,0.37824826428625924,-1.4830319676508734,1.1328984512092775,0
394045,0.37656977187762264,-1.5003204394598306,1.138605325398642,0
394049,0.37858396276798656,-1.4934386205844206,1.1446478980697337,0
394053,0.37606622415503166,-1.514923323414969,1.1394445716029602,0
394057,0.38529793240253296,-1.4867246509498742,1.1367589837491416,0
394060,0.38815136949721524,-1.5119020370794232,1.1328984512092775,0
394064,0.39520103761348896,-1.5072022583352407,1.1392767223620965,0
394068,0.41433585107194626,-1.4905851834897383,1.1171206225680934,0
394072,0.3925154497596704,-1.5019989318684672,1.1253452353704128,0
394076,0.402082856488899,-1.4808499275196458,1.127695124742504,0
394080,0.4138323033493553,-1.4835355153734644,1.120813305867094,0
394084,0.4188677805752651,-1.444258793011368,1.1322270542458228,0
394088,0.431288624399176,-1.4696040283817806,1.1652933546959638,0
394092,0.4116502632181277,-1.4675898374914167,1.1396124208438239,0
394096,0.4091325246051728,-1.474807354848554,1.1404516670481422,0
394100,0.4022507057297627,-1.4727931639581902,1.128702220187686,0
394103,0.4004043640802624,-1.4884031433585108,1.1233310444800488,0
394107,0.38848706797894256,-1.5019989318684672,1.107888914320592,0
394111,0.3738841840238041,-1.5028381780727855,1.1273594262607767,0
394115,0.37186999313344016,-1.5083772030212863,1.1293736171511406,0
394119,0.3725413900968948,-1.508041504539559,1.1498512245365071,0
394123,0.4113145647364004,-1.4825284199282824,1.1887922484168765,0
394127,0.3868085755703059,-1.5231479362172884,1.1563973449301899,0
394131,0.37270923933775846,-1.517441062027924,1.142465857938506,0
394135,0.38278019378957806,-1.509552147707332,1.1303807125963226,0
394139,0.38496223392080564,-1.4880674448767834,1.1171206225680934,0
394142,0.41567864499885554,-1.4638971541924162,1.1181277180132754,0
394146,0.42843518730449376,-1.4398947127489128,1.1327306019684138,0
394150,0.42759594110017546,-1.427977416647593,1.1322270542458228,0
394154,0.4316243228809033,-1.450133516441596,1.120813305867094,0
394158,0.4364919508659495,-1.4608758678568703,1.1159456778820478,0
394162,0.4487449454489967,-1.4499656672007324,1.126688029297322,0
394166,0.441191729610132,-1.457015335317006,1.1312199588006409,0
394170,0.43179217212176696,-1.4719539177538719,1.1310521095597772,0
394174,0.41651789120317384,-1.47094682230869,1.1357518883039597,0
394178,0.394697489890898,-1.475310902571145,1.1600900282291904,0
394182,0.3933546959639887,-1.485717555504692,1.1463263904783703,0
394185,0.3854657816433966,-1.4816891737239641,1.146997787441825,0
394189,0.4146715495536736,-1.467925535973144,1.1446478980697337,0
394193,0.4057755397878996,-1.476821545738918,1.1443121995880063,0
394197,0.4502555886167696,-1.441237506675822,1.1401159685664148,0
394201,0.3215152208743419,-1.4617151140611886,1.186610208285649,0
394205,0.3265506981002518,-1.4769893949797817,1.189967193102922,0
394209,0.33511100938429844,-1.468932631418326,1.1778820477607386,0
394213,0.3643167772945754,-1.4929350728618296,1.1629434653238726,0
394217,0.36918440527962154,-1.5003204394598306,1.1473334859235522,0
394221,0.36498817425803004,-1.4957885099565118,1.1411230640115968,0
394225,0.3706950484473945,-1.5189517051956969,1.1456549935149156,0
394228,0.375394827191577,-1.4999847409781033,1.135080491340505,0
394232,0.3698558022430762,-1.5046845197222858,1.120309758144503,0
394236,0.3717021438925765,-1.5061951628900587,1.1308842603189135,0
394240,0.37186999313344016,-1.510055695429923,1.145990691996643,0
394244,0.3871442740520332,-1.5172732127870603,1.1468299382009612,0
394248,0.4249103532463569,-1.4731288624399175,1.1558937972075989,0
394252,0.4311207751583123,-1.4833676661326007,1.128702220187686,0
394256,0.33930724040588994,-1.4764858472571907,1.1718394750896468,0
394260,0.3413214312962539,-1.4717860685130082,1.150858319981689,0
394264,0.39436179140917066,-1.4828641184100098,1.1475013351644159,0
394268,0.4061112382696269,-1.475310902571145,1.1674753948271914,0
394271,0.403089951934081,-1.4914244296940566,1.1475013351644159,0
394275,0.4069504844739452,-1.4776607919432363,1.1560616464484625,0
394279,0.40678263523308156,-1.4612115663385976,1.1550545510032806,0
394283,0.40594338902876326,-1.4623865110246432,1.135080491340505,0
394287,0.40560769054703594,-1.4714503700312809,1.1530403601129167,0
394291,0.40191500724803536,-1.468932631418326,1.1412909132524605,0
394295,0.39822232394903484,-1.4931029221026932,1.1426337071793697,0
394299,0.3997329671168078,-1.49662775616083,1.1334019989318684,0
394303,0.40275425345235366,-1.4732967116807811,1.128198672465095,0
394307,0.40896467536430914,-1.475310902571145,1.1280308232242313,0
394310,0.4087968261234455,-1.4776607919432363,1.1260166323338674,0
394314,0.42004272526131076,-1.4617151140611886,1.1384374761577782,0
394318,0.4175249866483558,-1.4388876173037308,1.1233310444800488,0
394322,0.42642099641412984,-1.42646677347982,1.119302662699321,0
394326,0.4324635690852216,-1.457518883039597,1.1179598687724117,0
394330,0.4319600213626306,-1.469436179140917,1.1130922407873656,0
394334,0.4190356298161288,-1.4732967116807811,1.1186312657358664,0
394338,0.3916762035553521,-1.4877317463950561,1.1315556572823682,0
394342,0.4087968261234455,-1.4833676661326007,1.1422980086976424,0
394346,0.40074006256198974,-1.4830319676508734,1.1673075455863278,0
394350,0.3920119020370794,-1.4863889524681468,1.1599221789883267,0
394353,0.3834515907530327,-1.4835355153734644,1.1569008926527808,0
394357,0.404097047379263,-1.4909208819714657,1.1520332646677347,0
394361,0.3888227664606699,-1.507537956816968,1.1441443503471427,0
394365,0.37740901808194094,-1.5046845197222858,1.1406195162890058,0
394369,0.3770733196002136,-1.5026703288319219,1.1409552147707331,0
394373,0.37740901808194094,-1.5122377355611505,1.1347447928587777,0
394377,0.38815136949721524,-1.5239871824216067,1.138101777676051,0
394381,0.38076600289921414,-1.5036774242771038,1.135584039063096,0
394385,0.3871442740520332,-1.5194552529182879,1.1310521095597772,0
394389,0.3980544747081712,-1.51542687113756,1.127695124742504,0
394393,0.39570458533607994,-1.5072022583352407,1.1166170748455024,0
394396,0.39687953002212556,-1.4978027008468757,1.1120851453421836,0
394400,0.39906157015335314,-1.5063630121309224,1.1243381399252308,0
394404,0.38194094758525976,-1.5009918364232853,1.1461585412375066,0
394408,0.3789196612497139,-1.5066987106126497,1.160257877470054,0
394412,0.37354848554207676,-1.5115663385976958,1.142969405661097,0
394416,0.3639810788128481,-1.523315785458152,1.1575722896162355,0
394420,0.39352254520485236,-1.521805142290379,1.1562294956893262,0
394424,0.37824826428625924,-1.5093842984664683,1.1609292744335087,0
394428,0.35743495841916534,-1.5385900663767451,1.1810711833371481,0
394432,0.3688487067978942,-1.5330510414282443,1.1572365911345082,0
394435,0.37270923933775846,-1.5221408407721064,1.1493476768139161,0
394439,0.3762340733958953,-1.5271763179980162,1.1456549935149156,0
394443,0.403593499656672,-1.5117341878385595,1.1456549935149156,0
394447,0.43833829251544976,-1.4872281986724651,1.1339055466544594,0
394451,0.40846112764171816,-1.4964599069199664,1.1223239490348669,0
394455,0.41433585107194626,-1.4820248722056915,1.119806210421912,0
394459,0.4175249866483558,-1.4548332951857785,1.1077210650797285,0
394463,0.4465629053177691,-1.4464408331425955,1.1046997787441823,0
394467,0.35374227512016476,-1.4939421683070115,1.080697337300679,0
394471,0.33007553215838864,-1.4870603494316015,1.1478370336461432,0
394475,0.36532387273975736,-1.5271763179980162,1.112924391546502,0
394478,0.3733806363012131,-1.5271763179980162,1.1008392462043182,0
394482,0.38664072632944224,-1.4865568017090105,1.108896009765774,0
394486,0.39604028381780726,-1.4825284199282824,1.1280308232242313,0
394490,0.39100480659189746,-1.4944457160296025,1.1530403601129167,0
394494,0.41517509727626456,-1.4805142290379185,1.177714198519875,0
394498,0.4212176699473564,-1.458022430762188,1.1867780575265126,0
394502,0.4186999313344014,-1.4309987029831388,1.1745250629434654,0
394506,0.4254139009689479,-1.4205920500495917,1.1560616464484625,0
394510,0.4210498207064927,-1.4303273060196842,1.1295414663920043,0
394514,0.4240711070420386,-1.4222705424582283,1.1112458991378653,0
394518,0.42893873502708474,-1.40951400015259,1.11191729610132,0
394521,0.46083009079118026,-1.3982681010147249,1.112924391546502,0
394525,0.4193713282978561,-1.4296559090562295,1.1293736171511406,0
394529,0.3975509269855802,-1.478332188906691,1.1404516670481422,0
394533,0.412993057145037,-1.4603723201342793,1.1156099794003205,0
394537,0.42927443350881206,-1.4313344014648661,1.0924467841611352,0
394541,0.43498130769817656,-1.4356984817273213,1.0953002212558174,0
394545,0.4410238803692683,-1.4469443808651865,1.102853437094682,0
394549,0.449584191653315,-1.4315022507057298,1.110406652933547,0
394553,0.4432059205004959,-1.4449301899748226,1.1191348134584573,0
394557,0.46217288471808954,-1.4479514763103685,1.125177386129549,0
394561,0.45495536736095216,-1.4221026932173646,1.1387731746395056,0
394564,0.4542839703974975,-1.4180743114366368,1.1572365911345082,0
394568,0.44337376974135956,-1.4387197680628672,1.1496833752956435,0
394572,0.4245746547646296,-1.4503013656824597,1.1493476768139161,0
394576,0.4150072480354009,-1.4556725413900968,1.1532082093537803,0
394580,0.4049362935835813,-1.4640650034332798,1.1590829327840084,0
394584,0.3997329671168078,-1.475814450293736,1.1730144197756924,0
394588,0.39822232394903484,-1.4895780880445564,1.1654612039368275,0
394592,0.4141680018310826,-1.4821927214465551,1.1614328221560997,0
394596,0.39822232394903484,-1.4951171129930572,1.150858319981689,0
394600,0.40241855497062634,-1.4838712138551917,1.1475013351644159,0
394603,0.44924849317158766,-1.4563439383535515,1.1305485618371862,0
394607,0.35004959182116424,-1.5219729915312428,1.2223620965896085,0
394611,0.35575646601052874,-1.5385900663767451,1.1886243991760128,0
394615,0.39939726863508046,-1.514419775692378,1.1283665217059586,0
394619,0.570771343556878,-1.4236133363851378,0.9806591897459372,0
394623,0.3132906080720226,-1.475814450293736,1.257778286411841,0
394627,0.3767376211184863,-1.4944457160296025,1.1401159685664148,0
394631,0.5964522774090181,-1.3734264133669032,0.9818341344319829,0
394635,0.3015411612115663,-1.4722896162355992,1.2314259555962461,0
394639,0.4296101319905394,-1.419920653086137,1.1139314869916839,0
394643,0.38328374151216904,-1.4482871747920958,0.9821698329137102,0
394646,0.22768749523155565,-1.5501716639963379,1.3118257419699397,0
394650,0.402082856488899,-1.5013275349050126,1.1189669642175937,0
394654,0.29063096055542836,-1.52734416723888,1.2237048905165178,0
394658,0.3579385061417563,-1.5409399557488364,1.1318913557640955,0
394662,0.39687953002212556,-1.508041504539559,1.154383154039826,0
394666,0.3639810788128481,-1.5201266498817425,1.093957427328908,0
394670,0.3220187685969329,-1.4931029221026932,1.232433051041428,0
394674,0.35777065690089266,-1.5221408407721064,1.1349126420996414,0
394678,0.38026245517662316,-1.5117341878385595,1.129709315632868,0
394682,0.3987258716716258,-1.5003204394598306,1.1199740596627756,0
394686,0.4568017090104524,-1.4647364003967345,1.103356984817273,0
394689,0.32504005493247884,-1.4890745403219654,1.20775921263447,0
394693,0.3330968184939345,-1.491760128175784,1.1471656366826886,0
394697,0.3617990386816205,-1.5120698863202868,1.1280308232242313,0
394701,0.3720378423743038,-1.5181124589913786,1.1320592050049592,0
394705,0.3804303044174868,-1.4978027008468757,1.1357518883039597,0
394709,0.40930037384603646,-1.4830319676508734,1.1325627527275501,0
394713,0.3263828488593881,-1.48471046005951,1.1629434653238726,0
394717,0.34451056687266346,-1.542618448157473,1.1773785000381476,0
394721,0.3916762035553521,-1.5194552529182879,1.1214847028305486,0
394725,0.37035934996566716,-1.5021667811093309,1.169153887235828,0
394728,0.6211261158159762,-1.3615091172655833,1.033196002136263,0
394732,0.3332646677347982,-1.4410696574349584,1.2470359349965667,0
394736,0.31043717097734036,-1.476821545738918,1.1879530022125582,0
394740,0.39570458533607994,-1.4855497062638283,1.1389410238803692,0
394744,0.38932631418326086,-1.5009918364232853,1.1605935759517814,0
394748,0.31849393453879604,-1.5103913939116502,1.1849317158770123,0
394752,0.32671854734111544,-1.4868925001907378,1.1421301594567788,0
394756,0.49574273289082166,-1.4266346227206836,1.088586251621271,0
394760,0.3065766384374761,-1.4889066910811017,1.2764095521477072,0
394764,0.320004577706569,-1.4862211032272832,1.2101091020065613,0
394768,0.3225223163195239,-1.505020218204013,1.2104448004882886,0
394771,0.49490348668650336,-1.442244602121004,1.1040283817807277,0
394775,0.2845883878843366,-1.4805142290379185,1.2555962462806134,0
394779,0.3413214312962539,-1.4655756466010528,1.1352483405813687,0
394783,0.4756008239871824,-1.442244602121004,1.06240177004654,0
394787,0.3730449378194858,-1.4712825207904172,1.1339055466544594,0
394791,0.36868085755703056,-1.5008239871824216,1.1605935759517814,0
394795,0.3310826276035706,-1.4863889524681468,1.1577401388570991,0
394799,0.3418249790188449,-1.468429083695735,1.1446478980697337,0
394803,0.5363622491798276,-1.3855115587090867,1.0563591973754483,0
394807,0.3181582360570687,-1.4474479285877775,1.2445181963836118,0
394811,0.40728618295567254,-1.4479514763103685,1.1233310444800488,0
394814,0.39570458533607994,-1.4769893949797817,1.1010070954451818,0
394818,0.4975890745403219,-1.4180743114366368,1.1401159685664148,0
394822,0.4361562523842222,-1.43334859235523,1.1882887006942855,0
394826,0.3438391699092088,-1.5244907301441977,1.1005035477225908,0
394830,0.19260700389105057,-1.5961623559929807,1.2690241855497062,0
394834,0.3067444876783398,-1.5735027084763866,1.1703288319218739,0
394838,0.4103074692912184,-1.5194552529182879,1.05551995117113,0
394842,0.3584420538643473,-1.5315403982604714,1.2273975738155183,0
394846,0.4099717708094911,-1.4936064698252842,1.063408865491722,0
394850,0.3460212100404364,-1.5449683375295642,1.1763714045929656,0
394854,0.5996414129854276,-1.3823224231326772,1.0150682841229877,0
394857,0.41920347905699246,-1.4360341802090486,1.2289082169832912,0
394861,0.4739223315785458,-1.4197528038452734,1.1171206225680934,0
394865,0.23960479133287554,-1.5102235446707866,1.32055390249485,0
394869,0.38815136949721524,-1.5176089112687876,1.1647898069733729,0
394873,0.45898374914168,-1.4481193255512321,1.08808270389868,0
394877,0.3930189974822614,-1.4843747615777827,1.1209811551079576,0
394881,0.3826123445487144,-1.4810177767605095,1.2070878156710154,0
394885,0.4017471580071717,-1.4751430533302814,1.1342412451361867,0
394889,0.39822232394903484,-1.4934386205844206,1.1584115358205538,0
394893,0.39352254520485236,-1.5041809719996948,1.1397802700846875,0
394896,0.40930037384603646,-1.4830319676508734,1.141962310215915,0
394900,0.42591744869153886,-1.460036621652552,1.1327306019684138,0
394904,0.40846112764171816,-1.4774929427023726,1.1478370336461432,0
394908,0.42390325780117494,-1.4489585717555504,1.1352483405813687,0
394912,0.4163500419623102,-1.451140611886778,1.1275272755016403,0
394916,0.42474250400549324,-1.4494621194781414,1.1199740596627756,0
394920,0.42675669489585716,-1.423445487144274,1.1181277180132754,0
394924,0.4319600213626306,-1.4461051346608682,1.1288700694285496,0
394928,0.4294422827496757,-1.4098496986343174,1.11879911497673,0
394932,0.4282673380636301,-1.404142824444953,1.1080567635614558,0
394936,0.4296101319905394,-1.3986037994964522,1.0894254978255893,0
394939,0.40812542915999084,-1.419920653086137,1.1040283817807277,0
394943,0.4066147859922179,-1.4367055771725032,1.108392462043183,0
394947,0.40258640421149,-1.44526588845655,1.1402838178072785,0
394951,0.3928511482413977,-1.474303807125963,1.1313878080415045,0
394955,0.3983901731898985,-1.4964599069199664,1.1349126420996414,0
394959,0.3983901731898985,-1.505523765926604,1.1312199588006409,0
394963,0.4069504844739452,-1.485214007782101,1.1466620889600976,0
394967,0.4150072480354009,-1.474807354848554,1.1369268329900053,0
394971,0.41735713740749214,-1.4555046921492332,1.1530403601129167,0
394975,0.41181811245899136,-1.4586938277256427,1.14448004882887,0
394979,0.4121538109407187,-1.4494621194781414,1.1387731746395056,0
394982,0.41433585107194626,-1.4518120088502326,1.1305485618371862,0
394986,0.4333028152895399,-1.4593652246890974,1.121316853589685,0
394990,0.4531090257114519,-1.4435873960479133,1.1283665217059586,0
394994,0.5502937361715113,-1.3608377203021287,1.0808651865415426,0
394998,0.422392614633402,-1.4043106736858166,1.1569008926527808,0
395002,0.3920119020370794,-1.4367055771725032,1.1328984512092775,0
395006,0.41685358968490116,-1.4271381704432746,1.1372625314717326,0
395010,0.4193713282978561,-1.4380483710994125,1.1399481193255512,0
395014,0.42390325780117494,-1.4340199893186847,1.1275272755016403,0
395018,0.39184405279621576,-1.4649042496375981,1.1649576562142365,0
395021,0.40157930876630804,-1.4774929427023726,1.169153887235828,0
395025,0.4082932784008545,-1.4835355153734644,1.1651255054551002,0
395029,0.3883192187380789,-1.5092164492256046,1.175700007629511,0
395033,0.3804303044174868,-1.4942778667887389,1.1498512245365071,0
395037,0.4029221026932173,-1.5033417257953765,1.1490119783321888,0
395041,0.40896467536430914,-1.4964599069199664,1.1377660791943236,0
395045,0.4069504844739452,-1.4830319676508734,1.1300450141145952,0
395049,0.4099717708094911,-1.474303807125963,1.1295414663920043,0
395053,0.4153429465171282,-1.461547264820325,1.11191729610132,0
395057,0.42759594110017546,-1.4439230945296406,1.1045319295033187,0
395061,0.45713740749217974,-1.4283131151293202,1.0916075379568169,0
395064,0.44471656366826884,-1.4380483710994125,1.1092317082475014,0
395068,0.4254139009689479,-1.428480964370184,1.151865415426871,0
395072,0.4227283131151293,-1.419920653086137,1.1280308232242313,0
395076,0.43179217212176696,-1.4471122301060502,1.1293736171511406,0
395080,0.4235675593194476,-1.4309987029831388,1.1436408026245517,0
395084,0.430785076676585,-1.4481193255512321,1.1433051041428244,0
395088,0.4235675593194476,-1.4330128938735027,1.1525368123903257,0
395092,0.42138551918822004,-1.4242847333485924,1.1241702906843671,0
395096,0.40023651483939876,-1.4632257572289615,1.1317235065232318,0
395100,0.4240711070420386,-1.436873426413367,1.119302662699321,0
395104,0.404600595101854,-1.458022430762188,1.1394445716029602,0
395107,0.4183642328526741,-1.4393911650263218,1.1325627527275501,0
395111,0.38529793240253296,-1.4476157778286411,1.1162813763637751,0
395115,0.3784161135271229,-1.466414892805371,1.1721751735713741,0
395119,0.39855802243076216,-1.4766536964980543,1.1125886930647746,0
395123,0.4069504844739452,-1.4741359578850994,1.1310521095597772,0
395127,0.44471656366826884,-1.460036621652552,1.1132600900282292,0
395131,0.4423666742961776,-1.4571831845578698,1.0981536583504996,0
395135,0.47157244220645456,-1.4053177691309986,1.061394674601358,0
395139,0.35374227512016476,-1.4796749828336002,1.1733501182574197,0
395143,0.4227283131151293,-1.4397268635080491,1.1003356984817272,0
395147,0.37522697795071336,-1.4613794155794613,1.1095674067292287,0
395150,0.40107576104371706,-1.4759822995345997,1.1234988937209125,0
395154,0.4316243228809033,-1.4741359578850994,1.1352483405813687,0
395158,0.4452201113908598,-1.453154802777142,1.161768520637827,0
395162,0.4824826428625925,-1.4004501411459525,1.1585793850614174,0
395166,0.4029221026932173,-1.449126420996414,1.1852674143587396,0
395170,0.3690165560387579,-1.475814450293736,1.1839246204318303,0
395174,0.3854657816433966,-1.4774929427023726,1.1446478980697337,0
395178,0.40258640421149,-1.4645685511558708,1.1362554360265507,0
395182,0.40560769054703594,-1.4716182192721445,1.1221560997940032,0
395186,0.4104753185320821,-1.4677576867322804,1.1263523308155947,0
395189,0.4044327458609903,-1.4749752040894177,1.13759822995346,0
395193,0.40594338902876326,-1.4729610131990538,1.1448157473105973,0
395197,0.4079575799191272,-1.4576867322804608,1.1248416876478218,0
395201,0.4166857404440375,-1.4497978179598687,1.1392767223620965,0
395205,0.43548485542076754,-1.466414892805371,1.153879606317235,0
395209,0.4279316395819028,-1.4425803006027313,1.1328984512092775,0
395213,0.42004272526131076,-1.4367055771725032,1.146997787441825,0
395217,0.43968108644235904,-1.4345235370412757,1.1320592050049592,0
395221,0.4321278706034943,-1.4424124513618677,1.1382696269169146,0
395225,0.4364919508659495,-1.457518883039597,1.1320592050049592,0
395229,0.44018463416495,-1.4345235370412757,1.1354161898222324,0
395232,0.4432059205004959,-1.4504692149233234,1.127191577019913,0
395236,0.44505226214999616,-1.4393911650263218,1.1260166323338674,0
395240,0.44840924696726936,-1.419920653086137,1.1369268329900053,0
395244,0.4440451667048142,-1.4313344014648661,1.1382696269169146,0
395248,0.4418631265735866,-1.4479514763103685,1.1391088731212329,0
395252,0.43229571984435794,-1.45214770733196,1.1428015564202334,0
395256,0.42977798123140304,-1.4813534752422368,1.1357518883039597,0
395260,0.42222476539253834,-1.4538261997405966,1.1347447928587777,0
395264,0.42054627298390174,-1.4565117875944151,1.1443121995880063,0
395268,0.412489509422446,-1.4612115663385976,1.1488441290913252,0
395272,0.41064316777294574,-1.4565117875944151,1.1453192950331883,0
395275,0.39939726863508046,-1.4732967116807811,1.142969405661097,0
395279,0.40812542915999084,-1.4538261997405966,1.1416266117341878,0
395283,0.40644693675135424,-1.4576867322804608,1.1431372549019607,0
395287,0.42591744869153886,-1.4508049134050507,1.13759822995346,0
395291,0.39402609292744334,-1.474303807125963,1.1364232852674143,0
395295,0.39906157015335314,-1.490753032730602,1.1317235065232318,0
395299,0.41316090638590064,-1.4734645609216448,1.137094682230869,0
395303,0.412993057145037,-1.460036621652552,1.1305485618371862,0
395307,0.4203784237430381,-1.4603723201342793,1.1384374761577782,0
395311,0.4087968261234455,-1.467421988250553,1.1451514457923246,0
395314,0.4054398413061723,-1.461043717097734,1.1344090943770504,0
395318,0.41148241397726404,-1.461043717097734,1.1298771648737316,0
395322,0.40930037384603646,-1.461043717097734,1.1422980086976424,0
395326,0.39906157015335314,-1.4808499275196458,1.138605325398642,0
395330,0.3970473792629892,-1.4803463797970549,1.1349126420996414,0
395334,0.39654383154039824,-1.4810177767605095,1.1332341496910048,0
395338,0.3916762035553521,-1.4924315251392386,1.1421301594567788,0
395342,0.40392919813839934,-1.4796749828336002,1.1409552147707331,0
395346,0.41400015259021894,-1.4696040283817806,1.1236667429617762,0
395350,0.3970473792629892,-1.4672541390096894,1.1446478980697337,0
395354,0.4257495994506752,-1.4563439383535515,1.1352483405813687,0
395357,0.42423895628290226,-1.4266346227206836,1.1273594262607767,0
395361,0.4296101319905394,-1.3955825131609063,1.1334019989318684,0
395365,0.4344777599755855,-1.4227740901808192,1.1377660791943236,0
395369,0.43095292591744866,-1.4429159990844587,1.1349126420996414,0
395373,0.42893873502708474,-1.4180743114366368,1.1364232852674143,0
395377,0.4294422827496757,-1.3989394979781795,1.1409552147707331,0
395381,0.4257495994506752,-1.4148851758602272,1.1522011139085984,0
395385,0.41567864499885554,-1.4299916075379568,1.1404516670481422,0
395389,0.40678263523308156,-1.4397268635080491,1.154886701762417,0
395393,0.40258640421149,-1.4477836270695048,1.1641184100099182,0
395397,0.38764782177462426,-1.4962920576791028,1.1480048828870069,0
395400,0.3886549172198062,-1.5073701075761043,1.1491798275730525,0
395404,0.4012436102845807,-1.4956206607156481,1.1364232852674143,0
395408,0.3886549172198062,-1.505523765926604,1.1525368123903257,0
395412,0.3871442740520332,-1.5216372930495154,1.1443121995880063,0
395416,0.3854657816433966,-1.500152590218967,1.1421301594567788,0
395420,0.3911726558327611,-1.4998168917372396,1.1414587624933241,0
395424,0.3963759822995346,-1.5031738765545128,1.1417944609750514,0
395428,0.40023651483939876,-1.4957885099565118,1.1391088731212329,0
395432,0.3988937209124895,-1.5048523689631494,1.1250095368886854,0
395436,0.40258640421149,-1.4805142290379185,1.09496452277409,0
395440,0.4077897306782635,-1.4655756466010528,1.1417944609750514,0
395443,0.41433585107194626,-1.4640650034332798,1.1394445716029602,0
395447,0.4116502632181277,-1.4632257572289615,1.1537117570763713,0
395451,0.4128252079041733,-1.451140611886778,1.1431372549019607,0
395455,0.404600595101854,-1.4544975967040512,1.152368963149462,0
395459,0.4037613488975357,-1.4741359578850994,1.1233310444800488,0
395463,0.41567864499885554,-1.466414892805371,1.1322270542458228,0
395467,0.4186999313344014,-1.434355687800412,1.1243381399252308,0
395471,0.41819638361181044,-1.4380483710994125,1.1169527733272298,0
395475,0.39654383154039824,-1.4586938277256427,1.1234988937209125,0
395479,0.39604028381780726,-1.4706111238269626,1.1305485618371862,0
395482,0.40594338902876326,-1.4675898374914167,1.138101777676051,0
395486,0.4079575799191272,-1.4553368429083695,1.145990691996643,0
395490,0.3925154497596704,-1.4796749828336002,1.150354772259098,0
395494,0.3908369573510338,-1.4974670023651484,1.1506904707408254,0
395498,0.402082856488899,-1.4828641184100098,1.1491798275730525,0
395502,0.3879835202563516,-1.4998168917372396,1.161768520637827,0
395506,0.394697489890898,-1.4899137865262837,1.1535439078355076,0
395510,0.3878156710154879,-1.506530861371786,1.1577401388570991,0
395514,0.38378728923476,-1.4810177767605095,1.1468299382009612,0
395518,0.3762340733958953,-1.5066987106126497,1.1475013351644159,0
395522,0.3863050278477149,-1.4848783093003737,1.1520332646677347,0
395525,0.3933546959639887,-1.4929350728618296,1.125177386129549,0
395529,0.38328374151216904,-1.4870603494316015,1.143472953383688,0
395533,0.3888227664606699,-1.5033417257953765,1.143472953383688,0
395537,0.3800946059357595,-1.4978027008468757,1.1436408026245517,0
395541,0.37992675669489584,-1.4806820782787822,1.1589150835431448,0
395545,0.37992675669489584,-1.4786678873884183,1.1745250629434654,0
395549,0.3797589074540322,-1.4813534752422368,1.160761425192645,0
395553,0.3789196612497139,-1.4984740978103304,1.1515297169451437,0
395557,0.37522697795071336,-1.4974670023651484,1.1478370336461432,0
395561,0.3822766460669871,-1.4915922789349203,1.1527046616311893,0
395565,0.38361943999389636,-1.4863889524681468,1.153376058594644,0
395568,0.3871442740520332,-1.5103913939116502,1.167139696345464,0
395572,0.39234760051880674,-1.5214694438086518,1.150858319981689,0
395576,0.3730449378194858,-1.498641947051194,1.1530403601129167,0
395580,0.3921797512779431,-1.5162661173418783,1.1605935759517814,0
395584,0.4014114595254444,-1.4890745403219654,1.1515297169451437,0
395588,0.4066147859922179,-1.4662470435645074,1.1563973449301899,0
395592,0.404097047379263,-1.4702754253452353,1.1401159685664148,0
395596,0.3962081330586709,-1.4863889524681468,1.1391088731212329,0
395600,0.3955367360952163,-1.4925993743801023,1.1219882505531396,0
395604,0.39066910811017014,-1.4952849622339208,1.138101777676051,0
395607,0.3903334096284428,-1.508041504539559,1.143472953383688,0
395611,0.39906157015335314,-1.5119020370794232,1.1377660791943236,0
395615,0.3800946059357595,-1.5038452735179675,1.1238345922026398,0
395619,0.3868085755703059,-1.5338902876325626,1.130212863355459,0
395623,0.38361943999389636,-1.5038452735179675,1.1359197375448233,0
395627,0.3933546959639887,-1.5009918364232853,1.1300450141145952,0
395631,0.3896620126649882,-1.516937514305333,1.1278629739833677,0
395635,0.3886549172198062,-1.523315785458152,1.1387731746395056,0
395639,0.3651560234988937,-1.4989776455329213,1.1255130846112764,0
395643,0.3995651178759441,-1.4974670023651484,1.1278629739833677,0
395647,0.4082932784008545,-1.4978027008468757,1.138101777676051,0
395650,0.4096360723277638,-1.4885709925993744,1.1391088731212329,0
395654,0.4017471580071717,-1.488738841840238,1.128702220187686,0
395658,0.4091325246051728,-1.4895780880445564,1.129205767910277,0
395662,0.4170214389257648,-1.470443274586099,1.1397802700846875,0
395666,0.3992294193942168,-1.4800106813153275,1.1542153047989623,0
395670,0.4071183337148089,-1.4746395056076904,1.144983596551461,0
395674,0.3874799725337606,-1.5072022583352407,1.1468299382009612,0
395678,0.3767376211184863,-1.5145876249332417,1.1557259479667352,0
395682,0.3792553597314412,-1.5013275349050126,1.1555580987258716,0
395686,0.37824826428625924,-1.4984740978103304,1.1555580987258716,0
395690,0.37438773174639506,-1.4900816357671474,1.153879606317235,0
395693,0.3631418326085298,-1.5115663385976958,1.14448004882887,0
395697,0.3606240939955749,-1.5362401770046539,1.1485084306095978,0
395701,0.3750591287098497,-1.509048599984741,1.146494239719234,0
395705,0.3522316319523918,-1.5280155642023345,1.1609292744335087,0
395709,0.3826123445487144,-1.5019989318684672,1.1537117570763713,0
395713,0.3846265354390783,-1.4931029221026932,1.1446478980697337,0
395717,0.3829480430304417,-1.4969634546425574,1.1411230640115968,0
395721,0.39268329900053406,-1.5038452735179675,1.142969405661097,0
395725,0.4136644541084916,-1.491256580453193,1.1572365911345082,0
395729,0.4099717708094911,-1.475310902571145,1.1471656366826886,0
395733,0.41181811245899136,-1.4724574654764628,1.1270237277790494,0
395736,0.39822232394903484,-1.485717555504692,1.135080491340505,0
395740,0.403089951934081,-1.497634851606012,1.1318913557640955,0
395744,0.394193942168307,-1.4954528114747845,1.1399481193255512,0
395748,0.38664072632944224,-1.4677576867322804,1.1389410238803692,0
395752,0.41064316777294574,-1.4588616769665064,1.1295414663920043,0
395756,0.36448462653543906,-1.4878995956359198,1.1537117570763713,0
395760,0.3623025864042115,-1.5030060273136492,1.1491798275730525,0
395764,0.3797589074540322,-1.4877317463950561,1.137094682230869,0
395768,0.34451056687266346,-1.5427862973983366,1.1674753948271914,0
395772,0.3505531395437552,-1.5694743266956588,1.1547188525215533,0
395775,0.33796444647898066,-1.5103913939116502,1.143472953383688,0
395779,0.3579385061417563,-1.5313725490196077,1.1515297169451437,0
395783,0.3717021438925765,-1.5199588006408788,1.151865415426871,0
395787,0.3755626764324407,-1.5014953841458762,1.1545510032806896,0
395791,0.3814373998626688,-1.5110627908751049,1.145487144274052,0
395795,0.3713664454108491,-1.517944609750515,1.1451514457923246,0
395799,0.38697642481116956,-1.5374151216906995,1.1438086518654154,0
395803,0.39939726863508046,-1.5142519264515144,1.1411230640115968,0
395807,0.3955367360952163,-1.5082093537804226,1.1374303807125963,0
395811,0.394697489890898,-1.4959563591973755,1.142969405661097,0
395815,0.412489509422446,-1.483199816891737,1.13759822995346,0
395818,0.3871442740520332,-1.5073701075761043,1.1334019989318684,0
395822,0.3908369573510338,-1.5137483787289234,1.1498512245365071,0
395826,0.39100480659189746,-1.5155947203784237,1.1626077668421453,0
395830,0.38529793240253296,-1.491760128175784,1.152872510872053,0
395834,0.37656977187762264,-1.5082093537804226,1.1416266117341878,0
395838,0.3715342946517128,-1.5145876249332417,1.1451514457923246,0
395842,0.37438773174639506,-1.5014953841458762,1.1495155260547798,0
395846,0.3779125658045319,-1.4998168917372396,1.1567330434119172,0
395850,0.37237354085603114,-1.5066987106126497,1.1589150835431448,0
395854,0.36112764171816586,-1.5192874036774242,1.1367589837491416,0
395858,0.3713664454108491,-1.523819333180743,1.1369268329900053,0
395861,0.37858396276798656,-1.505523765926604,1.146997787441825,0
395865,0.3871442740520332,-1.5206301976043335,1.1483405813687342,0
395869,0.3899977111467155,-1.5177767605096513,1.1488441290913252,0
395873,0.3851300831616693,-1.4867246509498742,1.142969405661097,0
395877,0.3831158922713054,-1.4838712138551917,1.1268558785381857,0
395881,0.3859693293659876,-1.4665827420462347,1.1325627527275501,0
395885,0.38110170138094146,-1.461043717097734,1.1522011139085984,0
395889,0.3899977111467155,-1.4803463797970549,1.1520332646677347,0
395893,0.3868085755703059,-1.5177767605096513,1.1443121995880063,0
395897,0.3789196612497139,-1.5092164492256046,1.1476691844052795,0
395900,0.38244449530785074,-1.49662775616083,1.1303807125963226,0
395904,0.3992294193942168,-1.4934386205844206,1.1522011139085984,0
395908,0.3775768673228046,-1.5048523689631494,1.1527046616311893,0
395912,0.3755626764324407,-1.5003204394598306,1.1520332646677347,0
395916,0.36918440527962154,-1.508041504539559,1.1532082093537803,0
395920,0.36532387273975736,-1.5301976043335621,1.1562294956893262,0
395924,0.365995269703212,-1.5394293125810634,1.1679789425497824,0
395928,0.37002365148393984,-1.5199588006408788,1.173182269016556,0
395932,0.3606240939955749,-1.5367437247272449,1.154886701762417,0
395936,0.3606240939955749,-1.540100709544518,1.1466620889600976,0
395940,0.37086289768825814,-1.5409399557488364,1.13759822995346,0
395943,0.36532387273975736,-1.556549935149157,1.1391088731212329,0
395947,0.36280613412680246,-1.549668116273747,1.141962310215915,0
395951,0.3717021438925765,-1.5270084687571526,1.1325627527275501,0
395955,0.3725413900968948,-1.5181124589913786,1.1411230640115968,0
395959,0.38110170138094146,-1.492767223620966,1.1344090943770504,0
395963,0.37908751049057754,-1.4920958266575113,1.1391088731212329,0
395967,0.37942320897230486,-1.4944457160296025,1.1478370336461432,0
395971,0.3747234302281224,-1.5033417257953765,1.1397802700846875,0
395975,0.384794384679942,-1.497634851606012,1.1446478980697337,0
395979,0.36666666666666664,-1.5251621271076523,1.1473334859235522,0
395983,0.376401922636759,-1.5231479362172884,1.151865415426871,0
395986,0.3706950484473945,-1.533218890669108,1.1605935759517814,0
395990,0.3562600137331197,-1.5380865186541541,1.1600900282291904,0
395994,0.3797589074540322,-1.5120698863202868,1.1605935759517814,0
395998,0.3680094605935759,-1.5271763179980162,1.1750286106660564,0
396002,0.36616311894407566,-1.532715342946517,1.1584115358205538,0
396006,0.36952010376134886,-1.5298619058518348,1.1666361486228731,0
396010,0.37606622415503166,-1.5348973830777446,1.1590829327840084,0
396014,0.3671702143892576,-1.531204699778744,1.1599221789883267,0
396018,0.3606240939955749,-1.5454718852521552,1.1387731746395056,0
396022,0.36582742046234834,-1.5446326390478369,1.143472953383688,0
396026,0.3706950484473945,-1.5409399557488364,1.1624399176012816,0
396029,0.3698558022430762,-1.5202944991226062,1.1565651941710535,0
396033,0.36582742046234834,-1.5323796444647897,1.1563973449301899,0
396037,0.35810635538262,-1.540100709544518,1.1569008926527808,0
396041,0.3651560234988937,-1.5204623483634698,1.128198672465095,0
396045,0.3606240939955749,-1.5370794232089722,1.1082246128023194,0
396049,0.3715342946517128,-1.53422598611429,1.112420843823911,0
396053,0.3539101243610284,-1.5397650110627907,1.1404516670481422,0
396057,0.36364538033112076,-1.5288548104066528,1.1710002288853285,0
396061,0.36532387273975736,-1.5394293125810634,1.1864423590447852,0
396065,0.38026245517662316,-1.5166018158236056,1.1755321583886473,0
396068,0.38194094758525976,-1.5102235446707866,1.178217746242466,0
396072,0.35374227512016476,-1.524322880903334,1.159754329747463,0
396076,0.34534981307698176,-1.5647745479514763,1.1411230640115968,0
396080,0.35659571221484704,-1.5582284275577936,1.1367589837491416,0
396084,0.3715342946517128,-1.5451361867704279,1.1300450141145952,0
396088,0.3634775310902571,-1.5402685587853817,1.1486762798504615,0
396092,0.3614633401998932,-1.5583962767986572,1.1295414663920043,0
396096,0.36196688792248416,-1.5493324177920194,1.1166170748455024,0
396100,0.3609597924773022,-1.5377508201724268,1.127191577019913,0
396104,0.3720378423743038,-1.5313725490196077,1.1466620889600976,0
396108,0.3871442740520332,-1.5340581368734263,1.1614328221560997,0
396111,0.3784161135271229,-1.5083772030212863,1.1656290531776912,0
396115,0.38529793240253296,-1.492767223620966,1.1558937972075989,0
396119,0.3770733196002136,-1.49662775616083,1.1614328221560997,0
396123,0.38026245517662316,-1.4959563591973755,1.1605935759517814,0
396127,0.37573052567330434,-1.4790035858701456,1.1636148622873272,0
396131,0.37774471656366826,-1.4904173342488747,1.1448157473105973,0
396135,0.3614633401998932,-1.524322880903334,1.1458228427557793,0
396139,0.3539101243610284,-1.534729533836881,1.1453192950331883,0
396143,0.366498817425803,-1.5266727702754253,1.1535439078355076,0
396147,0.36414892805371174,-1.5325474937056534,1.150858319981689,0
396151,0.3626382848859388,-1.5370794232089722,1.1572365911345082,0
396154,0.3656595712214847,-1.5434576943617913,1.1535439078355076,0
396158,0.3634775310902571,-1.5414435034714273,1.153376058594644,0
396162,0.35860990310521096,-1.5454718852521552,1.1570687418936445,0
396166,0.3629739833676661,-1.5364080262455175,1.1663004501411458,0
396170,0.36112764171816586,-1.5360723277637902,1.1609292744335087,0
396174,0.3549172198062104,-1.5557106889448387,1.1525368123903257,0
396178,0.3572671091783017,-1.5671244373235675,1.1476691844052795,0
396182,0.36918440527962154,-1.5392614633401998,1.1478370336461432,0
396186,0.37035934996566716,-1.514419775692378,1.1399481193255512,0
396190,0.3733806363012131,-1.518448157473106,1.1211490043488213,0
396193,0.37321278706034944,-1.5063630121309224,1.1451514457923246,0
396197,0.3693522545204852,-1.5142519264515144,1.1516975661860074,0
396201,0.36868085755703056,-1.5189517051956969,1.1416266117341878,0
396205,0.375394827191577,-1.5026703288319219,1.1240024414435035,0
396209,0.3817730983443961,-1.4978027008468757,1.1422980086976424,0
396213,0.3728770885786221,-1.5038452735179675,1.1458228427557793,0
396217,0.36666666666666664,-1.5261692225528343,1.143976501106279,0
396221,0.3755626764324407,-1.5066987106126497,1.1372625314717326,0
396225,0.3978866254673075,-1.5129091325246051,1.1570687418936445,0
396229,0.36952010376134886,-1.5157625696192873,1.146494239719234,0
396233,0.3629739833676661,-1.5231479362172884,1.1394445716029602,0
396236,0.35995269703212024,-1.5500038147554742,1.142465857938506,0
396240,0.3668345159075303,-1.5461432822156098,1.151865415426871,0
396244,0.37405203326466774,-1.5236514839398794,1.1516975661860074,0
396248,0.3690165560387579,-1.5142519264515144,1.1481727321278705,0
396252,0.36448462653543906,-1.5119020370794232,1.1515297169451437,0
396256,0.37656977187762264,-1.5167696650644693,1.1471656366826886,0
396260,0.365995269703212,-1.5290226596475165,1.1552224002441442,0
396264,0.3643167772945754,-1.516937514305333,1.1426337071793697,0
396268,0.3737163347829404,-1.506530861371786,1.1515297169451437,0
396272,0.376401922636759,-1.5137483787289234,1.1485084306095978,0
396276,0.3673380636301213,-1.5231479362172884,1.1404516670481422,0
396279,0.3730449378194858,-1.5028381780727855,1.1382696269169146,0
396283,0.3747234302281224,-1.49662775616083,1.150354772259098,0
396287,0.3772411688410773,-1.4949492637521935,1.1448157473105973,0
396291,0.375898374914168,-1.4813534752422368,1.1496833752956435,0
396295,0.37321278706034944,-1.4845426108186464,1.1105745021744107,0
396299,0.3698558022430762,-1.498138399328603,1.1344090943770504,0
396303,0.3789196612497139,-1.5072022583352407,1.1481727321278705,0
396307,0.3696879530022125,-1.50166323338674,1.1496833752956435,0
396311,0.375394827191577,-1.4949492637521935,1.1480048828870069,0
396315,0.36666666666666664,-1.5187838559548332,1.169657434958419,0
396319,0.3747234302281224,-1.516937514305333,1.1490119783321888,0
396322,0.35777065690089266,-1.5338902876325626,1.1540474555580986,0
396326,0.36414892805371174,-1.5291905088883802,1.1478370336461432,0
396330,0.37438773174639506,-1.5125734340428778,1.152368963149462,0
396334,0.3587777523460746,-1.53422598611429,1.1399481193255512,0
396338,0.3562600137331197,-1.5414435034714273,1.1436408026245517,0
396342,0.36532387273975736,-1.5543678950179294,1.1798962386511025,0
396346,0.3701915007248035,-1.5293583581292438,1.1664682993820095,0
396350,0.3621347371633478,-1.5310368505378804,1.1689860379949644,0
396354,0.3406500343327993,-1.4845426108186464,1.1570687418936445,0
396358,0.3539101243610284,-1.5189517051956969,1.1516975661860074,0
396361,0.3584420538643473,-1.5155947203784237,1.142465857938506,0
396365,0.3698558022430762,-1.5129091325246051,1.1416266117341878,0
396369,0.36616311894407566,-1.5261692225528343,1.130212863355459,0
396373,0.3612954909590295,-1.5417792019531547,1.1307164110780499,0
396377,0.36196688792248416,-1.5427862973983366,1.127695124742504,0
396381,0.35743495841916534,-1.5531929503318838,1.1382696269169146,0
396385,0.3780804150453956,-1.5285191119249255,1.1359197375448233,0
396389,0.3868085755703059,-1.5463111314564735,1.153376058594644,0
396393,0.3680094605935759,-1.5454718852521552,1.1493476768139161,0
396397,0.37119859616998546,-1.5333867399099717,1.1320592050049592,0
396401,0.3643167772945754,-1.5266727702754253,1.1466620889600976,0
396404,0.3681773098344396,-1.532715342946517,1.1669718471046004,0
396408,0.3668345159075303,-1.5409399557488364,1.1542153047989623,0
396412,0.36666666666666664,-1.5498359655146106,1.142969405661097,0
396416,0.3612954909590295,-1.556549935149157,1.138101777676051,0
396420,0.3547493705653467,-1.5736705577172503,1.1476691844052795,0
396424,0.3634775310902571,-1.5525215533684291,1.1555580987258716,0
396428,0.36448462653543906,-1.5313725490196077,1.1580758373388265,0
396432,0.36028839551384756,-1.5454718852521552,1.1572365911345082,0
396436,0.3510566872663462,-1.5592355230029755,1.1542153047989623,0
396440,0.348203250171664,-1.5587319752803845,1.1516975661860074,0
396444,0.35575646601052874,-1.5558785381857023,1.1567330434119172,0
396447,0.3685130083161669,-1.539093614099336,1.1558937972075989,0
396451,0.3507209887846189,-1.5552071412222477,1.1421301594567788,0
396455,0.3673380636301213,-1.5439612420843822,1.1422980086976424,0
396459,0.37086289768825814,-1.5434576943617913,1.1421301594567788,0
396463,0.3795910582131685,-1.5216372930495154,1.1391088731212329,0
396467,0.37354848554207676,-1.5214694438086518,1.1490119783321888,0
396471,0.3717021438925765,-1.5157625696192873,1.1448157473105973,0
396475,0.35995269703212024,-1.5419470511940183,1.1354161898222324,0
396479,0.3631418326085298,-1.5370794232089722,1.143976501106279,0
396483,0.3668345159075303,-1.5427862973983366,1.1501869230182344,0
396486,0.3733806363012131,-1.5291905088883802,1.142969405661097,0
396490,0.36582742046234834,-1.5385900663767451,1.1510261692225527,0
396494,0.3680094605935759,-1.5453040360112915,1.1614328221560997,0
396498,0.3737163347829404,-1.5285191119249255,1.1428015564202334,0
396502,0.36868085755703056,-1.524322880903334,1.1475013351644159,0
396506,0.37270923933775846,-1.5201266498817425,1.1511940184634164,0
396510,0.3738841840238041,-1.513916227969787,1.1636148622873272,0
396514,0.36700236514839396,-1.517944609750515,1.1493476768139161,0
396518,0.3737163347829404,-1.5150911726558327,1.145487144274052,0
396522,0.3717021438925765,-1.5097199969481956,1.1293736171511406,0
396526,0.3826123445487144,-1.492263675898375,1.159754329747463,0
396529,0.3737163347829404,-1.4984740978103304,1.1468299382009612,0
396533,0.3725413900968948,-1.5058594644083314,1.1537117570763713,0
396537,0.3688487067978942,-1.5130769817654688,1.1347447928587777,0
396541,0.3663309681849393,-1.5229800869764247,1.1443121995880063,0
396545,0.3609597924773022,-1.524826428625925,1.1384374761577782,0
396549,0.3747234302281224,-1.5191195544365605,1.1448157473105973,0
396553,0.3701915007248035,-1.5152590218966964,1.1495155260547798,0
396557,0.3680094605935759,-1.5301976043335621,1.138101777676051,0
396561,0.3629739833676661,-1.5278477149614709,1.1409552147707331,0
396565,0.3406500343327993,-1.4867246509498742,1.1511940184634164,0
396569,0.3706950484473945,-1.516937514305333,1.143472953383688,0
396572,0.3606240939955749,-1.5360723277637902,1.141962310215915,0
396576,0.36414892805371174,-1.5389257648584724,1.1443121995880063,0
396580,0.3614633401998932,-1.5468146791790645,1.145487144274052,0
396584,0.3728770885786221,-1.5254978255893796,1.1616006713969633,0
396588,0.3634775310902571,-1.5266727702754253,1.1530403601129167,0
396592,0.3663309681849393,-1.5291905088883802,1.1451514457923246,0
396596,0.3626382848859388,-1.542114900434882,1.1522011139085984,0
396600,0.35659571221484704,-1.5572213321126116,1.1527046616311893,0
396604,0.3606240939955749,-1.557557030594339,1.1486762798504615,0
396608,0.3643167772945754,-1.5338902876325626,1.1575722896162355,0
396612,0.3638132295719844,-1.526840619516289,1.1505226214999618,0
396615,0.3473640039673457,-1.5525215533684291,1.1476691844052795,0
396619,0.35508506904707404,-1.569810025177386,1.1409552147707331,0
396623,0.36498817425803004,-1.5382543678950178,1.1572365911345082,0
396627,0.3592813000686656,-1.5385900663767451,1.144983596551461,0
396631,0.36364538033112076,-1.5265049210345616,1.155390249485008,0
396635,0.35860990310521096,-1.5422827496757456,1.1453192950331883,0
396639,0.3559243152513924,-1.5635996032654307,1.1414587624933241,0
396643,0.36028839551384756,-1.5572213321126116,1.1401159685664148,0
396647,0.357602807660029,-1.5547035934996567,1.152368963149462,0
396651,0.3579385061417563,-1.5547035934996567,1.15136186770428,0
396654,0.3451819638361181,-1.5803845273517967,1.1481727321278705,0
396658,0.35609216449225606,-1.5795452811474784,1.1426337071793697,0
396662,0.3592813000686656,-1.5599069199664302,1.1547188525215533,0
396666,0.36163118944075684,-1.5446326390478369,1.15136186770428,0
396670,0.36834515907530324,-1.5345616845960173,1.1475013351644159,0
396674,0.38412298771648734,-1.5187838559548332,1.1337376974135958,0
396678,0.36028839551384756,-1.5335545891508353,1.142465857938506,0
396682,0.36330968184939344,-1.531708247501335,1.1458228427557793,0
396686,0.36280613412680246,-1.5377508201724268,1.1537117570763713,0
396690,0.3584420538643473,-1.5365758754863812,1.152368963149462,0
396694,0.3530708781567101,-1.539093614099336,1.1466620889600976,0
396697,0.3539101243610284,-1.5434576943617913,1.145487144274052,0
396701,0.3540779736018921,-1.544129091325246,1.146997787441825,0
396705,0.3572671091783017,-1.5588998245212482,1.1475013351644159,0
396709,0.3614633401998932,-1.563431754024567,1.152368963149462,0
396713,0.3597848477912566,-1.5414435034714273,1.146494239719234,0
396717,0.3572671091783017,-1.5617532616159304,1.1389410238803692,0
396721,0.35995269703212024,-1.5672922865644312,1.1428015564202334,0
396725,0.36868085755703056,-1.5503395132372015,1.146997787441825,0
396729,0.36532387273975736,-1.5533607995727474,1.1563973449301899,0
396733,0.36079194323643854,-1.5552071412222477,1.1417944609750514,0
396737,0.3617990386816205,-1.5500038147554742,1.1428015564202334,0
396740,0.365491721980621,-1.5600747692072938,1.1649576562142365,0
396744,0.3544136720836194,-1.543625543602655,1.159754329747463,0
396748,0.3584420538643473,-1.5380865186541541,1.1550545510032806,0
396752,0.3562600137331197,-1.549668116273747,1.1501869230182344,0
396756,0.35172808422980084,-1.5466468299382008,1.1359197375448233,0
396760,0.36163118944075684,-1.543625543602655,1.1392767223620965,0
396764,0.3755626764324407,-1.517441062027924,1.142969405661097,0
396768,0.3648203250171664,-1.5166018158236056,1.1575722896162355,0
396772,0.3522316319523918,-1.5360723277637902,1.1572365911345082,0
396776,0.34585336079957274,-1.5590676737621119,1.1475013351644159,0
396779,0.355588616769665,-1.5600747692072938,1.1339055466544594,0
396783,0.3730449378194858,-1.5276798657206072,1.1431372549019607,0
396787,0.3629739833676661,-1.5379186694132905,1.1446478980697337,0
396791,0.35693141069657436,-1.5419470511940183,1.146494239719234,0
396795,0.35575646601052874,-1.5491645685511557,1.145990691996643,0
396799,0.3609597924773022,-1.540100709544518,1.142465857938506,0
396803,0.3671702143892576,-1.5355687800411992,1.1515297169451437,0
396807,0.37354848554207676,-1.518448157473106,1.1520332646677347,0
396811,0.3634775310902571,-1.5251621271076523,1.1471656366826886,0
396815,0.3539101243610284,-1.5360723277637902,1.1563973449301899,0
396819,0.3592813000686656,-1.5377508201724268,1.1476691844052795,0
396822,0.35290302891584646,-1.542618448157473,1.1511940184634164,0
396826,0.35290302891584646,-1.5453040360112915,1.1525368123903257,0
396830,0.35995269703212024,-1.5642710002288853,1.1481727321278705,0
396834,0.35810635538262,-1.5615854123750668,1.1438086518654154,0
396838,0.3490424963759823,-1.5491645685511557,1.1421301594567788,0
396842,0.34702830548561836,-1.5615854123750668,1.1394445716029602,0
396846,0.3539101243610284,-1.548493171587701,1.1466620889600976,0
396850,0.35743495841916534,-1.5595712214847028,1.1362554360265507,0
396854,0.3676737621118486,-1.5360723277637902,1.125177386129549,0
396858,0.3720378423743038,-1.542618448157473,1.1342412451361867,0
396862,0.3530708781567101,-1.540604257267109,1.13759822995346,0
396865,0.35256733043411914,-1.5510109102006562,1.1522011139085984,0
396869,0.35508506904707404,-1.5605783169298848,1.1491798275730525,0
396873,0.3544136720836194,-1.5459754329747462,1.15136186770428,0
396877,0.3440070191500725,-1.5860914015411611,1.153879606317235,0
396881,0.3497138933394369,-1.5840772106507972,1.1374303807125963,0
396885,0.3589456015869383,-1.55302510109102,1.1605935759517814,0
396889,0.35693141069657436,-1.5454718852521552,1.1567330434119172,0
396893,0.3547493705653467,-1.5741741054398413,1.151865415426871,0
396897,0.3414892805371176,-1.5092164492256046,1.1527046616311893,0
396901,0.3465247577630274,-1.555542839703975,1.1569008926527808,0
396905,0.34954604409857326,-1.5615854123750668,1.1661326009002821,0
396908,0.348203250171664,-1.5594033722438392,1.155390249485008,0
396912,0.35206378271152816,-1.5701457236591134,1.1577401388570991,0
396916,0.34669260700389104,-1.5882734416723887,1.1485084306095978,0
396920,0.34669260700389104,-1.5948195620660714,1.1468299382009612,0
396924,0.3623025864042115,-1.5592355230029755,1.141962310215915,0
396928,0.35575646601052874,-1.5538643472953384,1.1547188525215533,0
396932,0.36364538033112076,-1.5377508201724268,1.1478370336461432,0
396936,0.3539101243610284,-1.5442969405661096,1.134576943617914,0
396940,0.35290302891584646,-1.543121995880064,1.1250095368886854,0
396944,0.37002365148393984,-1.5288548104066528,1.1095674067292287,0
396947,0.35810635538262,-1.543625543602655,1.1240024414435035,0
396951,0.35290302891584646,-1.5439612420843822,1.1565651941710535,0
396955,0.36448462653543906,-1.5328831921873807,1.1778820477607386,0
396959,0.3592813000686656,-1.5360723277637902,1.1760357061112383,0
396963,0.36196688792248416,-1.535233081559472,1.1720073243305105,0
396967,0.35575646601052874,-1.5429541466392003,1.1421301594567788,0
396971,0.3639810788128481,-1.5402685587853817,1.1483405813687342,0
396975,0.35088883802548254,-1.5568856336308843,1.1456549935149156,0
396979,0.348203250171664,-1.562928206301976,1.136087586785687,0
396983,0.35424582284275574,-1.5448004882887005,1.1240024414435035,0
396987,0.34451056687266346,-1.574341954680705,1.1473334859235522,0
396990,0.3497138933394369,-1.5783703364614328,1.1491798275730525,0
396994,0.34585336079957274,-1.5845807583733882,1.143976501106279,0
396998,0.34618905928130006,-1.5729991607537956,1.1609292744335087,0
397002,0.3498817425803006,-1.5839093614099335,1.1636148622873272,0
397006,0.35290302891584646,-1.5583962767986572,1.1763714045929656,0
397010,0.3564278629739834,-1.5577248798352026,1.1711680781261922,0
397014,0.33997863736934464,-1.510055695429923,1.159754329747463,0
397018,0.33930724040588994,-1.4860532539864193,1.1555580987258716,0
397022,0.34786755168993666,-1.5330510414282443,1.1557259479667352,0
397026,0.34954604409857326,-1.5583962767986572,1.1391088731212329,0
397030,0.3510566872663462,-1.5632639047837034,1.145487144274052,0
397033,0.3456855115587091,-1.5776989394979781,1.1414587624933241,0
397037,0.3406500343327993,-1.5176089112687876,1.1320592050049592,0
397041,0.34081788357366294,-1.4716182192721445,1.1362554360265507,0
397045,0.34534981307698176,-1.5360723277637902,1.1485084306095978,0
397049,0.3263828488593881,-1.5103913939116502,1.1572365911345082,0
397053,0.34165712977798124,-1.4801785305561912,1.1590829327840084,0
397057,0.33208972304875256,-1.4672541390096894,1.1626077668421453,0
397061,0.33041123064011596,-1.4801785305561912,1.1530403601129167,0
397065,0.329907682917525,-1.4769893949797817,1.1723430228122378,0
397069,0.33511100938429844,-1.4751430533302814,1.1669718471046004,0
397072,0.3361181048294804,-1.469939726863508,1.1416266117341878,0
397076,0.32957198443579766,-1.4751430533302814,1.1656290531776912,0
397080,0.3314183260852979,-1.462554360265507,1.1642862592507819,0
397084,0.3290684367132067,-1.4764858472571907,1.1693217364766917,0
397088,0.33292896925307086,-1.4523155565728236,1.1634470130464636,0
397092,0.32218661783779656,-1.4548332951857785,1.1684824902723734,0
397096,0.3356145571068894,-1.4514763103685053,1.145990691996643,0
397100,0.3401464866102083,-1.4518120088502326,1.1396124208438239,0
397104,0.35995269703212024,-1.5102235446707866,1.1401159685664148,0
397108,0.3629739833676661,-1.523315785458152,1.1520332646677347,0
397112,0.365491721980621,-1.5449683375295642,1.135584039063096,0
397115,0.3564278629739834,-1.555542839703975,1.1382696269169146,0
397119,0.35860990310521096,-1.5553749904631113,1.1475013351644159,0
397123,0.3513923857480735,-1.557557030594339,1.1550545510032806,0
397127,0.35256733043411914,-1.5578927290760662,1.1604257267109177,0
397131,0.3448462653543908,-1.5711528191042954,1.1473334859235522,0
397135,0.3341039139391165,-1.5192874036774242,1.1558937972075989,0
397139,0.32420080872816054,-1.5077058060578317,1.1580758373388265,0
397143,0.32302586404211486,-1.5108949416342412,1.1585793850614174,0
397147,0.33208972304875256,-1.4833676661326007,1.1663004501411458,0
397151,0.328900587472343,-1.4776607919432363,1.1689860379949644,0
397155,0.3280613412680247,-1.4873960479133288,1.1604257267109177,0
397158,0.34031433585107196,-1.4712825207904172,1.1701609826810102,0
397162,0.3455176623178454,-1.5239871824216067,1.129709315632868,0
397166,0.3485389486533913,-1.5453040360112915,1.1589150835431448,0
397170,0.35004959182116424,-1.5682993820096132,1.1488441290913252,0
397174,0.35172808422980084,-1.55806057831693,1.1327306019684138,0
397178,0.3505531395437552,-1.5721599145494773,1.1382696269169146,0
397182,0.3532387273975738,-1.564438849469749,1.168146791790646,0
397186,0.3357824063477531,-1.5186160067139696,1.1579079880979628,0
397190,0.35693141069657436,-1.5295262073701075,1.1590829327840084,0
397194,0.3681773098344396,-1.5449683375295642,1.159250782024872,0
397198,0.34417486839093614,-1.5770275425345235,1.1532082093537803,0
397201,0.3381322957198443,-1.4999847409781033,1.1569008926527808,0
397205,0.33427176317998014,-1.4830319676508734,1.1582436865796901,0
397209,0.328900587472343,-1.478835736629282,1.1619363698786906,0
397213,0.310605020218204,-1.4957885099565118,1.1661326009002821,0
397217,0.31379415579461356,-1.514923323414969,1.162272068360418,0
397221,0.3089265278095674,-1.5382543678950178,1.1656290531776912,0
397225,0.3042267490653849,-1.5409399557488364,1.1679789425497824,0
397229,0.3033875028610666,-1.5362401770046539,1.1471656366826886,0
397233,0.3075837338826581,-1.5402685587853817,1.1520332646677347,0
397237,0.30875867856870376,-1.523315785458152,1.1605935759517814,0
397240,0.3252079041733425,-1.514419775692378,1.1708323796444648,0
397244,0.329404135194934,-1.48974593728542,1.1857709620813306,0
397248,0.33712520027466236,-1.478332188906691,1.1725108720531014,0
397252,0.3339360646982528,-1.4828641184100098,1.1463263904783703,0
397256,0.3166475928892958,-1.4811856260013732,1.146494239719234,0
397260,0.329907682917525,-1.4796749828336002,1.1394445716029602,0
397264,0.3349431601434348,-1.475310902571145,1.1491798275730525,0
397268,0.3357824063477531,-1.4738002594033721,1.1530403601129167,0
397272,0.3282291905088884,-1.4843747615777827,1.169657434958419,0
397276,0.3272220950637064,-1.483703364614328,1.1495155260547798,0
397280,0.3231937132829785,-1.5035095750362402,1.1745250629434654,0
397283,0.31966887922484166,-1.507034409094377,1.1535439078355076,0
397287,0.3178225375753414,-1.5129091325246051,1.1609292744335087,0
397291,0.30523384451056684,-1.513916227969787,1.1656290531776912,0
397295,0.29600213626306554,-1.5172732127870603,1.160761425192645,0
397299,0.2924773022049286,-1.5117341878385595,1.1516975661860074,0
397303,0.29264515144579234,-1.5117341878385595,1.1525368123903257,0
397307,0.30053406576638436,-1.489242389562829,1.1584115358205538,0
397311,0.3045624475471122,-1.5092164492256046,1.1550545510032806,0
397315,0.3048981460288395,-1.52734416723888,1.1535439078355076,0
397319,0.3119478141451133,-1.533218890669108,1.1409552147707331,0
397323,0.3413214312962539,-1.5051880674448768,1.1535439078355076,0
397326,0.31043717097734036,-1.516937514305333,1.159250782024872,0
397330,0.329404135194934,-1.4959563591973755,1.1589150835431448,0
397334,0.3148012512397955,-1.5051880674448768,1.1501869230182344,0
397338,0.32017242694743264,-1.5040131227588311,1.1580758373388265,0
397342,0.291302357518883,-1.5119020370794232,1.1547188525215533,0
397346,0.32302586404211486,-1.5110627908751049,1.162775616083009,0
397350,0.3280613412680247,-1.4988097962920577,1.1557259479667352,0
397354,0.3302433813992523,-1.4808499275196458,1.1560616464484625,0
397358,0.3440070191500725,-1.555542839703975,1.1399481193255512,0
397362,0.347196154726482,-1.5688029297322041,1.1491798275730525,0
397365,0.3527351796749828,-1.5590676737621119,1.1414587624933241,0
397369,0.3685130083161669,-1.540100709544518,1.1397802700846875,0
397373,0.3733806363012131,-1.5340581368734263,1.142969405661097,0
397377,0.3728770885786221,-1.524826428625925,1.1323949034866865,0
397381,0.375898374914168,-1.4984740978103304,1.1367589837491416,0
397385,0.365491721980621,-1.526840619516289,1.1565651941710535,0
397389,0.3614633401998932,-1.5397650110627907,1.1584115358205538,0
397393,0.35508506904707404,-1.5688029297322041,1.1572365911345082,0
397397,0.3349431601434348,-1.5166018158236056,1.1510261692225527,0
397401,0.3336003662165255,-1.5018310826276036,1.1516975661860074,0
397405,0.3290684367132067,-1.4993133440146487,1.1652933546959638,0
397408,0.32873273823147936,-1.4848783093003737,1.1557259479667352,0
397412,0.32017242694743264,-1.4937743190661479,1.151865415426871,0
397416,0.32185091935606924,-1.4868925001907378,1.128198672465095,0
397420,0.33376821545738916,-1.491256580453193,1.1285343709468223,0
397424,0.3505531395437552,-1.5359044785229266,1.136591134508278,0
397428,0.37354848554207676,-1.5221408407721064,1.134576943617914,0
397432,0.3552529182879377,-1.543121995880064,1.142465857938506,0
397436,0.3864728770885786,-1.4964599069199664,1.134073395895323,0
397440,0.4014114595254444,-1.4816891737239641,1.129205767910277,0
397444,0.4146715495536736,-1.475814450293736,1.1240024414435035,0
397448,0.41651789120317384,-1.4638971541924162,1.1453192950331883,0
397451,0.42809948882276644,-1.4325093461509117,1.1433051041428244,0
397455,0.3930189974822614,-1.4778286411841,1.1500190737773708,0
397459,0.3797589074540322,-1.4771572442206453,1.1501869230182344,0
397463,0.3596169985503929,-1.5083772030212863,1.1476691844052795,0
397467,0.3522316319523918,-1.5328831921873807,1.1505226214999618,0
397471,0.3391393911650263,-1.4979705500877394,1.1491798275730525,0
397475,0.3285648889906157,-1.4969634546425574,1.1563973449301899,0
397479,0.32269016556038754,-1.5068665598535134,1.1659647516594185,0
397483,0.32671854734111544,-1.485717555504692,1.1661326009002821,0
397487,0.3366216525520714,-1.469939726863508,1.1817425803006028,0
397491,0.3386358434424353,-1.474807354848554,1.172678721293965,0
397494,0.34501411459525444,-1.5236514839398794,1.1563973449301899,0
397498,0.33460746166170746,-1.4998168917372396,1.154383154039826,0
397502,0.36532387273975736,-1.5303654535744258,1.1480048828870069,0
397506,0.365995269703212,-1.5402685587853817,1.1501869230182344,0
397510,0.39184405279621576,-1.5093842984664683,1.142465857938506,0
397514,0.3992294193942168,-1.5009918364232853,1.1211490043488213,0
397518,0.41097886625467306,-1.4919279774166476,1.11879911497673,0
397522,0.3955367360952163,-1.4957885099565118,1.127191577019913,0
397526,0.40930037384603646,-1.4746395056076904,1.1401159685664148,0
397530,0.40678263523308156,-1.4670862897688257,1.1300450141145952,0
397533,0.3955367360952163,-1.4867246509498742,1.13759822995346,0
397537,0.36700236514839396,-1.5117341878385595,1.1605935759517814,0
397541,0.3690165560387579,-1.513916227969787,1.1567330434119172,0
397545,0.3233615625238422,-1.5019989318684672,1.167643244068055,0
397549,0.3233615625238422,-1.5008239871824216,1.173182269016556,0
397553,0.29935912108033874,-1.497131303883421,1.1735179674982834,0
397557,0.2921416037232013,-1.517944609750515,1.1725108720531014,0
397561,0.29969481956206606,-1.5120698863202868,1.1787212939650569,0
397565,0.311612115663386,-1.5355687800411992,1.1755321583886473,0
397569,0.3272220950637064,-1.5040131227588311,1.1790569924467842,0
397573,0.3327611200122072,-1.4732967116807811,1.1584115358205538,0
397576,0.3513923857480735,-1.5199588006408788,1.1280308232242313,0
397580,0.365491721980621,-1.5414435034714273,1.1234988937209125,0
397584,0.3883192187380789,-1.5385900663767451,1.1139314869916839,0
397588,0.4150072480354009,-1.5021667811093309,1.1120851453421836,0
397592,0.4282673380636301,-1.4503013656824597,1.1137636377508202,0
397596,0.43229571984435794,-1.4573510337987334,1.109399557488365,0
397600,0.4420309758144503,-1.4635614557106889,1.1075532158388648,0
397604,0.449080643930724,-1.4425803006027313,1.1171206225680934,0
397608,0.4329671168078126,-1.4499656672007324,1.1258487830930037,0
397612,0.3980544747081712,-1.4764858472571907,1.125177386129549,0
397616,0.3874799725337606,-1.5160982681010147,1.119302662699321,0
397619,0.3646524757763027,-1.5199588006408788,1.1342412451361867,0
397623,0.34501411459525444,-1.555039291981384,1.1394445716029602,0
397627,0.3257114518959335,-1.5209658960860608,1.1446478980697337,0
397631,0.3319218738078889,-1.4964599069199664,1.1522011139085984,0
397635,0.3203402761882963,-1.5068665598535134,1.1753643091477837,0
397639,0.30875867856870376,-1.5058594644083314,1.1693217364766917,0
397643,0.3339360646982528,-1.5030060273136492,1.178217746242466,0
397647,0.33997863736934464,-1.4811856260013732,1.1666361486228731,0
397651,0.35088883802548254,-1.5189517051956969,1.1530403601129167,0
397655,0.3648203250171664,-1.5182803082322422,1.141962310215915,0
397658,0.37489127946898604,-1.5132448310063324,1.1283665217059586,0
397662,0.39520103761348896,-1.506027313649195,1.1320592050049592,0
397666,0.4032578011749447,-1.497634851606012,1.1401159685664148,0
397670,0.4086289768825818,-1.4915922789349203,1.1372625314717326,0
397674,0.40644693675135424,-1.4810177767605095,1.1303807125963226,0
397678,0.4113145647364004,-1.4771572442206453,1.1204776073853666,0
397682,0.38815136949721524,-1.5058594644083314,1.1270237277790494,0
397686,0.37656977187762264,-1.5092164492256046,1.1322270542458228,0
397690,0.3539101243610284,-1.525833524071107,1.1377660791943236,0
397694,0.3394750896467536,-1.4855497062638283,1.150354772259098,0
397698,0.3344396124208438,-1.489242389562829,1.1501869230182344,0
397701,0.3268863965819791,-1.4801785305561912,1.1844281681544213,0
397705,0.32101167315175094,-1.4905851834897383,1.1803997863736935,0
397709,0.32789349202716106,-1.5048523689631494,1.195002670328832,0
397713,0.3315861753261616,-1.4816891737239641,1.18207827878233,0
397717,0.33796444647898066,-1.458525978484779,1.1802319371328298,0
397721,0.3623025864042115,-1.4843747615777827,1.1661326009002821,0
397725,0.3681773098344396,-1.5105592431525139,1.1540474555580986,0
397729,0.37858396276798656,-1.4959563591973755,1.1250095368886854,0
397733,0.3856336308842603,-1.4931029221026932,1.09496452277409,0
397737,0.39654383154039824,-1.489242389562829,1.089089799343862,0
397741,0.4141680018310826,-1.4739681086442358,1.1156099794003205,0
397744,0.4299458304722667,-1.4853818570229647,1.1402838178072785,0
397748,0.422392614633402,-1.4578545815213244,1.1436408026245517,0
397752,0.4155107957579919,-1.4518120088502326,1.1414587624933241,0
397756,0.40258640421149,-1.4612115663385976,1.1196383611810483,0
397760,0.37774471656366826,-1.4803463797970549,1.120813305867094,0
397764,0.36918440527962154,-1.4974670023651484,1.1421301594567788,0
397768,0.37035934996566716,-1.491760128175784,1.1431372549019607,0
397772,0.3559243152513924,-1.5328831921873807,1.1557259479667352,0
397776,0.34669260700389104,-1.5699778744182498,1.1441443503471427,0
397780,0.35944914930952926,-1.55302510109102,1.1478370336461432,0
397784,0.3671702143892576,-1.5394293125810634,1.1616006713969633,0
397787,0.3742198825055314,-1.5229800869764247,1.1565651941710535,0
397791,0.3896620126649882,-1.530701152056153,1.162272068360418,0
397795,0.376401922636759,-1.5291905088883802,1.161768520637827,0
397799,0.37690547035934996,-1.5155947203784237,1.1688181887541007,0
397803,0.37824826428625924,-1.5046845197222858,1.1656290531776912,0
397807,0.3738841840238041,-1.4994811932555123,1.1631113145647363,0
397811,0.3891584649423972,-1.5028381780727855,1.1374303807125963,0
397815,0.3822766460669871,-1.5023346303501945,1.1352483405813687,0
397819,0.37405203326466774,-1.5028381780727855,1.1300450141145952,0
397823,0.3817730983443961,-1.4999847409781033,1.1248416876478218,0
397826,0.38278019378957806,-1.4983062485694667,1.128198672465095,0
397830,0.38496223392080564,-1.4894102388036927,1.1317235065232318,0
397834,0.38328374151216904,-1.4867246509498742,1.1318913557640955,0
397838,0.393690394445716,-1.5030060273136492,1.1231631952391852,0
397842,0.3891584649423972,-1.5031738765545128,1.1011749446860455,0
397846,0.3920119020370794,-1.4929350728618296,1.1328984512092775,0
397850,0.3688487067978942,-1.5112306401159685,1.1486762798504615,0
397854,0.3497138933394369,-1.5442969405661096,1.153879606317235,0
397858,0.33846799420157164,-1.5145876249332417,1.1582436865796901,0
397862,0.3438391699092088,-1.5699778744182498,1.1698252841992827,0
397866,0.347699702449073,-1.5666208896009766,1.1763714045929656,0
397869,0.35206378271152816,-1.566453040360113,1.1770428015564203,0
397873,0.35172808422980084,-1.555039291981384,1.1783855954833296,0
397877,0.36196688792248416,-1.5498359655146106,1.1547188525215533,0
397881,0.3713664454108491,-1.5348973830777446,1.1594186312657357,0
397885,0.3812695506218051,-1.497131303883421,1.1570687418936445,0
397889,0.3975509269855802,-1.5108949416342412,1.1391088731212329,0
397893,0.3894941634241245,-1.5234836346990157,1.1320592050049592,0
397897,0.38932631418326086,-1.513916227969787,1.1226596475165942,0
397901,0.38664072632944224,-1.4771572442206453,1.1151064316777295,0
397905,0.38982986190585184,-1.4895780880445564,1.1285343709468223,0
397909,0.4022507057297627,-1.475310902571145,1.1414587624933241,0
397912,0.38815136949721524,-1.5072022583352407,1.138605325398642,0
397916,0.3685130083161669,-1.5132448310063324,1.136087586785687,0
397920,0.3523994811932555,-1.5379186694132905,1.1500190737773708,0
397924,0.3455176623178454,-1.5599069199664302,1.1793926909285115,0
397928,0.3468604562447547,-1.565949492637522,1.1783855954833296,0
397932,0.3498817425803006,-1.5741741054398413,1.152368963149462,0
397936,0.3535744258793011,-1.5605783169298848,1.1790569924467842,0
397940,0.3717021438925765,-1.532211795223926,1.1657969024185548,0
397944,0.3975509269855802,-1.5414435034714273,1.1634470130464636,0
397948,0.40275425345235366,-1.4964599069199664,1.1545510032806896,0
397951,0.41265735866330966,-1.4682612344548713,1.1547188525215533,0
397955,0.4138323033493553,-1.4734645609216448,1.1164492256046388,0
397959,0.4178606851300831,-1.4573510337987334,1.1315556572823682,0
397963,0.4237354085603113,-1.4331807431143664,1.1253452353704128,0
397967,0.4277637903410391,-1.422438391699092,1.1233310444800488,0
397971,0.4178606851300831,-1.43334859235523,1.1241702906843671,0
397975,0.3980544747081712,-1.4680933852140077,1.1293736171511406,0
397979,0.38244449530785074,-1.4759822995345997,1.1334019989318684,0
397983,0.3738841840238041,-1.4830319676508734,1.1422980086976424,0
397987,0.38445868619821466,-1.4862211032272832,1.1468299382009612,0
397991,0.3584420538643473,-1.5035095750362402,1.1604257267109177,0
397994,0.36079194323643854,-1.532715342946517,1.1535439078355076,0
397998,0.35122453650720986,-1.5453040360112915,1.145487144274052,0
398002,0.3604562447547112,-1.5463111314564735,1.1493476768139161,0
398006,0.3676737621118486,-1.5276798657206072,1.1560616464484625,0
398010,0.37186999313344016,-1.516937514305333,1.1621042191195543,0
398014,0.375898374914168,-1.4914244296940566,1.1453192950331883,0
398018,0.38328374151216904,-1.4870603494316015,1.136087586785687,0
398022,0.3905012588693065,-1.4924315251392386,1.1159456778820478,0
398026,0.3913405050736248,-1.492767223620966,1.136591134508278,0
398030,0.4091325246051728,-1.4850461585412373,1.1616006713969633,0
398034,0.40392919813839934,-1.482696269169146,1.150354772259098,0
398037,0.40258640421149,-1.467925535973144,1.1414587624933241,0
398041,0.3987258716716258,-1.4785000381475546,1.168146791790646,0
398045,0.3894941634241245,-1.501159685664149,1.1453192950331883,0
398049,0.3905012588693065,-1.4994811932555123,1.1453192950331883,0
398053,0.3905012588693065,-1.4989776455329213,1.1357518883039597,0
398057,0.3894941634241245,-1.5209658960860608,1.136591134508278,0
398061,0.37321278706034944,-1.50166323338674,1.138101777676051,0
398065,0.3656595712214847,-1.517944609750515,1.1530403601129167,0
398069,0.36952010376134886,-1.5177767605096513,1.155390249485008,0
398073,0.3725413900968948,-1.5113984893568322,1.1498512245365071,0
398077,0.3742198825055314,-1.50854505226215,1.135584039063096,0
398080,0.3742198825055314,-1.5036774242771038,1.1584115358205538,0
398084,0.37690547035934996,-1.5107270923933775,1.1501869230182344,0
398088,0.3873121232928969,-1.523315785458152,1.1500190737773708,0
398092,0.37522697795071336,-1.505020218204013,1.141962310215915,0
398096,0.37270923933775846,-1.5053559166857404,1.1369268329900053,0
398100,0.3701915007248035,-1.5013275349050126,1.1402838178072785,0
398104,0.3597848477912566,-1.5023346303501945,1.1394445716029602,0
398108,0.37119859616998546,-1.5119020370794232,1.1506904707408254,0
398112,0.35995269703212024,-1.542114900434882,1.14448004882887,0
398116,0.37186999313344016,-1.5275120164797436,1.135584039063096,0
398119,0.3772411688410773,-1.5145876249332417,1.1372625314717326,0
398123,0.3894941634241245,-1.5256656748302433,1.1448157473105973,0
398127,0.38026245517662316,-1.5048523689631494,1.152368963149462,0
398131,0.38613717860685126,-1.4803463797970549,1.1599221789883267,0
398135,0.3826123445487144,-1.4801785305561912,1.1599221789883267,0
398139,0.3894941634241245,-1.5035095750362402,1.1392767223620965,0
398143,0.3911726558327611,-1.4974670023651484,1.1409552147707331,0
398147,0.40560769054703594,-1.492263675898375,1.1389410238803692,0
398151,0.39184405279621576,-1.4878995956359198,1.1421301594567788,0
398155,0.38378728923476,-1.4776607919432363,1.1379339284351873,0
398159,0.37942320897230486,-1.48974593728542,1.1547188525215533,0
398162,0.3767376211184863,-1.5025024795910582,1.1475013351644159,0
398166,0.3720378423743038,-1.5120698863202868,1.159250782024872,0
398170,0.3671702143892576,-1.5231479362172884,1.1657969024185548,0
398174,0.3535744258793011,-1.5288548104066528,1.1723430228122378,0
398178,0.35088883802548254,-1.549668116273747,1.1629434653238726,0
398182,0.33880369268329896,-1.5025024795910582,1.1570687418936445,0
398186,0.3535744258793011,-1.515930418860151,1.1663004501411458,0
398190,0.36414892805371174,-1.5261692225528343,1.152368963149462,0
398194,0.3668345159075303,-1.5360723277637902,1.1438086518654154,0
398198,0.36414892805371174,-1.5365758754863812,1.1349126420996414,0
398202,0.34585336079957274,-1.5578927290760662,1.130212863355459,0
398205,0.3795910582131685,-1.5275120164797436,1.129709315632868,0
398209,0.38160524910353244,-1.5196231021591515,1.129205767910277,0
398213,0.3831158922713054,-1.5025024795910582,1.1305485618371862,0
398217,0.3787518120088502,-1.5102235446707866,1.1325627527275501,0
398221,0.3963759822995346,-1.5045166704814221,1.1349126420996414,0
398225,0.40560769054703594,-1.5028381780727855,1.1362554360265507,0
398229,0.3809338521400778,-1.490249485008011,1.152872510872053,0
398233,0.37237354085603114,-1.4929350728618296,1.1488441290913252,0
398237,0.3597848477912566,-1.506530861371786,1.1483405813687342,0
398241,0.3656595712214847,-1.5234836346990157,1.1426337071793697,0
398244,0.36918440527962154,-1.5137483787289234,1.153376058594644,0
398248,0.36532387273975736,-1.535736629282063,1.173182269016556,0
398252,0.35659571221484704,-1.5464789806973371,1.175700007629511,0
398256,0.3648203250171664,-1.5375829709315632,1.1577401388570991,0
398260,0.37186999313344016,-1.5275120164797436,1.1610971236743723,0
398264,0.37690547035934996,-1.5226443884946974,1.167139696345464,0
398268,0.3826123445487144,-1.5008239871824216,1.1475013351644159,0
398272,0.37824826428625924,-1.4988097962920577,1.138605325398642,0
398276,0.37908751049057754,-1.499145494773785,1.1226596475165942,0
398280,0.37908751049057754,-1.498641947051194,1.112924391546502,0
398284,0.3805981536583505,-1.4895780880445564,1.1120851453421836,0
398287,0.3780804150453956,-1.4925993743801023,1.1394445716029602,0
398291,0.36028839551384756,-1.5236514839398794,1.1407873655298695,0
398295,0.35340657663843744,-1.5394293125810634,1.1354161898222324,0
398299,0.35693141069657436,-1.5424505989166093,1.1446478980697337,0
398303,0.34786755168993666,-1.5592355230029755,1.1646219577325092,0
398307,0.3634775310902571,-1.5493324177920194,1.1609292744335087,0
398311,0.38278019378957806,-1.523819333180743,1.1745250629434654,0
398315,0.36196688792248416,-1.5318760967421987,1.1605935759517814,0
398319,0.3643167772945754,-1.5229800869764247,1.1609292744335087,0
398323,0.3742198825055314,-1.5112306401159685,1.1599221789883267,0
398327,0.3962081330586709,-1.5088807507438773,1.1589150835431448,0
398330,0.3879835202563516,-1.5166018158236056,1.1589150835431448,0
398334,0.38764782177462426,-1.5308690012970168,1.146997787441825,0
398338,0.3863050278477149,-1.4924315251392386,1.134073395895323,0
398342,0.3962081330586709,-1.4946135652704662,1.1293736171511406,0
398346,0.39604028381780726,-1.4900816357671474,1.1332341496910048,0
398350,0.3874799725337606,-1.5182803082322422,1.1347447928587777,0
398354,0.375898374914168,-1.4954528114747845,1.1339055466544594,0
398358,0.36582742046234834,-1.5209658960860608,1.1334019989318684,0
398362,0.3680094605935759,-1.5377508201724268,1.144983596551461,0
398366,0.357602807660029,-1.5399328603036544,1.1562294956893262,0
398370,0.36028839551384756,-1.5456397344930188,1.1644541084916455,0
398373,0.36079194323643854,-1.5538643472953384,1.1511940184634164,0
398377,0.3559243152513924,-1.5691386282139315,1.155390249485008,0
398381,0.35777065690089266,-1.5622568093385214,1.1426337071793697,0
398385,0.3725413900968948,-1.5298619058518348,1.1475013351644159,0
398389,0.38361943999389636,-1.5073701075761043,1.1555580987258716,0
398393,0.3834515907530327,-1.4988097962920577,1.1414587624933241,0
398397,0.38378728923476,-1.4875638971541925,1.1328984512092775,0
398401,0.4066147859922179,-1.4769893949797817,1.1199740596627756,0
398405,0.3978866254673075,-1.48974593728542,1.1323949034866865,0
398409,0.39100480659189746,-1.5028381780727855,1.1352483405813687,0
398412,0.3809338521400778,-1.4949492637521935,1.1558937972075989,0
398416,0.37354848554207676,-1.509048599984741,1.1483405813687342,0
398420,0.3648203250171664,-1.5103913939116502,1.1506904707408254,0
398424,0.3617990386816205,-1.5192874036774242,1.1540474555580986,0
398428,0.3552529182879377,-1.5461432822156098,1.161264972915236,0
398432,0.3421606775005722,-1.4764858472571907,1.1563973449301899,0
398436,0.34501411459525444,-1.534729533836881,1.1547188525215533,0
398440,0.35860990310521096,-1.5407721065079727,1.1609292744335087,0
398444,0.35424582284275574,-1.5325474937056534,1.1679789425497824,0
398448,0.3609597924773022,-1.5291905088883802,1.1666361486228731,0
398452,0.37405203326466774,-1.523819333180743,1.1683146410315097,0
398455,0.3629739833676661,-1.5182803082322422,1.1468299382009612,0
398459,0.3750591287098497,-1.505523765926604,1.1485084306095978,0
398463,0.37740901808194094,-1.5115663385976958,1.1414587624933241,0
398467,0.3903334096284428,-1.514923323414969,1.1422980086976424,0
398471,0.38982986190585184,-1.515930418860151,1.1327306019684138,0
398475,0.40258640421149,-1.4961242084382391,1.1312199588006409,0
398479,0.36247043564507514,-1.5093842984664683,1.1231631952391852,0
398483,0.3547493705653467,-1.5461432822156098,1.119302662699321,0
398487,0.3579385061417563,-1.5520180056458381,1.1359197375448233,0
398491,0.3720378423743038,-1.540604257267109,1.12568093385214,0
398495,0.3631418326085298,-1.539597161821927,1.1703288319218739,0
398498,0.3572671091783017,-1.5625925078202487,1.1800640878919662,0
398502,0.3559243152513924,-1.570313572899977,1.1832532234683757,0
398506,0.36196688792248416,-1.555039291981384,1.1760357061112383,0
398510,0.36163118944075684,-1.5414435034714273,1.1636148622873272,0
398514,0.3567635614557107,-1.5513466086823835,1.1605935759517814,0
398518,0.3676737621118486,-1.5293583581292438,1.145990691996643,0
398522,0.36280613412680246,-1.539597161821927,1.1448157473105973,0
398526,0.3696879530022125,-1.5192874036774242,1.1414587624933241,0
398530,0.3705271992065308,-1.5041809719996948,1.137094682230869,0
398534,0.3693522545204852,-1.5155947203784237,1.1330663004501411,0
398537,0.3648203250171664,-1.5219729915312428,1.1260166323338674,0
398541,0.3701915007248035,-1.5142519264515144,1.1391088731212329,0
398545,0.37237354085603114,-1.509552147707332,1.1428015564202334,0
398549,0.3725413900968948,-1.5072022583352407,1.146494239719234,0
398553,0.36330968184939344,-1.5221408407721064,1.1461585412375066,0
398557,0.3621347371633478,-1.5323796444647897,1.1486762798504615,0
398561,0.3638132295719844,-1.525833524071107,1.1409552147707331,0
398565,0.3685130083161669,-1.52230869001297,1.1498512245365071,0
398569,0.3693522545204852,-1.522812237735561,1.154383154039826,0
398573,0.36582742046234834,-1.5325474937056534,1.1530403601129167,0
398577,0.36163118944075684,-1.5343938353551536,1.1406195162890058,0
398580,0.3710307469291218,-1.533722438391699,1.1485084306095978,0
398584,0.3643167772945754,-1.5202944991226062,1.1646219577325092,0
398588,0.3681773098344396,-1.52734416723888,1.1649576562142365,0
398592,0.3690165560387579,-1.516433966582742,1.1661326009002821,0
398596,0.36616311894407566,-1.5305333028152894,1.1547188525215533,0
398600,0.37489127946898604,-1.5177767605096513,1.1406195162890058,0
398604,0.37774471656366826,-1.5088807507438773,1.145487144274052,0
398608,0.3795910582131685,-1.5048523689631494,1.145487144274052,0
398612,0.3821087968261234,-1.5018310826276036,1.1362554360265507,0
398616,0.37656977187762264,-1.5083772030212863,1.136087586785687,0
398620,0.3755626764324407,-1.5068665598535134,1.103860532539864,0
398623,0.375898374914168,-1.488738841840238,1.129205767910277,0
398627,0.36918440527962154,-1.4952849622339208,1.136087586785687,0
398631,0.3584420538643473,-1.5147554741741054,1.145487144274052,0
398635,0.35206378271152816,-1.5491645685511557,1.1397802700846875,0
398639,0.34585336079957274,-1.5731670099946593,1.1443121995880063,0
398643,0.3488746471351186,-1.5597390707255665,1.15136186770428,0
398647,0.3391393911650263,-1.5073701075761043,1.1610971236743723,0
398651,0.3513923857480735,-1.532211795223926,1.1595864805065994,0
398655,0.35088883802548254,-1.5464789806973371,1.1589150835431448,0
398659,0.35508506904707404,-1.5568856336308843,1.1585793850614174,0
398663,0.36280613412680246,-1.5506752117189289,1.1616006713969633,0
398666,0.37656977187762264,-1.532211795223926,1.167139696345464,0
398670,0.38244449530785074,-1.5068665598535134,1.1575722896162355,0
398674,0.3839551384756237,-1.4803463797970549,1.1475013351644159,0
398678,0.37824826428625924,-1.4919279774166476,1.1362554360265507,0
398682,0.36112764171816586,-1.5073701075761043,1.1352483405813687,0
398686,0.3829480430304417,-1.5046845197222858,1.1344090943770504,0
398690,0.37774471656366826,-1.5008239871824216,1.129205767910277,0
398694,0.3770733196002136,-1.501159685664149,1.1236667429617762,0
398698,0.3747234302281224,-1.508041504539559,1.129709315632868,0
398702,0.3617990386816205,-1.523315785458152,1.135080491340505,0
398705,0.3596169985503929,-1.5157625696192873,1.134576943617914,0
398709,0.3646524757763027,-1.5204623483634698,1.1236667429617762,0
398713,0.35374227512016476,-1.5385900663767451,1.1416266117341878,0
398717,0.34837109941252764,-1.5516823071641108,1.14448004882887,0
398721,0.34837109941252764,-1.5568856336308843,1.1610971236743723,0
398725,0.3527351796749828,-1.5547035934996567,1.1738536659800107,0
398729,0.3559243152513924,-1.5684672312504768,1.1960097657740139,0
398733,0.3592813000686656,-1.55806057831693,1.1646219577325092,0
398737,0.3623025864042115,-1.5385900663767451,1.160761425192645,0
398741,0.3651560234988937,-1.5224765392538337,1.1537117570763713,0
398745,0.3715342946517128,-1.5254978255893796,1.1515297169451437,0
398748,0.37908751049057754,-1.5122377355611505,1.1453192950331883,0
398752,0.38076600289921414,-1.498641947051194,1.1475013351644159,0
398756,0.3821087968261234,-1.5031738765545128,1.1384374761577782,0
398760,0.3728770885786221,-1.5040131227588311,1.1407873655298695,0
398764,0.3717021438925765,-1.5035095750362402,1.1265201800564584,0
398768,0.3681773098344396,-1.523819333180743,1.1481727321278705,0
398772,0.3606240939955749,-1.5399328603036544,1.1506904707408254,0
398776,0.33628595407034406,-1.4999847409781033,1.136591134508278,0
398780,0.33762874799725334,-1.4785000381475546,1.136591134508278,0
398784,0.3307469291218433,-1.4706111238269626,1.1569008926527808,0
398788,0.3349431601434348,-1.469939726863508,1.177714198519875,0
398791,0.3183260852979324,-1.4936064698252842,1.175700007629511,0
398795,0.33208972304875256,-1.474303807125963,1.168146791790646,0
398799,0.3406500343327993,-1.459533073929961,1.1537117570763713,0
398803,0.3779125658045319,-1.485214007782101,1.1555580987258716,0
398807,0.36582742046234834,-1.5103913939116502,1.1574044403753718,0
398811,0.3522316319523918,-1.534729533836881,1.1516975661860074,0
398815,0.3725413900968948,-1.5166018158236056,1.1332341496910048,0
398819,0.3745555809872587,-1.507034409094377,1.151865415426871,0
398823,0.3805981536583505,-1.490249485008011,1.1339055466544594,0
398827,0.39100480659189746,-1.5077058060578317,1.1369268329900053,0
398830,0.37270923933775846,-1.5130769817654688,1.142969405661097,0
398834,0.3797589074540322,-1.5036774242771038,1.1466620889600976,0
398838,0.3606240939955749,-1.530701152056153,1.1384374761577782,0
398842,0.35122453650720986,-1.5516823071641108,1.1268558785381857,0
398846,0.35088883802548254,-1.5543678950179294,1.1480048828870069,0
398850,0.33376821545738916,-1.5206301976043335,1.1688181887541007,0
398854,0.3290684367132067,-1.5097199969481956,1.1525368123903257,0
398858,0.32923628595407034,-1.5058594644083314,1.1557259479667352,0
398862,0.35004959182116424,-1.5526894026092928,1.1699931334401465,0
398866,0.3493781948577096,-1.5773632410162508,1.1652933546959638,0
398870,0.3559243152513924,-1.5760204470893415,1.1624399176012816,0
398873,0.3596169985503929,-1.5432898451209276,1.1621042191195543,0
398877,0.3673380636301213,-1.5387579156176088,1.1634470130464636,0
398881,0.37690547035934996,-1.5196231021591515,1.1560616464484625,0
398885,0.3834515907530327,-1.499649042496376,1.1501869230182344,0
398889,0.3720378423743038,-1.5097199969481956,1.1473334859235522,0
398893,0.38580148012512394,-1.4862211032272832,1.15136186770428,0
398897,0.3809338521400778,-1.4808499275196458,1.1362554360265507,0
398901,0.37606622415503166,-1.5087129015030136,1.1216525520714122,0
398905,0.37002365148393984,-1.5041809719996948,1.1480048828870069,0
398909,0.3720378423743038,-1.5108949416342412,1.1555580987258716,0
398913,0.3631418326085298,-1.5202944991226062,1.1399481193255512,0
398916,0.35256733043411914,-1.539597161821927,1.1495155260547798,0
398920,0.3460212100404364,-1.5661173418783856,1.1555580987258716,0
398924,0.3493781948577096,-1.5746776531624322,1.1501869230182344,0
398928,0.34753185320820934,-1.5682993820096132,1.1629434653238726,0
398932,0.3349431601434348,-1.5145876249332417,1.1580758373388265,0
398936,0.3448462653543908,-1.544129091325246,1.1641184100099182,0
398940,0.34585336079957274,-1.5676279850461585,1.163782711528191,0
398944,0.36616311894407566,-1.5520180056458381,1.162775616083009,0
398948,0.3787518120088502,-1.531204699778744,1.169657434958419,0
398952,0.36834515907530324,-1.525833524071107,1.158747234302281,0
398956,0.3710307469291218,-1.5249942778667887,1.1481727321278705,0
398959,0.3710307469291218,-1.5239871824216067,1.1496833752956435,0
398963,0.3779125658045319,-1.506530861371786,1.143976501106279,0
398967,0.39234760051880674,-1.5313725490196077,1.1416266117341878,0
398971,0.3846265354390783,-1.5063630121309224,1.1325627527275501,0
398975,0.3831158922713054,-1.490249485008011,1.1339055466544594,0
398979,0.3505531395437552,-1.5360723277637902,1.1352483405813687,0
398983,0.38110170138094146,-1.5004882887006943,1.1157778286411841,0
398987,0.37942320897230486,-1.4954528114747845,1.1374303807125963,0
398991,0.3698558022430762,-1.4994811932555123,1.1433051041428244,0
398995,0.3614633401998932,-1.525833524071107,1.1352483405813687,0
398998,0.3742198825055314,-1.5206301976043335,1.1412909132524605,0
399002,0.357602807660029,-1.532211795223926,1.1453192950331883,0
399006,0.3549172198062104,-1.554032196536202,1.153376058594644,0
399010,0.3552529182879377,-1.563431754024567,1.1624399176012816,0
399014,0.35542076752880136,-1.5694743266956588,1.1577401388570991,0
399018,0.36330968184939344,-1.5533607995727474,1.1585793850614174,0
399022,0.36616311894407566,-1.548996719310292,1.1555580987258716,0
399026,0.37656977187762264,-1.5296940566109711,1.1582436865796901,0
399030,0.38026245517662316,-1.5145876249332417,1.1649576562142365,0
399034,0.3775768673228046,-1.51542687113756,1.1389410238803692,0
399038,0.3851300831616693,-1.4867246509498742,1.1433051041428244,0
399041,0.38026245517662316,-1.4924315251392386,1.1436408026245517,0
399045,0.38580148012512394,-1.4744716563668268,1.1379339284351873,0
399049,0.3831158922713054,-1.4759822995345997,1.138101777676051,0
399053,0.3701915007248035,-1.4850461585412373,1.143472953383688,0
399057,0.36616311894407566,-1.5176089112687876,1.1379339284351873,0
399061,0.3648203250171664,-1.517441062027924,1.1448157473105973,0
399065,0.35860990310521096,-1.5348973830777446,1.152872510872053,0
399069,0.3391393911650263,-1.5033417257953765,1.158747234302281,0
399073,0.3391393911650263,-1.4860532539864193,1.163782711528191,0
399077,0.3156404974441138,-1.5014953841458762,1.1542153047989623,0
399081,0.3247043564507515,-1.4862211032272832,1.1569008926527808,0
399084,0.33125047684443426,-1.4779964904249636,1.1647898069733729,0
399088,0.3617990386816205,-1.509552147707332,1.1570687418936445,0
399092,0.3344396124208438,-1.4984740978103304,1.1770428015564203,0
399096,0.3314183260852979,-1.475814450293736,1.1688181887541007,0
399100,0.3443427176317998,-1.5385900663767451,1.1575722896162355,0
399104,0.3540779736018921,-1.5369115739681085,1.1626077668421453,0
399108,0.355588616769665,-1.5461432822156098,1.163782711528191,0
399112,0.36163118944075684,-1.5429541466392003,1.1683146410315097,0
399116,0.3592813000686656,-1.5389257648584724,1.1558937972075989,0
399120,0.36582742046234834,-1.5432898451209276,1.1453192950331883,0
399123,0.3676737621118486,-1.5281834134431982,1.1486762798504615,0
399127,0.37035934996566716,-1.5088807507438773,1.1399481193255512,0
399131,0.37002365148393984,-1.5068665598535134,1.1315556572823682,0
399135,0.36448462653543906,-1.5112306401159685,1.1293736171511406,0
399139,0.3809338521400778,-1.5013275349050126,1.1310521095597772,0
399143,0.35172808422980084,-1.5186160067139696,1.1407873655298695,0
399147,0.3572671091783017,-1.542618448157473,1.1436408026245517,0
399151,0.3527351796749828,-1.555542839703975,1.155390249485008,0
399155,0.3510566872663462,-1.5605783169298848,1.1708323796444648,0
399159,0.3324254215304799,-1.5066987106126497,1.1495155260547798,0
399163,0.3374608987563897,-1.4731288624399175,1.1589150835431448,0
399166,0.3315861753261616,-1.4588616769665064,1.1720073243305105,0
399170,0.3282291905088884,-1.476821545738918,1.1787212939650569,0
399174,0.328900587472343,-1.474303807125963,1.1651255054551002,0
399178,0.34115358205539026,-1.469436179140917,1.1689860379949644,0
399182,0.34031433585107196,-1.45902952620737,1.1594186312657357,0
399186,0.34786755168993666,-1.51542687113756,1.1535439078355076,0
399190,0.347196154726482,-1.5510109102006562,1.1569008926527808,0
399194,0.35206378271152816,-1.564438849469749,1.1250095368886854,0
399198,0.3532387273975738,-1.5662851911192492,1.1196383611810483,0
399202,0.3617990386816205,-1.55302510109102,1.1154421301594568,0
399206,0.3728770885786221,-1.5288548104066528,1.1305485618371862,0
399209,0.3775768673228046,-1.5224765392538337,1.135584039063096,0
399213,0.3878156710154879,-1.525833524071107,1.1339055466544594,0
399217,0.3800946059357595,-1.5063630121309224,1.1412909132524605,0
399221,0.3800946059357595,-1.501159685664149,1.146997787441825,0
399225,0.39855802243076216,-1.4961242084382391,1.1510261692225527,0
399229,0.3928511482413977,-1.5025024795910582,1.1545510032806896,0
399233,0.3962081330586709,-1.5026703288319219,1.1458228427557793,0
399237,0.3896620126649882,-1.5199588006408788,1.1441443503471427,0
399241,0.3834515907530327,-1.5023346303501945,1.1317235065232318,0
399245,0.3888227664606699,-1.5120698863202868,1.1471656366826886,0
399249,0.3958724345769436,-1.4951171129930572,1.1651255054551002,0
399252,0.39066910811017014,-1.4972991531242847,1.1491798275730525,0
399256,0.37824826428625924,-1.4983062485694667,1.1516975661860074,0
399260,0.38412298771648734,-1.5031738765545128,1.1362554360265507,0
399264,0.3713664454108491,-1.5130769817654688,1.1339055466544594,0
399268,0.38361943999389636,-1.49662775616083,1.1308842603189135,0
399272,0.37573052567330434,-1.4920958266575113,1.128198672465095,0
399276,0.37824826428625924,-1.5009918364232853,1.118295567254139,0
399280,0.3787518120088502,-1.5078736552986953,1.1234988937209125,0
399284,0.375898374914168,-1.4873960479133288,1.126688029297322,0
399288,0.3814373998626688,-1.4929350728618296,1.1379339284351873,0
399291,0.3871442740520332,-1.514923323414969,1.1362554360265507,0
399295,0.37405203326466774,-1.5150911726558327,1.136087586785687,0
399299,0.3856336308842603,-1.4983062485694667,1.1240024414435035,0
399303,0.39318684672312504,-1.4972991531242847,1.1359197375448233,0
399307,0.4032578011749447,-1.4952849622339208,1.1387731746395056,0
399311,0.4037613488975357,-1.498138399328603,1.1406195162890058,0
399315,0.4049362935835813,-1.4885709925993744,1.1407873655298695,0
399319,0.40594338902876326,-1.4801785305561912,1.1362554360265507,0
399323,0.40594338902876326,-1.4734645609216448,1.1493476768139161,0
399327,0.4057755397878996,-1.4774929427023726,1.14448004882887,0
399331,0.3800946059357595,-1.475814450293736,1.1426337071793697,0
399334,0.39318684672312504,-1.4885709925993744,1.1458228427557793,0
399338,0.3891584649423972,-1.497131303883421,1.1446478980697337,0
399342,0.3859693293659876,-1.476317998016327,1.1495155260547798,0
399346,0.3871442740520332,-1.506027313649195,1.1480048828870069,0
399350,0.38361943999389636,-1.4931029221026932,1.1476691844052795,0
399354,0.38110170138094146,-1.476317998016327,1.1330663004501411,0
399358,0.3733806363012131,-1.5033417257953765,1.1283665217059586,0
399362,0.3720378423743038,-1.5142519264515144,1.1308842603189135,0
399366,0.3705271992065308,-1.4988097962920577,1.1318913557640955,0
399370,0.3780804150453956,-1.5019989318684672,1.1411230640115968,0
399374,0.39150835431448844,-1.5030060273136492,1.1374303807125963,0
399377,0.38026245517662316,-1.4998168917372396,1.1288700694285496,0
399381,0.3864728770885786,-1.469939726863508,1.1290379186694133,0
399385,0.3997329671168078,-1.4791714351110092,1.14448004882887,0
399389,0.4017471580071717,-1.4858854047455556,1.1151064316777295,0
399393,0.3911726558327611,-1.491760128175784,1.136087586785687,0
399397,0.38194094758525976,-1.498138399328603,1.1339055466544594,0
399401,0.36364538033112076,-1.5068665598535134,1.1493476768139161,0
399405,0.3701915007248035,-1.5092164492256046,1.1530403601129167,0
399409,0.3693522545204852,-1.513412680247196,1.1844281681544213,0
399413,0.3656595712214847,-1.5283512626840619,1.1642862592507819,0
399416,0.35088883802548254,-1.5397650110627907,1.1481727321278705,0
399420,0.35995269703212024,-1.5583962767986572,1.1563973449301899,0
399424,0.36196688792248416,-1.5439612420843822,1.1491798275730525,0
399428,0.3745555809872587,-1.521805142290379,1.1740215152208744,0
399432,0.3733806363012131,-1.5194552529182879,1.1431372549019607,0
399436,0.3617990386816205,-1.5207980468451971,1.1169527733272298,0
399440,0.3690165560387579,-1.5191195544365605,1.095971618219272,0
399444,0.3797589074540322,-1.5004882887006943,1.0978179598687723,0
399448,0.39352254520485236,-1.5119020370794232,1.1315556572823682,0
399452,0.4099717708094911,-1.4899137865262837,1.1493476768139161,0
399456,0.40476844434271764,-1.4820248722056915,1.1701609826810102,0
399459,0.3970473792629892,-1.4810177767605095,1.1605935759517814,0
399463,0.3930189974822614,-1.497634851606012,1.1557259479667352,0
399467,0.3896620126649882,-1.5053559166857404,1.1787212939650569,0
399471,0.384794384679942,-1.4870603494316015,1.163782711528191,0
399475,0.3597848477912566,-1.507537956816968,1.1542153047989623,0
399479,0.3485389486533913,-1.5350652323186083,1.1258487830930037,0
399483,0.3505531395437552,-1.5632639047837034,1.142465857938506,0
399487,0.3648203250171664,-1.5429541466392003,1.1384374761577782,0
399491,0.35944914930952926,-1.540604257267109,1.1397802700846875,0
399495,0.37086289768825814,-1.5543678950179294,1.1342412451361867,0
399499,0.3621347371633478,-1.542618448157473,1.1572365911345082,0
399502,0.37186999313344016,-1.5265049210345616,1.1438086518654154,0
399506,0.3839551384756237,-1.4939421683070115,1.1516975661860074,0
399510,0.3873121232928969,-1.5135805294880598,1.142465857938506,0
399514,0.3950331883726253,-1.51542687113756,1.1407873655298695,0
399518,0.38412298771648734,-1.5063630121309224,1.1461585412375066,0
399522,0.3745555809872587,-1.5013275349050126,1.1320592050049592,0
399526,0.37690547035934996,-1.5097199969481956,1.1426337071793697,0
399534,0.3737163347829404,-1.5129091325246051,1.1453192950331883,0
399538,0.3485389486533913,-1.541611352712291,1.159754329747463,0
399542,0.35743495841916534,-1.557053482871748,1.1634470130464636,0
399545,0.34585336079957274,-1.563935301747158,1.176707103074693,0
399549,0.3646524757763027,-1.5444647898069732,1.1886243991760128,0
399553,0.35004959182116424,-1.5617532616159304,1.186106660563058,0
399557,0.3507209887846189,-1.5729991607537956,1.1743572137026017,0
399561,0.3488746471351186,-1.5610818646524758,1.1644541084916455,0
399565,0.3592813000686656,-1.555039291981384,1.1646219577325092,0
399569,0.35777065690089266,-1.5516823071641108,1.1501869230182344,0
399573,0.357602807660029,-1.553528648813611,1.1485084306095978,0
399577,0.3596169985503929,-1.5387579156176088,1.1409552147707331,0
399581,0.3587777523460746,-1.5553749904631113,1.1245059891660945,0
399584,0.35860990310521096,-1.554535744258793,1.1334019989318684,0
399588,0.3604562447547112,-1.555039291981384,1.1656290531776912,0
399592,0.35693141069657436,-1.5488288700694284,1.1396124208438239,0
399596,0.3505531395437552,-1.5684672312504768,1.1280308232242313,0
399600,0.3552529182879377,-1.5740062561989776,1.1387731746395056,0
399604,0.35340657663843744,-1.5681315327687495,1.1562294956893262,0
399608,0.34585336079957274,-1.5756847486076142,1.1684824902723734,0
399612,0.34115358205539026,-1.5209658960860608,1.1783855954833296,0
399616,0.32621499961852446,-1.4939421683070115,1.1862745098039216,0
399620,0.33091477836270694,-1.4868925001907378,1.184596017395285,0
399624,0.33964293888761726,-1.4637293049515525,1.1867780575265126,0
399627,0.3398107881284809,-1.4649042496375981,1.1955062180514229,0
399631,0.3451819638361181,-1.5291905088883802,1.1896314946211948,0
399635,0.34837109941252764,-1.5498359655146106,1.1666361486228731,0
399639,0.3497138933394369,-1.5656137941557946,1.168650339513237,0
399643,0.35508506904707404,-1.5714885175860227,1.1563973449301899,0
399647,0.3651560234988937,-1.5335545891508353,1.1485084306095978,0
399651,0.36498817425803004,-1.5122377355611505,1.1396124208438239,0
399655,0.36834515907530324,-1.5199588006408788,1.1241702906843671,0
399659,0.3523994811932555,-1.5380865186541541,1.1295414663920043,0
399663,0.36414892805371174,-1.5354009308003356,1.1357518883039597,0
399667,0.3713664454108491,-1.543625543602655,1.1483405813687342,0
399670,0.3623025864042115,-1.5283512626840619,1.1391088731212329,0
399674,0.3532387273975738,-1.54798962386511,1.1466620889600976,0
399678,0.34837109941252764,-1.557053482871748,1.1537117570763713,0
399682,0.35088883802548254,-1.5552071412222477,1.1500190737773708,0
399686,0.3612954909590295,-1.5557106889448387,1.1649576562142365,0
399690,0.3547493705653467,-1.5735027084763866,1.19399557488365,0
399694,0.3539101243610284,-1.5558785381857023,1.1857709620813306,0
399698,0.355588616769665,-1.5595712214847028,1.1849317158770123,0
399702,0.3680094605935759,-1.5652780956740673,1.1758678568703747,0
399706,0.3698558022430762,-1.532715342946517,1.158747234302281,0
399709,0.3745555809872587,-1.5093842984664683,1.1688181887541007,0
399713,0.3648203250171664,-1.5108949416342412,1.153879606317235,0
399717,0.3805981536583505,-1.4972991531242847,1.136087586785687,0
399721,0.37858396276798656,-1.492767223620966,1.1367589837491416,0
399725,0.3809338521400778,-1.4863889524681468,1.138101777676051,0
399729,0.3839551384756237,-1.4749752040894177,1.1278629739833677,0
399733,0.3572671091783017,-1.5191195544365605,1.1140993362325475,0
399737,0.3596169985503929,-1.518448157473106,1.1161135271229115,0
399741,0.36532387273975736,-1.5434576943617913,1.1327306019684138,0
399745,0.3609597924773022,-1.5434576943617913,1.150858319981689,0
399749,0.33175402456702524,-1.5056916151674677,1.1673075455863278,0
399752,0.33997863736934464,-1.485717555504692,1.1579079880979628,0
399756,0.33595025558861674,-1.4838712138551917,1.1641184100099182,0
399760,0.347196154726482,-1.533722438391699,1.1651255054551002,0
399764,0.347196154726482,-1.5582284275577936,1.1649576562142365,0
399768,0.3705271992065308,-1.5229800869764247,1.163782711528191,0
399772,0.36498817425803004,-1.507537956816968,1.1590829327840084,0
399776,0.3690165560387579,-1.5110627908751049,1.142969405661097,0
399780,0.3668345159075303,-1.5265049210345616,1.1475013351644159,0
399784,0.37573052567330434,-1.4978027008468757,1.1557259479667352,0
399788,0.38244449530785074,-1.4860532539864193,1.1673075455863278,0
399792,0.3911726558327611,-1.492767223620966,1.146997787441825,0
399795,0.4009079118028534,-1.4934386205844206,1.1327306019684138,0
399799,0.3978866254673075,-1.5003204394598306,1.1379339284351873,0
399803,0.40762188143739986,-1.4818570229648278,1.1236667429617762,0
399807,0.4000686655985351,-1.4722896162355992,1.127191577019913,0
399811,0.3967116807812619,-1.4696040283817806,1.1409552147707331,0
399815,0.3725413900968948,-1.4825284199282824,1.1216525520714122,0
399819,0.36868085755703056,-1.5115663385976958,1.14448004882887,0
399823,0.3438391699092088,-1.5662851911192492,1.1610971236743723,0
399827,0.33930724040588994,-1.5135805294880598,1.1688181887541007,0
399831,0.32839703974975204,-1.5023346303501945,1.183085374227512,0
399835,0.3220187685969329,-1.483199816891737,1.185099565117876,0
399838,0.3032196536202029,-1.5088807507438773,1.184596017395285,0
399842,0.33292896925307086,-1.4685969329365987,1.1891279468986038,0
399846,0.3406500343327993,-1.459533073929961,1.1869459067673762,0
399850,0.3552529182879377,-1.5160982681010147,1.186106660563058,0
399854,0.35290302891584646,-1.5285191119249255,1.167139696345464,0
399858,0.3701915007248035,-1.524826428625925,1.1663004501411458,0
399862,0.34618905928130006,-1.5402685587853817,1.15136186770428,0
399866,0.35944914930952926,-1.5364080262455175,1.144983596551461,0
399870,0.366498817425803,-1.52734416723888,1.1411230640115968,0
399874,0.3713664454108491,-1.5276798657206072,1.1323949034866865,0
399877,0.3767376211184863,-1.5313725490196077,1.128198672465095,0
399881,0.37405203326466774,-1.5303654535744258,1.133569848172732,0
399885,0.37489127946898604,-1.514419775692378,1.1293736171511406,0
399889,0.3854657816433966,-1.497131303883421,1.1453192950331883,0
399893,0.37522697795071336,-1.4989776455329213,1.1448157473105973,0
399897,0.3804303044174868,-1.4884031433585108,1.153879606317235,0
399901,0.3800946059357595,-1.4936064698252842,1.1532082093537803,0
399905,0.3874799725337606,-1.5147554741741054,1.1661326009002821,0
399909,0.394697489890898,-1.498138399328603,1.1788891432059205,0
399913,0.3916762035553521,-1.498641947051194,1.1780498970016022,0
399917,0.38899061570153354,-1.5108949416342412,1.1760357061112383,0
399920,0.3883192187380789,-1.526337071793698,1.151865415426871,0
399924,0.403089951934081,-1.5176089112687876,1.1475013351644159,0
399928,0.3755626764324407,-1.5025024795910582,1.1337376974135958,0
399932,0.3871442740520332,-1.5214694438086518,1.1379339284351873,0
399936,0.38076600289921414,-1.4994811932555123,1.1223239490348669,0
399940,0.3789196612497139,-1.5122377355611505,1.1206454566262303,0
399944,0.3839551384756237,-1.4914244296940566,1.1250095368886854,0
399948,0.3983901731898985,-1.497131303883421,1.119302662699321,0
399952,0.3696879530022125,-1.5033417257953765,1.121820401312276,0
399956,0.3612954909590295,-1.5330510414282443,1.1322270542458228,0
399960,0.34585336079957274,-1.5582284275577936,1.1357518883039597,0
399963,0.33762874799725334,-1.5008239871824216,1.1436408026245517,0
399967,0.34165712977798124,-1.470443274586099,1.158747234302281,0
399971,0.3341039139391165,-1.4657434958419164,1.1654612039368275,0
399975,0.3347753109025711,-1.4644007019150072,1.1668039978637368,0
399979,0.3314183260852979,-1.458525978484779,1.1600900282291904,0
399983,0.35458152132448306,-1.5204623483634698,1.159250782024872,0
399987,0.37321278706034944,-1.5008239871824216,1.174189364461738,0
399991,0.37942320897230486,-1.497634851606012,1.1718394750896468,0
399995,0.37086289768825814,-1.518448157473106,1.1577401388570991,0
399999,0.375394827191577,-1.5025024795910582,1.1542153047989623,0
400002,0.3834515907530327,-1.4920958266575113,1.1520332646677347,0
400006,0.3945296406500343,-1.4885709925993744,1.1562294956893262,0
400010,0.38328374151216904,-1.4885709925993744,1.1555580987258716,0
400014,0.3809338521400778,-1.4808499275196458,1.1500190737773708,0
400018,0.3621347371633478,-1.5177767605096513,1.1498512245365071,0
400022,0.35458152132448306,-1.5594033722438392,1.1481727321278705,0
400026,0.33544670786602576,-1.5026703288319219,1.1589150835431448,0
400030,0.3174868390936141,-1.5112306401159685,1.1657969024185548,0
400034,0.31010147249561304,-1.5092164492256046,1.1728465705348288,0
400038,0.32134737163347826,-1.4962920576791028,1.1580758373388265,0
400042,0.3216830701152056,-1.4919279774166476,1.1664682993820095,0
400045,0.33175402456702524,-1.4786678873884183,1.1874494544899672,0
400049,0.3386358434424353,-1.475310902571145,1.1760357061112383,0
400053,0.3490424963759823,-1.5077058060578317,1.1683146410315097,0
400057,0.3681773098344396,-1.5275120164797436,1.1485084306095978,0
400061,0.3559243152513924,-1.5518501564049745,1.1463263904783703,0
400065,0.36750591287098494,-1.5375829709315632,1.1426337071793697,0
400069,0.3693522545204852,-1.530701152056153,1.1488441290913252,0
400073,0.38496223392080564,-1.5077058060578317,1.1327306019684138,0
400077,0.3800946059357595,-1.5038452735179675,1.1342412451361867,0
400081,0.3579385061417563,-1.5318760967421987,1.1399481193255512,0
400085,0.35944914930952926,-1.531708247501335,1.1397802700846875,0
400088,0.3391393911650263,-1.498641947051194,1.1443121995880063,0
400092,0.3062409399557488,-1.5186160067139696,1.161264972915236,0
400096,0.32420080872816054,-1.513916227969787,1.1636148622873272,0
400100,0.32218661783779656,-1.4823605706874188,1.172678721293965,0
400104,0.3240329594872968,-1.4878995956359198,1.181574731059739,0
400108,0.33343251697566184,-1.4937743190661479,1.1958419165331502,0
400112,0.33091477836270694,-1.4785000381475546,1.2062485694666971,0
400116,0.3324254215304799,-1.468429083695735,1.181574731059739,0
400120,0.3438391699092088,-1.5434576943617913,1.173182269016556,0
400124,0.3648203250171664,-1.5301976043335621,1.185603112840467,0
400128,0.36952010376134886,-1.5295262073701075,1.150858319981689,0
400131,0.3638132295719844,-1.5182803082322422,1.1411230640115968,0
400135,0.357602807660029,-1.5399328603036544,1.1310521095597772,0
400139,0.3742198825055314,-1.5246585793850613,1.1295414663920043,0
400143,0.37690547035934996,-1.5231479362172884,1.1226596475165942,0
400147,0.3747234302281224,-1.5132448310063324,1.1258487830930037,0
400151,0.3617990386816205,-1.5229800869764247,1.12568093385214,0
400155,0.3592813000686656,-1.5340581368734263,1.1265201800564584,0
400159,0.35810635538262,-1.5468146791790645,1.128198672465095,0
400163,0.35340657663843744,-1.5609140154116121,1.142969405661097,0
400167,0.32420080872816054,-1.5244907301441977,1.1563973449301899,0
400170,0.3282291905088884,-1.5053559166857404,1.1803997863736935,0
400174,0.3070801861600671,-1.5303654535744258,1.1770428015564203,0
400178,0.3131227588311589,-1.5407721065079727,1.1790569924467842,0
400182,0.32269016556038754,-1.5197909514000152,1.167643244068055,0
400186,0.33259327077134354,-1.491256580453193,1.1795605401693752,0
400190,0.34417486839093614,-1.5389257648584724,1.1631113145647363,0
400194,0.35038529030289156,-1.5562142366674296,1.142465857938506,0
400198,0.35944914930952926,-1.5453040360112915,1.1416266117341878,0
400202,0.3579385061417563,-1.5506752117189289,1.1372625314717326,0
400206,0.3787518120088502,-1.5293583581292438,1.1310521095597772,0
400210,0.39150835431448844,-1.5107270923933775,1.1399481193255512,0
400213,0.40342565041580836,-1.5040131227588311,1.1206454566262303,0
400217,0.4069504844739452,-1.489242389562829,1.1046997787441823,0
400221,0.4004043640802624,-1.4978027008468757,1.1234988937209125,0
400225,0.3856336308842603,-1.4858854047455556,1.1431372549019607,0
400229,0.37086289768825814,-1.514419775692378,1.155390249485008,0
400233,0.365995269703212,-1.5285191119249255,1.1642862592507819,0
400237,0.35458152132448306,-1.5605783169298848,1.1530403601129167,0
400241,0.3398107881284809,-1.513916227969787,1.1748607614251927,0
400245,0.35542076752880136,-1.5531929503318838,1.1730144197756924,0
400249,0.34753185320820934,-1.5620889600976577,1.1970168612191958,0
400253,0.33460746166170746,-1.5249942778667887,1.174189364461738,0
400256,0.3440070191500725,-1.5758525978484779,1.1451514457923246,0
400260,0.3401464866102083,-1.5108949416342412,1.1688181887541007,0
400264,0.3559243152513924,-1.5394293125810634,1.1527046616311893,0
400268,0.3584420538643473,-1.535736629282063,1.153879606317235,0
400272,0.3621347371633478,-1.531708247501335,1.1448157473105973,0
400276,0.3646524757763027,-1.5290226596475165,1.1246738384069581,0
400280,0.3651560234988937,-1.5152590218966964,1.1174563210498207,0
400284,0.3631418326085298,-1.5202944991226062,1.1312199588006409,0
400288,0.375394827191577,-1.5031738765545128,1.1260166323338674,0
400292,0.36700236514839396,-1.5196231021591515,1.1209811551079576,0
400295,0.3604562447547112,-1.535736629282063,1.1146028839551385,0
400299,0.33930724040588994,-1.5038452735179675,1.129709315632868,0
400303,0.32839703974975204,-1.49662775616083,1.1471656366826886,0
400307,0.3272220950637064,-1.4749752040894177,1.1530403601129167,0
400311,0.3248722056916152,-1.4682612344548713,1.1642862592507819,0
400315,0.32873273823147936,-1.4739681086442358,1.1659647516594185,0
400319,0.3114442664225223,-1.4798428320744639,1.1631113145647363,0
400323,0.3252079041733425,-1.4994811932555123,1.1715037766079195,0
400327,0.329404135194934,-1.4885709925993744,1.1738536659800107,0
400331,0.3356145571068894,-1.4638971541924162,1.1765392538338293,0
400335,0.3530708781567101,-1.5038452735179675,1.1631113145647363,0
400338,0.337293049515526,-1.4835355153734644,1.1555580987258716,0
400342,0.3498817425803006,-1.5340581368734263,1.1463263904783703,0
400346,0.38496223392080564,-1.507537956816968,1.1334019989318684,0
400350,0.3888227664606699,-1.5172732127870603,1.1372625314717326,0
400354,0.38848706797894256,-1.5207980468451971,1.129709315632868,0
400358,0.3883192187380789,-1.5325474937056534,1.1265201800564584,0
400362,0.3921797512779431,-1.534729533836881,1.1273594262607767,0
400366,0.3873121232928969,-1.533722438391699,1.1483405813687342,0
400370,0.3899977111467155,-1.5192874036774242,1.1463263904783703,0
400374,0.384290836957351,-1.5058594644083314,1.1560616464484625,0
400378,0.3562600137331197,-1.524322880903334,1.137094682230869,0
400381,0.3502174410620279,-1.5427862973983366,1.1522011139085984,0
400385,0.3547493705653467,-1.5686350804913405,1.1610971236743723,0
400389,0.34837109941252764,-1.5657816433966583,1.1703288319218739,0
400393,0.3530708781567101,-1.5578927290760662,1.1629434653238726,0
400397,0.337293049515526,-1.514419775692378,1.1379339284351873,0
400401,0.3297398336766613,-1.4989776455329213,1.1228274967574579,0
400405,0.33846799420157164,-1.4947814145113298,1.1233310444800488,0
400409,0.3579385061417563,-1.5345616845960173,1.1409552147707331,0
400413,0.35508506904707404,-1.556046387426566,1.1775463492790113,0
400417,0.357099259937438,-1.549668116273747,1.1728465705348288,0
400421,0.3685130083161669,-1.5359044785229266,1.137094682230869,0
400424,0.3606240939955749,-1.5464789806973371,1.143472953383688,0
400428,0.37119859616998546,-1.531204699778744,1.1438086518654154,0
400432,0.37270923933775846,-1.523819333180743,1.135080491340505,0
400436,0.3606240939955749,-1.542618448157473,1.112420843823911,0
400440,0.37573052567330434,-1.5152590218966964,1.1161135271229115,0
400444,0.36364538033112076,-1.5167696650644693,1.133569848172732,0
400448,0.3747234302281224,-1.5103913939116502,1.1421301594567788,0
400452,0.3446784161135271,-1.549668116273747,1.158747234302281,0
400456,0.36414892805371174,-1.5402685587853817,1.1844281681544213,0
400460,0.3597848477912566,-1.5325474937056534,1.167643244068055,0
400463,0.3646524757763027,-1.5296940566109711,1.18207827878233,0
400467,0.36247043564507514,-1.517944609750515,1.1882887006942855,0
400471,0.3544136720836194,-1.5172732127870603,1.1750286106660564,0
400475,0.34451056687266346,-1.561921110856794,1.1654612039368275,0
400479,0.3413214312962539,-1.5110627908751049,1.1867780575265126,0
400483,0.3448462653543908,-1.548493171587701,1.1458228427557793,0
400487,0.34921034561684594,-1.5775310902571145,1.174692912184329,0
400491,0.3728770885786221,-1.5310368505378804,1.152368963149462,0
400495,0.35508506904707404,-1.555039291981384,1.145990691996643,0
400499,0.3621347371633478,-1.5547035934996567,1.1417944609750514,0
400503,0.36700236514839396,-1.5424505989166093,1.146997787441825,0
400506,0.35944914930952926,-1.5375829709315632,1.1632791638056,0
400510,0.35743495841916534,-1.5607461661707485,1.1730144197756924,0
400514,0.357099259937438,-1.557053482871748,1.1491798275730525,0
400518,0.3451819638361181,-1.5869306477454794,1.1689860379949644,0
400522,0.33846799420157164,-1.5404364080262454,1.168146791790646,0
400526,0.30959792477302206,-1.5343938353551536,1.1693217364766917,0
400530,0.2896238651102464,-1.5275120164797436,1.190470740825513,0
400534,0.2887846189059281,-1.5340581368734263,1.1897993438620584,0
400538,0.28945601586938274,-1.5328831921873807,1.1871137560082399,0
400542,0.30137331197070266,-1.5491645685511557,1.1807354848554208,0
400546,0.31261921110856794,-1.532715342946517,1.192484931715877,0
400549,0.3549172198062104,-1.555039291981384,1.1426337071793697,0
400553,0.33175402456702524,-1.5171053635461966,1.1575722896162355,0
400557,0.30473029678797586,-1.5270084687571526,1.1908064393072404,0
400561,0.3211795223926146,-1.5142519264515144,1.1463263904783703,0
400565,0.34031433585107196,-1.4800106813153275,1.126688029297322,0
400569,0.35693141069657436,-1.5058594644083314,1.1409552147707331,0
400573,0.37656977187762264,-1.50854505226215,1.1359197375448233,0
400577,0.3493781948577096,-1.5542000457770657,1.1228274967574579,0
400581,0.3302433813992523,-1.5026703288319219,1.1621042191195543,0
400585,0.35659571221484704,-1.5392614633401998,1.142465857938506,0
400588,0.35004959182116424,-1.562424658579385,1.1520332646677347,0
400592,0.3344396124208438,-1.5236514839398794,1.136591134508278,0
400596,0.3319218738078889,-1.5014953841458762,1.1446478980697337,0
400600,0.3268863965819791,-1.4900816357671474,1.153879606317235,0
400604,0.2763637750820172,-1.523315785458152,1.177714198519875,0
400608,0.28391699092088196,-1.5256656748302433,1.1572365911345082,0
400612,0.27938506141756314,-1.555542839703975,1.1624399176012816,0
400616,0.27317463950560766,-1.5617532616159304,1.1728465705348288,0
400620,0.30305180437933926,-1.562424658579385,1.1673075455863278,0
400624,0.3090943770504311,-1.554535744258793,1.175700007629511,0
400628,0.33595025558861674,-1.51542687113756,1.1678110933089187,0
400631,0.3352788586251621,-1.4884031433585108,1.1793926909285115,0
400635,0.34786755168993666,-1.5350652323186083,1.1673075455863278,0
400639,0.3468604562447547,-1.5585641260395209,1.1560616464484625,0
400643,0.3394750896467536,-1.5041809719996948,1.1478370336461432,0
400647,0.348203250171664,-1.531708247501335,1.1985275043869688,0
400651,0.33595025558861674,-1.5072022583352407,1.169657434958419,0
400655,0.3206759746700236,-1.4957885099565118,1.1634470130464636,0
400659,0.2978484779125658,-1.488738841840238,1.1624399176012816,0
400663,0.31379415579461356,-1.5098878461890592,1.161264972915236,0
400667,0.3023804074158846,-1.5387579156176088,1.186610208285649,0
400671,0.30389105058365756,-1.5446326390478369,1.1614328221560997,0
400674,0.28609903105210954,-1.5563820859082933,1.160257877470054,0
400678,0.283413443198291,-1.5562142366674296,1.141962310215915,0
400682,0.2874418249790188,-1.5553749904631113,1.146997787441825,0
400686,0.2879453727016098,-1.5417792019531547,1.1475013351644159,0
400690,0.29264515144579234,-1.5301976043335621,1.1501869230182344,0
400694,0.28777752346074614,-1.535233081559472,1.144983596551461,0
400698,0.2741817349507896,-1.5740062561989776,1.144983596551461,0
400702,0.27854581521324484,-1.5642710002288853,1.1647898069733729,0
400706,0.28139925230792706,-1.5583962767986572,1.192988479438468,0
400710,0.29885557335774776,-1.533218890669108,1.2049057755397878,0
400714,0.2901274128328374,-1.5563820859082933,1.175700007629511,0
400717,0.29516289005874724,-1.52734416723888,1.177210650797284,0
400721,0.29516289005874724,-1.5112306401159685,1.1604257267109177,0
400725,0.3169832913710231,-1.5293583581292438,1.1483405813687342,0
400729,0.29935912108033874,-1.508041504539559,1.1555580987258716,0
400733,0.3028839551384756,-1.5280155642023345,1.1446478980697337,0
400737,0.2958342870222019,-1.5407721065079727,1.128702220187686,0
400741,0.2991912718394751,-1.5145876249332417,1.1339055466544594,0
400745,0.30019836728465704,-1.5026703288319219,1.1522011139085984,0
400749,0.3079194323643854,-1.514923323414969,1.161264972915236,0
400753,0.3075837338826581,-1.5348973830777446,1.1461585412375066,0
400756,0.32050812542915996,-1.5213015945677881,1.1550545510032806,0
400760,0.32705424582284276,-1.5031738765545128,1.1433051041428244,0
400764,0.33678950179293504,-1.4764858472571907,1.1575722896162355,0
400768,0.33846799420157164,-1.4805142290379185,1.154886701762417,0
400772,0.3446784161135271,-1.5488288700694284,1.1669718471046004,0
400776,0.3228580148012512,-1.530701152056153,1.1574044403753718,0
400780,0.3102693217364767,-1.5310368505378804,1.1589150835431448,0
400784,0.2949950408178836,-1.5162661173418783,1.1664682993820095,0
400788,0.2953307392996109,-1.5009918364232853,1.162272068360418,0
400792,0.28475623712520026,-1.5348973830777446,1.17519645990692,0
400796,0.2787136644541085,-1.5451361867704279,1.1832532234683757,0
400799,0.273006790264744,-1.5622568093385214,1.1698252841992827,0
400803,0.30959792477302206,-1.5454718852521552,1.1663004501411458,0
400807,0.26897840848401616,-1.5760204470893415,1.2121232928969252,0
400811,0.2637750820172427,-1.5813916227969786,1.189967193102922,0
400815,0.2867704280155642,-1.5677958342870222,1.154383154039826,0
400819,0.2746852826733806,-1.5933089188982985,1.1565651941710535,0
400823,0.2866025787747005,-1.5672922865644312,1.1609292744335087,0
400827,0.3037232013427939,-1.5689707789730678,1.1619363698786906,0
400831,0.30473029678797586,-1.5508430609597925,1.163782711528191,0
400835,0.3037232013427939,-1.5625925078202487,1.1694895857175553,0
400839,0.30808728160524906,-1.5520180056458381,1.1710002288853285,0
400842,0.3033875028610666,-1.5427862973983366,1.1743572137026017,0
400846,0.3070801861600671,-1.5495002670328832,1.1897993438620584,0
400850,0.2936522468909743,-1.5394293125810634,1.1913099870298314,0
400854,0.282406347753109,-1.5508430609597925,1.1911421377889677,0
400858,0.2741817349507896,-1.5810559243152513,1.1725108720531014,0
400862,0.283413443198291,-1.57182421606775,1.183085374227512,0
400866,0.2924773022049286,-1.5404364080262454,1.1758678568703747,0
400870,0.2986877241168841,-1.5219729915312428,1.1817425803006028,0
400874,0.2981841763942931,-1.5234836346990157,1.1693217364766917,0
400878,0.30170901045243,-1.5468146791790645,1.1443121995880063,0
400881,0.31463340199893186,-1.5335545891508353,1.1382696269169146,0
400885,0.3273899443045701,-1.5008239871824216,1.1422980086976424,0
400889,0.3206759746700236,-1.490753032730602,1.1589150835431448,0
400893,0.3173189898527504,-1.5025024795910582,1.1522011139085984,0
400897,0.3211795223926146,-1.5040131227588311,1.1428015564202334,0
400901,0.3310826276035706,-1.4885709925993744,1.1384374761577782,0
400905,0.3394750896467536,-1.4657434958419164,1.1532082093537803,0
400909,0.33460746166170746,-1.4721217669947355,1.1542153047989623,0
400913,0.3255436026550698,-1.4830319676508734,1.158747234302281,0
400917,0.30640878919661246,-1.5266727702754253,1.128702220187686,0
400921,0.30959792477302206,-1.52734416723888,1.1476691844052795,0
400924,0.3045624475471122,-1.5261692225528343,1.1488441290913252,0
400928,0.3124513618677043,-1.5328831921873807,1.151865415426871,0
400932,0.3124513618677043,-1.541611352712291,1.154886701762417,0
400936,0.30691233691920344,-1.5521858548867018,1.1703288319218739,0
400940,0.29935912108033874,-1.5176089112687876,1.1683146410315097,0
400944,0.300701915007248,-1.4941100175478752,1.174189364461738,0
400948,0.30305180437933926,-1.5197909514000152,1.181574731059739,0
400952,0.3102693217364767,-1.5214694438086518,1.1669718471046004,0
400956,0.3074158846417944,-1.5280155642023345,1.1663004501411458,0
400960,0.29633783474479286,-1.5325474937056534,1.1704966811627375,0
400964,0.29549858854047456,-1.5399328603036544,1.1792248416876479,0
400967,0.3045624475471122,-1.5380865186541541,1.1787212939650569,0
400971,0.29684138246738384,-1.540604257267109,1.1693217364766917,0
400975,0.3065766384374761,-1.5518501564049745,1.1621042191195543,0
400979,0.29147020675974666,-1.55302510109102,1.145487144274052,0
400983,0.2944914930952926,-1.5365758754863812,1.1520332646677347,0
400987,0.29885557335774776,-1.5209658960860608,1.1624399176012816,0
400991,0.3070801861600671,-1.5392614633401998,1.1624399176012816,0
400995,0.31295490959029526,-1.554032196536202,1.1498512245365071,0
400999,0.3065766384374761,-1.557557030594339,1.1422980086976424,0
401003,0.3141298542763409,-1.532715342946517,1.142969405661097,0
401007,0.3178225375753414,-1.5147554741741054,1.1409552147707331,0
401010,0.3198367284657053,-1.5155947203784237,1.1604257267109177,0
401014,0.32386511024643316,-1.5155947203784237,1.172678721293965,0
401018,0.3132906080720226,-1.5199588006408788,1.1683146410315097,0
401022,0.31043717097734036,-1.5271763179980162,1.1755321583886473,0
401026,0.3148012512397955,-1.521805142290379,1.1493476768139161,0
401030,0.2961699855039292,-1.5249942778667887,1.1659647516594185,0
401034,0.3057373922331578,-1.5276798657206072,1.1466620889600976,0
401038,0.2850919356069276,-1.5451361867704279,1.1537117570763713,0
401042,0.2879453727016098,-1.5500038147554742,1.1520332646677347,0
401046,0.2887846189059281,-1.5442969405661096,1.1657969024185548,0
401049,0.2981841763942931,-1.5360723277637902,1.1642862592507819,0
401053,0.2975127794308385,-1.515930418860151,1.1639505607690546,0
401057,0.29063096055542836,-1.5335545891508353,1.150858319981689,0
401061,0.28274204623483634,-1.5468146791790645,1.1535439078355076,0
401065,0.3032196536202029,-1.5432898451209276,1.150354772259098,0
401069,0.3059052414740215,-1.5280155642023345,1.1621042191195543,0
401073,0.29633783474479286,-1.5325474937056534,1.15136186770428,0
401077,0.2901274128328374,-1.554032196536202,1.1490119783321888,0
401081,0.2832455939574273,-1.541611352712291,1.1501869230182344,0
401085,0.30019836728465704,-1.516433966582742,1.1609292744335087,0
401089,0.2941557946135653,-1.526840619516289,1.1527046616311893,0
401092,0.2884489204242008,-1.5254978255893796,1.1631113145647363,0
401096,0.26142519264515146,-1.5753490501258869,1.1641184100099182,0
401100,0.27535667963683524,-1.581223773556115,1.162775616083009,0
401104,0.2693141069657435,-1.59750514991989,1.1651255054551002,0
401108,0.26813916227969786,-1.5879377431906614,1.1632791638056,0
401112,0.2842526894026093,-1.5689707789730678,1.1666361486228731,0
401116,0.26310368505378806,-1.5691386282139315,1.1448157473105973,0
401120,0.2674677653162432,-1.592133974212253,1.1666361486228731,0
401124,0.27149614709697106,-1.5991836423285266,1.1773785000381476,0
401128,0.2859311818112459,-1.5714885175860227,1.1790569924467842,0
401132,0.2866025787747005,-1.5563820859082933,1.167139696345464,0
401135,0.2790493629358358,-1.5419470511940183,1.1837567711909667,0
401139,0.2787136644541085,-1.5439612420843822,1.1657969024185548,0
401143,0.31379415579461356,-1.5397650110627907,1.173685816739147,0
401147,0.300701915007248,-1.509048599984741,1.1641184100099182,0
401151,0.29885557335774776,-1.5097199969481956,1.1639505607690546,0
401155,0.2995269703212024,-1.4979705500877394,1.14448004882887,0
401159,0.3215152208743419,-1.4910887312123293,1.128702220187686,0
401163,0.3020447089341573,-1.524322880903334,1.1589150835431448,0
401167,0.35458152132448306,-1.5632639047837034,1.1357518883039597,0
401171,0.2763637750820172,-1.5573891813534753,1.1872816052491035,0
401174,0.2693141069657435,-1.5813916227969786,1.158747234302281,0
401178,0.3090943770504311,-1.5689707789730678,1.1305485618371862,0
401182,0.32755779354543374,-1.5234836346990157,1.1293736171511406,0
401186,0.2859311818112459,-1.540100709544518,1.1720073243305105,0
401190,0.30556954299229416,-1.535233081559472,1.1872816052491035,0
401194,0.2850919356069276,-1.5466468299382008,1.160761425192645,0
401198,0.28861676966506444,-1.5343938353551536,1.162272068360418,0
401202,0.2803921568627451,-1.549668116273747,1.1892957961394675,0
401206,0.282406347753109,-1.5585641260395209,1.1626077668421453,0
401210,0.2679713130388342,-1.5661173418783856,1.1728465705348288,0
401214,0.2696498054474708,-1.5674601358052949,1.1887922484168765,0
401217,0.2866025787747005,-1.5543678950179294,1.1557259479667352,0
401221,0.2939879453727016,-1.5320439459830624,1.1574044403753718,0
401225,0.3054016937514305,-1.5305333028152894,1.1659647516594185,0
401229,0.31177996490424964,-1.5404364080262454,1.137094682230869,0
401233,0.23994048981460286,-1.5783703364614328,1.1750286106660564,0
401237,0.24262607766842145,-1.5956588082703898,1.1275272755016403,0
401241,0.24883649958037687,-1.5859235523002975,1.1537117570763713,0
401245,0.28979171435111006,-1.5466468299382008,1.1290379186694133,0
401249,0.29969481956206606,-1.5303654535744258,1.1674753948271914,0
401253,0.29298084992751966,-1.5432898451209276,1.1570687418936445,0
401257,0.28139925230792706,-1.55806057831693,1.1565651941710535,0
401260,0.28056000610360876,-1.5615854123750668,1.1721751735713741,0
401264,0.2857633325703822,-1.549668116273747,1.183588921950103,0
401268,0.28358129243915464,-1.5533607995727474,1.1889600976577401,0
401272,0.2778744182497902,-1.5508430609597925,1.1891279468986038,0
401276,0.2782101167315175,-1.565949492637522,1.1805676356145571,0
401280,0.2795529106584268,-1.578202487220569,1.1689860379949644,0
401284,0.2662928206301976,-1.5839093614099335,1.192988479438468,0
401288,0.2751888303959716,-1.5765239948119325,1.1968490119783322,0
401292,0.2726710917830167,-1.579713130388342,1.168146791790646,0
401296,0.2671320668345159,-1.5771953917753871,1.1377660791943236,0
401300,0.2795529106584268,-1.5961623559929807,1.0884184023804073,0
401303,0.27367818722819864,-1.5711528191042954,1.1194705119401847,0
401307,0.2975127794308385,-1.5411078049897,1.1763714045929656,0
401311,0.3795910582131685,-1.5191195544365605,1.1600900282291904,0
401315,0.2783779659723812,-1.5364080262455175,1.1684824902723734,0
401319,0.2317158770122835,-1.59062333104448,1.2290760662241549,0
401323,0.30691233691920344,-1.5694743266956588,1.1046997787441823,0
401327,0.24229037918669413,-1.5842450598916609,1.2032272831311512,0
401331,0.25538261997405964,-1.579713130388342,1.1673075455863278,0
401335,0.282406347753109,-1.5783703364614328,1.153879606317235,0
401339,0.26276798657206074,-1.5938124666208895,1.14448004882887,0
401342,0.28475623712520026,-1.590119783321889,1.1590829327840084,0
401346,0.28106355382619974,-1.5735027084763866,1.186610208285649,0
401350,0.2909666590371557,-1.5651102464332036,1.1797283894102388,0
401354,0.29113450827801934,-1.5503395132372015,1.1923170824750133,0
401358,0.2909666590371557,-1.5557106889448387,1.1827496757457847,0
401362,0.2778744182497902,-1.5434576943617913,1.175700007629511,0
401366,0.2832455939574273,-1.5394293125810634,1.174692912184329,0
401370,0.2882810711833371,-1.5437933928435186,1.1844281681544213,0
401374,0.25823605706874186,-1.588609140154116,1.1805676356145571,0
401378,0.2612573434042878,-1.6104295414663918,1.185099565117876,0
401382,0.26192874036774244,-1.6161364156557565,1.1604257267109177,0
401385,0.24077973601892116,-1.599519340810254,1.1669718471046004,0
401389,0.27317463950560766,-1.5829022659647516,1.143976501106279,0
401393,0.2782101167315175,-1.579713130388342,1.1501869230182344,0
401397,0.2699855039291981,-1.5973373006790264,1.1352483405813687,0
401401,0.27720302128633556,-1.5860914015411611,1.1364232852674143,0
401405,0.3028839551384756,-1.5778667887388418,1.1634470130464636,0
401409,0.2829098954757,-1.5694743266956588,1.1631113145647363,0
401413,0.283413443198291,-1.5662851911192492,1.1535439078355076,0
401417,0.28223849851224536,-1.5731670099946593,1.1562294956893262,0
401421,0.273006790264744,-1.5646066987106126,1.1634470130464636,0
401425,0.2817349507896544,-1.5526894026092928,1.1790569924467842,0
401428,0.28139925230792706,-1.555039291981384,1.1704966811627375,0
401432,0.27032120241092544,-1.5724956130312047,1.1787212939650569,0
401436,0.2666285191119249,-1.5882734416723887,1.1773785000381476,0
401440,0.27888151369497216,-1.5815594720378423,1.1605935759517814,0
401444,0.27619592584115354,-1.5768596932936598,1.1694895857175553,0
401448,0.27116044861524374,-1.5760204470893415,1.1788891432059205,0
401452,0.26864271000228884,-1.6013656824597542,1.1760357061112383,0
401456,0.2580682078278782,-1.6268787670710307,1.160257877470054,0
401460,0.26528572518501564,-1.6126115815976194,1.1641184100099182,0
401464,0.2632715342946517,-1.620332646677348,1.1632791638056,0
401467,0.2792172121766995,-1.5761882963302052,1.1619363698786906,0
401471,0.2751888303959716,-1.5775310902571145,1.1572365911345082,0
401475,0.27367818722819864,-1.5741741054398413,1.1666361486228731,0
401479,0.27451743343251694,-1.580216678110933,1.1525368123903257,0
401483,0.27653162432288086,-1.5693064774547951,1.1713359273670558,0
401487,0.2820706492713817,-1.57182421606775,1.1666361486228731,0
401491,0.2817349507896544,-1.557557030594339,1.1716716258487831,0
401495,0.3042267490653849,-1.5568856336308843,1.1698252841992827,0
401499,0.273510337987335,-1.5691386282139315,1.1661326009002821,0
401503,0.2657892729076066,-1.57182421606775,1.1708323796444648,0
401507,0.26612497138933394,-1.5929732204165712,1.1773785000381476,0
401510,0.2693141069657435,-1.5917982757305256,1.184596017395285,0
401514,0.2584039063096055,-1.6111009384298465,1.1649576562142365,0
401518,0.28139925230792706,-1.5839093614099335,1.161768520637827,0
401522,0.26478217746242466,-1.598512245365072,1.1570687418936445,0
401526,0.26411078049897,-1.604890516517891,1.1688181887541007,0
401530,0.283413443198291,-1.5849164568551155,1.1619363698786906,0
401534,0.2654535744258793,-1.5948195620660714,1.1713359273670558,0
401538,0.26562142366674296,-1.5914625772487982,1.152872510872053,0
401542,0.2743495841916533,-1.5892805371175707,1.146494239719234,0
401546,0.28022430762188144,-1.5845807583733882,1.1505226214999618,0
401550,0.28391699092088196,-1.561417563134203,1.1525368123903257,0
401553,0.2904631113145647,-1.561921110856794,1.152872510872053,0
401557,0.273510337987335,-1.5667887388418402,1.151865415426871,0
401561,0.28106355382619974,-1.5696421759365224,1.1580758373388265,0
401565,0.28777752346074614,-1.5553749904631113,1.1792248416876479,0
401569,0.29147020675974666,-1.5548714427405204,1.1897993438620584,0
401573,0.2800564583810178,-1.5656137941557946,1.1903028915846494,0
401577,0.26360723277637904,-1.5931410696574348,1.198863202868696,0
401581,0.25739681086442356,-1.57182421606775,1.183085374227512,0
401585,0.2766994735637446,-1.5803845273517967,1.1673075455863278,0
401589,0.26192874036774244,-1.600526436255436,1.1704966811627375,0
401593,0.2505149919890135,-1.592133974212253,1.1948348210879682,0
401596,0.2518577859159228,-1.5691386282139315,1.185603112840467,0
401600,0.2419546807049668,-1.5936446173800258,1.1844281681544213,0
401604,0.2605859464408331,-1.6136186770428016,1.1723430228122378,0
401608,0.2411154345006485,-1.598512245365072,1.1674753948271914,0
401612,0.24866865033951321,-1.6018692301823452,1.1500190737773708,0
401616,0.25655756466010526,-1.5924696726939802,1.1414587624933241,0
401620,0.23305867093919277,-1.613954375524529,1.1241702906843671,0
401624,0.24598306248569465,-1.6027084763866635,1.1377660791943236,0
401628,0.23859769588769358,-1.603883421072709,1.1401159685664148,0
401632,0.2406118867780575,-1.608415350576028,1.150354772259098,0
401635,0.245815213244831,-1.6040512703135728,1.1491798275730525,0
401639,0.2338979171435111,-1.6159685664148928,1.1478370336461432,0
401643,0.24027618829633018,-1.605897611963073,1.1522011139085984,0
401647,0.23708705271992064,-1.6166399633783475,1.1674753948271914,0
401651,0.23373006790264744,-1.6253681239032578,1.168146791790646,0
401655,0.2389333943694209,-1.6112687876707101,1.154383154039826,0
401659,0.2300373846036469,-1.6127794308384833,1.1610971236743723,0
401663,0.23507286182955672,-1.6152971694514382,1.167643244068055,0
401667,0.23138017853055617,-1.6283894102388037,1.1790569924467842,0
401671,0.21056687266346227,-1.6231860837720302,1.1689860379949644,0
401675,0.21963073167009994,-1.6347676813916228,1.1673075455863278,0
401678,0.19478904402227817,-1.664309147783627,1.1679789425497824,0
401682,0.19881742580300601,-1.6763942931258107,1.1639505607690546,0
401686,0.19948882276646066,-1.6700160219729914,1.1738536659800107,0
401690,0.21946288242923628,-1.654909590295262,1.1678110933089187,0
401694,0.20251010910200656,-1.6498741130693522,1.1530403601129167,0
401698,0.2109025711451896,-1.6520561532005797,1.1609292744335087,0
401702,0.20586709391927976,-1.651888303959716,1.1555580987258716,0
401706,0.2142595559624628,-1.6275501640344854,1.1473334859235522,0
401710,0.22466620889600974,-1.6255359731441215,1.1599221789883267,0
401714,0.22500190737773706,-1.6258716716258488,1.1639505607690546,0
401718,0.22265201800564582,-1.627718013275349,1.1495155260547798,0
401721,0.21577019913023573,-1.6570916304264895,1.1706645304036012,0
401725,0.21325246051728083,-1.6290608072022583,1.178217746242466,0
401729,0.21996643015182726,-1.626710917830167,1.1869459067673762,0
401733,0.21274891279468985,-1.622850385290303,1.1928206301976043,0
401737,0.19579613946746013,-1.6394674601358052,1.1849317158770123,0
401741,0.19411764705882353,-1.6624628061341267,1.1896314946211948,0
401745,0.2048599984740978,-1.663302052338445,1.1884565499351492,0
401749,0.19562829022659647,-1.6728694590676736,1.1871137560082399,0
401753,0.19092851148241397,-1.6842832074464027,1.1839246204318303,0
401757,0.18387884336614022,-1.6908293278400854,1.1780498970016022,0
401760,0.1937819485770962,-1.6878080415045396,1.163782711528191,0
401764,0.19713893339436941,-1.6673304341191728,1.1664682993820095,0
401768,0.21761654077973602,-1.6857938506141756,1.1704966811627375,0
401772,0.22248416876478216,-1.6629663538567176,1.1715037766079195,0
401776,0.2253376058594644,-1.6446707866025787,1.175700007629511,0
401780,0.22903028915846493,-1.6403067063401235,1.162775616083009,0
401784,0.22986953536278323,-1.634599832150759,1.1651255054551002,0
401788,0.22030212863355458,-1.6508812085145341,1.1716716258487831,0
401792,0.21879148546578164,-1.644502937361715,1.190974288548104,0
401796,0.23054093232623787,-1.6408102540627145,1.15136186770428,0
401800,0.20133516441596092,-1.6382925154497596,1.169153887235828,0
401803,0.21157396810864423,-1.6334248874647135,1.1389410238803692,0
401807,0.20418860151064316,-1.6555809872587166,1.1790569924467842,0
401811,0.20200656137941558,-1.6520561532005797,1.1584115358205538,0
401815,0.1968032349126421,-1.6666590371557182,1.1527046616311893,0
401819,0.19042496375982298,-1.6676661326009001,1.155390249485008,0
401823,0.19579613946746013,-1.661287861448081,1.160257877470054,0
401827,0.1785076676585031,-1.6862973983367666,1.19399557488365,0
401831,0.17548638132295719,-1.6992217898832684,1.1496833752956435,0
401835,0.20670634012359806,-1.668673228046082,1.1545510032806896,0
401839,0.21308461127641717,-1.6575951781490805,1.1426337071793697,0
401843,0.20804913405050734,-1.643495841916533,1.1704966811627375,0
401846,0.20888838025482565,-1.6325856412603952,1.160257877470054,0
401850,0.21442740520332645,-1.6191577019913024,1.1795605401693752,0
401854,0.2103990234225986,-1.630739299610895,1.173182269016556,0
401858,0.20888838025482565,-1.6327534905012588,1.1812390325780118,0
401862,0.20133516441596092,-1.6305714503700313,1.1896314946211948,0
401866,0.19361409933623253,-1.6649805447470816,1.1871137560082399,0
401870,0.18622873273823148,-1.6809262226291295,1.1926527809567407,0
401874,0.17548638132295719,-1.7012359807736324,1.173182269016556,0
401878,0.17011520561532006,-1.6810940718699932,1.1711680781261922,0
401882,0.17431143663691157,-1.6977111467154955,1.167643244068055,0
401886,0.1694438086518654,-1.6755550469214922,1.1713359273670558,0
401889,0.17598992904554817,-1.694018463416495,1.1656290531776912,0
401893,0.18572518501564048,-1.6928435187304494,1.1367589837491416,0
401897,0.18807507438773174,-1.7069428549629968,1.172678721293965,0
401901,0.1942854962996872,-1.701907377737087,1.1673075455863278,0
401905,0.20251010910200656,-1.6703517204547187,1.1631113145647363,0
401909,0.19663538567177843,-1.6659876401922635,1.1768749523155566,0
401913,0.21073472190432593,-1.646013580529488,1.1976882581826505,0
401917,0.2117418173495079,-1.639635309376669,1.1713359273670558,0
401921,0.20771343556878002,-1.6419851987487601,1.1797283894102388,0
401925,0.19948882276646066,-1.6557488364995803,1.177714198519875,0
401928,0.20083161669336994,-1.6535667963683527,1.181574731059739,0
401932,0.1932784008545052,-1.646517128252079,1.1733501182574197,0
401936,0.17196154726482032,-1.7086213473716334,1.1889600976577401,0
401940,0.17313649195086595,-1.718692301823453,1.1867780575265126,0
401944,0.1320134279392691,-1.7327916380560004,1.2169909208819714,0
401948,0.17397573815518425,-1.7316166933699548,1.1958419165331502,0
401952,0.21660944533455403,-1.6967040512703135,1.1572365911345082,0
401956,0.20922407873655297,-1.6580987258716715,1.1486762798504615,0
401960,0.17196154726482032,-1.7042572671091782,1.1725108720531014,0
401964,0.18387884336614022,-1.7040894178683146,1.1621042191195543,0
401968,0.1865644312199588,-1.6928435187304494,1.1590829327840084,0
401971,0.20334935530632486,-1.663302052338445,1.1550545510032806,0
401975,0.20183871213855192,-1.6586022735942625,1.1485084306095978,0
401979,0.2009994659342336,-1.6609521629663537,1.1631113145647363,0
401983,0.20704203860532538,-1.6619592584115357,1.1485084306095978,0
401987,0.20469214923323414,-1.665316243228809,1.1817425803006028,0
401991,0.20788128480964368,-1.644502937361715,1.1876173037308309,0
401995,0.1937819485770962,-1.6708552681773097,1.1787212939650569,0
401999,0.18455024032959486,-1.6878080415045396,1.169657434958419,0
402003,0.16810101472495612,-1.6790798809796292,1.2045700770580605,0
402007,0.1635690852216373,-1.6580987258716715,1.1847638666361486,0
402011,0.16289768825818265,-1.6646448462653542,1.1874494544899672,0
402014,0.1558480201419089,-1.6898222323949035,1.190470740825513,0
402018,0.15786221103227283,-1.6862973983367666,1.18207827878233,0
402022,0.15232318608377202,-1.6881437399862669,1.1812390325780118,0
402026,0.16340123598077363,-1.6795834287022202,1.1730144197756924,0
402030,0.15937285420004577,-1.664812695506218,1.1657969024185548,0
402034,0.17531853208209353,-1.6992217898832684,1.1501869230182344,0
402038,0.1865644312199588,-1.6938506141756313,1.1320592050049592,0
402042,0.19915312428473333,-1.6810940718699932,1.134576943617914,0
402046,0.18052185854886701,-1.6936827649347677,1.1619363698786906,0
402050,0.255214770733196,-1.6329213397421225,1.1483405813687342,0
402053,0.2577325093461509,-1.581727321278706,1.145990691996643,0
402057,0.2510185397116045,-1.5709849698634317,1.1699931334401465,0
402061,0.23373006790264744,-1.6037155718318454,1.177210650797284,0
402065,0.21409170672159913,-1.597001602197299,1.1923170824750133,0
402069,0.19915312428473333,-1.6305714503700313,1.1990310521095597,0
402073,0.15383382925154496,-1.6562523842221712,1.2074235141527427,0
402077,0.15702296482795453,-1.6718623636224916,1.1955062180514229,0
402081,0.1378881513694972,-1.6995574883649958,1.1778820477607386,0
402085,0.12462806134126803,-1.708789196612497,1.1877851529716945,0
402089,0.12630655374990463,-1.7141603723201342,1.183085374227512,0
402093,0.13167772945754178,-1.7490730144197757,1.198359655146105,0
402096,0.1311741817349508,-1.7576333257038224,1.1819104295414664,0
402100,0.14376287479972533,-1.7470588235294118,1.1743572137026017,0
402104,0.161722743572137,-1.716174563210498,1.1740215152208744,0
402108,0.1785076676585031,-1.7143282215609978,1.184596017395285,0
402112,0.18941786831464102,-1.7096284428168154,1.1656290531776912,0
402116,0.19411764705882353,-1.7042572671091782,1.1621042191195543,0
402120,0.19562829022659647,-1.6918364232852674,1.1557259479667352,0
402124,0.19478904402227817,-1.6889829861905852,1.160257877470054,0
402128,0.20603494316014342,-1.6678339818417638,1.169153887235828,0
402132,0.21107042038605325,-1.654909590295262,1.1684824902723734,0
402136,0.20133516441596092,-1.6495384145876248,1.1699931334401465,0
402139,0.19025711451895932,-1.6693446250095367,1.1456549935149156,0
402143,0.17766842145418477,-1.701403830014496,1.1312199588006409,0
402147,0.16793316548409246,-1.6829404135194934,1.1263523308155947,0
402151,0.1605477988860914,-1.6789120317387656,1.1411230640115968,0
402155,0.1592050049591821,-1.6740444037537192,1.1790569924467842,0
402159,0.17280079346913862,-1.7109712367437246,1.1943312733653773,0
402163,0.14997329671168078,-1.6985503929198138,1.1958419165331502,0
402167,0.17196154726482032,-1.7327916380560004,1.1810711833371481,0
402171,0.1758220798046845,-1.7180209048599984,1.1805676356145571,0
402175,0.17263294422827496,-1.7398413061722744,1.181574731059739,0
402179,0.15937285420004577,-1.7059357595178148,1.177210650797284,0
402182,0.1915999084458686,-1.7057679102769512,1.1674753948271914,0
402186,0.16810101472495612,-1.6817654688334478,1.1616006713969633,0
402190,0.19042496375982298,-1.673205157549401,1.1562294956893262,0
402194,0.18706797894254978,-1.6779049362935836,1.1468299382009612,0
402198,0.20032806897077896,-1.676226443884947,1.1471656366826886,0
402202,0.20553139543755244,-1.6760585946440834,1.151865415426871,0
402206,0.22046997787441824,-1.678744182497902,1.160257877470054,0
402210,0.21711299305714502,-1.6742122529945829,1.1773785000381476,0
402214,0.21996643015182726,-1.6517204547188524,1.1750286106660564,0
402218,0.20200656137941558,-1.646013580529488,1.1684824902723734,0
402221,0.20083161669336994,-1.6468528267338063,1.1704966811627375,0
402225,0.20939192797741663,-1.63510337987335,1.1634470130464636,0
402229,0.19445334554055085,-1.6560845349813076,1.1792248416876479,0
402233,0.1827038986800946,-1.6983825436789501,1.185099565117876,0
402237,0.18706797894254978,-1.6983825436789501,1.177714198519875,0
402241,0.16726176852063782,-1.683108262760357,1.1750286106660564,0
402245,0.16675822079804684,-1.6842832074464027,1.1684824902723734,0
402249,0.16558327611200122,-1.6651483939879452,1.1738536659800107,0
402253,0.15954070344090943,-1.663302052338445,1.1704966811627375,0
402257,0.15803006027313649,-1.6703517204547187,1.1644541084916455,0
402261,0.16961165789272906,-1.6619592584115357,1.1694895857175553,0
402264,0.16994735637445638,-1.6555809872587166,1.1785534447241932,0
402268,0.20972762645914397,-1.6609521629663537,1.1889600976577401,0
402272,0.20855268177309833,-1.643999389639124,1.1864423590447852,0
402276,0.19344625009536887,-1.6784084840161746,1.1953383688105592,0
402280,0.20553139543755244,-1.6758907454032197,1.1879530022125582,0
402284,0.1907606622415503,-1.6842832074464027,1.1882887006942855,0
402288,0.19210345616845959,-1.6822690165560388,1.1887922484168765,0
402292,0.18673228046082246,-1.6894865339131762,1.1822461280231937,0
402296,0.17817196917677577,-1.7180209048599984,1.1669718471046004,0
402300,0.16759746700236514,-1.6873044937819486,1.1616006713969633,0
402304,0.15970855268177309,-1.6728694590676736,1.1621042191195543,0
402307,0.15215533684290836,-1.6842832074464027,1.1506904707408254,0
402311,0.16121919584954603,-1.6975432974746318,1.142969405661097,0
402315,0.1409094377050431,-1.7071107042038605,1.137094682230869,0
402319,0.15987640192263675,-1.695025558861677,1.1330663004501411,0
402323,0.152826733806363,-1.6869687953002213,1.1399481193255512,0
402327,0.16625467307545586,-1.662294956893263,1.1527046616311893,0
402331,0.16575112535286488,-1.6498741130693522,1.1659647516594185,0
402335,0.17817196917677577,-1.6883115892271305,1.17519645990692,0
402339,0.18169680323491263,-1.69150072480354,1.1773785000381476,0
402343,0.19629968719005111,-1.6913328755626764,1.1903028915846494,0
402346,0.20049591821164262,-1.6715266651407643,1.1941634241245136,0
402350,0.19948882276646066,-1.6688410772869458,1.1965133134966048,0
402354,0.19008926527809566,-1.6753871976806285,1.1968490119783322,0
402358,0.18052185854886701,-1.687640192263676,1.1903028915846494,0
402362,0.1968032349126421,-1.6837796597238117,1.1802319371328298,0
402366,0.18857862211032272,-1.6953612573434043,1.18207827878233,0
402370,0.18723582818341344,-1.6874723430228122,1.2084306095979247,0
402374,0.17800411993591211,-1.7121461814297703,1.200373846036469,0
402378,0.1644083314259556,-1.6862973983367666,1.1664682993820095,0
402382,0.15903715571831845,-1.6812619211108568,1.1580758373388265,0
402386,0.1566872663462272,-1.69150072480354,1.1582436865796901,0
402389,0.16323338673990997,-1.6908293278400854,1.1498512245365071,0
402393,0.14359502555886167,-1.695025558861677,1.1530403601129167,0
402397,0.1383916990920882,-1.7151674677653161,1.1394445716029602,0
402401,0.1451056687266346,-1.734470130464637,1.1438086518654154,0
402405,0.1328526741435874,-1.7307774471656365,1.1631113145647363,0
402409,0.16591897459372854,-1.693011367971313,1.1480048828870069,0
402413,0.15383382925154496,-1.6968719005111772,1.1506904707408254,0
402417,0.143930724040589,-1.7072785534447241,1.1461585412375066,0
402421,0.17380788891432059,-1.7149996185244525,1.1473334859235522,0
402425,0.1874036774242771,-1.6978789959563592,1.1542153047989623,0
402429,0.1890821698329137,-1.6857938506141756,1.1616006713969633,0
402432,0.21157396810864423,-1.6572594796673532,1.1659647516594185,0
402436,0.20855268177309833,-1.642992294193942,1.1569008926527808,0
402440,0.22416266117341876,-1.6344319829098954,1.1491798275730525,0
402444,0.2231555657282368,-1.6520561532005797,1.1621042191195543,0
402448,0.21577019913023573,-1.664812695506218,1.183085374227512,0
402452,0.22030212863355458,-1.6758907454032197,1.2055771725032425,0
402456,0.20603494316014342,-1.6567559319447622,1.207255664911879,0
402460,0.20687418936446172,-1.663302052338445,1.1857709620813306,0
402464,0.2090562294956893,-1.646517128252079,1.1803997863736935,0
402468,0.20872053101396199,-1.6337605859464408,1.1792248416876479,0
402472,0.20502784771496146,-1.647524223697261,1.1871137560082399,0
402475,0.19193560692759593,-1.654406042572671,1.1604257267109177,0
402479,0.19663538567177843,-1.6589379720759898,1.151865415426871,0
402483,0.1951247425040055,-1.6658197909513999,1.1555580987258716,0
402487,0.19831387808041503,-1.6606164644846264,1.1701609826810102,0
402491,0.20620279240100708,-1.6545738918135346,1.1743572137026017,0
402495,0.19999237048905164,-1.6575951781490805,1.1788891432059205,0
402499,0.1874036774242771,-1.6750514991989012,1.1723430228122378,0
402503,0.18052185854886701,-1.6923399710078584,1.1710002288853285,0
402507,0.18303959716182192,-1.7049286640726329,1.1684824902723734,0
402511,0.18169680323491263,-1.7010681315327687,1.169657434958419,0
402514,0.16826886396581978,-1.6779049362935836,1.1646219577325092,0
402518,0.16810101472495612,-1.6742122529945829,1.1646219577325092,0
402522,0.16793316548409246,-1.6728694590676736,1.154886701762417,0
402526,0.16340123598077363,-1.6720302128633553,1.1664682993820095,0
402530,0.1775005722133211,-1.7139925230792705,1.1404516670481422,0
402534,0.16994735637445638,-1.6852903028915847,1.1609292744335087,0
402538,0.1741435873960479,-1.7056000610360875,1.174189364461738,0
402542,0.16189059281300067,-1.701907377737087,1.1520332646677347,0
402546,0.1733043411917296,-1.728595407034409,1.1639505607690546,0
402550,0.1749828336003662,-1.7242313267719538,1.1688181887541007,0
402554,0.17364003967345693,-1.7322880903334095,1.1773785000381476,0
402557,0.17481498435950255,-1.7443732356755932,1.1535439078355076,0
402561,0.17699702449073013,-1.7257419699397267,1.1728465705348288,0
402565,0.1766613260090028,-1.720706492713817,1.161768520637827,0
402569,0.18572518501564048,-1.7114747844663156,1.159250782024872,0
402573,0.18690012970168612,-1.707782101167315,1.129709315632868,0
402577,0.1793469138628214,-1.7133211261158159,1.1565651941710535,0
402581,0.17716487373159379,-1.707782101167315,1.152872510872053,0
402585,0.18337529564354924,-1.7138246738384069,1.1704966811627375,0
402589,0.19898527504386967,-1.7057679102769512,1.177714198519875,0
402593,0.18320744640268558,-1.7165102616922254,1.2035629816128786,0
402597,0.16826886396581978,-1.6827725642786298,1.1812390325780118,0
402600,0.17380788891432059,-1.7131532768749522,1.1599221789883267,0
402604,0.17481498435950255,-1.7312809948882275,1.1852674143587396,0
402608,0.18404669260700388,-1.728595407034409,1.1805676356145571,0
402612,0.19092851148241397,-1.716174563210498,1.1755321583886473,0
402616,0.18790722514686808,-1.6931792172121767,1.1753643091477837,0
402620,0.18387884336614022,-1.7010681315327687,1.1659647516594185,0
402624,0.18757152666514076,-1.6921721217669947,1.1824139772640574,0
402628,0.19394979781795987,-1.6891508354314488,1.1723430228122378,0
402632,0.18925001907377736,-1.6834439612420844,1.177714198519875,0
402636,0.19294270237277789,-1.6888151369497215,1.1626077668421453,0
402639,0.1843823910887312,-1.6990539406424048,1.145487144274052,0
402643,0.18471808957045852,-1.7027466239414053,1.158747234302281,0
402647,0.18371099412527656,-1.7076142519264514,1.1661326009002821,0
402651,0.18455024032959486,-1.70341802090486,1.1674753948271914,0
402655,0.18203250171663996,-1.703921568627451,1.1577401388570991,0
402659,0.1741435873960479,-1.725574120698863,1.150858319981689,0
402663,0.16994735637445638,-1.6862973983367666,1.142465857938506,0
402667,0.18488593881132218,-1.6965362020294499,1.161768520637827,0
402671,0.18119325551232165,-1.695025558861677,1.1725108720531014,0
402675,0.17884336614023041,-1.7089570458533607,1.1664682993820095,0
402679,0.1882429236285954,-1.7165102616922254,1.1580758373388265,0
402682,0.17833981841763943,-1.7160067139696344,1.1867780575265126,0
402686,0.1741435873960479,-1.7225528343633172,1.1610971236743723,0
402690,0.1968032349126421,-1.6990539406424048,1.1689860379949644,0
402694,0.18538948653391316,-1.7119783321889066,1.1626077668421453,0
402698,0.1793469138628214,-1.7143282215609978,1.1661326009002821,0
402702,0.18471808957045852,-1.7136568245975432,1.1723430228122378,0
402706,0.18941786831464102,-1.71029983978027,1.1629434653238726,0
402710,0.1907606622415503,-1.7086213473716334,1.1728465705348288,0
402714,0.1865644312199588,-1.699389639124132,1.1649576562142365,0
402718,0.18404669260700388,-1.7096284428168154,1.1567330434119172,0
402722,0.18052185854886701,-1.7101319905394063,1.169657434958419,0
402725,0.18068970778973067,-1.7040894178683146,1.1711680781261922,0
402729,0.18488593881132218,-1.7022430762188143,1.177714198519875,0
402733,0.18555733577477682,-1.7124818799114976,1.1773785000381476,0
402737,0.18236820019836728,-1.6933470664530403,1.1639505607690546,0
402741,0.17800411993591211,-1.7180209048599984,1.17519645990692,0
402745,0.17833981841763943,-1.7183566033417257,1.169657434958419,0
402749,0.18622873273823148,-1.7086213473716334,1.1810711833371481,0
402753,0.20066376745250628,-1.6962005035477226,1.1663004501411458,0
402757,0.18807507438773174,-1.7099641412985427,1.1563973449301899,0
402761,0.18706797894254978,-1.6963683527885862,1.1708323796444648,0
402765,0.17867551689936675,-1.7109712367437246,1.1632791638056,0
402768,0.19227130540932325,-1.6975432974746318,1.158747234302281,0
402772,0.17901121538109407,-1.7074464026855878,1.1809033340962845,0
402776,0.19092851148241397,-1.7042572671091782,1.1574044403753718,0
402780,0.1959639887083238,-1.6889829861905852,1.1506904707408254,0
402784,0.19294270237277789,-1.6795834287022202,1.1594186312657357,0
402788,0.19411764705882353,-1.6869687953002213,1.1673075455863278,0
402792,0.19260700389105057,-1.679247730220493,1.173182269016556,0
402796,0.18455024032959486,-1.6896543831540398,1.1639505607690546,0
402800,0.18337529564354924,-1.7111390859845883,1.1646219577325092,0
402804,0.17985046158541237,-1.7030823224231326,1.1795605401693752,0
402807,0.1874036774242771,-1.6918364232852674,1.1837567711909667,0
402811,0.1749828336003662,-1.7071107042038605,1.1824139772640574,0
402815,0.17884336614023041,-1.724567025253681,1.1740215152208744,0
402819,0.1766613260090028,-1.7175173571374074,1.1730144197756924,0
402823,0.17917906462195773,-1.7163424124513618,1.1842603189135577,0
402827,0.18572518501564048,-1.7099641412985427,1.1770428015564203,0
402831,0.18421454184786754,-1.7170138094148164,1.1812390325780118,0
402835,0.18555733577477682,-1.721210040436408,1.1725108720531014,0
402839,0.18035400930800335,-1.7173495078965437,1.1530403601129167,0
402843,0.16390478370336461,-1.7035858701457236,1.1614328221560997,0
402847,0.1843823910887312,-1.700900282291905,1.1652933546959638,0
402850,0.18337529564354924,-1.7119783321889066,1.1678110933089187,0
402854,0.17531853208209353,-1.7259098191805904,1.1520332646677347,0
402858,0.16558327611200122,-1.6873044937819486,1.1562294956893262,0
402862,0.15735866330968185,-1.694018463416495,1.163782711528191,0
402866,0.17800411993591211,-1.7071107042038605,1.1594186312657357,0
402870,0.18152895399404897,-1.7094605935759517,1.172678721293965,0
402874,0.17296864271000228,-1.7227206836041808,1.1634470130464636,0
402878,0.16558327611200122,-1.6857938506141756,1.1234988937209125,0
402882,0.1686045624475471,-1.6750514991989012,1.117288471808957,0
402886,0.20284580758373388,-1.6730373083085373,1.1481727321278705,0
402890,0.1976424811169604,-1.670687418936446,1.198359655146105,0
402893,0.20284580758373388,-1.6619592584115357,1.2211871519035629,0
402897,0.20251010910200656,-1.6508812085145341,1.2032272831311512,0
402901,0.20586709391927976,-1.6492027161058975,1.210780498970016,0
402905,0.20536354619668878,-1.6473563744563973,1.1968490119783322,0
402909,0.2040207522697795,-1.6288929579613947,1.1891279468986038,0
402913,0.2023422598611429,-1.6453421835660333,1.1975204089417868,0
402917,0.19143205920500495,-1.6591058213168535,1.1704966811627375,0
402921,0.18035400930800335,-1.6817654688334478,1.1584115358205538,0
402925,0.18203250171663996,-1.687640192263676,1.146997787441825,0
402929,0.18287174792095826,-1.7148317692835888,1.1542153047989623,0
402932,0.1613870450904097,-1.7124818799114976,1.1456549935149156,0
402936,0.17733272297245745,-1.734973678187228,1.1485084306095978,0
402940,0.1613870450904097,-1.7238956282902265,1.1595864805065994,0
402944,0.1652475776302739,-1.6968719005111772,1.1540474555580986,0
402948,0.17649347676813915,-1.7052643625543602,1.162272068360418,0
402952,0.19008926527809566,-1.7025787747005416,1.1659647516594185,0
402956,0.17716487373159379,-1.6992217898832684,1.1565651941710535,0
402960,0.15299458304722666,-1.6859616998550393,1.153376058594644,0
402964,0.1686045624475471,-1.665316243228809,1.1560616464484625,0
402968,0.17313649195086595,-1.6972075989929045,1.150858319981689,0
402972,0.18807507438773174,-1.7064393072404058,1.1572365911345082,0
402975,0.19260700389105057,-1.6868009460593576,1.1614328221560997,0
402979,0.19176775768673227,-1.6758907454032197,1.1481727321278705,0
402983,0.19881742580300601,-1.6854581521324483,1.1647898069733729,0
402987,0.2056992446784161,-1.6779049362935836,1.1812390325780118,0
402991,0.1951247425040055,-1.673205157549401,1.1916456855115587,0
402995,0.20838483253223467,-1.6656519417105362,1.186106660563058,0
402999,0.18690012970168612,-1.6829404135194934,1.1876173037308309,0
403003,0.17364003967345693,-1.7057679102769512,1.184092469672694,0
403007,0.17682917524986647,-1.701403830014496,1.185099565117876,0
403011,0.1733043411917296,-1.7272526131074997,1.1921492332341497,0
403015,0.15467307545586328,-1.7035858701457236,1.177210650797284,0
403018,0.15534447241931792,-1.6904936293583581,1.1701609826810102,0
403022,0.13990234225986115,-1.7297703517204546,1.1916456855115587,0
403026,0.14644846265354391,-1.7254062714579994,1.1649576562142365,0
403030,0.1541695277332723,-1.711306935225452,1.136087586785687,0
403034,0.15165178912031738,-1.707782101167315,1.1621042191195543,0
403038,0.1566872663462272,-1.7081177996490424,1.1530403601129167,0
403042,0.17766842145418477,-1.7223849851224535,1.1535439078355076,0
403046,0.18152895399404897,-1.7242313267719538,1.1594186312657357,0
403050,0.18606088349736782,-1.7057679102769512,1.1632791638056,0
403054,0.1874036774242771,-1.695025558861677,1.1632791638056,0
403058,0.19109636072327763,-1.6904936293583581,1.1699931334401465,0
403061,0.19546044098573281,-1.685122453650721,1.1616006713969633,0
403065,0.21627374685282671,-1.685122453650721,1.1735179674982834,0
403069,0.2009994659342336,-1.6569237811856259,1.1657969024185548,0
403073,0.19646753643091477,-1.659777218280308,1.1614328221560997,0
403077,0.18857862211032272,-1.6819333180743115,1.167139696345464,0
403081,0.19042496375982298,-1.6770656900892653,1.1703288319218739,0
403085,0.18807507438773174,-1.699389639124132,1.1689860379949644,0
403089,0.1874036774242771,-1.6918364232852674,1.1698252841992827,0
403093,0.1882429236285954,-1.7066071564812695,1.1805676356145571,0
403097,0.17800411993591211,-1.7240634775310901,1.1765392538338293,0
403100,0.16894026092927442,-1.6849546044098573,1.172678721293965,0
403104,0.17917906462195773,-1.6980468451972228,1.173182269016556,0
403108,0.18035400930800335,-1.7030823224231326,1.176203555352102,0
403112,0.17917906462195773,-1.703921568627451,1.1798962386511025,0
403116,0.181025406271458,-1.6990539406424048,1.1711680781261922,0
403120,0.17699702449073013,-1.6997253376058594,1.1626077668421453,0
403124,0.18052185854886701,-1.704425116350042,1.161768520637827,0
403128,0.18723582818341344,-1.6958648050659952,1.173182269016556,0
403132,0.20989547570000763,-1.6730373083085373,1.1577401388570991,0
403136,0.18606088349736782,-1.6879758907454032,1.160761425192645,0
403140,0.18220035095750362,-1.6946898603799496,1.1654612039368275,0
403143,0.18857862211032272,-1.6978789959563592,1.1599221789883267,0
403147,0.19193560692759593,-1.6800869764248112,1.172678721293965,0
403151,0.20603494316014342,-1.6674982833600365,1.1708323796444648,0
403155,0.1724650949874113,-1.7037537193865873,1.1563973449301899,0
403159,0.1758220798046845,-1.7067750057221331,1.1649576562142365,0
403163,0.17699702449073013,-1.6985503929198138,1.162775616083009,0
403167,0.17380788891432059,-1.7126497291523612,1.1708323796444648,0
403171,0.17431143663691157,-1.7106355382619973,1.1701609826810102,0
403175,0.17045090409704738,-1.6708552681773097,1.154886701762417,0
403179,0.1741435873960479,-1.7062714579995422,1.1557259479667352,0
403183,0.17011520561532006,-1.6785763332570383,1.184092469672694,0
403186,0.18052185854886701,-1.6941863126573586,1.1874494544899672,0
403190,0.17985046158541237,-1.6928435187304494,1.193492027161059,0
403194,0.17515068284122987,-1.71029983978027,1.1936598764019226,0
403198,0.17212939650568398,-1.7421911955443656,1.160257877470054,0
403202,0.17615777828641183,-1.73598077363241,1.143976501106279,0
403206,0.17884336614023041,-1.7321202410925458,1.1632791638056,0
403210,0.1801861600671397,-1.727588311589227,1.1609292744335087,0
403214,0.16340123598077363,-1.6967040512703135,1.1473334859235522,0
403218,0.1652475776302739,-1.6815976195925841,1.1616006713969633,0
403222,0.18874647135118638,-1.6965362020294499,1.1567330434119172,0
403225,0.17649347676813915,-1.7017395284962233,1.1493476768139161,0
403229,0.18035400930800335,-1.7027466239414053,1.1616006713969633,0
403233,0.1827038986800946,-1.7262455176623177,1.158747234302281,0
403237,0.17598992904554817,-1.7306095979247729,1.1600900282291904,0
403241,0.1686045624475471,-1.6921721217669947,1.1698252841992827,0
403245,0.1785076676585031,-1.7037537193865873,1.1715037766079195,0
403249,0.16910811017013808,-1.656420233463035,1.1753643091477837,0
403253,0.17565423056382085,-1.676226443884947,1.1834210727092394,0
403257,0.18622873273823148,-1.6943541618982223,1.1641184100099182,0
403261,0.1694438086518654,-1.6774013885709926,1.1748607614251927,0
403265,0.1818646524757763,-1.6810940718699932,1.173685816739147,0
403268,0.18891432059205004,-1.6906614785992218,1.1795605401693752,0
403272,0.1915999084458686,-1.6879758907454032,1.1798962386511025,0
403276,0.18572518501564048,-1.6908293278400854,1.1758678568703747,0
403280,0.17867551689936675,-1.7072785534447241,1.1673075455863278,0
403284,0.18169680323491263,-1.6938506141756313,1.1639505607690546,0
403288,0.18958571755550468,-1.6965362020294499,1.1894636453803311,0
403292,0.18857862211032272,-1.6973754482337682,1.1718394750896468,0
403296,0.18606088349736782,-1.7045929655909056,1.162775616083009,0
403300,0.19529259174486915,-1.6980468451972228,1.1570687418936445,0
403304,0.1741435873960479,-1.7149996185244525,1.1609292744335087,0
403308,0.17598992904554817,-1.7232242313267718,1.167139696345464,0
403311,0.17464713511863889,-1.7383306630045012,1.175700007629511,0
403315,0.16742961776150148,-1.6995574883649958,1.190974288548104,0
403319,0.15534447241931792,-1.6859616998550393,1.17519645990692,0
403323,0.16507972838941024,-1.6683375295643548,1.1701609826810102,0
403327,0.18203250171663996,-1.6864652475776303,1.1803997863736935,0
403331,0.17515068284122987,-1.7047608148317692,1.169153887235828,0
403335,0.17296864271000228,-1.7215457389181352,1.1698252841992827,0
403339,0.17196154726482032,-1.7447089341573205,1.162775616083009,0
403343,0.17196154726482032,-1.7546120393682765,1.1654612039368275,0
403347,0.1793469138628214,-1.7346379797055007,1.1733501182574197,0
403351,0.1852216372930495,-1.7099641412985427,1.1511940184634164,0
403354,0.18589303425650416,-1.708789196612497,1.1710002288853285,0
403358,0.17884336614023041,-1.7225528343633172,1.1585793850614174,0
403362,0.181025406271458,-1.7183566033417257,1.1565651941710535,0
403366,0.18253604943923094,-1.6916685740444037,1.1570687418936445,0
403370,0.18706797894254978,-1.690997177080949,1.1725108720531014,0
403374,0.19663538567177843,-1.6832761120012207,1.1574044403753718,0
403378,0.18757152666514076,-1.6864652475776303,1.1765392538338293,0
403382,0.18371099412527656,-1.6975432974746318,1.1501869230182344,0
403386,0.1827038986800946,-1.7205386434729533,1.168650339513237,0
403390,0.20167086289768826,-1.6953612573434043,1.1760357061112383,0
403393,0.18337529564354924,-1.7076142519264514,1.1809033340962845,0
403397,0.18874647135118638,-1.7109712367437246,1.1678110933089187,0
403401,0.17766842145418477,-1.726077668421454,1.1720073243305105,0
403405,0.19311055161364155,-1.685626001373312,1.1797283894102388,0
403409,0.19176775768673227,-1.6725337605859463,1.1783855954833296,0
403413,0.18757152666514076,-1.6713588158999007,1.1814068818188754,0
403417,0.1801861600671397,-1.7000610360875867,1.1704966811627375,0
403421,0.1968032349126421,-1.6928435187304494,1.1668039978637368,0
403425,0.18471808957045852,-1.6985503929198138,1.1699931334401465,0
403429,0.18841077286945906,-1.6995574883649958,1.1703288319218739,0
403433,0.18538948653391316,-1.7089570458533607,1.1641184100099182,0
403436,0.18941786831464102,-1.7178530556191347,1.1552224002441442,0
403440,0.19210345616845959,-1.7069428549629968,1.1243381399252308,0
403444,0.1749828336003662,-1.7010681315327687,1.1516975661860074,0
403448,0.16625467307545586,-1.6666590371557182,1.1663004501411458,0
403452,0.17800411993591211,-1.6985503929198138,1.167643244068055,0
403456,0.18572518501564048,-1.7012359807736324,1.15136186770428,0
403460,0.16323338673990997,-1.6873044937819486,1.184092469672694,0
403464,0.18152895399404897,-1.695025558861677,1.1609292744335087,0
403468,0.17364003967345693,-1.712817578393225,1.1656290531776912,0
403472,0.17447928587777523,-1.7136568245975432,1.1516975661860074,0
403476,0.17464713511863889,-1.734973678187228,1.1585793850614174,0
403479,0.17196154726482032,-1.7505836575875486,1.1678110933089187,0
403483,0.18085755703059433,-1.7317845426108185,1.161264972915236,0
403487,0.18572518501564048,-1.7129854276340886,1.167643244068055,0
403491,0.2120775158312352,-1.6666590371557182,1.1834210727092394,0
403495,0.18455024032959486,-1.685122453650721,1.1750286106660564,0
403499,0.18320744640268558,-1.7040894178683146,1.1654612039368275,0
403503,0.18052185854886701,-1.704425116350042,1.1703288319218739,0
403507,0.18371099412527656,-1.702914473182269,1.1699931334401465,0
403511,0.18303959716182192,-1.7109712367437246,1.1755321583886473,0
403515,0.1766613260090028,-1.71029983978027,1.1720073243305105,0
403518,0.17296864271000228,-1.7307774471656365,1.155390249485008,0
403522,0.1758220798046845,-1.726077668421454,1.1575722896162355,0
403526,0.16810101472495612,-1.6958648050659952,1.163782711528191,0
403530,0.1801861600671397,-1.7124818799114976,1.145487144274052,0
403534,0.17985046158541237,-1.7074464026855878,1.1636148622873272,0
403538,0.17397573815518425,-1.725070572976272,1.1599221789883267,0
403542,0.1766613260090028,-1.726077668421454,1.1565651941710535,0
403546,0.1801861600671397,-1.7240634775310901,1.1669718471046004,0
403550,0.1775005722133211,-1.7433661402304113,1.1948348210879682,0
403554,0.16910811017013808,-1.6883115892271305,1.1837567711909667,0
403558,0.1724650949874113,-1.7173495078965437,1.1881208514534218,0
403561,0.1608834973678187,-1.6802548256656749,1.18207827878233,0
403565,0.17917906462195773,-1.6968719005111772,1.1693217364766917,0
403569,0.17229724574654764,-1.726581216144045,1.1466620889600976,0
403573,0.17464713511863889,-1.7406805523765927,1.1342412451361867,0
403577,0.1741435873960479,-1.7393377584496834,1.1372625314717326,0
403581,0.17196154726482032,-1.7574654764629587,1.1679789425497824,0
403585,0.18001831082627603,-1.7460517280842298,1.2005416952773327,0
403589,0.18589303425650416,-1.7249027237354084,1.1971847104600595,0
403593,0.18203250171663996,-1.7143282215609978,1.1849317158770123,0
403597,0.17481498435950255,-1.7336308842603187,1.1649576562142365,0
403601,0.16625467307545586,-1.6854581521324483,1.1649576562142365,0
403604,0.17598992904554817,-1.7067750057221331,1.1780498970016022,0
403608,0.1785076676585031,-1.7099641412985427,1.1755321583886473,0
403612,0.17515068284122987,-1.718692301823453,1.1604257267109177,0
403616,0.16591897459372854,-1.6854581521324483,1.142465857938506,0
403620,0.17548638132295719,-1.7071107042038605,1.12568093385214,0
403624,0.18203250171663996,-1.702914473182269,1.1399481193255512,0
403628,0.1827038986800946,-1.7220492866407262,1.1600900282291904,0
403632,0.19176775768673227,-1.6931792172121767,1.1679789425497824,0
403636,0.2001602197299153,-1.6862973983367666,1.1735179674982834,0
403640,0.1968032349126421,-1.6839475089646754,1.1971847104600595,0
403644,0.19227130540932325,-1.6797512779430839,1.189967193102922,0
403647,0.19546044098573281,-1.677233539330129,1.1807354848554208,0
403651,0.19361409933623253,-1.6903257801174945,1.1720073243305105,0
403655,0.17985046158541237,-1.6913328755626764,1.1809033340962845,0
403659,0.1852216372930495,-1.6968719005111772,1.1644541084916455,0
403663,0.17817196917677577,-1.7141603723201342,1.169153887235828,0
403667,0.18253604943923094,-1.6978789959563592,1.1621042191195543,0
403671,0.17598992904554817,-1.7067750057221331,1.1651255054551002,0
403675,0.16390478370336461,-1.6992217898832684,1.1621042191195543,0
403679,0.16256198977645533,-1.6967040512703135,1.1735179674982834,0
403683,0.16726176852063782,-1.687640192263676,1.1636148622873272,0
403686,0.16709391927977416,-1.677233539330129,1.1644541084916455,0
403690,0.17212939650568398,-1.7131532768749522,1.1728465705348288,0
403694,0.1785076676585031,-1.7126497291523612,1.1699931334401465,0
403698,0.17447928587777523,-1.7136568245975432,1.1657969024185548,0
403702,0.17615777828641183,-1.724567025253681,1.1666361486228731,0
403706,0.1818646524757763,-1.7086213473716334,1.169657434958419,0
403710,0.16759746700236514,-1.6770656900892653,1.184092469672694,0
403714,0.18857862211032272,-1.7007324330510414,1.162775616083009,0
403718,0.17699702449073013,-1.6975432974746318,1.1570687418936445,0
403722,0.18001831082627603,-1.7222171358815899,1.1535439078355076,0
403726,0.17380788891432059,-1.7213778896772716,1.1547188525215533,0
403729,0.18371099412527656,-1.7138246738384069,1.1798962386511025,0
403733,0.16994735637445638,-1.6819333180743115,1.1698252841992827,0
403737,0.1749828336003662,-1.7069428549629968,1.1716716258487831,0
403741,0.1644083314259556,-1.6906614785992218,1.1634470130464636,0
403745,0.16591897459372854,-1.6685053788052184,1.1570687418936445,0
403749,0.17833981841763943,-1.686633096818494,1.1646219577325092,0
403753,0.17985046158541237,-1.6923399710078584,1.1733501182574197,0
403757,0.1766613260090028,-1.7017395284962233,1.1710002288853285,0
403761,0.17733272297245745,-1.7322880903334095,1.1718394750896468,0
403765,0.18337529564354924,-1.7279240100709543,1.1689860379949644,0
403769,0.1890821698329137,-1.7064393072404058,1.1785534447241932,0
403772,0.18421454184786754,-1.7129854276340886,1.175700007629511,0
403776,0.18136110475318531,-1.7144960708018615,1.163782711528191,0
403780,0.17598992904554817,-1.7225528343633172,1.1582436865796901,0
403784,0.18891432059205004,-1.7228885328450445,1.1585793850614174,0
403788,0.18337529564354924,-1.7233920805676355,1.1725108720531014,0
403792,0.18488593881132218,-1.7205386434729533,1.1626077668421453,0
403796,0.1818646524757763,-1.7067750057221331,1.1649576562142365,0
403800,0.15249103532463568,-1.7064393072404058,1.1792248416876479,0
403804,0.17682917524986647,-1.7124818799114976,1.1652933546959638,0
403808,0.17548638132295719,-1.7225528343633172,1.176707103074693,0
403811,0.181025406271458,-1.7091248950942244,1.1809033340962845,0
403815,0.17783627069504843,-1.7173495078965437,1.1683146410315097,0
403819,0.199320973525597,-1.7025787747005416,1.1632791638056,0
403823,0.16575112535286488,-1.6753871976806285,1.1684824902723734,0
403827,0.17347219043259327,-1.7109712367437246,1.1787212939650569,0
403831,0.1793469138628214,-1.7146639200427252,1.175700007629511,0
403835,0.17481498435950255,-1.7332951857785914,1.1683146410315097,0
403839,0.17380788891432059,-1.7292668039978636,1.1664682993820095,0
403843,0.1758220798046845,-1.7165102616922254,1.173182269016556,0
403847,0.17280079346913862,-1.7336308842603187,1.1701609826810102,0
403851,0.18320744640268558,-1.7240634775310901,1.1763714045929656,0
403854,0.17280079346913862,-1.7398413061722744,1.1616006713969633,0
403858,0.17615777828641183,-1.740512703135729,1.1604257267109177,0
403862,0.16977950713359272,-1.6946898603799496,1.1604257267109177,0
403866,0.17263294422827496,-1.7170138094148164,1.154886701762417,0
403870,0.17632562752727549,-1.7160067139696344,1.1684824902723734,0
403874,0.17901121538109407,-1.7126497291523612,1.1847638666361486,0
403878,0.16793316548409246,-1.6936827649347677,1.2015487907225146,0
403882,0.17985046158541237,-1.6953612573434043,1.1716716258487831,0
403886,0.1932784008545052,-1.6740444037537192,1.1634470130464636,0
403890,0.15987640192263675,-1.6747158007171739,1.167643244068055,0
403894,0.16726176852063782,-1.672198062104219,1.1610971236743723,0
403897,0.16474402990768292,-1.6730373083085373,1.153879606317235,0
403901,0.16558327611200122,-1.663302052338445,1.1500190737773708,0
403905,0.16239414053559167,-1.655916685740444,1.154383154039826,0
403909,0.20284580758373388,-1.660280766002899,1.153879606317235,0
403913,0.18421454184786754,-1.6908293278400854,1.1713359273670558,0
403917,0.18706797894254978,-1.6854581521324483,1.1626077668421453,0
403921,0.1793469138628214,-1.700900282291905,1.1787212939650569,0
403925,0.1882429236285954,-1.710803387502861,1.1621042191195543,0
403929,0.19294270237277789,-1.687640192263676,1.167643244068055,0
403933,0.18857862211032272,-1.694522011139086,1.1582436865796901,0
403937,0.18052185854886701,-1.7000610360875867,1.17519645990692,0
403940,0.17783627069504843,-1.7168459601739527,1.1560616464484625,0
403944,0.17431143663691157,-1.7136568245975432,1.1740215152208744,0
403948,0.17229724574654764,-1.7321202410925458,1.1753643091477837,0
403952,0.17548638132295719,-1.733463035019455,1.1785534447241932,0
403956,0.15719081406881819,-1.7151674677653161,1.1728465705348288,0
403960,0.16675822079804684,-1.7056000610360875,1.169153887235828,0
403964,0.15719081406881819,-1.6948577096208133,1.174189364461738,0
403968,0.16340123598077363,-1.685122453650721,1.1785534447241932,0
403972,0.16659037155718318,-1.6824368657969024,1.1463263904783703,0
403976,0.17699702449073013,-1.6834439612420844,1.1715037766079195,0
403979,0.17347219043259327,-1.7252384222171357,1.1733501182574197,0
403983,0.17833981841763943,-1.7279240100709543,1.1689860379949644,0
403987,0.18589303425650416,-1.7129854276340886,1.1718394750896468,0
403991,0.17951476310368505,-1.7134889753566795,1.1673075455863278,0
403995,0.17095445181963836,-1.6728694590676736,1.1659647516594185,0
403999,0.1959639887083238,-1.670183871213855,1.1510261692225527,0
404003,0.17313649195086595,-1.7035858701457236,1.1656290531776912,0
404007,0.19210345616845959,-1.6948577096208133,1.1663004501411458,0
404011,0.18404669260700388,-1.7074464026855878,1.1715037766079195,0
404015,0.18421454184786754,-1.7185244525825893,1.1657969024185548,0
404019,0.16659037155718318,-1.700396734569314,1.1575722896162355,0
404022,0.17649347676813915,-1.6990539406424048,1.1619363698786906,0
404026,0.18471808957045852,-1.7022430762188143,1.172678721293965,0
404030,0.19042496375982298,-1.6829404135194934,1.1740215152208744,0
404034,0.1932784008545052,-1.664812695506218,1.1708323796444648,0
404038,0.16256198977645533,-1.6790798809796292,1.1595864805065994,0
404042,0.16759746700236514,-1.654909590295262,1.1659647516594185,0
404046,0.1592050049591821,-1.6609521629663537,1.1783855954833296,0
404050,0.17699702449073013,-1.6740444037537192,1.176707103074693,0
404054,0.18220035095750362,-1.6967040512703135,1.1805676356145571,0
404058,0.1766613260090028,-1.7052643625543602,1.1735179674982834,0
404062,0.1785076676585031,-1.7099641412985427,1.1713359273670558,0
404065,0.17649347676813915,-1.7089570458533607,1.1703288319218739,0
404069,0.18941786831464102,-1.7074464026855878,1.1661326009002821,0
404073,0.17615777828641183,-1.7185244525825893,1.1659647516594185,0
404077,0.19008926527809566,-1.7089570458533607,1.1733501182574197,0
404081,0.16910811017013808,-1.6742122529945829,1.1616006713969633,0
404085,0.18253604943923094,-1.6723659113450826,1.167643244068055,0
404089,0.18706797894254978,-1.6752193484397648,1.1730144197756924,0
404093,0.18136110475318531,-1.6933470664530403,1.1711680781261922,0
404097,0.18505378805218584,-1.6936827649347677,1.1651255054551002,0
404101,0.18001831082627603,-1.7143282215609978,1.1631113145647363,0
404104,0.17615777828641183,-1.7307774471656365,1.1570687418936445,0
404108,0.1827038986800946,-1.737994964522774,1.1636148622873272,0
404112,0.181025406271458,-1.7168459601739527,1.162775616083009,0
404116,0.17917906462195773,-1.7235599298084991,1.1579079880979628,0
404120,0.17481498435950255,-1.7393377584496834,1.1721751735713741,0
404124,0.17649347676813915,-1.7254062714579994,1.1619363698786906,0
404128,0.18690012970168612,-1.7155031662470435,1.1575722896162355,0
404132,0.18706797894254978,-1.6968719005111772,1.173685816739147,0
404136,0.18723582818341344,-1.6936827649347677,1.1694895857175553,0
404140,0.18387884336614022,-1.7040894178683146,1.1605935759517814,0
404144,0.18421454184786754,-1.7141603723201342,1.1763714045929656,0
404147,0.18723582818341344,-1.6983825436789501,1.1790569924467842,0
404151,0.18757152666514076,-1.6884794384679942,1.1837567711909667,0
404155,0.17565423056382085,-1.699893186846723,1.1837567711909667,0
404159,0.18337529564354924,-1.7119783321889066,1.1684824902723734,0
404163,0.16742961776150148,-1.6962005035477226,1.1738536659800107,0
404167,0.1766613260090028,-1.7056000610360875,1.1780498970016022,0
404171,0.15769436179140917,-1.6904936293583581,1.17519645990692,0
404175,0.16407263294422827,-1.6888151369497215,1.1669718471046004,0
404179,0.15651941710536355,-1.6963683527885862,1.1699931334401465,0
404183,0.15853360799572747,-1.7035858701457236,1.1574044403753718,0
404187,0.16189059281300067,-1.694522011139086,1.150354772259098,0
404190,0.1694438086518654,-1.6837796597238117,1.161768520637827,0
404194,0.17447928587777523,-1.6967040512703135,1.1654612039368275,0
404198,0.16121919584954603,-1.7061036087586785,1.1704966811627375,0
404202,0.16306553749904631,-1.6844510566872664,1.1577401388570991,0
404206,0.17397573815518425,-1.7079499504081788,1.1783855954833296,0
404210,0.18303959716182192,-1.7121461814297703,1.146494239719234,0
404214,0.18287174792095826,-1.729098954757,1.1663004501411458,0
404218,0.17968261234454871,-1.710803387502861,1.1619363698786906,0
404222,0.189921416037232,-1.7025787747005416,1.162775616083009,0
404226,0.19361409933623253,-1.7067750057221331,1.1649576562142365,0
404230,0.19747463187609673,-1.6901579308766308,1.1669718471046004,0
404233,0.18925001907377736,-1.685122453650721,1.1582436865796901,0
404237,0.18471808957045852,-1.700396734569314,1.160257877470054,0
404241,0.17901121538109407,-1.7096284428168154,1.1716716258487831,0
404245,0.1882429236285954,-1.7126497291523612,1.162775616083009,0
404249,0.19025711451895932,-1.6980468451972228,1.1792248416876479,0
404253,0.18488593881132218,-1.70341802090486,1.1787212939650569,0
404257,0.1766613260090028,-1.7116426337071793,1.1713359273670558,0
404261,0.16659037155718318,-1.7020752269779507,1.1758678568703747,0
404265,0.17061875333791104,-1.6774013885709926,1.1809033340962845,0
404269,0.17364003967345693,-1.70341802090486,1.1715037766079195,0
404272,0.17716487373159379,-1.7005645838101777,1.1710002288853285,0
404276,0.1694438086518654,-1.6873044937819486,1.1590829327840084,0
404280,0.15937285420004577,-1.6862973983367666,1.1631113145647363,0
404284,0.17347219043259327,-1.7168459601739527,1.1735179674982834,0
404288,0.1758220798046845,-1.7104676890211337,1.183588921950103,0
404292,0.18303959716182192,-1.7144960708018615,1.174692912184329,0
404296,0.189921416037232,-1.7035858701457236,1.1572365911345082,0
404300,0.1874036774242771,-1.6997253376058594,1.137094682230869,0
404304,0.1924391546501869,-1.6817654688334478,1.154886701762417,0
404308,0.18673228046082246,-1.6933470664530403,1.1666361486228731,0
404312,0.22802319371328297,-1.6862973983367666,1.1585793850614174,0
404315,0.18773937590600442,-1.6785763332570383,1.163782711528191,0
404319,0.18538948653391316,-1.702410925459678,1.1886243991760128,0
404323,0.18320744640268558,-1.7129854276340886,1.1689860379949644,0
404327,0.18169680323491263,-1.708285648889906,1.1748607614251927,0
404331,0.18236820019836728,-1.6931792172121767,1.1663004501411458,0
404335,0.17783627069504843,-1.7079499504081788,1.1631113145647363,0
404339,0.17364003967345693,-1.7220492866407262,1.159250782024872,0
404343,0.17380788891432059,-1.7287632562752726,1.1594186312657357,0
404347,0.17464713511863889,-1.7390020599679559,1.1770428015564203,0
404351,0.18220035095750362,-1.7160067139696344,1.161768520637827,0
404355,0.18673228046082246,-1.7119783321889066,1.1594186312657357,0
404358,0.1694438086518654,-1.6889829861905852,1.1715037766079195,0
404362,0.17985046158541237,-1.694018463416495,1.169657434958419,0
404366,0.18136110475318531,-1.7020752269779507,1.1780498970016022,0
404370,0.2120775158312352,-1.6626306553749903,1.1970168612191958,0
404374,0.16189059281300067,-1.6695124742504004,1.1802319371328298,0
404378,0.17464713511863889,-1.7086213473716334,1.163782711528191,0
404382,0.17464713511863889,-1.7336308842603187,1.1715037766079195,0
404386,0.17565423056382085,-1.7243991760128174,1.1710002288853285,0
404390,0.18152895399404897,-1.7151674677653161,1.1683146410315097,0
404394,0.18052185854886701,-1.7138246738384069,1.1740215152208744,0
404397,0.17196154726482032,-1.7455481803616388,1.1562294956893262,0
404401,0.16323338673990997,-1.7062714579995422,1.1641184100099182,0
404405,0.17196154726482032,-1.7368200198367283,1.1659647516594185,0
404409,0.1766613260090028,-1.7279240100709543,1.1876173037308309,0
404413,0.1724650949874113,-1.7383306630045012,1.1693217364766917,0
404417,0.16826886396581978,-1.6970397497520409,1.1595864805065994,0
404421,0.16709391927977416,-1.6834439612420844,1.1515297169451437,0
404425,0.18941786831464102,-1.7067750057221331,1.1614328221560997,0
404429,0.18757152666514076,-1.695025558861677,1.1807354848554208,0
404433,0.1843823910887312,-1.694522011139086,1.169657434958419,0
404437,0.18857862211032272,-1.702914473182269,1.1641184100099182,0
404440,0.181025406271458,-1.696032654306859,1.1704966811627375,0
404444,0.17884336614023041,-1.707782101167315,1.1698252841992827,0
404448,0.18387884336614022,-1.7091248950942244,1.1711680781261922,0
404452,0.18538948653391316,-1.7121461814297703,1.1642862592507819,0
404456,0.18052185854886701,-1.7129854276340886,1.1720073243305105,0
404460,0.17800411993591211,-1.725574120698863,1.1626077668421453,0
404464,0.17296864271000228,-1.726077668421454,1.1760357061112383,0
404468,0.17733272297245745,-1.7341344319829097,1.1768749523155566,0
404472,0.16558327611200122,-1.6893186846723125,1.1797283894102388,0
404476,0.17968261234454871,-1.6997253376058594,1.1802319371328298,0
404480,0.15215533684290836,-1.6978789959563592,1.1631113145647363,0
404483,0.162729839017319,-1.6978789959563592,1.1629434653238726,0
404487,0.16642252231631952,-1.6671625848783092,1.1678110933089187,0
404491,0.16826886396581978,-1.661791409170672,1.169153887235828,0
404495,0.16994735637445638,-1.6570916304264895,1.1644541084916455,0
404499,0.15719081406881819,-1.6760585946440834,1.1730144197756924,0
404503,0.16675822079804684,-1.6799191271839475,1.1562294956893262,0
404507,0.17598992904554817,-1.7027466239414053,1.1678110933089187,0
404511,0.18488593881132218,-1.700900282291905,1.177210650797284,0
404515,0.18925001907377736,-1.6965362020294499,1.174189364461738,0
404519,0.189921416037232,-1.69150072480354,1.145487144274052,0
404523,0.18622873273823148,-1.6975432974746318,1.1191348134584573,0
404526,0.18857862211032272,-1.699389639124132,1.109903105210956,0
404530,0.19797817959868771,-1.6738765545128556,1.135584039063096,0
404534,0.19881742580300601,-1.684115358205539,1.186610208285649,0
404538,0.19579613946746013,-1.6713588158999007,1.2121232928969252,0
404542,0.18471808957045852,-1.687136644541085,1.2007095445181963,0
404546,0.18857862211032272,-1.6956969558251316,1.1882887006942855,0
404550,0.18320744640268558,-1.7099641412985427,1.1839246204318303,0
404554,0.19193560692759593,-1.6852903028915847,1.1906385900663767,0
404558,0.15803006027313649,-1.6804226749065385,1.1745250629434654,0
404562,0.16474402990768292,-1.677233539330129,1.162272068360418,0
404565,0.16659037155718318,-1.685122453650721,1.142465857938506,0
404569,0.14745555809872588,-1.6881437399862669,1.1560616464484625,0
404573,0.1644083314259556,-1.6730373083085373,1.1483405813687342,0
404577,0.15719081406881819,-1.6864652475776303,1.1506904707408254,0
404581,0.161722743572137,-1.6958648050659952,1.1498512245365071,0
404585,0.16961165789272906,-1.6710231174181733,1.1674753948271914,0
404589,0.19898527504386967,-1.6780727855344473,1.1827496757457847,0
404593,0.18505378805218584,-1.6857938506141756,1.181574731059739,0
404597,0.18320744640268558,-1.7084534981307697,1.1629434653238726,0
404601,0.17985046158541237,-1.7020752269779507,1.1659647516594185,0
404605,0.19193560692759593,-1.6864652475776303,1.1621042191195543,0
404608,0.18673228046082246,-1.692004272526131,1.1589150835431448,0
404612,0.19529259174486915,-1.6814297703517205,1.161264972915236,0
404616,0.18538948653391316,-1.7002288853284504,1.163782711528191,0
404620,0.181025406271458,-1.699389639124132,1.1530403601129167,0
404624,0.18572518501564048,-1.700396734569314,1.1569008926527808,0
404628,0.16826886396581978,-1.6710231174181733,1.1817425803006028,0
404632,0.17229724574654764,-1.7025787747005416,1.1701609826810102,0
404636,0.1749828336003662,-1.7141603723201342,1.162272068360418,0
404640,0.18320744640268558,-1.725574120698863,1.1728465705348288,0
404644,0.16037994964522773,-1.690997177080949,1.1683146410315097,0
404648,0.16340123598077363,-1.6797512779430839,1.189967193102922,0
404651,0.16289768825818265,-1.6710231174181733,1.1787212939650569,0
404655,0.16507972838941024,-1.660280766002899,1.1832532234683757,0
404659,0.1451056687266346,-1.6997253376058594,1.1770428015564203,0
404663,0.15870145723659113,-1.696032654306859,1.1664682993820095,0
404667,0.16742961776150148,-1.6881437399862669,1.167643244068055,0
404671,0.16961165789272906,-1.661287861448081,1.1723430228122378,0
404675,0.16205844205386435,-1.67773708705272,1.1715037766079195,0
404679,0.1874036774242771,-1.6868009460593576,1.1604257267109177,0
404683,0.18136110475318531,-1.7042572671091782,1.1584115358205538,0
404687,0.17313649195086595,-1.7153353170061798,1.1632791638056,0
404690,0.18488593881132218,-1.712314030670634,1.1530403601129167,0
404694,0.17733272297245745,-1.7322880903334095,1.167643244068055,0
404698,0.16709391927977416,-1.700900282291905,1.152872510872053,0
404702,0.16575112535286488,-1.6685053788052184,1.1572365911345082,0
404706,0.1818646524757763,-1.6802548256656749,1.1589150835431448,0
404710,0.19478904402227817,-1.692004272526131,1.1659647516594185,0
404714,0.1818646524757763,-1.6918364232852674,1.1718394750896468,0
404718,0.1733043411917296,-1.7272526131074997,1.1689860379949644,0
404722,0.17061875333791104,-1.6903257801174945,1.1674753948271914,0
404726,0.17615777828641183,-1.7101319905394063,1.1657969024185548,0
404730,0.18505378805218584,-1.7015716792553597,1.1822461280231937,0
404733,0.18035400930800335,-1.7022430762188143,1.1824139772640574,0
404737,0.18790722514686808,-1.6879758907454032,1.1738536659800107,0
404741,0.17598992904554817,-1.7094605935759517,1.1743572137026017,0
404745,0.18203250171663996,-1.707782101167315,1.1787212939650569,0
404749,0.18941786831464102,-1.7099641412985427,1.1805676356145571,0
404753,0.20771343556878002,-1.6821011673151751,1.1892957961394675,0
404757,0.18555733577477682,-1.6992217898832684,1.176203555352102,0
404761,0.1775005722133211,-1.7242313267719538,1.1661326009002821,0
404765,0.18236820019836728,-1.6997253376058594,1.1728465705348288,0
404769,0.19663538567177843,-1.6899900816357671,1.175700007629511,0
404773,0.18320744640268558,-1.6992217898832684,1.1723430228122378,0
404776,0.18001831082627603,-1.7215457389181352,1.1755321583886473,0
404780,0.16742961776150148,-1.6958648050659952,1.1610971236743723,0
404784,0.16810101472495612,-1.6815976195925841,1.1411230640115968,0
404788,0.16675822079804684,-1.6839475089646754,1.1693217364766917,0
404792,0.1652475776302739,-1.6797512779430839,1.169657434958419,0
404796,0.16121919584954603,-1.6884794384679942,1.1560616464484625,0
404800,0.15803006027313649,-1.6883115892271305,1.1629434653238726,0
404804,0.1575265125505455,-1.6810940718699932,1.160761425192645,0
404808,0.16810101472495612,-1.6730373083085373,1.1862745098039216,0
404812,0.17733272297245745,-1.7155031662470435,1.1579079880979628,0
404816,0.16793316548409246,-1.694018463416495,1.1516975661860074,0
404819,0.1724650949874113,-1.7287632562752726,1.1669718471046004,0
404823,0.16390478370336461,-1.7030823224231326,1.1854352635996033,0
404827,0.18690012970168612,-1.7076142519264514,1.190470740825513,0
404831,0.17884336614023041,-1.7215457389181352,1.1941634241245136,0
404835,0.18622873273823148,-1.7052643625543602,1.184092469672694,0
404839,0.19109636072327763,-1.6980468451972228,1.161264972915236,0
404843,0.1843823910887312,-1.7061036087586785,1.1599221789883267,0
404847,0.20301365682459754,-1.6804226749065385,1.145487144274052,0
404851,0.16541542687113756,-1.6693446250095367,1.1516975661860074,0
404855,0.19126420996414129,-1.6752193484397648,1.1552224002441442,0
404858,0.18387884336614022,-1.6985503929198138,1.1560616464484625,0
404862,0.17548638132295719,-1.7175173571374074,1.1595864805065994,0
404866,0.17884336614023041,-1.7227206836041808,1.1579079880979628,0
404870,0.17901121538109407,-1.7165102616922254,1.1646219577325092,0
404874,0.1677653162432288,-1.6844510566872664,1.1711680781261922,0
404878,0.1541695277332723,-1.6779049362935836,1.1683146410315097,0
404882,0.15769436179140917,-1.6733730067902646,1.1605935759517814,0
404886,0.16256198977645533,-1.6799191271839475,1.1574044403753718,0
404890,0.16457618066681926,-1.6659876401922635,1.1649576562142365,0
404894,0.1519874876020447,-1.6941863126573586,1.1693217364766917,0
404898,0.162729839017319,-1.6888151369497215,1.1458228427557793,0
404901,0.1566872663462272,-1.6948577096208133,1.1624399176012816,0
404905,0.16877241168841076,-1.6745479514763102,1.154383154039826,0
404909,0.189921416037232,-1.6884794384679942,1.1755321583886473,0
404913,0.17716487373159379,-1.6904936293583581,1.173685816739147,0
404917,0.17548638132295719,-1.712314030670634,1.1651255054551002,0
404921,0.17531853208209353,-1.7240634775310901,1.1689860379949644,0
404925,0.1749828336003662,-1.7247348744945448,1.1699931334401465,0
404929,0.18639658197909514,-1.6988860914015411,1.1810711833371481,0
404933,0.17867551689936675,-1.7116426337071793,1.1721751735713741,0
404937,0.17196154726482032,-1.742526894026093,1.1678110933089187,0
404941,0.16726176852063782,-1.7052643625543602,1.1728465705348288,0
404944,0.17464713511863889,-1.7322880903334095,1.1730144197756924,0
404948,0.17632562752727549,-1.7183566033417257,1.1743572137026017,0
404952,0.19294270237277789,-1.6946898603799496,1.1839246204318303,0
404956,0.17263294422827496,-1.7257419699397267,1.17519645990692,0
404960,0.16558327611200122,-1.6878080415045396,1.1678110933089187,0
404964,0.1558480201419089,-1.6956969558251316,1.163782711528191,0
404968,0.16793316548409246,-1.6824368657969024,1.1798962386511025,0
404972,0.1686045624475471,-1.664812695506218,1.176203555352102,0
404976,0.16239414053559167,-1.6624628061341267,1.1632791638056,0
404980,0.18287174792095826,-1.7101319905394063,1.1661326009002821,0
404983,0.15719081406881819,-1.7030823224231326,1.174189364461738,0
404987,0.1592050049591821,-1.6873044937819486,1.1476691844052795,0
404991,0.17196154726482032,-1.7243991760128174,1.1869459067673762,0
404995,0.1613870450904097,-1.7121461814297703,1.1604257267109177,0
404999,0.1766613260090028,-1.7151674677653161,1.1683146410315097,0
405003,0.18052185854886701,-1.710803387502861,1.1641184100099182,0
405007,0.18925001907377736,-1.6948577096208133,1.1824139772640574,0
405011,0.1852216372930495,-1.6869687953002213,1.1572365911345082,0
405015,0.19663538567177843,-1.6713588158999007,1.1646219577325092,0
405019,0.18169680323491263,-1.6832761120012207,1.1527046616311893,0
405023,0.19042496375982298,-1.6713588158999007,1.1574044403753718,0
405026,0.18371099412527656,-1.6847867551689937,1.1599221789883267,0
405030,0.1874036774242771,-1.6789120317387656,1.1679789425497824,0
405034,0.18488593881132218,-1.6889829861905852,1.1678110933089187,0
405038,0.17280079346913862,-1.7233920805676355,1.1669718471046004,0
405042,0.17380788891432059,-1.7279240100709543,1.1673075455863278,0
405046,0.17481498435950255,-1.7388342107270922,1.181574731059739,0
405050,0.17565423056382085,-1.7247348744945448,1.183588921950103,0
405054,0.1835431448844129,-1.7269169146257723,1.1694895857175553,0
405058,0.18555733577477682,-1.728091859311818,1.1750286106660564,0
405062,0.17884336614023041,-1.729098954757,1.1679789425497824,0
405066,0.17548638132295719,-1.7307774471656365,1.1819104295414664,0
405069,0.17968261234454871,-1.7101319905394063,1.1894636453803311,0
405073,0.17884336614023041,-1.716678110933089,1.1832532234683757,0
405077,0.17699702449073013,-1.7052643625543602,1.163782711528191,0
405081,0.17129015030136568,-1.6748836499580375,1.1649576562142365,0
405085,0.1686045624475471,-1.6658197909513999,1.1730144197756924,0
405089,0.18841077286945906,-1.687136644541085,1.1626077668421453,0
405093,0.17901121538109407,-1.6936827649347677,1.1651255054551002,0
405097,0.17917906462195773,-1.7064393072404058,1.174189364461738,0
405101,0.1694438086518654,-1.6859616998550393,1.1535439078355076,0
405105,0.17766842145418477,-1.7064393072404058,1.155390249485008,0
405109,0.1785076676585031,-1.7106355382619973,1.1656290531776912,0
405112,0.18001831082627603,-1.7185244525825893,1.1555580987258716,0
405116,0.18035400930800335,-1.7155031662470435,1.1542153047989623,0
405120,0.17531853208209353,-1.7282597085526816,1.14448004882887,0
405124,0.18136110475318531,-1.718692301823453,1.1567330434119172,0
405128,0.1818646524757763,-1.7067750057221331,1.1644541084916455,0
405132,0.1874036774242771,-1.6992217898832684,1.173182269016556,0
405136,0.17917906462195773,-1.7066071564812695,1.1773785000381476,0
405140,0.16659037155718318,-1.6975432974746318,1.1725108720531014,0
405144,0.16037994964522773,-1.6752193484397648,1.173182269016556,0
405148,0.1733043411917296,-1.709292744335088,1.176203555352102,0
405151,0.18068970778973067,-1.7109712367437246,1.185099565117876,0
405155,0.16642252231631952,-1.671190966659037,1.1783855954833296,0
405159,0.15618371862363623,-1.676226443884947,1.1674753948271914,0
405163,0.16340123598077363,-1.673708705271992,1.160257877470054,0
405167,0.14795910582131686,-1.6970397497520409,1.1814068818188754,0
405171,0.16675822079804684,-1.694018463416495,1.1644541084916455,0
405175,0.16659037155718318,-1.6928435187304494,1.1750286106660564,0
405179,0.16105134660868237,-1.6728694590676736,1.151865415426871,0
405183,0.16340123598077363,-1.673708705271992,1.1431372549019607,0
405187,0.15769436179140917,-1.6700160219729914,1.1785534447241932,0
405191,0.17061875333791104,-1.6560845349813076,1.1629434653238726,0
405194,0.17481498435950255,-1.7032501716639963,1.1649576562142365,0
405198,0.16642252231631952,-1.6698481727321277,1.160761425192645,0
405202,0.17364003967345693,-1.6982146944380865,1.167139696345464,0
405206,0.1644083314259556,-1.678744182497902,1.1723430228122378,0
405210,0.17800411993591211,-1.7040894178683146,1.17519645990692,0
405214,0.18068970778973067,-1.7069428549629968,1.1839246204318303,0
405218,0.17364003967345693,-1.7213778896772716,1.1788891432059205,0
405222,0.17296864271000228,-1.7267490653849087,1.173182269016556,0
405226,0.17800411993591211,-1.726581216144045,1.1892957961394675,0
405230,0.18606088349736782,-1.7180209048599984,1.184596017395285,0
405234,0.18925001907377736,-1.6990539406424048,1.1788891432059205,0
405237,0.17716487373159379,-1.699389639124132,1.1683146410315097,0
405241,0.17447928587777523,-1.7091248950942244,1.1725108720531014,0
405245,0.19311055161364155,-1.6837796597238117,1.174692912184329,0
405249,0.18085755703059433,-1.6988860914015411,1.1730144197756924,0
405253,0.17598992904554817,-1.7175173571374074,1.1656290531776912,0
405257,0.152826733806363,-1.7002288853284504,1.1599221789883267,0
405261,0.1613870450904097,-1.7052643625543602,1.152872510872053,0
405265,0.1635690852216373,-1.6807583733882658,1.1498512245365071,0
405269,0.17011520561532006,-1.6659876401922635,1.1515297169451437,0
405273,0.17061875333791104,-1.663302052338445,1.190974288548104,0
405276,0.18941786831464102,-1.6889829861905852,1.1642862592507819,0
405280,0.16927595941100174,-1.6802548256656749,1.1688181887541007,0
405284,0.17263294422827496,-1.7205386434729533,1.169657434958419,0
405288,0.17766842145418477,-1.717685206378271,1.162272068360418,0
405292,0.1835431448844129,-1.7210421911955442,1.169657434958419,0
405296,0.18169680323491263,-1.7089570458533607,1.1740215152208744,0
405300,0.1801861600671397,-1.7274204623483633,1.1703288319218739,0
405304,0.18287174792095826,-1.7337987335011824,1.1750286106660564,0
405308,0.19143205920500495,-1.7134889753566795,1.1931563286793316,0
405312,0.19092851148241397,-1.7059357595178148,1.1797283894102388,0
405316,0.18841077286945906,-1.7025787747005416,1.1824139772640574,0
405319,0.18673228046082246,-1.7071107042038605,1.1711680781261922,0
405323,0.18471808957045852,-1.7072785534447241,1.17519645990692,0
405327,0.2009994659342336,-1.693514915693904,1.1755321583886473,0
405331,0.18505378805218584,-1.6899900816357671,1.1740215152208744,0
405335,0.18404669260700388,-1.7066071564812695,1.1704966811627375,0
405339,0.16961165789272906,-1.6752193484397648,1.1579079880979628,0
405343,0.1592050049591821,-1.676729991607538,1.152872510872053,0
405347,0.152826733806363,-1.6748836499580375,1.1562294956893262,0
405351,0.181025406271458,-1.6842832074464027,1.168146791790646,0
405355,0.16541542687113756,-1.6760585946440834,1.159754329747463,0
405359,0.16591897459372854,-1.6708552681773097,1.1480048828870069,0
405362,0.16189059281300067,-1.6804226749065385,1.1535439078355076,0
405366,0.18975356679636834,-1.6821011673151751,1.1701609826810102,0
405370,0.16205844205386435,-1.6812619211108568,1.1852674143587396,0
405374,0.1733043411917296,-1.7200350957503623,1.1723430228122378,0
405378,0.16759746700236514,-1.6889829861905852,1.1723430228122378,0
405382,0.17531853208209353,-1.7052643625543602,1.161768520637827,0
405386,0.18287174792095826,-1.7242313267719538,1.1720073243305105,0
405390,0.18941786831464102,-1.7109712367437246,1.1743572137026017,0
405394,0.18773937590600442,-1.686633096818494,1.174189364461738,0
405398,0.18941786831464102,-1.6943541618982223,1.1706645304036012,0
405402,0.18471808957045852,-1.70341802090486,1.1560616464484625,0
405405,0.18203250171663996,-1.6983825436789501,1.1642862592507819,0
405409,0.17783627069504843,-1.711810482948043,1.1669718471046004,0
405413,0.1818646524757763,-1.701907377737087,1.169657434958419,0
405417,0.1793469138628214,-1.7124818799114976,1.1689860379949644,0
405421,0.16759746700236514,-1.6874723430228122,1.1505226214999618,0
405425,0.1677653162432288,-1.6708552681773097,1.1516975661860074,0
405429,0.16877241168841076,-1.6636377508201723,1.161768520637827,0
405433,0.17196154726482032,-1.7210421911955442,1.1656290531776912,0
405437,0.16507972838941024,-1.6844510566872664,1.1616006713969633,0
405441,0.16659037155718318,-1.6886472877088579,1.1647898069733729,0
405444,0.1677653162432288,-1.6752193484397648,1.173182269016556,0
405448,0.16424048218509193,-1.669176775768673,1.176203555352102,0
405452,0.16810101472495612,-1.6688410772869458,1.1703288319218739,0
405456,0.17682917524986647,-1.696032654306859,1.1668039978637368,0
405460,0.16843671320668344,-1.6775692378118563,1.159754329747463,0
405464,0.17531853208209353,-1.6941863126573586,1.1605935759517814,0
405468,0.17682917524986647,-1.7035858701457236,1.1679789425497824,0
405472,0.18253604943923094,-1.6854581521324483,1.169153887235828,0
405476,0.18404669260700388,-1.7116426337071793,1.167643244068055,0
405480,0.1694438086518654,-1.692507820248722,1.159250782024872,0
405484,0.181025406271458,-1.6901579308766308,1.1577401388570991,0
405487,0.18757152666514076,-1.6857938506141756,1.1656290531776912,0
405491,0.17968261234454871,-1.6822690165560388,1.1684824902723734,0
405495,0.17901121538109407,-1.7032501716639963,1.1706645304036012,0
405499,0.17800411993591211,-1.7215457389181352,1.1646219577325092,0
405503,0.17380788891432059,-1.7277561608300906,1.130212863355459,0
405507,0.15786221103227283,-1.6990539406424048,1.119302662699321,0
405511,0.17296864271000228,-1.7151674677653161,1.1253452353704128,0
405515,0.17951476310368505,-1.7200350957503623,1.1511940184634164,0
405519,0.18673228046082246,-1.7119783321889066,1.1887922484168765,0
405523,0.18387884336614022,-1.7017395284962233,1.1936598764019226,0
405527,0.20200656137941558,-1.6733730067902646,1.1951705195696956,0
405530,0.18841077286945906,-1.6834439612420844,1.1832532234683757,0
405534,0.1835431448844129,-1.7037537193865873,1.1819104295414664,0
405538,0.17968261234454871,-1.702410925459678,1.1780498970016022,0
405542,0.1793469138628214,-1.7144960708018615,1.162775616083009,0
405546,0.17917906462195773,-1.7205386434729533,1.1535439078355076,0
405550,0.19982452124818798,-1.692507820248722,1.1609292744335087,0
405554,0.181025406271458,-1.6884794384679942,1.1619363698786906,0
405558,0.17431143663691157,-1.7042572671091782,1.1550545510032806,0
405562,0.1758220798046845,-1.7094605935759517,1.1590829327840084,0
405566,0.17515068284122987,-1.7228885328450445,1.1626077668421453,0
405569,0.18622873273823148,-1.711810482948043,1.173182269016556,0
405573,0.18001831082627603,-1.7153353170061798,1.1720073243305105,0
405577,0.19109636072327763,-1.702410925459678,1.1486762798504615,0
405581,0.17833981841763943,-1.7079499504081788,1.1545510032806896,0
405585,0.1707866025787747,-1.6821011673151751,1.159250782024872,0
405589,0.18035400930800335,-1.695529106584268,1.1577401388570991,0
405593,0.1801861600671397,-1.7069428549629968,1.1567330434119172,0
405597,0.1766613260090028,-1.7153353170061798,1.1542153047989623,0
405601,0.17699702449073013,-1.7109712367437246,1.1488441290913252,0
405605,0.17212939650568398,-1.7455481803616388,1.1629434653238726,0
405609,0.17649347676813915,-1.7277561608300906,1.1763714045929656,0
405612,0.1733043411917296,-1.7401770046540017,1.1730144197756924,0
405616,0.1801861600671397,-1.7331273365377278,1.1790569924467842,0
405620,0.16625467307545586,-1.683108262760357,1.169153887235828,0
405624,0.16961165789272906,-1.664812695506218,1.1788891432059205,0
405628,0.17632562752727549,-1.6821011673151751,1.175700007629511,0
405632,0.1758220798046845,-1.6970397497520409,1.1740215152208744,0
405636,0.161722743572137,-1.692507820248722,1.1787212939650569,0
405640,0.16675822079804684,-1.6903257801174945,1.173182269016556,0
405644,0.1785076676585031,-1.7059357595178148,1.1570687418936445,0
405648,0.15937285420004577,-1.6911650263218128,1.167643244068055,0
405652,0.16894026092927442,-1.6606164644846264,1.1664682993820095,0
405655,0.16239414053559167,-1.6658197909513999,1.1562294956893262,0
405659,0.17011520561532006,-1.6631342030975813,1.1506904707408254,0
405663,0.16826886396581978,-1.6614557106889447,1.1461585412375066,0
405667,0.18052185854886701,-1.6795834287022202,1.1377660791943236,0
405671,0.19176775768673227,-1.6730373083085373,1.1663004501411458,0
405675,0.18455024032959486,-1.6874723430228122,1.1629434653238726,0
405679,0.17548638132295719,-1.709292744335088,1.1609292744335087,0
405683,0.17263294422827496,-1.7322880903334095,1.167643244068055,0
405687,0.16793316548409246,-1.693011367971313,1.20087739375906,0
405691,0.16222629129472801,-1.6750514991989012,1.1903028915846494,0
405695,0.17699702449073013,-1.683108262760357,1.1793926909285115,0
405698,0.17716487373159379,-1.685626001373312,1.173182269016556,0
405702,0.17682917524986647,-1.700396734569314,1.1657969024185548,0
405706,0.20670634012359806,-1.6728694590676736,1.1745250629434654,0
405710,0.18404669260700388,-1.6990539406424048,1.1785534447241932,0
405714,0.18857862211032272,-1.702914473182269,1.169657434958419,0
405718,0.18673228046082246,-1.7067750057221331,1.1599221789883267,0
405722,0.17733272297245745,-1.7272526131074997,1.162272068360418,0
405726,0.18136110475318531,-1.7175173571374074,1.1689860379949644,0
405730,0.1827038986800946,-1.7274204623483633,1.1849317158770123,0
405734,0.18404669260700388,-1.7235599298084991,1.168650339513237,0
405737,0.19629968719005111,-1.718692301823453,1.1590829327840084,0
405741,0.18035400930800335,-1.7163424124513618,1.160257877470054,0
405745,0.17699702449073013,-1.7045929655909056,1.159250782024872,0
405749,0.16843671320668344,-1.6738765545128556,1.1616006713969633,0
405753,0.17716487373159379,-1.6862973983367666,1.1629434653238726,0
405757,0.16390478370336461,-1.6837796597238117,1.153879606317235,0
405761,0.16541542687113756,-1.6758907454032197,1.168650339513237,0
405765,0.162729839017319,-1.6847867551689937,1.184596017395285,0
405769,0.16289768825818265,-1.6765621423666743,1.1715037766079195,0
405773,0.15702296482795453,-1.6832761120012207,1.1785534447241932,0
405777,0.1635690852216373,-1.6668268863965818,1.195002670328832,0
405780,0.17447928587777523,-1.6938506141756313,1.14448004882887,0
405784,0.17397573815518425,-1.7124818799114976,1.1659647516594185,0
405788,0.17800411993591211,-1.721210040436408,1.1642862592507819,0
405792,0.1865644312199588,-1.7057679102769512,1.1605935759517814,0
405796,0.17682917524986647,-1.7035858701457236,1.1495155260547798,0
405800,0.18622873273823148,-1.71029983978027,1.1639505607690546,0
405804,0.19495689326314183,-1.7035858701457236,1.1730144197756924,0
405808,0.19294270237277789,-1.6829404135194934,1.1718394750896468,0
405812,0.1937819485770962,-1.6849546044098573,1.168146791790646,0
405816,0.17397573815518425,-1.7045929655909056,1.1703288319218739,0
405820,0.17515068284122987,-1.7203707942320896,1.1527046616311893,0
405823,0.17447928587777523,-1.7173495078965437,1.1480048828870069,0
405827,0.1741435873960479,-1.7232242313267718,1.1679789425497824,0
405831,0.17531853208209353,-1.727588311589227,1.1698252841992827,0
405835,0.16424048218509193,-1.6948577096208133,1.1745250629434654,0
405839,0.15853360799572747,-1.6995574883649958,1.1636148622873272,0
405843,0.16306553749904631,-1.6889829861905852,1.1720073243305105,0
405847,0.14443427176317997,-1.6941863126573586,1.1698252841992827,0
405851,0.1635690852216373,-1.671694514381628,1.1678110933089187,0
405855,0.1677653162432288,-1.6601129167620354,1.1664682993820095,0
405859,0.16507972838941024,-1.6580987258716715,1.1574044403753718,0
405862,0.1605477988860914,-1.6580987258716715,1.1599221789883267,0
405866,0.1818646524757763,-1.6730373083085373,1.1933241779201953,0
405870,0.17917906462195773,-1.683108262760357,1.163782711528191,0
405874,0.17682917524986647,-1.7020752269779507,1.1516975661860074,0
405878,0.18505378805218584,-1.699893186846723,1.1483405813687342,0
405882,0.17212939650568398,-1.7341344319829097,1.1522011139085984,0
405886,0.18136110475318531,-1.7238956282902265,1.153879606317235,0
405890,0.18773937590600442,-1.6926756694895857,1.1651255054551002,0
405894,0.18320744640268558,-1.7071107042038605,1.1785534447241932,0
405898,0.17867551689936675,-1.7227206836041808,1.160761425192645,0
405902,0.17296864271000228,-1.7289311055161363,1.1647898069733729,0
405905,0.1766613260090028,-1.7180209048599984,1.1582436865796901,0
405909,0.18807507438773174,-1.7222171358815899,1.1589150835431448,0
405913,0.17917906462195773,-1.7151674677653161,1.1689860379949644,0
405917,0.17985046158541237,-1.7045929655909056,1.1663004501411458,0
405921,0.1827038986800946,-1.7237277790493628,1.1715037766079195,0
405925,0.17968261234454871,-1.7056000610360875,1.1844281681544213,0
405929,0.18203250171663996,-1.7017395284962233,1.1839246204318303,0
405933,0.17481498435950255,-1.7215457389181352,1.186106660563058,0
405937,0.16558327611200122,-1.6852903028915847,1.1958419165331502,0
405941,0.17917906462195773,-1.6963683527885862,1.176707103074693,0
405945,0.17632562752727549,-1.7027466239414053,1.1594186312657357,0
405948,0.1874036774242771,-1.6956969558251316,1.185099565117876,0
405952,0.17733272297245745,-1.7220492866407262,1.1763714045929656,0
405956,0.19176775768673227,-1.692004272526131,1.169657434958419,0
405960,0.16759746700236514,-1.6758907454032197,1.162272068360418,0
405964,0.16977950713359272,-1.659777218280308,1.1558937972075989,0
405968,0.16977950713359272,-1.6488670176241702,1.159250782024872,0
405972,0.17531853208209353,-1.6903257801174945,1.1770428015564203,0
405976,0.1724650949874113,-1.7183566033417257,1.150858319981689,0
405980,0.1724650949874113,-1.7351415274280917,1.1493476768139161,0
405984,0.17212939650568398,-1.7554512855725948,1.1505226214999618,0
405988,0.1865644312199588,-1.7210421911955442,1.1577401388570991,0
405991,0.18488593881132218,-1.7141603723201342,1.154383154039826,0
405995,0.189921416037232,-1.701403830014496,1.1545510032806896,0
405999,0.18941786831464102,-1.7111390859845883,1.1480048828870069,0
406003,0.18857862211032272,-1.7037537193865873,1.1646219577325092,0
406007,0.18236820019836728,-1.6869687953002213,1.1656290531776912,0
406011,0.19713893339436941,-1.6666590371557182,1.1730144197756924,0
406015,0.189921416037232,-1.671694514381628,1.178217746242466,0
406019,0.19092851148241397,-1.6864652475776303,1.1743572137026017,0
406023,0.18303959716182192,-1.7020752269779507,1.173182269016556,0
406027,0.18001831082627603,-1.7163424124513618,1.1892957961394675,0
406030,0.19143205920500495,-1.6995574883649958,1.1812390325780118,0
406034,0.17985046158541237,-1.701907377737087,1.1803997863736935,0
406038,0.18538948653391316,-1.7138246738384069,1.1809033340962845,0
406042,0.19730678263523307,-1.6916685740444037,1.1753643091477837,0
406046,0.19646753643091477,-1.682604715037766,1.1631113145647363,0
406050,0.16507972838941024,-1.6604486152437627,1.1701609826810102,0
406054,0.181025406271458,-1.6730373083085373,1.1555580987258716,0
406058,0.16507972838941024,-1.6664911879148545,1.1599221789883267,0
406062,0.17531853208209353,-1.701403830014496,1.1471656366826886,0
406066,0.1843823910887312,-1.7064393072404058,1.14448004882887,0
406070,0.18555733577477682,-1.716174563210498,1.155390249485008,0
406073,0.18303959716182192,-1.7237277790493628,1.1582436865796901,0
406077,0.18975356679636834,-1.7062714579995422,1.1451514457923246,0
406081,0.1733043411917296,-1.7304417486839092,1.1515297169451437,0
406085,0.18404669260700388,-1.7287632562752726,1.1558937972075989,0
406089,0.18471808957045852,-1.718188754100862,1.1664682993820095,0
406093,0.1942854962996872,-1.7052643625543602,1.1817425803006028,0
406097,0.18639658197909514,-1.6977111467154955,1.1710002288853285,0
406101,0.16961165789272906,-1.6685053788052184,1.1590829327840084,0
406105,0.1951247425040055,-1.6710231174181733,1.1797283894102388,0
406109,0.19059281300068664,-1.6669947356374455,1.181574731059739,0
406113,0.18589303425650416,-1.6814297703517205,1.1760357061112383,0
406116,0.18455024032959486,-1.693514915693904,1.172678721293965,0
406120,0.17716487373159379,-1.6819333180743115,1.169153887235828,0
406124,0.16457618066681926,-1.6750514991989012,1.1807354848554208,0
406128,0.17901121538109407,-1.6977111467154955,1.1758678568703747,0
406132,0.17917906462195773,-1.6997253376058594,1.160257877470054,0
406136,0.19008926527809566,-1.6985503929198138,1.169657434958419,0
406140,0.1669260700389105,-1.6837796597238117,1.154383154039826,0
406144,0.162729839017319,-1.6829404135194934,1.150858319981689,0
406148,0.18606088349736782,-1.6904936293583581,1.1626077668421453,0
406152,0.18320744640268558,-1.702914473182269,1.1565651941710535,0
406155,0.1843823910887312,-1.7059357595178148,1.1575722896162355,0
406159,0.18052185854886701,-1.7089570458533607,1.1458228427557793,0
406163,0.18690012970168612,-1.6938506141756313,1.1490119783321888,0
406167,0.19008926527809566,-1.6862973983367666,1.1669718471046004,0
406171,0.18404669260700388,-1.6972075989929045,1.1679789425497824,0
406175,0.20771343556878002,-1.6715266651407643,1.1642862592507819,0
406179,0.19445334554055085,-1.6784084840161746,1.151865415426871,0
406183,0.19613183794918745,-1.6859616998550393,1.1663004501411458,0
406187,0.19092851148241397,-1.693514915693904,1.160761425192645,0
406191,0.1976424811169604,-1.6817654688334478,1.169657434958419,0
406195,0.19092851148241397,-1.6893186846723125,1.1716716258487831,0
406198,0.18622873273823148,-1.700396734569314,1.162775616083009,0
406202,0.17632562752727549,-1.701907377737087,1.1594186312657357,0
406206,0.18169680323491263,-1.6982146944380865,1.1515297169451437,0
406210,0.17917906462195773,-1.7072785534447241,1.1978561074235141,0
406214,0.18035400930800335,-1.7104676890211337,1.1874494544899672,0
406218,0.17196154726482032,-1.7442053864347296,1.1666361486228731,0
406222,0.16306553749904631,-1.7074464026855878,1.1723430228122378,0
406226,0.18690012970168612,-1.7114747844663156,1.1684824902723734,0
406230,0.16675822079804684,-1.7007324330510414,1.1740215152208744,0
406234,0.16927595941100174,-1.6886472877088579,1.1698252841992827,0
406238,0.16843671320668344,-1.6730373083085373,1.1582436865796901,0
406241,0.19361409933623253,-1.700396734569314,1.150858319981689,0
406245,0.18068970778973067,-1.7066071564812695,1.152872510872053,0
406249,0.17783627069504843,-1.7114747844663156,1.160257877470054,0
406253,0.18387884336614022,-1.7079499504081788,1.1616006713969633,0
406257,0.18589303425650416,-1.7126497291523612,1.160761425192645,0
406261,0.18723582818341344,-1.7012359807736324,1.1575722896162355,0
406265,0.19277485313191423,-1.6822690165560388,1.1456549935149156,0
406269,0.2031815060654612,-1.6629663538567176,1.1663004501411458,0
406273,0.1907606622415503,-1.6794155794613566,1.1663004501411458,0
406277,0.1852216372930495,-1.6822690165560388,1.1674753948271914,0
406281,0.18303959716182192,-1.7010681315327687,1.1478370336461432,0
406284,0.1843823910887312,-1.7017395284962233,1.1600900282291904,0
406288,0.18337529564354924,-1.7099641412985427,1.1654612039368275,0
406292,0.19193560692759593,-1.6891508354314488,1.162272068360418,0
406296,0.18941786831464102,-1.7002288853284504,1.1669718471046004,0
406300,0.16843671320668344,-1.6780727855344473,1.1715037766079195,0
406304,0.1724650949874113,-1.7168459601739527,1.159754329747463,0
406308,0.16894026092927442,-1.6740444037537192,1.1824139772640574,0
406312,0.1758220798046845,-1.6938506141756313,1.1812390325780118,0
406316,0.16843671320668344,-1.6708552681773097,1.1770428015564203,0
406320,0.16407263294422827,-1.6789120317387656,1.1562294956893262,0
406323,0.1724650949874113,-1.7146639200427252,1.1684824902723734,0
406327,0.17632562752727549,-1.7124818799114976,1.1755321583886473,0
406331,0.18371099412527656,-1.708285648889906,1.1803997863736935,0
406335,0.18371099412527656,-1.7136568245975432,1.1812390325780118,0
406339,0.18690012970168612,-1.7069428549629968,1.1589150835431448,0
406343,0.18538948653391316,-1.71718165865568,1.1555580987258716,0
406347,0.18387884336614022,-1.7072785534447241,1.160257877470054,0
406351,0.19311055161364155,-1.6770656900892653,1.159754329747463,0
406355,0.18421454184786754,-1.6926756694895857,1.1323949034866865,0
406359,0.18857862211032272,-1.7002288853284504,1.1758678568703747,0
406363,0.18152895399404897,-1.70341802090486,1.1688181887541007,0
406366,0.1942854962996872,-1.6980468451972228,1.1753643091477837,0
406370,0.1874036774242771,-1.69150072480354,1.172678721293965,0
406374,0.18387884336614022,-1.7012359807736324,1.1584115358205538,0
406378,0.17364003967345693,-1.7155031662470435,1.1157778286411841,0
406382,0.16826886396581978,-1.6844510566872664,1.1325627527275501,0
406386,0.18337529564354924,-1.709292744335088,1.1728465705348288,0
406390,0.18119325551232165,-1.6968719005111772,1.2139696345464255,0
406394,0.18606088349736782,-1.6990539406424048,1.207255664911879,0
406398,0.18941786831464102,-1.7129854276340886,1.1839246204318303,0
406402,0.16927595941100174,-1.6886472877088579,1.1651255054551002,0
406406,0.16256198977645533,-1.6891508354314488,1.184596017395285,0
406409,0.1686045624475471,-1.671190966659037,1.1933241779201953,0
406413,0.17481498435950255,-1.7079499504081788,1.1619363698786906,0
406417,0.17196154726482032,-1.7390020599679559,1.1421301594567788,0
406421,0.16977950713359272,-1.6953612573434043,1.1582436865796901,0
406425,0.16507972838941024,-1.670687418936446,1.1471656366826886,0
406429,0.18371099412527656,-1.6901579308766308,1.1483405813687342,0
406433,0.18471808957045852,-1.6956969558251316,1.1639505607690546,0
406437,0.17985046158541237,-1.694018463416495,1.1619363698786906,0
406441,0.20284580758373388,-1.693011367971313,1.1589150835431448,0
406445,0.18975356679636834,-1.6891508354314488,1.1516975661860074,0
406448,0.1865644312199588,-1.6797512779430839,1.1552224002441442,0
406452,0.19260700389105057,-1.6668268863965818,1.176707103074693,0
406456,0.20049591821164262,-1.668673228046082,1.1704966811627375,0
406460,0.1724650949874113,-1.7061036087586785,1.1641184100099182,0
406464,0.1818646524757763,-1.7030823224231326,1.2057450217441061,0
406468,0.14711985961699856,-1.699389639124132,1.1666361486228731,0
406472,0.17632562752727549,-1.71029983978027,1.1657969024185548,0
406476,0.16541542687113756,-1.6904936293583581,1.1827496757457847,0
406480,0.16793316548409246,-1.6805905241474022,1.1735179674982834,0
406484,0.17347219043259327,-1.7180209048599984,1.1584115358205538,0
406488,0.17766842145418477,-1.7237277790493628,1.1805676356145571,0
406491,0.17867551689936675,-1.725574120698863,1.1867780575265126,0
406495,0.16424048218509193,-1.6958648050659952,1.1778820477607386,0
406499,0.1608834973678187,-1.6695124742504004,1.1656290531776912,0
406503,0.16189059281300067,-1.6859616998550393,1.1600900282291904,0
406507,0.17045090409704738,-1.6569237811856259,1.1565651941710535,0
406511,0.17263294422827496,-1.7047608148317692,1.1577401388570991,0
406515,0.20435645075150682,-1.7035858701457236,1.1642862592507819,0
406519,0.17397573815518425,-1.7257419699397267,1.150858319981689,0
406523,0.17464713511863889,-1.7376592660410466,1.1550545510032806,0
406527,0.19411764705882353,-1.7343022812237734,1.1563973449301899,0
406531,0.19042496375982298,-1.7002288853284504,1.1669718471046004,0
406534,0.16927595941100174,-1.679247730220493,1.1560616464484625,0
406538,0.17917906462195773,-1.6985503929198138,1.1575722896162355,0
406542,0.17531853208209353,-1.7151674677653161,1.1522011139085984,0
406546,0.18001831082627603,-1.7225528343633172,1.1704966811627375,0
406550,0.18085755703059433,-1.7119783321889066,1.1809033340962845,0
406554,0.18287174792095826,-1.729098954757,1.1956740672922865,0
406558,0.1843823910887312,-1.7173495078965437,1.177714198519875,0
406562,0.18404669260700388,-1.7257419699397267,1.1822461280231937,0
406566,0.1835431448844129,-1.7247348744945448,1.1721751735713741,0
406570,0.18807507438773174,-1.7230563820859082,1.1716716258487831,0
406574,0.18941786831464102,-1.7141603723201342,1.1704966811627375,0
406577,0.1818646524757763,-1.7064393072404058,1.1649576562142365,0
406581,0.17833981841763943,-1.7106355382619973,1.1582436865796901,0
406585,0.1775005722133211,-1.7297703517204546,1.1738536659800107,0
406589,0.18790722514686808,-1.696032654306859,1.1706645304036012,0
406593,0.1937819485770962,-1.6928435187304494,1.1743572137026017,0
406597,0.1874036774242771,-1.6918364232852674,1.1661326009002821,0
406601,0.18706797894254978,-1.696032654306859,1.1589150835431448,0
406605,0.17464713511863889,-1.721210040436408,1.1609292744335087,0
406609,0.17548638132295719,-1.728091859311818,1.1679789425497824,0
406613,0.17800411993591211,-1.7309452964065002,1.1651255054551002,0
406616,0.17565423056382085,-1.7242313267719538,1.1616006713969633,0
406620,0.13805600061036086,-1.7141603723201342,1.1560616464484625,0
406624,0.1536659800106813,-1.7066071564812695,1.1703288319218739,0
406628,0.18152895399404897,-1.709796292057679,1.1642862592507819,0
406632,0.18119325551232165,-1.7017395284962233,1.1723430228122378,0
406636,0.1785076676585031,-1.7094605935759517,1.1594186312657357,0
406640,0.17867551689936675,-1.7240634775310901,1.159250782024872,0
406644,0.1932784008545052,-1.6893186846723125,1.1657969024185548,0
406648,0.18371099412527656,-1.694522011139086,1.169657434958419,0
406652,0.1827038986800946,-1.709796292057679,1.173685816739147,0
406656,0.19529259174486915,-1.7084534981307697,1.1750286106660564,0
406659,0.18690012970168612,-1.7109712367437246,1.1631113145647363,0
406663,0.18052185854886701,-1.709796292057679,1.1668039978637368,0
406667,0.18589303425650416,-1.707782101167315,1.159250782024872,0
406671,0.1835431448844129,-1.7215457389181352,1.160257877470054,0
406675,0.17884336614023041,-1.7254062714579994,1.1849317158770123,0
406679,0.17884336614023041,-1.7331273365377278,1.1882887006942855,0
406683,0.17263294422827496,-1.7406805523765927,1.182581826504921,0
406687,0.1758220798046845,-1.7227206836041808,1.1884565499351492,0
406691,0.17632562752727549,-1.7146639200427252,1.1896314946211948,0
406695,0.1686045624475471,-1.686633096818494,1.1656290531776912,0
406699,0.1592050049591821,-1.6810940718699932,1.1590829327840084,0
406702,0.15903715571831845,-1.678744182497902,1.1486762798504615,0
406706,0.1749828336003662,-1.7076142519264514,1.154886701762417,0
406710,0.1874036774242771,-1.7005645838101777,1.1525368123903257,0
406714,0.1608834973678187,-1.6710231174181733,1.169153887235828,0
406718,0.16289768825818265,-1.6715266651407643,1.1572365911345082,0
406722,0.16625467307545586,-1.6508812085145341,1.1572365911345082,0
406726,0.18236820019836728,-1.6616235599298084,1.1604257267109177,0
406730,0.18220035095750362,-1.6738765545128556,1.1810711833371481,0
406734,0.20251010910200656,-1.6535667963683527,1.1748607614251927,0
406738,0.17833981841763943,-1.678744182497902,1.177210650797284,0
406741,0.17884336614023041,-1.7114747844663156,1.1710002288853285,0
406745,0.17733272297245745,-1.7390020599679559,1.1654612039368275,0
406749,0.1793469138628214,-1.7254062714579994,1.1879530022125582,0
406753,0.17682917524986647,-1.7205386434729533,1.1698252841992827,0
406757,0.1733043411917296,-1.7378271152819103,1.1641184100099182,0
406761,0.17263294422827496,-1.749912260624094,1.1589150835431448,0
406765,0.18035400930800335,-1.7312809948882275,1.168146791790646,0
406769,0.19663538567177843,-1.7027466239414053,1.1780498970016022,0
406773,0.17632562752727549,-1.7072785534447241,1.1654612039368275,0
406777,0.16642252231631952,-1.673205157549401,1.162775616083009,0
406781,0.16289768825818265,-1.6708552681773097,1.1614328221560997,0
406784,0.17447928587777523,-1.6931792172121767,1.1614328221560997,0
406788,0.17901121538109407,-1.6987182421606775,1.1765392538338293,0
406792,0.17733272297245745,-1.7254062714579994,1.1844281681544213,0
406796,0.17598992904554817,-1.7371557183184556,1.1708323796444648,0
406800,0.16642252231631952,-1.6859616998550393,1.161768520637827,0
406804,0.16961165789272906,-1.6685053788052184,1.1698252841992827,0
406808,0.17649347676813915,-1.6869687953002213,1.1750286106660564,0
406812,0.18169680323491263,-1.6886472877088579,1.1704966811627375,0
406816,0.17447928587777523,-1.701907377737087,1.1683146410315097,0
406820,0.17699702449073013,-1.7007324330510414,1.175700007629511,0
406824,0.18622873273823148,-1.6990539406424048,1.1684824902723734,0
406827,0.18925001907377736,-1.6819333180743115,1.1798962386511025,0
406831,0.17481498435950255,-1.712817578393225,1.177714198519875,0
406835,0.1801861600671397,-1.721210040436408,1.1733501182574197,0
406839,0.18035400930800335,-1.7109712367437246,1.1710002288853285,0
406843,0.18404669260700388,-1.7178530556191347,1.1589150835431448,0
406847,0.19361409933623253,-1.7225528343633172,1.1666361486228731,0
406851,0.18538948653391316,-1.7151674677653161,1.178217746242466,0
406855,0.20351720454718852,-1.6839475089646754,1.167643244068055,0
406859,0.17649347676813915,-1.6951934081025406,1.1659647516594185,0
406863,0.18874647135118638,-1.7072785534447241,1.1654612039368275,0
406867,0.18589303425650416,-1.7114747844663156,1.1698252841992827,0
406870,0.1843823910887312,-1.7045929655909056,1.160761425192645,0
406874,0.17548638132295719,-1.7134889753566795,1.1683146410315097,0
406878,0.17364003967345693,-1.7282597085526816,1.162272068360418,0
406882,0.16407263294422827,-1.7072785534447241,1.1684824902723734,0
406886,0.16826886396581978,-1.6817654688334478,1.160761425192645,0
406890,0.1818646524757763,-1.6839475089646754,1.1689860379949644,0
406894,0.16843671320668344,-1.6661554894331272,1.174189364461738,0
406898,0.1550087739375906,-1.6690089265278094,1.1589150835431448,0
406902,0.16810101472495612,-1.6715266651407643,1.1567330434119172,0
406906,0.15870145723659113,-1.6789120317387656,1.1567330434119172,0
406909,0.1843823910887312,-1.6913328755626764,1.1716716258487831,0
406913,0.18471808957045852,-1.699893186846723,1.1661326009002821,0
406917,0.17716487373159379,-1.7027466239414053,1.160257877470054,0
406921,0.17481498435950255,-1.7218814373998625,1.1580758373388265,0
406925,0.19344625009536887,-1.726077668421454,1.1577401388570991,0
406929,0.1882429236285954,-1.7235599298084991,1.1787212939650569,0
406933,0.1890821698329137,-1.7005645838101777,1.1819104295414664,0
406937,0.18958571755550468,-1.7067750057221331,1.1750286106660564,0
406941,0.1827038986800946,-1.7257419699397267,1.1552224002441442,0
406945,0.1827038986800946,-1.739505607690547,1.150354772259098,0
406949,0.1827038986800946,-1.737491416800183,1.1798962386511025,0
406952,0.1865644312199588,-1.7119783321889066,1.1664682993820095,0
406956,0.1749828336003662,-1.724567025253681,1.1679789425497824,0
406960,0.17212939650568398,-1.7465552758068208,1.1624399176012816,0
406964,0.18639658197909514,-1.7252384222171357,1.1567330434119172,0
406968,0.18639658197909514,-1.7208743419546806,1.169657434958419,0
406972,0.1766613260090028,-1.7149996185244525,1.1693217364766917,0
406976,0.1749828336003662,-1.7262455176623177,1.1693217364766917,0
406980,0.16591897459372854,-1.6963683527885862,1.1595864805065994,0
406984,0.18589303425650416,-1.7025787747005416,1.1545510032806896,0
406988,0.1793469138628214,-1.7076142519264514,1.1666361486228731,0
406992,0.18136110475318531,-1.7047608148317692,1.169657434958419,0
406995,0.17833981841763943,-1.709796292057679,1.1632791638056,0
406999,0.17548638132295719,-1.7222171358815899,1.1557259479667352,0
407003,0.17800411993591211,-1.7262455176623177,1.1555580987258716,0
407007,0.18169680323491263,-1.7050965133134965,1.1642862592507819,0
407011,0.18488593881132218,-1.703921568627451,1.1674753948271914,0
407015,0.17867551689936675,-1.7160067139696344,1.1693217364766917,0
407019,0.1749828336003662,-1.7247348744945448,1.185099565117876,0
407023,0.17632562752727549,-1.7158388647287708,1.1575722896162355,0
407027,0.18169680323491263,-1.70341802090486,1.1750286106660564,0
407031,0.18706797894254978,-1.6881437399862669,1.1743572137026017,0
407034,0.18706797894254978,-1.6879758907454032,1.1480048828870069,0
407038,0.18220035095750362,-1.6928435187304494,1.1674753948271914,0
407042,0.17951476310368505,-1.7081177996490424,1.1694895857175553,0
407046,0.17884336614023041,-1.720706492713817,1.1698252841992827,0
407050,0.1733043411917296,-1.7343022812237734,1.1614328221560997,0
407054,0.161722743572137,-1.7106355382619973,1.1827496757457847,0
407058,0.1660868238345922,-1.6894865339131762,1.1688181887541007,0
407062,0.18035400930800335,-1.703921568627451,1.1577401388570991,0
407066,0.16575112535286488,-1.6770656900892653,1.1704966811627375,0
407070,0.16457618066681926,-1.6740444037537192,1.17519645990692,0
407074,0.1669260700389105,-1.6693446250095367,1.1550545510032806,0
407077,0.16558327611200122,-1.6611200122072174,1.1604257267109177,0
407081,0.16289768825818265,-1.6649805447470816,1.1659647516594185,0
407085,0.16961165789272906,-1.6596093690394444,1.1663004501411458,0
407089,0.1724650949874113,-1.6977111467154955,1.1745250629434654,0
407093,0.17817196917677577,-1.7116426337071793,1.177714198519875,0
407097,0.19629968719005111,-1.7071107042038605,1.1674753948271914,0
407101,0.17884336614023041,-1.7235599298084991,1.1656290531776912,0
407105,0.18538948653391316,-1.7240634775310901,1.1713359273670558,0
407109,0.18941786831464102,-1.709796292057679,1.1738536659800107,0
407113,0.19361409933623253,-1.7133211261158159,1.1701609826810102,0
407117,0.17867551689936675,-1.7223849851224535,1.1678110933089187,0
407120,0.18790722514686808,-1.6965362020294499,1.167643244068055,0
407124,0.18119325551232165,-1.6898222323949035,1.1500190737773708,0
407128,0.1890821698329137,-1.684115358205539,1.1673075455863278,0
407132,0.18925001907377736,-1.6857938506141756,1.1716716258487831,0
407136,0.18639658197909514,-1.6854581521324483,1.1819104295414664,0
407140,0.17364003967345693,-1.7096284428168154,1.1646219577325092,0
407144,0.16021210040436407,-1.6857938506141756,1.1980239566643778,0
407148,0.17061875333791104,-1.6671625848783092,1.1716716258487831,0
407152,0.17263294422827496,-1.7079499504081788,1.1716716258487831,0
407156,0.17364003967345693,-1.7144960708018615,1.1704966811627375,0
407160,0.15870145723659113,-1.7059357595178148,1.1605935759517814,0
407163,0.17280079346913862,-1.7336308842603187,1.1644541084916455,0
407167,0.16675822079804684,-1.7071107042038605,1.162272068360418,0
407171,0.18220035095750362,-1.700396734569314,1.1679789425497824,0
407175,0.18303959716182192,-1.7096284428168154,1.1616006713969633,0
407179,0.18555733577477682,-1.7144960708018615,1.1629434653238726,0
407183,0.181025406271458,-1.7111390859845883,1.1674753948271914,0
407187,0.18673228046082246,-1.7050965133134965,1.167139696345464,0
407191,0.19294270237277789,-1.6809262226291295,1.1728465705348288,0
407195,0.19143205920500495,-1.6809262226291295,1.1718394750896468,0
407199,0.1852216372930495,-1.6797512779430839,1.1641184100099182,0
407202,0.17733272297245745,-1.7124818799114976,1.1624399176012816,0
407206,0.17833981841763943,-1.708789196612497,1.1822461280231937,0
407210,0.17682917524986647,-1.7091248950942244,1.1798962386511025,0
407214,0.17196154726482032,-1.739505607690547,1.1673075455863278,0
407218,0.16659037155718318,-1.7163424124513618,1.1792248416876479,0
407222,0.15870145723659113,-1.7067750057221331,1.1646219577325092,0
407226,0.16507972838941024,-1.6730373083085373,1.174189364461738,0
407230,0.17280079346913862,-1.7099641412985427,1.1642862592507819,0
407234,0.17565423056382085,-1.7124818799114976,1.189967193102922,0
407238,0.17229724574654764,-1.7311131456473638,1.160761425192645,0
407242,0.16793316548409246,-1.702410925459678,1.1485084306095978,0
407245,0.19260700389105057,-1.6893186846723125,1.1510261692225527,0
407249,0.18136110475318531,-1.6963683527885862,1.1594186312657357,0
407253,0.19562829022659647,-1.6918364232852674,1.1590829327840084,0
407257,0.18555733577477682,-1.7079499504081788,1.1555580987258716,0
407261,0.20150301365682458,-1.692004272526131,1.1456549935149156,0
407265,0.19109636072327763,-1.687136644541085,1.1582436865796901,0
407269,0.18891432059205004,-1.6987182421606775,1.1631113145647363,0
407273,0.1907606622415503,-1.6973754482337682,1.1758678568703747,0
407277,0.18673228046082246,-1.701403830014496,1.169153887235828,0
407281,0.19143205920500495,-1.6987182421606775,1.1688181887541007,0
407285,0.17548638132295719,-1.7141603723201342,1.1793926909285115,0
407288,0.17364003967345693,-1.7183566033417257,1.174189364461738,0
407292,0.16424048218509193,-1.6913328755626764,1.1753643091477837,0
407296,0.17565423056382085,-1.6931792172121767,1.17519645990692,0
407300,0.161722743572137,-1.6884794384679942,1.1790569924467842,0
407304,0.14460212100404363,-1.696032654306859,1.163782711528191,0
407308,0.16977950713359272,-1.6698481727321277,1.1684824902723734,0
407312,0.1686045624475471,-1.664812695506218,1.1792248416876479,0
407316,0.16541542687113756,-1.6669947356374455,1.1624399176012816,0
407320,0.16340123598077363,-1.6730373083085373,1.1511940184634164,0
407324,0.17615777828641183,-1.7056000610360875,1.1609292744335087,0
407327,0.1733043411917296,-1.726077668421454,1.1689860379949644,0
407331,0.17531853208209353,-1.7259098191805904,1.1728465705348288,0
407335,0.1785076676585031,-1.7208743419546806,1.160257877470054,0
407339,0.16894026092927442,-1.6753871976806285,1.1204776073853666,0
407343,0.16541542687113756,-1.6758907454032197,1.1166170748455024,0
407347,0.17833981841763943,-1.6963683527885862,1.1483405813687342,0
407351,0.18606088349736782,-1.7012359807736324,1.184596017395285,0
407355,0.20720988784618904,-1.6774013885709926,1.2045700770580605,0
407359,0.17682917524986647,-1.6987182421606775,1.2101091020065613,0
407363,0.17280079346913862,-1.726581216144045,1.1780498970016022,0
407367,0.17212939650568398,-1.7480659189745937,1.1814068818188754,0
407370,0.1724650949874113,-1.7468909742885481,1.1802319371328298,0
407374,0.18001831082627603,-1.7418554970626383,1.1832532234683757,0
407378,0.16709391927977416,-1.704425116350042,1.1642862592507819,0
407382,0.17615777828641183,-1.7218814373998625,1.1453192950331883,0
407386,0.16575112535286488,-1.6837796597238117,1.1409552147707331,0
407390,0.1865644312199588,-1.6859616998550393,1.152872510872053,0
407394,0.17028305485618372,-1.6589379720759898,1.1570687418936445,0
407398,0.18119325551232165,-1.6742122529945829,1.1473334859235522,0
407402,0.17531853208209353,-1.703921568627451,1.1636148622873272,0
407406,0.18320744640268558,-1.712314030670634,1.1805676356145571,0
407410,0.18589303425650416,-1.7017395284962233,1.1770428015564203,0
407413,0.20922407873655297,-1.6592736705577171,1.177210650797284,0
407417,0.1865644312199588,-1.6700160219729914,1.174189364461738,0
407421,0.18052185854886701,-1.6886472877088579,1.152872510872053,0
407425,0.17985046158541237,-1.692004272526131,1.1636148622873272,0
407429,0.17783627069504843,-1.71029983978027,1.1605935759517814,0
407433,0.1749828336003662,-1.718188754100862,1.1632791638056,0
407437,0.16390478370336461,-1.7012359807736324,1.1647898069733729,0
407441,0.17045090409704738,-1.6720302128633553,1.1647898069733729,0
407445,0.16491187914854658,-1.6609521629663537,1.160257877470054,0
407449,0.1775005722133211,-1.704425116350042,1.1765392538338293,0
407453,0.19311055161364155,-1.6815976195925841,1.185603112840467,0
407456,0.17296864271000228,-1.7061036087586785,1.168650339513237,0
407460,0.1686045624475471,-1.6827725642786298,1.174189364461738,0
407464,0.16793316548409246,-1.6748836499580375,1.1704966811627375,0
407468,0.17397573815518425,-1.7002288853284504,1.1678110933089187,0
407472,0.17783627069504843,-1.7121461814297703,1.175700007629511,0
407476,0.17766842145418477,-1.726077668421454,1.173182269016556,0
407480,0.16491187914854658,-1.6879758907454032,1.1763714045929656,0
407484,0.1669260700389105,-1.6829404135194934,1.161264972915236,0
407488,0.16894026092927442,-1.6532310978866254,1.1666361486228731,0
407492,0.1793469138628214,-1.6859616998550393,1.1594186312657357,0
407495,0.1793469138628214,-1.7020752269779507,1.1589150835431448,0
407499,0.17296864271000228,-1.7215457389181352,1.1466620889600976,0
407503,0.19394979781795987,-1.7096284428168154,1.1501869230182344,0
407507,0.17917906462195773,-1.709796292057679,1.1599221789883267,0
407511,0.1775005722133211,-1.7277561608300906,1.1877851529716945,0
407515,0.18136110475318531,-1.7218814373998625,1.1563973449301899,0
407519,0.17296864271000228,-1.727084763866636,1.1664682993820095,0
407523,0.17649347676813915,-1.717685206378271,1.161768520637827,0
407527,0.17565423056382085,-1.712314030670634,1.1797283894102388,0
407531,0.18169680323491263,-1.699893186846723,1.1710002288853285,0
407535,0.18404669260700388,-1.7138246738384069,1.1758678568703747,0
407538,0.1758220798046845,-1.7086213473716334,1.1770428015564203,0
407542,0.17901121538109407,-1.7116426337071793,1.161768520637827,0
407546,0.1984817273212787,-1.678744182497902,1.1716716258487831,0
407550,0.17531853208209353,-1.7067750057221331,1.1743572137026017,0
407554,0.1865644312199588,-1.6983825436789501,1.1716716258487831,0
407558,0.18320744640268558,-1.7106355382619973,1.1728465705348288,0
407562,0.17431143663691157,-1.7151674677653161,1.1694895857175553,0
407566,0.18337529564354924,-1.7232242313267718,1.1703288319218739,0
407570,0.17699702449073013,-1.7061036087586785,1.1733501182574197,0
407574,0.17901121538109407,-1.7071107042038605,1.1795605401693752,0
407578,0.17531853208209353,-1.7232242313267718,1.1659647516594185,0
407581,0.17867551689936675,-1.7383306630045012,1.1485084306095978,0
407585,0.16894026092927442,-1.6908293278400854,1.1634470130464636,0
407589,0.19025711451895932,-1.6901579308766308,1.1565651941710535,0
407593,0.1766613260090028,-1.6990539406424048,1.1688181887541007,0
407597,0.17212939650568398,-1.7386663614862286,1.1656290531776912,0
407601,0.16239414053559167,-1.7076142519264514,1.1590829327840084,0
407605,0.16457618066681926,-1.687640192263676,1.168650339513237,0
407609,0.16910811017013808,-1.6560845349813076,1.167643244068055,0
407613,0.17598992904554817,-1.693011367971313,1.1725108720531014,0
407617,0.18236820019836728,-1.68461890592813,1.1698252841992827,0
407620,0.17901121538109407,-1.6978789959563592,1.1674753948271914,0
407624,0.17447928587777523,-1.708789196612497,1.1651255054551002,0
407628,0.18287174792095826,-1.7257419699397267,1.1721751735713741,0
407632,0.1874036774242771,-1.701907377737087,1.1496833752956435,0
407636,0.17431143663691157,-1.7062714579995422,1.1575722896162355,0
407640,0.17431143663691157,-1.7165102616922254,1.1485084306095978,0
407644,0.17263294422827496,-1.733966582742046,1.1674753948271914,0
407648,0.17968261234454871,-1.707782101167315,1.1871137560082399,0
407652,0.17682917524986647,-1.7183566033417257,1.1975204089417868,0
407656,0.16306553749904631,-1.6968719005111772,1.1758678568703747,0
407660,0.16474402990768292,-1.6827725642786298,1.1647898069733729,0
407663,0.16021210040436407,-1.668673228046082,1.1555580987258716,0
407667,0.15786221103227283,-1.6743801022354465,1.1609292744335087,0
407671,0.16323338673990997,-1.673205157549401,1.1683146410315097,0
407675,0.15803006027313649,-1.6757228961623558,1.1590829327840084,0
407679,0.15383382925154496,-1.6896543831540398,1.1471656366826886,0
407683,0.14980544747081712,-1.6889829861905852,1.1501869230182344,0
407687,0.16675822079804684,-1.6968719005111772,1.1666361486228731,0
407691,0.17800411993591211,-1.7151674677653161,1.1735179674982834,0
407695,0.17800411993591211,-1.7153353170061798,1.1710002288853285,0
407699,0.16910811017013808,-1.6799191271839475,1.1664682993820095,0
407703,0.1758220798046845,-1.695025558861677,1.1614328221560997,0
407706,0.18052185854886701,-1.695529106584268,1.1634470130464636,0
407710,0.18421454184786754,-1.7045929655909056,1.168146791790646,0
407714,0.18203250171663996,-1.6980468451972228,1.1743572137026017,0
407718,0.18119325551232165,-1.6972075989929045,1.1683146410315097,0
407722,0.18220035095750362,-1.7005645838101777,1.1349126420996414,0
407726,0.18555733577477682,-1.711306935225452,1.1716716258487831,0
407730,0.18857862211032272,-1.7030823224231326,1.183085374227512,0
407734,0.1660868238345922,-1.6760585946440834,1.1725108720531014,0
407738,0.1749828336003662,-1.7027466239414053,1.1626077668421453,0
407742,0.16507972838941024,-1.6797512779430839,1.193492027161059,0
407746,0.18857862211032272,-1.6968719005111772,1.1703288319218739,0
407749,0.1652475776302739,-1.6842832074464027,1.1701609826810102,0
407753,0.16205844205386435,-1.6869687953002213,1.1679789425497824,0
407757,0.15601586938277257,-1.6995574883649958,1.1590829327840084,0
407761,0.15685511558709087,-1.6921721217669947,1.1590829327840084,0
407765,0.16037994964522773,-1.6779049362935836,1.1589150835431448,0
407769,0.16256198977645533,-1.6800869764248112,1.1616006713969633,0
407773,0.1660868238345922,-1.6626306553749903,1.1647898069733729,0
407777,0.16793316548409246,-1.6690089265278094,1.1706645304036012,0
407781,0.1835431448844129,-1.7042572671091782,1.1666361486228731,0
407785,0.17951476310368505,-1.7059357595178148,1.1636148622873272,0
407788,0.17364003967345693,-1.7126497291523612,1.1810711833371481,0
407792,0.19126420996414129,-1.6931792172121767,1.1668039978637368,0
407796,0.18455024032959486,-1.6953612573434043,1.1763714045929656,0
407800,0.19881742580300601,-1.6943541618982223,1.167139696345464,0
407804,0.18790722514686808,-1.6854581521324483,1.1689860379949644,0
407808,0.18538948653391316,-1.7052643625543602,1.1646219577325092,0
407812,0.19411764705882353,-1.6980468451972228,1.1590829327840084,0
407816,0.18371099412527656,-1.702410925459678,1.1616006713969633,0
407820,0.1766613260090028,-1.708789196612497,1.159250782024872,0
407824,0.17397573815518425,-1.7249027237354084,1.1574044403753718,0
407828,0.1749828336003662,-1.7243991760128174,1.1646219577325092,0
407831,0.17481498435950255,-1.737994964522774,1.1955062180514229,0
407835,0.16877241168841076,-1.6956969558251316,1.1703288319218739,0
407839,0.15249103532463568,-1.703921568627451,1.162775616083009,0
407843,0.1600442511635004,-1.6928435187304494,1.158747234302281,0
407847,0.16340123598077363,-1.6817654688334478,1.168650339513237,0
407851,0.1785076676585031,-1.7025787747005416,1.1780498970016022,0
407855,0.16894026092927442,-1.670183871213855,1.1614328221560997,0
407859,0.17464713511863889,-1.709796292057679,1.1594186312657357,0
407863,0.16222629129472801,-1.6899900816357671,1.1763714045929656,0
407867,0.17313649195086595,-1.710803387502861,1.1616006713969633,0
407871,0.18337529564354924,-1.7213778896772716,1.1585793850614174,0
407874,0.18152895399404897,-1.7269169146257723,1.1795605401693752,0
407878,0.16877241168841076,-1.6926756694895857,1.1605935759517814,0
407882,0.1818646524757763,-1.6931792172121767,1.1678110933089187,0
407886,0.1793469138628214,-1.7010681315327687,1.1679789425497824,0
407890,0.18874647135118638,-1.6992217898832684,1.1718394750896468,0
407894,0.2023422598611429,-1.6951934081025406,1.1664682993820095,0
407898,0.1827038986800946,-1.7178530556191347,1.1669718471046004,0
407902,0.15131609063859006,-1.718188754100862,1.1699931334401465,0
407906,0.17682917524986647,-1.7165102616922254,1.163782711528191,0
407910,0.18320744640268558,-1.7218814373998625,1.1730144197756924,0
407913,0.17397573815518425,-1.7297703517204546,1.177210650797284,0
407917,0.16541542687113756,-1.7005645838101777,1.1814068818188754,0
407921,0.17380788891432059,-1.7232242313267718,1.1765392538338293,0
407925,0.16239414053559167,-1.6962005035477226,1.1631113145647363,0
407929,0.16642252231631952,-1.6678339818417638,1.1604257267109177,0
407933,0.16910811017013808,-1.6495384145876248,1.167643244068055,0
407937,0.1724650949874113,-1.6967040512703135,1.162775616083009,0
407941,0.17263294422827496,-1.7267490653849087,1.1458228427557793,0
407945,0.17699702449073013,-1.7111390859845883,1.1582436865796901,0
407949,0.18404669260700388,-1.71718165865568,1.1657969024185548,0
407953,0.18606088349736782,-1.7124818799114976,1.1657969024185548,0
407956,0.17682917524986647,-1.711306935225452,1.1540474555580986,0
407960,0.1775005722133211,-1.7358129243915463,1.1545510032806896,0
407964,0.18001831082627603,-1.7343022812237734,1.160761425192645,0
407968,0.17817196917677577,-1.7322880903334095,1.1604257267109177,0
407972,0.17632562752727549,-1.7158388647287708,1.1683146410315097,0
407976,0.17783627069504843,-1.7272526131074997,1.174692912184329,0
407980,0.16659037155718318,-1.7089570458533607,1.1679789425497824,0
407984,0.16222629129472801,-1.6898222323949035,1.1639505607690546,0
407988,0.1724650949874113,-1.7151674677653161,1.169153887235828,0
407992,0.14661631189440757,-1.716174563210498,1.1894636453803311,0
407996,0.1644083314259556,-1.694522011139086,1.1753643091477837,0
407999,0.15635156786449989,-1.6956969558251316,1.1684824902723734,0
408003,0.15735866330968185,-1.6992217898832684,1.1619363698786906,0
408007,0.1652475776302739,-1.6878080415045396,1.1703288319218739,0
408011,0.18455024032959486,-1.6962005035477226,1.1738536659800107,0
408015,0.1733043411917296,-1.720706492713817,1.1750286106660564,0
408019,0.1660868238345922,-1.6874723430228122,1.160257877470054,0
408023,0.16843671320668344,-1.6728694590676736,1.1659647516594185,0
408027,0.17447928587777523,-1.6938506141756313,1.1711680781261922,0
408031,0.16642252231631952,-1.6592736705577171,1.1661326009002821,0
408035,0.18152895399404897,-1.6894865339131762,1.1701609826810102,0
408039,0.19042496375982298,-1.6857938506141756,1.1626077668421453,0
408042,0.18673228046082246,-1.7000610360875867,1.1669718471046004,0
408046,0.16826886396581978,-1.67270160982681,1.1557259479667352,0
408050,0.17615777828641183,-1.6992217898832684,1.1699931334401465,0
408054,0.17783627069504843,-1.712817578393225,1.1664682993820095,0
408058,0.17447928587777523,-1.7225528343633172,1.1604257267109177,0
408062,0.16558327611200122,-1.68461890592813,1.1609292744335087,0
408066,0.16793316548409246,-1.673205157549401,1.1574044403753718,0
408070,0.17968261234454871,-1.6883115892271305,1.1790569924467842,0
408074,0.1852216372930495,-1.6901579308766308,1.1728465705348288,0
408078,0.16575112535286488,-1.6743801022354465,1.1738536659800107,0
408081,0.15635156786449989,-1.6862973983367666,1.1748607614251927,0
408085,0.16810101472495612,-1.676729991607538,1.168650339513237,0
408089,0.17431143663691157,-1.7012359807736324,1.1713359273670558,0
408093,0.16793316548409246,-1.685122453650721,1.177210650797284,0
408097,0.18001831082627603,-1.7084534981307697,1.1550545510032806,0
408101,0.18505378805218584,-1.6898222323949035,1.1584115358205538,0
408105,0.17615777828641183,-1.711810482948043,1.1565651941710535,0
408109,0.1951247425040055,-1.7054322117952239,1.1730144197756924,0
408113,0.16826886396581978,-1.6743801022354465,1.1656290531776912,0
408117,0.18975356679636834,-1.6760585946440834,1.1609292744335087,0
408121,0.17464713511863889,-1.7126497291523612,1.1624399176012816,0
408124,0.17515068284122987,-1.7222171358815899,1.1609292744335087,0
408128,0.16877241168841076,-1.678240634775311,1.1577401388570991,0
408132,0.1852216372930495,-1.687136644541085,1.1817425803006028,0
408136,0.17733272297245745,-1.7203707942320896,1.152872510872053,0
408140,0.16323338673990997,-1.693514915693904,1.1599221789883267,0
408144,0.18052185854886701,-1.70341802090486,1.1723430228122378,0
408148,0.1652475776302739,-1.6842832074464027,1.1699931334401465,0
408152,0.17800411993591211,-1.7084534981307697,1.1616006713969633,0
408156,0.1669260700389105,-1.6933470664530403,1.1710002288853285,0
408160,0.16474402990768292,-1.6857938506141756,1.1678110933089187,0
408164,0.17280079346913862,-1.7175173571374074,1.1733501182574197,0
408167,0.16642252231631952,-1.6703517204547187,1.1409552147707331,0
408171,0.18035400930800335,-1.6747158007171739,1.1733501182574197,0
408175,0.18119325551232165,-1.6812619211108568,1.1706645304036012,0
408179,0.19277485313191423,-1.6822690165560388,1.1594186312657357,0
408183,0.18421454184786754,-1.7050965133134965,1.1624399176012816,0
408187,0.18622873273823148,-1.7010681315327687,1.173182269016556,0
408191,0.19260700389105057,-1.6837796597238117,1.1683146410315097,0
408195,0.18119325551232165,-1.686129549095903,1.1755321583886473,0
408199,0.1793469138628214,-1.700900282291905,1.1713359273670558,0
408203,0.17515068284122987,-1.7163424124513618,1.177210650797284,0
408206,0.17380788891432059,-1.725070572976272,1.168146791790646,0
408210,0.17447928587777523,-1.7223849851224535,1.1735179674982834,0
408214,0.1785076676585031,-1.7168459601739527,1.1711680781261922,0
408218,0.15987640192263675,-1.6988860914015411,1.1664682993820095,0
408222,0.16742961776150148,-1.6936827649347677,1.1605935759517814,0
408226,0.1592050049591821,-1.6869687953002213,1.1657969024185548,0
408230,0.1694438086518654,-1.6750514991989012,1.167139696345464,0
408234,0.15769436179140917,-1.6693446250095367,1.1649576562142365,0
408238,0.16474402990768292,-1.6747158007171739,1.183085374227512,0
408242,0.16474402990768292,-1.6718623636224916,1.1624399176012816,0
408246,0.1652475776302739,-1.6658197909513999,1.1666361486228731,0
408249,0.18471808957045852,-1.6931792172121767,1.1694895857175553,0
408253,0.17817196917677577,-1.7143282215609978,1.1773785000381476,0
408257,0.16491187914854658,-1.6844510566872664,1.168650339513237,0
408261,0.17531853208209353,-1.709292744335088,1.160257877470054,0
408265,0.16390478370336461,-1.700900282291905,1.174189364461738,0
408269,0.17951476310368505,-1.7062714579995422,1.1792248416876479,0
408273,0.17229724574654764,-1.7289311055161363,1.1871137560082399,0
408277,0.17280079346913862,-1.7391699092088198,1.1634470130464636,0
408281,0.1686045624475471,-1.6946898603799496,1.1555580987258716,0
408285,0.16675822079804684,-1.6901579308766308,1.1616006713969633,0
408289,0.18035400930800335,-1.6967040512703135,1.1634470130464636,0
408292,0.1758220798046845,-1.7027466239414053,1.1624399176012816,0
408296,0.1785076676585031,-1.7086213473716334,1.1674753948271914,0
408300,0.17280079346913862,-1.7371557183184556,1.1600900282291904,0
408304,0.17447928587777523,-1.729602502479591,1.1609292744335087,0
408308,0.1793469138628214,-1.7228885328450445,1.1718394750896468,0
408312,0.19059281300068664,-1.6857938506141756,1.1516975661860074,0
408316,0.1843823910887312,-1.6983825436789501,1.1809033340962845,0
408320,0.17397573815518425,-1.7131532768749522,1.1785534447241932,0
408324,0.17682917524986647,-1.7119783321889066,1.1558937972075989,0
408328,0.18136110475318531,-1.710803387502861,1.12568093385214,0
408332,0.17800411993591211,-1.7217135881589989,1.1520332646677347,0
408335,0.1758220798046845,-1.7217135881589989,1.1433051041428244,0
408339,0.17867551689936675,-1.7317845426108185,1.1753643091477837,0
408343,0.16910811017013808,-1.6941863126573586,1.1971847104600595,0
408347,0.16642252231631952,-1.6624628061341267,1.2085984588387884,0
408351,0.18035400930800335,-1.6812619211108568,1.1961776150148775,0
408355,0.1827038986800946,-1.709796292057679,1.1884565499351492,0
408359,0.161722743572137,-1.6980468451972228,1.1849317158770123,0
408363,0.1575265125505455,-1.68461890592813,1.17519645990692,0
408367,0.15970855268177309,-1.6631342030975813,1.173685816739147,0
408371,0.1694438086518654,-1.6532310978866254,1.1560616464484625,0
408374,0.17229724574654764,-1.694522011139086,1.154886701762417,0
408378,0.16155489433127335,-1.6904936293583581,1.1495155260547798,0
408382,0.15886930647745479,-1.6878080415045396,1.151865415426871,0
408386,0.1758220798046845,-1.6972075989929045,1.1569008926527808,0
408390,0.18001831082627603,-1.7056000610360875,1.1723430228122378,0
408394,0.17968261234454871,-1.7049286640726329,1.1760357061112383,0
408398,0.18052185854886701,-1.7054322117952239,1.1812390325780118,0
408402,0.18001831082627603,-1.7151674677653161,1.1535439078355076,0
408406,0.1775005722133211,-1.7368200198367283,1.1721751735713741,0
408410,0.1827038986800946,-1.739505607690547,1.176707103074693,0
408414,0.1827038986800946,-1.7398413061722744,1.1666361486228731,0
408417,0.17565423056382085,-1.7282597085526816,1.1656290531776912,0
408421,0.18572518501564048,-1.7222171358815899,1.18207827878233,0
408425,0.16709391927977416,-1.6973754482337682,1.1560616464484625,0
408429,0.16507972838941024,-1.671190966659037,1.1669718471046004,0
408433,0.16323338673990997,-1.6705195696955824,1.161264972915236,0
408437,0.16877241168841076,-1.662294956893263,1.1802319371328298,0
408441,0.1558480201419089,-1.6889829861905852,1.159250782024872,0
408445,0.16155489433127335,-1.6832761120012207,1.1594186312657357,0
408449,0.16373693446250095,-1.6705195696955824,1.1750286106660564,0
408453,0.16591897459372854,-1.6586022735942625,1.1723430228122378,0
408457,0.16491187914854658,-1.6500419623102158,1.181574731059739,0
408460,0.16239414053559167,-1.6609521629663537,1.1810711833371481,0
408464,0.16793316548409246,-1.664309147783627,1.153879606317235,0
408468,0.17280079346913862,-1.701403830014496,1.1678110933089187,0
408472,0.17632562752727549,-1.7057679102769512,1.1795605401693752,0
408476,0.17951476310368505,-1.7096284428168154,1.1740215152208744,0
408480,0.16910811017013808,-1.6708552681773097,1.1656290531776912,0
408484,0.17212939650568398,-1.7175173571374074,1.1666361486228731,0
408488,0.17917906462195773,-1.7146639200427252,1.1651255054551002,0
408492,0.17548638132295719,-1.7208743419546806,1.1626077668421453,0
408496,0.17833981841763943,-1.7175173571374074,1.1666361486228731,0
408499,0.17196154726482032,-1.7500801098649577,1.158747234302281,0
408503,0.1677653162432288,-1.7042572671091782,1.1683146410315097,0
408507,0.16474402990768292,-1.6847867551689937,1.1773785000381476,0
408511,0.16877241168841076,-1.6673304341191728,1.2038986800946059,0
408515,0.17280079346913862,-1.710803387502861,1.1780498970016022,0
408519,0.15316243228809032,-1.7094605935759517,1.1621042191195543,0
408523,0.16642252231631952,-1.671694514381628,1.1684824902723734,0
408527,0.1686045624475471,-1.6606164644846264,1.1713359273670558,0
408531,0.17867551689936675,-1.6985503929198138,1.1803997863736935,0
408535,0.17615777828641183,-1.7139925230792705,1.1807354848554208,0
408539,0.16793316548409246,-1.6975432974746318,1.1770428015564203,0
408542,0.17649347676813915,-1.7099641412985427,1.1716716258487831,0
408546,0.16390478370336461,-1.695025558861677,1.1775463492790113,0
408550,0.17598992904554817,-1.7099641412985427,1.182581826504921,0
408554,0.18320744640268558,-1.720706492713817,1.173685816739147,0
408558,0.17011520561532006,-1.6834439612420844,1.1659647516594185,0
408562,0.16457618066681926,-1.6794155794613566,1.1946669718471046,0
408566,0.16709391927977416,-1.6728694590676736,1.1646219577325092,0
408570,0.17364003967345693,-1.7010681315327687,1.1636148622873272,0
408574,0.17313649195086595,-1.7136568245975432,1.1629434653238726,0
408578,0.16625467307545586,-1.6854581521324483,1.167139696345464,0
408582,0.13469901579308766,-1.711306935225452,1.1701609826810102,0
408585,0.16407263294422827,-1.699389639124132,1.1743572137026017,0
408589,0.17061875333791104,-1.6745479514763102,1.1755321583886473,0
408593,0.16994735637445638,-1.663805600061036,1.1663004501411458,0
408597,0.17733272297245745,-1.7020752269779507,1.1765392538338293,0
408601,0.18203250171663996,-1.7030823224231326,1.169153887235828,0
408605,0.17951476310368505,-1.7079499504081788,1.1616006713969633,0
408609,0.18538948653391316,-1.7131532768749522,1.167643244068055,0
408613,0.1946211947814145,-1.7000610360875867,1.1688181887541007,0
408617,0.18874647135118638,-1.7071107042038605,1.1689860379949644,0
408621,0.18622873273823148,-1.7066071564812695,1.1715037766079195,0
408625,0.17800411993591211,-1.7173495078965437,1.158747234302281,0
408628,0.18001831082627603,-1.7173495078965437,1.1582436865796901,0
408632,0.19613183794918745,-1.700900282291905,1.1842603189135577,0
408636,0.2065384908827344,-1.6802548256656749,1.1882887006942855,0
408640,0.19126420996414129,-1.686129549095903,1.1882887006942855,0
408644,0.18236820019836728,-1.679247730220493,1.1699931334401465,0
408648,0.18337529564354924,-1.7032501716639963,1.186106660563058,0
408652,0.18488593881132218,-1.7010681315327687,1.181574731059739,0
408656,0.17548638132295719,-1.7217135881589989,1.161264972915236,0
408660,0.15954070344090943,-1.6911650263218128,1.17519645990692,0
408664,0.1558480201419089,-1.7061036087586785,1.1563973449301899,0
408667,0.1613870450904097,-1.7071107042038605,1.1505226214999618,0
408671,0.16021210040436407,-1.687640192263676,1.1787212939650569,0
408675,0.15819790951400015,-1.671694514381628,1.1636148622873272,0
408679,0.16037994964522773,-1.665316243228809,1.1600900282291904,0
408683,0.1600442511635004,-1.6708552681773097,1.1570687418936445,0
408687,0.16977950713359272,-1.6619592584115357,1.1626077668421453,0
408691,0.20083161669336994,-1.6611200122072174,1.1657969024185548,0
408695,0.1686045624475471,-1.6537346456092163,1.1711680781261922,0
408699,0.17917906462195773,-1.684115358205539,1.162775616083009,0
408703,0.16994735637445638,-1.6688410772869458,1.1641184100099182,0
408707,0.17397573815518425,-1.7076142519264514,1.168650339513237,0
408710,0.18152895399404897,-1.7079499504081788,1.176203555352102,0
408714,0.19176775768673227,-1.6893186846723125,1.1785534447241932,0
408718,0.17800411993591211,-1.7134889753566795,1.1824139772640574,0
408722,0.17699702449073013,-1.7062714579995422,1.1649576562142365,0
408726,0.1733043411917296,-1.7257419699397267,1.1639505607690546,0
408730,0.18471808957045852,-1.7138246738384069,1.1985275043869688,0
408734,0.17951476310368505,-1.711810482948043,1.1788891432059205,0
408738,0.17699702449073013,-1.7027466239414053,1.1733501182574197,0
408742,0.1669260700389105,-1.695529106584268,1.172678721293965,0
408746,0.16558327611200122,-1.672198062104219,1.1689860379949644,0
408750,0.1660868238345922,-1.6604486152437627,1.1847638666361486,0
408753,0.16726176852063782,-1.663302052338445,1.1706645304036012,0
408757,0.16407263294422827,-1.6720302128633553,1.169657434958419,0
408761,0.16558327611200122,-1.663805600061036,1.1631113145647363,0
408765,0.16239414053559167,-1.6644769970244906,1.1657969024185548,0
408769,0.16373693446250095,-1.6557488364995803,1.1701609826810102,0
408773,0.17380788891432059,-1.6894865339131762,1.1679789425497824,0
408777,0.16222629129472801,-1.6815976195925841,1.1728465705348288,0
408781,0.18203250171663996,-1.6901579308766308,1.1636148622873272,0
408785,0.16575112535286488,-1.6720302128633553,1.1619363698786906,0
408789,0.17380788891432059,-1.6985503929198138,1.1708323796444648,0
408792,0.19294270237277789,-1.6879758907454032,1.174189364461738,0
408796,0.17817196917677577,-1.7133211261158159,1.1763714045929656,0
408800,0.18488593881132218,-1.71029983978027,1.1745250629434654,0
408804,0.16910811017013808,-1.6745479514763102,1.1775463492790113,0
408808,0.17901121538109407,-1.6931792172121767,1.1871137560082399,0
408812,0.181025406271458,-1.6970397497520409,1.181574731059739,0
408816,0.18035400930800335,-1.7032501716639963,1.1725108720531014,0
408820,0.16558327611200122,-1.6758907454032197,1.1822461280231937,0
408824,0.18253604943923094,-1.6770656900892653,1.1810711833371481,0
408828,0.17682917524986647,-1.6951934081025406,1.1689860379949644,0
408832,0.1801861600671397,-1.7091248950942244,1.1710002288853285,0
408835,0.19042496375982298,-1.6933470664530403,1.178217746242466,0
408839,0.18455024032959486,-1.702914473182269,1.1520332646677347,0
408843,0.1724650949874113,-1.729098954757,1.153879606317235,0
408847,0.17212939650568398,-1.7507515068284123,1.1669718471046004,0
408851,0.18488593881132218,-1.7307774471656365,1.1570687418936445,0
408855,0.1976424811169604,-1.7084534981307697,1.160761425192645,0
408859,0.16910811017013808,-1.6743801022354465,1.1542153047989623,0
408863,0.17196154726482032,-1.7228885328450445,1.1547188525215533,0
408867,0.18052185854886701,-1.7131532768749522,1.1636148622873272,0
408871,0.18337529564354924,-1.7178530556191347,1.1654612039368275,0
408875,0.18757152666514076,-1.7045929655909056,1.176707103074693,0
408878,0.19663538567177843,-1.6997253376058594,1.1448157473105973,0
408882,0.17733272297245745,-1.7238956282902265,1.1733501182574197,0
408886,0.181025406271458,-1.7071107042038605,1.1740215152208744,0
408890,0.17464713511863889,-1.7205386434729533,1.1879530022125582,0
408894,0.1801861600671397,-1.7220492866407262,1.1792248416876479,0
408898,0.17481498435950255,-1.733966582742046,1.168146791790646,0
408902,0.18253604943923094,-1.708285648889906,1.1718394750896468,0
408906,0.17313649195086595,-1.7282597085526816,1.1668039978637368,0
408910,0.17515068284122987,-1.720706492713817,1.1481727321278705,0
408914,0.17548638132295719,-1.728091859311818,1.1661326009002821,0
408918,0.16390478370336461,-1.7050965133134965,1.1600900282291904,0
408921,0.16843671320668344,-1.6829404135194934,1.1600900282291904,0
408925,0.16390478370336461,-1.6784084840161746,1.154383154039826,0
408929,0.1749828336003662,-1.7037537193865873,1.1710002288853285,0
408933,0.17447928587777523,-1.7079499504081788,1.161264972915236,0
408937,0.17212939650568398,-1.7408484016174564,1.162775616083009,0
408941,0.16759746700236514,-1.7027466239414053,1.152872510872053,0
408945,0.17901121538109407,-1.7079499504081788,1.1582436865796901,0
408949,0.18572518501564048,-1.703921568627451,1.1659647516594185,0
408953,0.18337529564354924,-1.716678110933089,1.1659647516594185,0
408957,0.17867551689936675,-1.729602502479591,1.1610971236743723,0
408960,0.16591897459372854,-1.6878080415045396,1.162775616083009,0
408964,0.1852216372930495,-1.6911650263218128,1.160761425192645,0
408968,0.1835431448844129,-1.7015716792553597,1.1755321583886473,0
408972,0.19831387808041503,-1.6805905241474022,1.1805676356145571,0
408976,0.18925001907377736,-1.6874723430228122,1.1844281681544213,0
408980,0.1733043411917296,-1.7178530556191347,1.169657434958419,0
408984,0.18421454184786754,-1.7222171358815899,1.1565651941710535,0
408988,0.18471808957045852,-1.718188754100862,1.1654612039368275,0
408992,0.17464713511863889,-1.7247348744945448,1.1755321583886473,0
408996,0.17833981841763943,-1.7205386434729533,1.1642862592507819,0
409000,0.16961165789272906,-1.683108262760357,1.1285343709468223,0
409003,0.1758220798046845,-1.7010681315327687,1.1530403601129167,0
409007,0.17632562752727549,-1.7059357595178148,1.1569008926527808,0
409011,0.1724650949874113,-1.7314488441290912,1.168650339513237,0
409015,0.17196154726482032,-1.7546120393682765,1.1693217364766917,0
409019,0.17380788891432059,-1.744037537193866,1.198359655146105,0
409023,0.16474402990768292,-1.7119783321889066,1.1605935759517814,0
409027,0.16424048218509193,-1.6886472877088579,1.162775616083009,0
409031,0.17364003967345693,-1.7042572671091782,1.1738536659800107,0
409035,0.17464713511863889,-1.7237277790493628,1.1750286106660564,0
409039,0.1758220798046845,-1.7160067139696344,1.1718394750896468,0
409043,0.16843671320668344,-1.68461890592813,1.1688181887541007,0
409046,0.17682917524986647,-1.694522011139086,1.1689860379949644,0
409050,0.18455024032959486,-1.6985503929198138,1.183588921950103,0
409054,0.18706797894254978,-1.6868009460593576,1.1748607614251927,0
409058,0.17313649195086595,-1.7061036087586785,1.1616006713969633,0
409062,0.17515068284122987,-1.7173495078965437,1.1699931334401465,0
409066,0.1785076676585031,-1.7129854276340886,1.162775616083009,0
409070,0.18287174792095826,-1.7297703517204546,1.1889600976577401,0
409074,0.17968261234454871,-1.7126497291523612,1.1636148622873272,0
409078,0.16877241168841076,-1.6883115892271305,1.1644541084916455,0
409082,0.17212939650568398,-1.7337987335011824,1.1634470130464636,0
409085,0.16407263294422827,-1.7022430762188143,1.154383154039826,0
409089,0.1608834973678187,-1.6671625848783092,1.159754329747463,0
409093,0.1766613260090028,-1.6874723430228122,1.1663004501411458,0
409097,0.15786221103227283,-1.6839475089646754,1.1654612039368275,0
409101,0.17196154726482032,-1.7306095979247729,1.1616006713969633,0
409105,0.16843671320668344,-1.6889829861905852,1.167643244068055,0
409109,0.17347219043259327,-1.7220492866407262,1.1913099870298314,0
409113,0.17632562752727549,-1.711306935225452,1.189967193102922,0
409117,0.17598992904554817,-1.7228885328450445,1.177210650797284,0
409121,0.1758220798046845,-1.7215457389181352,1.1743572137026017,0
409125,0.1843823910887312,-1.7079499504081788,1.1721751735713741,0
409128,0.18706797894254978,-1.6963683527885862,1.1778820477607386,0
409132,0.18690012970168612,-1.6970397497520409,1.1730144197756924,0
409136,0.17867551689936675,-1.7156710154879071,1.163782711528191,0
409140,0.16961165789272906,-1.685122453650721,1.1674753948271914,0
409144,0.16373693446250095,-1.664309147783627,1.1584115358205538,0
409148,0.17716487373159379,-1.6636377508201723,1.1657969024185548,0
409152,0.1793469138628214,-1.692507820248722,1.167643244068055,0
409156,0.17531853208209353,-1.7133211261158159,1.1626077668421453,0
409160,0.16424048218509193,-1.6883115892271305,1.1590829327840084,0
409164,0.1775005722133211,-1.726077668421454,1.1639505607690546,0
409168,0.16541542687113756,-1.695529106584268,1.1501869230182344,0
409171,0.1686045624475471,-1.6723659113450826,1.1634470130464636,0
409175,0.14225223163195239,-1.6812619211108568,1.1626077668421453,0
409179,0.13889524681467919,-1.694018463416495,1.1537117570763713,0
409183,0.15685511558709087,-1.6901579308766308,1.1582436865796901,0
409187,0.17296864271000228,-1.7126497291523612,1.1626077668421453,0
409191,0.18606088349736782,-1.7032501716639963,1.1624399176012816,0
409195,0.18622873273823148,-1.7054322117952239,1.1699931334401465,0
409199,0.19797817959868771,-1.6864652475776303,1.1674753948271914,0
409203,0.17901121538109407,-1.7015716792553597,1.1646219577325092,0
409207,0.1924391546501869,-1.6834439612420844,1.1758678568703747,0
409211,0.19881742580300601,-1.6862973983367666,1.173685816739147,0
409214,0.19713893339436941,-1.6695124742504004,1.1728465705348288,0
409218,0.19579613946746013,-1.6636377508201723,1.1641184100099182,0
409222,0.189921416037232,-1.6738765545128556,1.1649576562142365,0
409226,0.17917906462195773,-1.6852903028915847,1.1656290531776912,0
409230,0.18807507438773174,-1.699389639124132,1.1716716258487831,0
409234,0.18538948653391316,-1.7074464026855878,1.1599221789883267,0
409238,0.18035400930800335,-1.7101319905394063,1.1594186312657357,0
409242,0.19059281300068664,-1.695529106584268,1.1550545510032806,0
409246,0.14460212100404363,-1.6946898603799496,1.1698252841992827,0
409250,0.17615777828641183,-1.7089570458533607,1.1753643091477837,0
409253,0.19008926527809566,-1.699893186846723,1.183588921950103,0
409257,0.17028305485618372,-1.6656519417105362,1.1718394750896468,0
409261,0.16189059281300067,-1.6819333180743115,1.1684824902723734,0
409265,0.16793316548409246,-1.6750514991989012,1.1701609826810102,0
409269,0.15651941710536355,-1.68461890592813,1.1859388113221943,0
409273,0.17901121538109407,-1.6980468451972228,1.1733501182574197,0
409277,0.1766613260090028,-1.704425116350042,1.1396124208438239,0
409281,0.16994735637445638,-1.6814297703517205,1.121820401312276,0
409285,0.16373693446250095,-1.6644769970244906,1.1258487830930037,0
409289,0.20368505378805218,-1.652895399404898,1.1614328221560997,0
409293,0.18606088349736782,-1.6750514991989012,1.1978561074235141,0
409296,0.19260700389105057,-1.6733730067902646,1.1971847104600595,0
409300,0.18690012970168612,-1.6854581521324483,1.1803997863736935,0
409304,0.18958571755550468,-1.69150072480354,1.1798962386511025,0
409308,0.1882429236285954,-1.7071107042038605,1.1574044403753718,0
409312,0.18572518501564048,-1.7040894178683146,1.1768749523155566,0
409316,0.18220035095750362,-1.7022430762188143,1.1532082093537803,0
409320,0.1724650949874113,-1.728091859311818,1.133569848172732,0
409324,0.17129015030136568,-1.6807583733882658,1.1283665217059586,0
409328,0.1793469138628214,-1.701403830014496,1.1468299382009612,0
409332,0.17733272297245745,-1.725070572976272,1.1619363698786906,0
409336,0.17196154726482032,-1.7470588235294118,1.172678721293965,0
409339,0.17481498435950255,-1.749408712901503,1.1874494544899672,0
409343,0.1775005722133211,-1.7457160296025025,1.1844281681544213,0
409347,0.1741435873960479,-1.7426947432669566,1.1892957961394675,0
409351,0.17901121538109407,-1.7249027237354084,1.1995345998321507,0
409355,0.1733043411917296,-1.7356450751506827,1.183085374227512,0
409359,0.17280079346913862,-1.7472266727702754,1.1783855954833296,0
409363,0.162729839017319,-1.7178530556191347,1.1740215152208744,0
409367,0.16742961776150148,-1.6938506141756313,1.1599221789883267,0
409371,0.17649347676813915,-1.7007324330510414,1.1646219577325092,0
409375,0.18203250171663996,-1.6983825436789501,1.1511940184634164,0
409378,0.1852216372930495,-1.6923399710078584,1.1414587624933241,0
409382,0.1741435873960479,-1.7170138094148164,1.1520332646677347,0
409386,0.17901121538109407,-1.7138246738384069,1.1595864805065994,0
409390,0.1793469138628214,-1.7151674677653161,1.1574044403753718,0
409394,0.18119325551232165,-1.7015716792553597,1.1706645304036012,0
409398,0.17431143663691157,-1.7076142519264514,1.184596017395285,0
409402,0.18085755703059433,-1.7153353170061798,1.1641184100099182,0
409406,0.17229724574654764,-1.7343022812237734,1.1730144197756924,0
409410,0.17196154726482032,-1.750919356069276,1.1803997863736935,0
409414,0.17364003967345693,-1.7408484016174564,1.1792248416876479,0
409418,0.1669260700389105,-1.7074464026855878,1.177714198519875,0
409421,0.1600442511635004,-1.6946898603799496,1.161768520637827,0
409425,0.15467307545586328,-1.6931792172121767,1.1614328221560997,0
409429,0.16894026092927442,-1.6669947356374455,1.1725108720531014,0
409433,0.17196154726482032,-1.7165102616922254,1.1803997863736935,0
409437,0.16575112535286488,-1.68461890592813,1.1703288319218739,0
409441,0.16910811017013808,-1.6624628061341267,1.1728465705348288,0
409445,0.2117418173495079,-1.656420233463035,1.1614328221560997,0
409449,0.19059281300068664,-1.6606164644846264,1.1684824902723734,0
409453,0.18303959716182192,-1.6857938506141756,1.1644541084916455,0
409457,0.18068970778973067,-1.6958648050659952,1.1844281681544213,0
409461,0.18035400930800335,-1.7047608148317692,1.1669718471046004,0
409464,0.1843823910887312,-1.7040894178683146,1.1701609826810102,0
409468,0.18723582818341344,-1.6928435187304494,1.1656290531776912,0
409472,0.1785076676585031,-1.7025787747005416,1.1624399176012816,0
409476,0.17951476310368505,-1.707782101167315,1.167643244068055,0
409480,0.18001831082627603,-1.7220492866407262,1.1689860379949644,0
409484,0.16491187914854658,-1.6785763332570383,1.1619363698786906,0
409488,0.18387884336614022,-1.6886472877088579,1.1718394750896468,0
409492,0.1865644312199588,-1.687136644541085,1.167643244068055,0
409496,0.18169680323491263,-1.6842832074464027,1.173685816739147,0
409500,0.18589303425650416,-1.6881437399862669,1.1644541084916455,0
409504,0.17733272297245745,-1.727588311589227,1.1565651941710535,0
409507,0.1843823910887312,-1.7146639200427252,1.160257877470054,0
409511,0.18169680323491263,-1.7064393072404058,1.1797283894102388,0
409515,0.18052185854886701,-1.7071107042038605,1.1716716258487831,0
409519,0.18589303425650416,-1.7076142519264514,1.1604257267109177,0
409523,0.16759746700236514,-1.6800869764248112,1.1562294956893262,0
409527,0.18068970778973067,-1.6958648050659952,1.1631113145647363,0
409531,0.18404669260700388,-1.7052643625543602,1.1711680781261922,0
409535,0.18757152666514076,-1.6958648050659952,1.1673075455863278,0
409539,0.1843823910887312,-1.6992217898832684,1.1642862592507819,0
409543,0.17531853208209353,-1.7183566033417257,1.1669718471046004,0
409546,0.1741435873960479,-1.7259098191805904,1.167643244068055,0
409550,0.17598992904554817,-1.729098954757,1.1678110933089187,0
409554,0.16726176852063782,-1.6906614785992218,1.162272068360418,0
409558,0.17196154726482032,-1.7312809948882275,1.1575722896162355,0
409562,0.17212939650568398,-1.7515907530327306,1.1698252841992827,0
409566,0.17212939650568398,-1.7636758983749141,1.161768520637827,0
409570,0.18320744640268558,-1.7453803311207752,1.146997787441825,0
409574,0.17884336614023041,-1.7341344319829097,1.161264972915236,0
409578,0.17817196917677577,-1.7376592660410466,1.1678110933089187,0
409582,0.17800411993591211,-1.734470130464637,1.1879530022125582,0
409586,0.18152895399404897,-1.7227206836041808,1.1928206301976043,0
409589,0.19562829022659647,-1.6968719005111772,1.161768520637827,0
409593,0.18941786831464102,-1.6926756694895857,1.1778820477607386,0
409597,0.17968261234454871,-1.6928435187304494,1.1624399176012816,0
409601,0.17968261234454871,-1.6962005035477226,1.1547188525215533,0
409605,0.1749828336003662,-1.7126497291523612,1.1632791638056,0
409609,0.17901121538109407,-1.702410925459678,1.181574731059739,0
409613,0.18085755703059433,-1.7025787747005416,1.1614328221560997,0
409617,0.1801861600671397,-1.718692301823453,1.1609292744335087,0
409621,0.16826886396581978,-1.679247730220493,1.1659647516594185,0
409625,0.16642252231631952,-1.659777218280308,1.167643244068055,0
409629,0.17716487373159379,-1.6779049362935836,1.1649576562142365,0
409632,0.17716487373159379,-1.6873044937819486,1.1594186312657357,0
409636,0.17733272297245745,-1.7240634775310901,1.1704966811627375,0
409640,0.1724650949874113,-1.7437018387121386,1.1480048828870069,0
409644,0.18085755703059433,-1.7279240100709543,1.1579079880979628,0
409648,0.17968261234454871,-1.7096284428168154,1.1600900282291904,0
409652,0.1946211947814145,-1.6913328755626764,1.1693217364766917,0
409656,0.18975356679636834,-1.6868009460593576,1.1758678568703747,0
409660,0.17598992904554817,-1.7079499504081788,1.1610971236743723,0
409664,0.18723582818341344,-1.7025787747005416,1.162272068360418,0
409668,0.1793469138628214,-1.7052643625543602,1.1775463492790113,0
409671,0.18253604943923094,-1.683108262760357,1.176203555352102,0
409675,0.18757152666514076,-1.6849546044098573,1.1770428015564203,0
409679,0.18052185854886701,-1.6978789959563592,1.1486762798504615,0
409683,0.16424048218509193,-1.6824368657969024,1.1629434653238726,0
409687,0.18136110475318531,-1.69150072480354,1.160257877470054,0
409691,0.18287174792095826,-1.7146639200427252,1.169153887235828,0
409695,0.16742961776150148,-1.6883115892271305,1.1755321583886473,0
409699,0.16659037155718318,-1.6918364232852674,1.1951705195696956,0
409703,0.17263294422827496,-1.721210040436408,1.1649576562142365,0
409707,0.1635690852216373,-1.6906614785992218,1.1634470130464636,0
409711,0.16910811017013808,-1.662294956893263,1.18207827878233,0
409714,0.17280079346913862,-1.7056000610360875,1.1765392538338293,0
409718,0.17397573815518425,-1.726077668421454,1.1652933546959638,0
409722,0.15349813076981764,-1.71029983978027,1.1669718471046004,0
409726,0.17296864271000228,-1.7240634775310901,1.1609292744335087,0
409730,0.1749828336003662,-1.726581216144045,1.1740215152208744,0
409734,0.19042496375982298,-1.6975432974746318,1.1721751735713741,0
409738,0.1915999084458686,-1.6936827649347677,1.1621042191195543,0
409742,0.18136110475318531,-1.7049286640726329,1.1656290531776912,0
409746,0.2001602197299153,-1.6967040512703135,1.155390249485008,0
409750,0.19092851148241397,-1.6987182421606775,1.1679789425497824,0
409754,0.18085755703059433,-1.6972075989929045,1.1642862592507819,0
409757,0.18874647135118638,-1.703921568627451,1.1560616464484625,0
409761,0.18958571755550468,-1.707782101167315,1.1557259479667352,0
409765,0.18152895399404897,-1.7124818799114976,1.1582436865796901,0
409769,0.17632562752727549,-1.712817578393225,1.1624399176012816,0
409773,0.18387884336614022,-1.7076142519264514,1.1634470130464636,0
409777,0.1793469138628214,-1.712314030670634,1.1600900282291904,0
409781,0.17380788891432059,-1.724567025253681,1.167643244068055,0
409785,0.17632562752727549,-1.7227206836041808,1.160761425192645,0
409789,0.18622873273823148,-1.7210421911955442,1.1790569924467842,0
409793,0.18287174792095826,-1.7306095979247729,1.1683146410315097,0
409797,0.18455024032959486,-1.7151674677653161,1.1610971236743723,0
409800,0.18136110475318531,-1.7133211261158159,1.1584115358205538,0
409804,0.18085755703059433,-1.7106355382619973,1.160257877470054,0
409808,0.18455024032959486,-1.7025787747005416,1.1661326009002821,0
409812,0.18690012970168612,-1.7020752269779507,1.1579079880979628,0
409816,0.20788128480964368,-1.6705195696955824,1.1699931334401465,0
409820,0.19277485313191423,-1.6708552681773097,1.1590829327840084,0
409824,0.189921416037232,-1.68461890592813,1.1604257267109177,0
409828,0.18606088349736782,-1.6931792172121767,1.159754329747463,0
409832,0.1932784008545052,-1.6664911879148545,1.1788891432059205,0
409836,0.19797817959868771,-1.6527275501640344,1.173685816739147,0
409839,0.17968261234454871,-1.670687418936446,1.1649576562142365,0
409843,0.17833981841763943,-1.6899900816357671,1.161264972915236,0
409847,0.1785076676585031,-1.695529106584268,1.1624399176012816,0
409851,0.18337529564354924,-1.711306935225452,1.1753643091477837,0
409855,0.17985046158541237,-1.702914473182269,1.173182269016556,0
409859,0.15148393987945372,-1.7012359807736324,1.1721751735713741,0
409863,0.17229724574654764,-1.7309452964065002,1.1575722896162355,0
409867,0.17364003967345693,-1.7311131456473638,1.1879530022125582,0
409871,0.17565423056382085,-1.7217135881589989,1.1710002288853285,0
409875,0.15970855268177309,-1.6839475089646754,1.1577401388570991,0
409879,0.1818646524757763,-1.695529106584268,1.1698252841992827,0
409882,0.14728770885786222,-1.69150072480354,1.1616006713969633,0
409886,0.16826886396581978,-1.671694514381628,1.1493476768139161,0
409890,0.1758220798046845,-1.6891508354314488,1.163782711528191,0
409894,0.17985046158541237,-1.6859616998550393,1.159250782024872,0
409898,0.18068970778973067,-1.70341802090486,1.1595864805065994,0
409902,0.18085755703059433,-1.7153353170061798,1.1468299382009612,0
409906,0.17397573815518425,-1.7274204623483633,1.1567330434119172,0
409910,0.17598992904554817,-1.720706492713817,1.1609292744335087,0
409914,0.1924391546501869,-1.6906614785992218,1.1763714045929656,0
409918,0.19227130540932325,-1.6894865339131762,1.1713359273670558,0
409922,0.18488593881132218,-1.7000610360875867,1.1661326009002821,0
409925,0.18606088349736782,-1.7027466239414053,1.1661326009002821,0
409929,0.19529259174486915,-1.687136644541085,1.1814068818188754,0
409933,0.18606088349736782,-1.6978789959563592,1.1819104295414664,0
409937,0.18169680323491263,-1.695529106584268,1.1738536659800107,0
409941,0.18052185854886701,-1.7121461814297703,1.1654612039368275,0
409945,0.18941786831464102,-1.7109712367437246,1.1651255054551002,0
409949,0.15954070344090943,-1.6896543831540398,1.1755321583886473,0
409953,0.16709391927977416,-1.6703517204547187,1.168146791790646,0
409957,0.17431143663691157,-1.6948577096208133,1.1636148622873272,0
409961,0.18303959716182192,-1.7129854276340886,1.1605935759517814,0
409964,0.17733272297245745,-1.733463035019455,1.1590829327840084,0
409968,0.19898527504386967,-1.7079499504081788,1.1688181887541007,0
409972,0.17766842145418477,-1.7175173571374074,1.1716716258487831,0
409976,0.18220035095750362,-1.7064393072404058,1.168146791790646,0
409980,0.18119325551232165,-1.7020752269779507,1.168650339513237,0
409984,0.16843671320668344,-1.6750514991989012,1.169657434958419,0
409988,0.18404669260700388,-1.6990539406424048,1.1590829327840084,0
409992,0.18287174792095826,-1.7178530556191347,1.1684824902723734,0
409996,0.18589303425650416,-1.7096284428168154,1.1740215152208744,0
410000,0.16810101472495612,-1.6891508354314488,1.1604257267109177,0
410004,0.18220035095750362,-1.6987182421606775,1.1646219577325092,0
410007,0.18572518501564048,-1.703921568627451,1.1684824902723734,0
410011,0.17968261234454871,-1.6973754482337682,1.1642862592507819,0
410015,0.18773937590600442,-1.6839475089646754,1.1738536659800107,0
410019,0.17699702449073013,-1.6968719005111772,1.1753643091477837,0
410023,0.16558327611200122,-1.6664911879148545,1.1664682993820095,0
410027,0.18035400930800335,-1.683108262760357,1.1720073243305105,0
410031,0.18555733577477682,-1.699893186846723,1.177714198519875,0
410035,0.18287174792095826,-1.7230563820859082,1.177714198519875,0
410039,0.18572518501564048,-1.7148317692835888,1.1713359273670558,0
410043,0.1852216372930495,-1.6982146944380865,1.1616006713969633,0
410047,0.1669260700389105,-1.6814297703517205,1.1649576562142365,0
410050,0.17699702449073013,-1.6888151369497215,1.1659647516594185,0
410054,0.18606088349736782,-1.6962005035477226,1.167643244068055,0
410058,0.19697108415350575,-1.6752193484397648,1.1590829327840084,0
410062,0.17649347676813915,-1.694522011139086,1.1577401388570991,0
410066,0.17649347676813915,-1.6995574883649958,1.1290379186694133,0
410070,0.18471808957045852,-1.701403830014496,1.1616006713969633,0
410074,0.1818646524757763,-1.695025558861677,1.160257877470054,0
410078,0.18757152666514076,-1.6928435187304494,1.1485084306095978,0
410082,0.1843823910887312,-1.699389639124132,1.146997787441825,0
410086,0.18287174792095826,-1.7218814373998625,1.1575722896162355,0
410090,0.19042496375982298,-1.6899900816357671,1.1582436865796901,0
410093,0.19478904402227817,-1.6921721217669947,1.1657969024185548,0
410097,0.19008926527809566,-1.6903257801174945,1.1609292744335087,0
410101,0.1749828336003662,-1.7079499504081788,1.161768520637827,0
410105,0.18371099412527656,-1.7061036087586785,1.173182269016556,0
410109,0.18471808957045852,-1.7149996185244525,1.1775463492790113,0
410113,0.1951247425040055,-1.6973754482337682,1.1892957961394675,0
410117,0.18303959716182192,-1.7121461814297703,1.1750286106660564,0
410121,0.17548638132295719,-1.7257419699397267,1.1723430228122378,0
410125,0.17884336614023041,-1.7306095979247729,1.1661326009002821,0
410129,0.18706797894254978,-1.7069428549629968,1.168650339513237,0
410132,0.17884336614023041,-1.71718165865568,1.176203555352102,0
410136,0.17280079346913862,-1.740009155413138,1.1669718471046004,0
410140,0.16726176852063782,-1.71029983978027,1.1641184100099182,0
410144,0.15819790951400015,-1.687136644541085,1.1656290531776912,0
410148,0.1741435873960479,-1.7022430762188143,1.1574044403753718,0
410152,0.17985046158541237,-1.7020752269779507,1.1654612039368275,0
410156,0.18488593881132218,-1.7056000610360875,1.1565651941710535,0
410160,0.17431143663691157,-1.7094605935759517,1.1679789425497824,0
410164,0.1835431448844129,-1.7223849851224535,1.1683146410315097,0
410168,0.18706797894254978,-1.7037537193865873,1.1594186312657357,0
410172,0.18253604943923094,-1.6879758907454032,1.1367589837491416,0
410175,0.17985046158541237,-1.7020752269779507,1.1147707331960022,0
410179,0.17565423056382085,-1.7099641412985427,1.1238345922026398,0
410183,0.18471808957045852,-1.7160067139696344,1.1797283894102388,0
410187,0.20066376745250628,-1.6911650263218128,1.1938277256427863,0
410191,0.19965667200732432,-1.6829404135194934,1.2062485694666971,0
410195,0.1968032349126421,-1.6849546044098573,1.1884565499351492,0
410199,0.19344625009536887,-1.7020752269779507,1.1800640878919662,0
410203,0.1937819485770962,-1.6978789959563592,1.159754329747463,0
410207,0.1827038986800946,-1.7183566033417257,1.161768520637827,0
410211,0.18690012970168612,-1.708789196612497,1.1689860379949644,0
410215,0.18253604943923094,-1.6893186846723125,1.1557259479667352,0
410218,0.18404669260700388,-1.7124818799114976,1.1456549935149156,0
410222,0.16709391927977416,-1.687136644541085,1.1384374761577782,0
410226,0.17783627069504843,-1.707782101167315,1.1713359273670558,0
410230,0.18169680323491263,-1.6953612573434043,1.1639505607690546,0
410234,0.1843823910887312,-1.7010681315327687,1.172678721293965,0
410238,0.18874647135118638,-1.7035858701457236,1.1807354848554208,0
410242,0.18152895399404897,-1.709796292057679,1.1844281681544213,0
410246,0.17649347676813915,-1.7096284428168154,1.1718394750896468,0
410250,0.18152895399404897,-1.708285648889906,1.1778820477607386,0
410254,0.1785076676585031,-1.7094605935759517,1.1795605401693752,0
410257,0.17632562752727549,-1.711810482948043,1.1689860379949644,0
410261,0.16507972838941024,-1.687136644541085,1.162272068360418,0
410265,0.16491187914854658,-1.670687418936446,1.1654612039368275,0
410269,0.16390478370336461,-1.676729991607538,1.169657434958419,0
410273,0.18068970778973067,-1.6943541618982223,1.1621042191195543,0
410277,0.1558480201419089,-1.7010681315327687,1.1339055466544594,0
410281,0.17196154726482032,-1.7396734569314107,1.1501869230182344,0
410285,0.17196154726482032,-1.7591439688715953,1.1570687418936445,0
410289,0.18925001907377736,-1.7301060502021819,1.1624399176012816,0
410293,0.17968261234454871,-1.711810482948043,1.1711680781261922,0
410297,0.18673228046082246,-1.7096284428168154,1.2049057755397878,0
410300,0.17901121538109407,-1.7146639200427252,1.1646219577325092,0
410304,0.1758220798046845,-1.7151674677653161,1.1664682993820095,0
410308,0.1733043411917296,-1.7326237888151368,1.1711680781261922,0
410312,0.18169680323491263,-1.7086213473716334,1.1735179674982834,0
410316,0.16927595941100174,-1.6844510566872664,1.1768749523155566,0
410320,0.16793316548409246,-1.6794155794613566,1.1629434653238726,0
410324,0.16910811017013808,-1.6555809872587166,1.168146791790646,0
410328,0.16877241168841076,-1.6537346456092163,1.1716716258487831,0
410332,0.17968261234454871,-1.6753871976806285,1.169657434958419,0
410336,0.17515068284122987,-1.6988860914015411,1.168650339513237,0
410340,0.17011520561532006,-1.6774013885709926,1.1817425803006028,0
410343,0.18572518501564048,-1.694018463416495,1.1647898069733729,0
410347,0.17766842145418477,-1.7066071564812695,1.1723430228122378,0
410351,0.1801861600671397,-1.7138246738384069,1.1743572137026017,0
410355,0.17783627069504843,-1.7262455176623177,1.195002670328832,0
410359,0.16994735637445638,-1.6903257801174945,1.2040665293354695,0
410363,0.17011520561532006,-1.6703517204547187,1.168650339513237,0
410367,0.17313649195086595,-1.6973754482337682,1.1679789425497824,0
410371,0.1835431448844129,-1.7144960708018615,1.183085374227512,0
410375,0.1818646524757763,-1.702410925459678,1.1589150835431448,0
410379,0.17196154726482032,-1.739505607690547,1.1733501182574197,0
410383,0.1758220798046845,-1.725574120698863,1.1652933546959638,0
410386,0.17011520561532006,-1.685626001373312,1.1918135347524224,0
410390,0.17531853208209353,-1.7037537193865873,1.1738536659800107,0
410394,0.21140611886778057,-1.6718623636224916,1.178217746242466,0
410398,0.17867551689936675,-1.7037537193865873,1.1639505607690546,0
410402,0.17985046158541237,-1.6978789959563592,1.183588921950103,0
410406,0.19143205920500495,-1.699389639124132,1.1614328221560997,0
410410,0.17615777828641183,-1.7141603723201342,1.174189364461738,0
410414,0.17615777828641183,-1.7243991760128174,1.1683146410315097,0
410418,0.17380788891432059,-1.7287632562752726,1.173685816739147,0
410422,0.16457618066681926,-1.695529106584268,1.168650339513237,0
410425,0.18287174792095826,-1.7151674677653161,1.1604257267109177,0
410429,0.18337529564354924,-1.7232242313267718,1.155390249485008,0
410433,0.19025711451895932,-1.7061036087586785,1.1668039978637368,0
410437,0.18773937590600442,-1.6881437399862669,1.173182269016556,0
410441,0.1835431448844129,-1.7084534981307697,1.158747234302281,0
410445,0.17833981841763943,-1.7086213473716334,1.1498512245365071,0
410449,0.1907606622415503,-1.703921568627451,1.1656290531776912,0
410453,0.189921416037232,-1.6948577096208133,1.1718394750896468,0
410457,0.17481498435950255,-1.7217135881589989,1.1713359273670558,0
410461,0.17867551689936675,-1.7341344319829097,1.1599221789883267,0
410465,0.1660868238345922,-1.6918364232852674,1.1605935759517814,0
410468,0.18589303425650416,-1.7007324330510414,1.1505226214999618,0
410472,0.19344625009536887,-1.707782101167315,1.1624399176012816,0
410476,0.17196154726482032,-1.743533989471275,1.1859388113221943,0
410480,0.17296864271000228,-1.7437018387121386,1.1832532234683757,0
410484,0.16289768825818265,-1.7069428549629968,1.2054093232623788,0
410488,0.16558327611200122,-1.6763942931258107,1.1931563286793316,0
410492,0.16843671320668344,-1.6594415197985808,1.1783855954833296,0
410496,0.16323338673990997,-1.669176775768673,1.1683146410315097,0
410500,0.17263294422827496,-1.712817578393225,1.1575722896162355,0
410504,0.15215533684290836,-1.7032501716639963,1.1486762798504615,0
410508,0.1469520103761349,-1.702410925459678,1.1626077668421453,0
410511,0.17011520561532006,-1.6755550469214922,1.1570687418936445,0
410515,0.16558327611200122,-1.663805600061036,1.160761425192645,0
410519,0.16474402990768292,-1.6673304341191728,1.1552224002441442,0
410523,0.1677653162432288,-1.6656519417105362,1.1501869230182344,0
410527,0.1801861600671397,-1.6965362020294499,1.150858319981689,0
410531,0.1865644312199588,-1.690997177080949,1.163782711528191,0
410535,0.19042496375982298,-1.6784084840161746,1.1614328221560997,0
410539,0.1890821698329137,-1.6822690165560388,1.1572365911345082,0
410543,0.18941786831464102,-1.6982146944380865,1.1582436865796901,0
410547,0.1686045624475471,-1.677233539330129,1.1862745098039216,0
410550,0.18421454184786754,-1.7052643625543602,1.1748607614251927,0
410554,0.18622873273823148,-1.7012359807736324,1.1862745098039216,0
410558,0.17548638132295719,-1.71718165865568,1.1901350423437858,0
410562,0.17263294422827496,-1.735477225909819,1.1674753948271914,0
410566,0.18673228046082246,-1.725574120698863,1.1892957961394675,0
410570,0.1644083314259556,-1.6901579308766308,1.1809033340962845,0
410574,0.1686045624475471,-1.6720302128633553,1.1817425803006028,0
410578,0.15333028152895398,-1.6931792172121767,1.1684824902723734,0
410582,0.15970855268177309,-1.6763942931258107,1.1679789425497824,0
410586,0.16474402990768292,-1.6683375295643548,1.1728465705348288,0
410590,0.16659037155718318,-1.6768978408484017,1.1783855954833296,0
410593,0.15517662317845426,-1.6745479514763102,1.1743572137026017,0
410597,0.16189059281300067,-1.6857938506141756,1.1659647516594185,0
410601,0.16474402990768292,-1.6789120317387656,1.1609292744335087,0
410605,0.1613870450904097,-1.695025558861677,1.1575722896162355,0
410609,0.17431143663691157,-1.7047608148317692,1.163782711528191,0
410613,0.17531853208209353,-1.7215457389181352,1.1720073243305105,0
410617,0.18001831082627603,-1.728595407034409,1.1678110933089187,0
410621,0.17464713511863889,-1.7386663614862286,1.167643244068055,0
410625,0.18001831082627603,-1.7346379797055007,1.1693217364766917,0
410629,0.18606088349736782,-1.7215457389181352,1.167643244068055,0
410633,0.19294270237277789,-1.6970397497520409,1.1721751735713741,0
410636,0.16977950713359272,-1.6700160219729914,1.1725108720531014,0
410640,0.18488593881132218,-1.6898222323949035,1.1605935759517814,0
410644,0.1793469138628214,-1.7045929655909056,1.1641184100099182,0
410648,0.17833981841763943,-1.710803387502861,1.1743572137026017,0
410652,0.1793469138628214,-1.7089570458533607,1.1745250629434654,0
410656,0.2040207522697795,-1.6654840924696726,1.173685816739147,0
410660,0.18455024032959486,-1.6898222323949035,1.182581826504921,0
410664,0.17917906462195773,-1.7022430762188143,1.1748607614251927,0
410668,0.1827038986800946,-1.7213778896772716,1.1666361486228731,0
410672,0.18757152666514076,-1.7056000610360875,1.1738536659800107,0
410676,0.18287174792095826,-1.7254062714579994,1.169153887235828,0
410679,0.17800411993591211,-1.7316166933699548,1.1614328221560997,0
410683,0.17196154726482032,-1.7522621499961852,1.1585793850614174,0
410687,0.17716487373159379,-1.7247348744945448,1.1733501182574197,0
410691,0.17733272297245745,-1.73598077363241,1.1557259479667352,0
410695,0.18052185854886701,-1.7238956282902265,1.1634470130464636,0
410699,0.1686045624475471,-1.687640192263676,1.1626077668421453,0
410703,0.17229724574654764,-1.7227206836041808,1.1540474555580986,0
410707,0.17431143663691157,-1.7235599298084991,1.1574044403753718,0
410711,0.1741435873960479,-1.7312809948882275,1.1783855954833296,0
410715,0.17229724574654764,-1.7393377584496834,1.169657434958419,0
410718,0.17699702449073013,-1.719699397268635,1.1604257267109177,0
410722,0.17212939650568398,-1.7497444113832303,1.1582436865796901,0
410726,0.19025711451895932,-1.7230563820859082,1.1589150835431448,0
410730,0.18471808957045852,-1.7141603723201342,1.1666361486228731,0
410734,0.1874036774242771,-1.6977111467154955,1.1723430228122378,0
410738,0.17901121538109407,-1.7050965133134965,1.153879606317235,0
410742,0.20200656137941558,-1.6832761120012207,1.1590829327840084,0
410746,0.20049591821164262,-1.6668268863965818,1.1520332646677347,0
410750,0.1835431448844129,-1.6899900816357671,1.1817425803006028,0
410754,0.19646753643091477,-1.6812619211108568,1.1800640878919662,0
410758,0.2001602197299153,-1.662294956893263,1.1716716258487831,0
410761,0.19529259174486915,-1.6659876401922635,1.1621042191195543,0
410765,0.18723582818341344,-1.6742122529945829,1.1770428015564203,0
410769,0.19008926527809566,-1.6757228961623558,1.1674753948271914,0
410773,0.18941786831464102,-1.6893186846723125,1.1699931334401465,0
410777,0.18555733577477682,-1.7076142519264514,1.1683146410315097,0
410781,0.17380788891432059,-1.7225528343633172,1.1582436865796901,0
410785,0.15702296482795453,-1.6904936293583581,1.160257877470054,0
410789,0.16675822079804684,-1.6873044937819486,1.1646219577325092,0
410793,0.16726176852063782,-1.684115358205539,1.1918135347524224,0
410797,0.16340123598077363,-1.6800869764248112,1.1693217364766917,0
410801,0.17817196917677577,-1.7119783321889066,1.1562294956893262,0
410804,0.1766613260090028,-1.7259098191805904,1.1572365911345082,0
410808,0.16977950713359272,-1.6896543831540398,1.1574044403753718,0
410812,0.1608834973678187,-1.663805600061036,1.1624399176012816,0
410816,0.1793469138628214,-1.695025558861677,1.1636148622873272,0
410820,0.17364003967345693,-1.7151674677653161,1.1629434653238726,0
410824,0.17515068284122987,-1.7237277790493628,1.1634470130464636,0
410828,0.18068970778973067,-1.7121461814297703,1.1716716258487831,0
410832,0.1882429236285954,-1.7173495078965437,1.1792248416876479,0
410836,0.19697108415350575,-1.6958648050659952,1.1837567711909667,0
410840,0.18555733577477682,-1.708285648889906,1.1740215152208744,0
410843,0.18925001907377736,-1.699893186846723,1.1604257267109177,0
410847,0.18119325551232165,-1.7005645838101777,1.1758678568703747,0
410851,0.1874036774242771,-1.6923399710078584,1.1797283894102388,0
410855,0.18119325551232165,-1.6894865339131762,1.1725108720531014,0
410859,0.18068970778973067,-1.7000610360875867,1.1723430228122378,0
410863,0.1924391546501869,-1.6884794384679942,1.1663004501411458,0
410867,0.17481498435950255,-1.7220492866407262,1.1404516670481422,0
410871,0.18505378805218584,-1.7076142519264514,1.1632791638056,0
410875,0.17632562752727549,-1.7084534981307697,1.1669718471046004,0
410879,0.16189059281300067,-1.6965362020294499,1.162775616083009,0
410883,0.1652475776302739,-1.6862973983367666,1.160257877470054,0
410886,0.1644083314259556,-1.6794155794613566,1.162775616083009,0
410890,0.17481498435950255,-1.7084534981307697,1.176707103074693,0
410894,0.18203250171663996,-1.7025787747005416,1.1716716258487831,0
410898,0.15987640192263675,-1.6862973983367666,1.1778820477607386,0
410902,0.17380788891432059,-1.71029983978027,1.154886701762417,0
410906,0.18387884336614022,-1.702410925459678,1.1669718471046004,0
410910,0.18622873273823148,-1.7027466239414053,1.1783855954833296,0
410914,0.17431143663691157,-1.7042572671091782,1.1765392538338293,0
410918,0.18404669260700388,-1.7215457389181352,1.1636148622873272,0
410922,0.17917906462195773,-1.7178530556191347,1.1654612039368275,0
410926,0.1733043411917296,-1.7307774471656365,1.1669718471046004,0
410929,0.17783627069504843,-1.7292668039978636,1.1649576562142365,0
410933,0.17951476310368505,-1.7222171358815899,1.1783855954833296,0
410937,0.17951476310368505,-1.7233920805676355,1.160761425192645,0
410941,0.17515068284122987,-1.7269169146257723,1.1621042191195543,0
410945,0.17615777828641183,-1.7332951857785914,1.1641184100099182,0
410949,0.16575112535286488,-1.6812619211108568,1.172678721293965,0
410953,0.16977950713359272,-1.663805600061036,1.1725108720531014,0
410957,0.17515068284122987,-1.695529106584268,1.150354772259098,0
410961,0.16977950713359272,-1.6725337605859463,1.1694895857175553,0
410965,0.16742961776150148,-1.6768978408484017,1.1663004501411458,0
410969,0.1733043411917296,-1.712817578393225,1.159250782024872,0
410972,0.16826886396581978,-1.6763942931258107,1.1636148622873272,0
410976,0.18152895399404897,-1.693011367971313,1.1829175249866484,0
410980,0.20855268177309833,-1.6718623636224916,1.163782711528191,0
410984,0.17632562752727549,-1.6906614785992218,1.1698252841992827,0
410988,0.18488593881132218,-1.6988860914015411,1.1755321583886473,0
410992,0.19831387808041503,-1.685626001373312,1.17519645990692,0
410996,0.19143205920500495,-1.6821011673151751,1.1770428015564203,0
411000,0.181025406271458,-1.6878080415045396,1.1656290531776912,0
411004,0.1818646524757763,-1.695025558861677,1.1629434653238726,0
411008,0.17364003967345693,-1.7133211261158159,1.1585793850614174,0
411011,0.17884336614023041,-1.7222171358815899,1.1631113145647363,0
411015,0.1733043411917296,-1.7363164721141373,1.1624399176012816,0
411019,0.17867551689936675,-1.736987869077592,1.1485084306095978,0
411023,0.16810101472495612,-1.7040894178683146,1.142969405661097,0
411027,0.1686045624475471,-1.6814297703517205,1.1511940184634164,0
411031,0.1741435873960479,-1.7066071564812695,1.1569008926527808,0
411035,0.17364003967345693,-1.7220492866407262,1.1600900282291904,0
411039,0.16575112535286488,-1.6891508354314488,1.1629434653238726,0
411043,0.17296864271000228,-1.7156710154879071,1.154383154039826,0
411047,0.17280079346913862,-1.7302738994430455,1.1510261692225527,0
411051,0.18421454184786754,-1.7264133669031814,1.173182269016556,0
411054,0.16927595941100174,-1.6903257801174945,1.1758678568703747,0
411058,0.18538948653391316,-1.708285648889906,1.1718394750896468,0
411062,0.17380788891432059,-1.7237277790493628,1.1721751735713741,0
411066,0.18471808957045852,-1.7160067139696344,1.1874494544899672,0
411070,0.19629968719005111,-1.7050965133134965,1.1656290531776912,0
411074,0.18287174792095826,-1.718188754100862,1.1708323796444648,0
411078,0.17985046158541237,-1.7081177996490424,1.1753643091477837,0
411082,0.17464713511863889,-1.7421911955443656,1.175700007629511,0
411086,0.17632562752727549,-1.7249027237354084,1.1572365911345082,0
411090,0.1835431448844129,-1.7252384222171357,1.1570687418936445,0
411094,0.17229724574654764,-1.7373235675593193,1.1656290531776912,0
411097,0.17347219043259327,-1.7462195773250935,1.1604257267109177,0
411101,0.16675822079804684,-1.7170138094148164,1.1659647516594185,0
411105,0.16625467307545586,-1.6832761120012207,1.1711680781261922,0
411109,0.1741435873960479,-1.7099641412985427,1.1817425803006028,0
411113,0.17632562752727549,-1.710803387502861,1.1537117570763713,0
411117,0.16155489433127335,-1.7061036087586785,1.1330663004501411,0
411121,0.15786221103227283,-1.6962005035477226,1.1221560997940032,0
411125,0.16541542687113756,-1.685626001373312,1.1387731746395056,0
411129,0.18538948653391316,-1.7057679102769512,1.183085374227512,0
411133,0.1835431448844129,-1.712314030670634,1.2111161974517433,0
411136,0.17884336614023041,-1.7148317692835888,1.1980239566643778,0
411140,0.17632562752727549,-1.7136568245975432,1.1745250629434654,0
411144,0.1724650949874113,-1.7319523918516821,1.1710002288853285,0
411148,0.17951476310368505,-1.71718165865568,1.1644541084916455,0
411152,0.18455024032959486,-1.7101319905394063,1.178217746242466,0
411156,0.17985046158541237,-1.7045929655909056,1.183085374227512,0
411160,0.18152895399404897,-1.7066071564812695,1.1433051041428244,0
411164,0.17598992904554817,-1.7249027237354084,1.1505226214999618,0
411168,0.17212939650568398,-1.7453803311207752,1.1446478980697337,0
411172,0.18471808957045852,-1.7233920805676355,1.159754329747463,0
411176,0.18337529564354924,-1.7252384222171357,1.1639505607690546,0
411179,0.18673228046082246,-1.7131532768749522,1.1639505607690546,0
411183,0.18723582818341344,-1.6988860914015411,1.1718394750896468,0
411187,0.17884336614023041,-1.7134889753566795,1.1844281681544213,0
411191,0.17833981841763943,-1.7155031662470435,1.1882887006942855,0
411195,0.1775005722133211,-1.736987869077592,1.1903028915846494,0
411199,0.16591897459372854,-1.6931792172121767,1.176203555352102,0
411203,0.16541542687113756,-1.6812619211108568,1.1664682993820095,0
411207,0.16105134660868237,-1.6540703440909437,1.1605935759517814,0
411211,0.16541542687113756,-1.6575951781490805,1.169657434958419,0
411215,0.1669260700389105,-1.6575951781490805,1.1800640878919662,0
411219,0.16826886396581978,-1.6557488364995803,1.1805676356145571,0
411222,0.1644083314259556,-1.6609521629663537,1.168146791790646,0
411226,0.14191653315022507,-1.693011367971313,1.1787212939650569,0
411230,0.17263294422827496,-1.7222171358815899,1.1743572137026017,0
411234,0.17699702449073013,-1.708789196612497,1.1773785000381476,0
411238,0.17481498435950255,-1.7337987335011824,1.1730144197756924,0
411242,0.16121919584954603,-1.711306935225452,1.1584115358205538,0
411246,0.1793469138628214,-1.7129854276340886,1.1738536659800107,0
411250,0.17431143663691157,-1.7091248950942244,1.1748607614251927,0
411254,0.17867551689936675,-1.7215457389181352,1.1788891432059205,0
411258,0.16726176852063782,-1.6977111467154955,1.1678110933089187,0
411262,0.16843671320668344,-1.6785763332570383,1.1594186312657357,0
411265,0.1511482413977264,-1.6967040512703135,1.173685816739147,0
411269,0.1669260700389105,-1.6804226749065385,1.1735179674982834,0
411273,0.16205844205386435,-1.6810940718699932,1.1763714045929656,0
411277,0.16709391927977416,-1.6765621423666743,1.1594186312657357,0
411281,0.1635690852216373,-1.668169680323491,1.1647898069733729,0
411285,0.17196154726482032,-1.720706492713817,1.1725108720531014,0
411289,0.17817196917677577,-1.7257419699397267,1.1819104295414664,0
411293,0.17901121538109407,-1.7148317692835888,1.1703288319218739,0
411297,0.18169680323491263,-1.699893186846723,1.174692912184329,0
411301,0.17280079346913862,-1.729602502479591,1.1595864805065994,0
411304,0.16541542687113756,-1.7030823224231326,1.173182269016556,0
411308,0.1724650949874113,-1.726581216144045,1.1877851529716945,0
411312,0.17833981841763943,-1.7185244525825893,1.183085374227512,0
411316,0.13654535744258792,-1.7257419699397267,1.20775921263447,0
411320,0.16507972838941024,-1.685626001373312,1.1701609826810102,0
411324,0.16155489433127335,-1.6883115892271305,1.167139696345464,0
411328,0.162729839017319,-1.685122453650721,1.1639505607690546,0
411332,0.17800411993591211,-1.7052643625543602,1.1716716258487831,0
411336,0.18958571755550468,-1.6990539406424048,1.1720073243305105,0
411340,0.16910811017013808,-1.661791409170672,1.1651255054551002,0
411344,0.17196154726482032,-1.7133211261158159,1.1550545510032806,0
411347,0.17481498435950255,-1.7319523918516821,1.1555580987258716,0
411351,0.18841077286945906,-1.7155031662470435,1.1582436865796901,0
411355,0.18690012970168612,-1.7061036087586785,1.1480048828870069,0
411359,0.18589303425650416,-1.7047608148317692,1.1589150835431448,0
411363,0.17951476310368505,-1.7114747844663156,1.1555580987258716,0
411367,0.17212939650568398,-1.7428625925078203,1.1649576562142365,0
411371,0.17481498435950255,-1.7482337682154574,1.1720073243305105,0
411375,0.16457618066681926,-1.708285648889906,1.1913099870298314,0
411379,0.16910811017013808,-1.6757228961623558,1.185099565117876,0
411383,0.15165178912031738,-1.6906614785992218,1.1834210727092394,0
411387,0.14711985961699856,-1.7040894178683146,1.1887922484168765,0
411390,0.15014114595254444,-1.687640192263676,1.1985275043869688,0
411394,0.13738460364690622,-1.710803387502861,1.2116197451743342,0
411398,0.13755245288776988,-1.7279240100709543,1.1887922484168765,0
411402,0.1281528953994049,-1.708789196612497,1.1725108720531014,0
411406,0.13083848325322348,-1.7366521705958646,1.160761425192645,0
411410,0.14359502555886167,-1.7168459601739527,1.161264972915236,0
411414,0.15568017090104525,-1.6899900816357671,1.1582436865796901,0
411418,0.1608834973678187,-1.6654840924696726,1.1342412451361867,0
411422,0.1785076676585031,-1.69150072480354,1.1421301594567788,0
411426,0.21023117418173495,-1.6750514991989012,1.1540474555580986,0
411429,0.2134203097581445,-1.6411459525444418,1.167139696345464,0
411433,0.2466544594491493,-1.613954375524529,1.1619363698786906,0
411437,0.22382696269169144,-1.630739299610895,1.1552224002441442,0
411441,0.21107042038605325,-1.6379568169680323,1.1491798275730525,0
411445,0.21493095292591743,-1.6752193484397648,1.150354772259098,0
411449,0.2095597772182803,-1.668673228046082,1.1585793850614174,0
411453,0.1942854962996872,-1.6797512779430839,1.1710002288853285,0
411457,0.18891432059205004,-1.690997177080949,1.1664682993820095,0
411461,0.18303959716182192,-1.709292744335088,1.1647898069733729,0
411465,0.17397573815518425,-1.7267490653849087,1.1683146410315097,0
411469,0.16105134660868237,-1.6775692378118563,1.1790569924467842,0
411472,0.15601586938277257,-1.69150072480354,1.1958419165331502,0
411476,0.14158083466849775,-1.7056000610360875,1.1797283894102388,0
411480,0.13906309605554285,-1.7099641412985427,1.1740215152208744,0
411484,0.13906309605554285,-1.7170138094148164,1.1605935759517814,0
411488,0.13990234225986115,-1.7431982909895476,1.1580758373388265,0
411492,0.14359502555886167,-1.7289311055161363,1.1652933546959638,0
411496,0.134531166552224,-1.7616617074845502,1.1641184100099182,0
411500,0.14124513618677043,-1.750415808346685,1.1411230640115968,0
411504,0.14409857328145265,-1.7312809948882275,1.1397802700846875,0
411508,0.15635156786449989,-1.7158388647287708,1.144983596551461,0
411512,0.16424048218509193,-1.6926756694895857,1.151865415426871,0
411515,0.17985046158541237,-1.6968719005111772,1.1399481193255512,0
411519,0.15886930647745479,-1.6842832074464027,1.142969405661097,0
411523,0.15987640192263675,-1.6797512779430839,1.1493476768139161,0
411527,0.1758220798046845,-1.699389639124132,1.1535439078355076,0
411531,0.16977950713359272,-1.6668268863965818,1.1641184100099182,0
411535,0.16994735637445638,-1.660280766002899,1.1585793850614174,0
411539,0.15316243228809032,-1.6847867551689937,1.1775463492790113,0
411543,0.16407263294422827,-1.6878080415045396,1.1735179674982834,0
411547,0.16591897459372854,-1.671694514381628,1.1844281681544213,0
411551,0.161722743572137,-1.676729991607538,1.1958419165331502,0
411555,0.16961165789272906,-1.6582665751125352,1.2065842679484244,0
411558,0.1503089951934081,-1.6644769970244906,1.2035629816128786,0
411562,0.13973449301899749,-1.708285648889906,1.1871137560082399,0
411566,0.1383916990920882,-1.7254062714579994,1.1862745098039216,0
411570,0.14376287479972533,-1.7242313267719538,1.1891279468986038,0
411574,0.1469520103761349,-1.7133211261158159,1.184596017395285,0
411578,0.14158083466849775,-1.7223849851224535,1.1720073243305105,0
411582,0.13755245288776988,-1.7306095979247729,1.1626077668421453,0
411586,0.14275577935454337,-1.7269169146257723,1.1550545510032806,0
411590,0.16121919584954603,-1.7153353170061798,1.1590829327840084,0
411594,0.1613870450904097,-1.7091248950942244,1.1547188525215533,0
411597,0.1733043411917296,-1.734470130464637,1.158747234302281,0
411601,0.1644083314259556,-1.7054322117952239,1.1663004501411458,0
411605,0.16625467307545586,-1.6740444037537192,1.1542153047989623,0
411609,0.1669260700389105,-1.670183871213855,1.186106660563058,0
411613,0.17716487373159379,-1.6800869764248112,1.198863202868696,0
411617,0.18253604943923094,-1.6814297703517205,1.1857709620813306,0
411621,0.16927595941100174,-1.6758907454032197,1.1748607614251927,0
411625,0.16961165789272906,-1.6621271076523993,1.1743572137026017,0
411629,0.15618371862363623,-1.67773708705272,1.169657434958419,0
411633,0.18589303425650416,-1.6904936293583581,1.1716716258487831,0
411637,0.15769436179140917,-1.685626001373312,1.1773785000381476,0
411640,0.15249103532463568,-1.693514915693904,1.1669718471046004,0
411644,0.15215533684290836,-1.6988860914015411,1.1379339284351873,0
411648,0.15786221103227283,-1.6886472877088579,1.1698252841992827,0
411652,0.16021210040436407,-1.6718623636224916,1.17519645990692,0
411656,0.1733043411917296,-1.7168459601739527,1.1743572137026017,0
411660,0.15383382925154496,-1.707782101167315,1.1716716258487831,0
411664,0.16642252231631952,-1.6718623636224916,1.1631113145647363,0
411668,0.1592050049591821,-1.6725337605859463,1.1664682993820095,0
411672,0.16340123598077363,-1.6695124742504004,1.1733501182574197,0
411676,0.17196154726482032,-1.7222171358815899,1.1624399176012816,0
411680,0.16843671320668344,-1.683108262760357,1.1639505607690546,0
411683,0.16961165789272906,-1.6658197909513999,1.167139696345464,0
411687,0.16977950713359272,-1.6584344243533988,1.1590829327840084,0
411691,0.17817196917677577,-1.692507820248722,1.1605935759517814,0
411695,0.17917906462195773,-1.7022430762188143,1.1668039978637368,0
411699,0.17598992904554817,-1.7208743419546806,1.168650339513237,0
411703,0.17632562752727549,-1.7170138094148164,1.1669718471046004,0
411707,0.1775005722133211,-1.7363164721141373,1.1723430228122378,0
411711,0.1766613260090028,-1.7232242313267718,1.1710002288853285,0
411715,0.17833981841763943,-1.717685206378271,1.1800640878919662,0
411719,0.17783627069504843,-1.7269169146257723,1.1785534447241932,0
411722,0.17061875333791104,-1.6931792172121767,1.178217746242466,0
411726,0.17615777828641183,-1.7131532768749522,1.1763714045929656,0
411730,0.1608834973678187,-1.6743801022354465,1.177714198519875,0
411734,0.16155489433127335,-1.6795834287022202,1.1530403601129167,0
411738,0.15349813076981764,-1.6883115892271305,1.1678110933089187,0
411742,0.14678416113527123,-1.6968719005111772,1.154383154039826,0
411746,0.14930189974822614,-1.6995574883649958,1.1501869230182344,0
411750,0.1486305027847715,-1.7000610360875867,1.1550545510032806,0
411754,0.15601586938277257,-1.7084534981307697,1.1797283894102388,0
411758,0.14930189974822614,-1.7114747844663156,1.1641184100099182,0
411762,0.14275577935454337,-1.7259098191805904,1.1520332646677347,0
411765,0.14678416113527123,-1.7213778896772716,1.1562294956893262,0
411769,0.15937285420004577,-1.6980468451972228,1.159754329747463,0
411773,0.17397573815518425,-1.7165102616922254,1.1669718471046004,0
411777,0.1793469138628214,-1.7230563820859082,1.1713359273670558,0
411781,0.16961165789272906,-1.684115358205539,1.1688181887541007,0
411785,0.16977950713359272,-1.669680323491264,1.1664682993820095,0
411789,0.1932784008545052,-1.6629663538567176,1.1844281681544213,0
411793,0.1915999084458686,-1.6708552681773097,1.1897993438620584,0
411797,0.18690012970168612,-1.6928435187304494,1.1903028915846494,0
411801,0.18337529564354924,-1.710803387502861,1.17519645990692,0
411805,0.16793316548409246,-1.6886472877088579,1.1763714045929656,0
411808,0.1694438086518654,-1.6753871976806285,1.1775463492790113,0
411812,0.18488593881132218,-1.6956969558251316,1.1817425803006028,0
411816,0.16810101472495612,-1.6878080415045396,1.177714198519875,0
411820,0.1583657587548638,-1.6763942931258107,1.1715037766079195,0
411824,0.11824979018844892,-1.7131532768749522,1.1466620889600976,0
411828,0.15970855268177309,-1.6908293278400854,1.1560616464484625,0
411832,0.1519874876020447,-1.7091248950942244,1.1629434653238726,0
411836,0.14745555809872588,-1.7002288853284504,1.1636148622873272,0
411840,0.15131609063859006,-1.7136568245975432,1.1639505607690546,0
411844,0.1456092164492256,-1.7175173571374074,1.175700007629511,0
411848,0.1447699702449073,-1.7054322117952239,1.161768520637827,0
411851,0.14829480430304418,-1.7025787747005416,1.1663004501411458,0
411855,0.15719081406881819,-1.6985503929198138,1.1674753948271914,0
411859,0.15316243228809032,-1.7056000610360875,1.1639505607690546,0
411863,0.16239414053559167,-1.695025558861677,1.1589150835431448,0
411867,0.17968261234454871,-1.6898222323949035,1.1659647516594185,0
411871,0.17901121538109407,-1.7030823224231326,1.185099565117876,0
411875,0.18052185854886701,-1.7096284428168154,1.1740215152208744,0
411879,0.18152895399404897,-1.7119783321889066,1.1683146410315097,0
411883,0.17901121538109407,-1.7173495078965437,1.1574044403753718,0
411887,0.1785076676585031,-1.720202944991226,1.1520332646677347,0
411890,0.1600442511635004,-1.693011367971313,1.1657969024185548,0
411894,0.18052185854886701,-1.6988860914015411,1.168146791790646,0
411898,0.17296864271000228,-1.7160067139696344,1.1715037766079195,0
411902,0.15769436179140917,-1.6941863126573586,1.161768520637827,0
411906,0.1592050049591821,-1.678240634775311,1.1600900282291904,0
411910,0.15467307545586328,-1.6805905241474022,1.1632791638056,0
411914,0.13956664377813383,-1.6827725642786298,1.1704966811627375,0
411918,0.1519874876020447,-1.6997253376058594,1.1708323796444648,0
411922,0.14795910582131686,-1.7099641412985427,1.1666361486228731,0
411926,0.15383382925154496,-1.7066071564812695,1.1644541084916455,0
411930,0.15316243228809032,-1.7086213473716334,1.177210650797284,0
411933,0.15484092469672694,-1.6936827649347677,1.203395132372015,0
411937,0.1541695277332723,-1.6809262226291295,1.1882887006942855,0
411941,0.14997329671168078,-1.6879758907454032,1.1706645304036012,0
411945,0.15014114595254444,-1.6821011673151751,1.1780498970016022,0
411949,0.15685511558709087,-1.6770656900892653,1.1616006713969633,0
411953,0.13637750820172426,-1.6967040512703135,1.1832532234683757,0
411957,0.17280079346913862,-1.7301060502021819,1.1673075455863278,0
411961,0.16793316548409246,-1.6926756694895857,1.1560616464484625,0
411965,0.16759746700236514,-1.6733730067902646,1.160761425192645,0
411969,0.16877241168841076,-1.6611200122072174,1.1357518883039597,0
411973,0.17800411993591211,-1.690997177080949,1.1510261692225527,0
411976,0.17917906462195773,-1.6990539406424048,1.1522011139085984,0
411980,0.15903715571831845,-1.695025558861677,1.1488441290913252,0
411984,0.15568017090104525,-1.6774013885709926,1.1510261692225527,0
411988,0.16205844205386435,-1.6800869764248112,1.1663004501411458,0
411992,0.16977950713359272,-1.6641412985427633,1.1753643091477837,0
411996,0.1677653162432288,-1.6604486152437627,1.186106660563058,0
412000,0.14728770885786222,-1.6854581521324483,1.1819104295414664,0
412004,0.12563515678645,-1.7012359807736324,1.1810711833371481,0
412008,0.14997329671168078,-1.69150072480354,1.1891279468986038,0
412012,0.15568017090104525,-1.6738765545128556,1.1812390325780118,0
412015,0.15249103532463568,-1.6886472877088579,1.199870298313878,0
412019,0.14728770885786222,-1.694522011139086,1.1721751735713741,0
412023,0.16810101472495612,-1.682604715037766,1.1768749523155566,0
412027,0.13637750820172426,-1.7030823224231326,1.1787212939650569,0
412031,0.16205844205386435,-1.6973754482337682,1.1725108720531014,0
412035,0.15433737697413596,-1.6883115892271305,1.1634470130464636,0
412039,0.15534447241931792,-1.6857938506141756,1.1537117570763713,0
412043,0.1536659800106813,-1.695529106584268,1.1547188525215533,0
412047,0.15886930647745479,-1.684115358205539,1.1461585412375066,0
412051,0.16810101472495612,-1.6745479514763102,1.1563973449301899,0
412055,0.1733043411917296,-1.7155031662470435,1.160761425192645,0
412058,0.16591897459372854,-1.6829404135194934,1.150858319981689,0
412062,0.15299458304722666,-1.678240634775311,1.158747234302281,0
412066,0.1608834973678187,-1.654909590295262,1.1555580987258716,0
412070,0.16994735637445638,-1.6476920729381246,1.1728465705348288,0
412074,0.17431143663691157,-1.6799191271839475,1.182581826504921,0
412078,0.17011520561532006,-1.6616235599298084,1.1580758373388265,0
412082,0.16541542687113756,-1.6639734493018996,1.1441443503471427,0
412086,0.16306553749904631,-1.6685053788052184,1.1234988937209125,0
412090,0.17481498435950255,-1.7071107042038605,1.163782711528191,0
412094,0.17951476310368505,-1.7114747844663156,1.2148088807507438,0
412098,0.1785076676585031,-1.7042572671091782,1.2373006790264744,0
412101,0.189921416037232,-1.696032654306859,1.2002059967956054,0
412105,0.1749828336003662,-1.7149996185244525,1.1906385900663767,0
412109,0.16759746700236514,-1.6790798809796292,1.1740215152208744,0
412113,0.18790722514686808,-1.671190966659037,1.1558937972075989,0
412117,0.16474402990768292,-1.6745479514763102,1.1555580987258716,0
412121,0.15870145723659113,-1.6889829861905852,1.1339055466544594,0
412125,0.15467307545586328,-1.6997253376058594,1.1344090943770504,0
412129,0.162729839017319,-1.6916685740444037,1.14448004882887,0
412133,0.16541542687113756,-1.6797512779430839,1.161768520637827,0
412137,0.16457618066681926,-1.6758907454032197,1.1629434653238726,0
412141,0.15568017090104525,-1.668673228046082,1.1792248416876479,0
412144,0.16037994964522773,-1.662798504615854,1.1716716258487831,0
412148,0.16071564812695505,-1.6582665751125352,1.1778820477607386,0
412152,0.19008926527809566,-1.6779049362935836,1.1773785000381476,0
412156,0.16742961776150148,-1.6740444037537192,1.1716716258487831,0
412160,0.16155489433127335,-1.6822690165560388,1.1716716258487831,0
412164,0.16659037155718318,-1.6899900816357671,1.1679789425497824,0
412168,0.16927595941100174,-1.6779049362935836,1.1716716258487831,0
412172,0.17364003967345693,-1.702914473182269,1.1706645304036012,0
412176,0.1793469138628214,-1.7069428549629968,1.1720073243305105,0
412180,0.16323338673990997,-1.6946898603799496,1.1663004501411458,0
412183,0.16910811017013808,-1.6664911879148545,1.1629434653238726,0
412187,0.17783627069504843,-1.7025787747005416,1.169657434958419,0
412191,0.17682917524986647,-1.7086213473716334,1.175700007629511,0
412195,0.19059281300068664,-1.684115358205539,1.1673075455863278,0
412199,0.1694438086518654,-1.6779049362935836,1.1666361486228731,0
412203,0.1677653162432288,-1.668673228046082,1.1417944609750514,0
412207,0.16390478370336461,-1.6824368657969024,1.163782711528191,0
412211,0.16121919584954603,-1.692507820248722,1.1802319371328298,0
412215,0.15987640192263675,-1.6879758907454032,1.1634470130464636,0
412219,0.13973449301899749,-1.7225528343633172,1.161768520637827,0
412223,0.14711985961699856,-1.71029983978027,1.168650339513237,0
412226,0.14376287479972533,-1.7153353170061798,1.1530403601129167,0
412230,0.1519874876020447,-1.7151674677653161,1.173685816739147,0
412234,0.16961165789272906,-1.682604715037766,1.1783855954833296,0
412238,0.15735866330968185,-1.687136644541085,1.1490119783321888,0
412242,0.15970855268177309,-1.6715266651407643,1.1773785000381476,0
412246,0.18320744640268558,-1.70341802090486,1.1699931334401465,0
412250,0.1843823910887312,-1.7017395284962233,1.1760357061112383,0
412254,0.19361409933623253,-1.7121461814297703,1.1787212939650569,0
412258,0.181025406271458,-1.6982146944380865,1.17519645990692,0
412262,0.17431143663691157,-1.7084534981307697,1.1689860379949644,0
412266,0.17598992904554817,-1.7233920805676355,1.1723430228122378,0
412269,0.1818646524757763,-1.709796292057679,1.1783855954833296,0
412273,0.1843823910887312,-1.7049286640726329,1.1876173037308309,0
412277,0.17515068284122987,-1.7173495078965437,1.168146791790646,0
412281,0.1644083314259556,-1.6983825436789501,1.160257877470054,0
412285,0.15937285420004577,-1.6881437399862669,1.1580758373388265,0
412289,0.13889524681467919,-1.695529106584268,1.1616006713969633,0
412293,0.16189059281300067,-1.692507820248722,1.1604257267109177,0
412297,0.14493781948577095,-1.6883115892271305,1.1515297169451437,0
412301,0.1583657587548638,-1.6725337605859463,1.1468299382009612,0
412305,0.1451056687266346,-1.7109712367437246,1.1516975661860074,0
412308,0.15568017090104525,-1.679247730220493,1.1652933546959638,0
412312,0.1793469138628214,-1.6951934081025406,1.1790569924467842,0
412316,0.17212939650568398,-1.7356450751506827,1.177210650797284,0
412320,0.16910811017013808,-1.6854581521324483,1.1745250629434654,0
412324,0.18136110475318531,-1.699893186846723,1.1478370336461432,0
412328,0.16910811017013808,-1.6656519417105362,1.1654612039368275,0
412332,0.17766842145418477,-1.693514915693904,1.1750286106660564,0
412336,0.1775005722133211,-1.7230563820859082,1.1750286106660564,0
412340,0.17347219043259327,-1.7437018387121386,1.168650339513237,0
412344,0.1605477988860914,-1.70341802090486,1.167139696345464,0
412348,0.162729839017319,-1.700396734569314,1.162272068360418,0
412351,0.16726176852063782,-1.6857938506141756,1.169657434958419,0
412355,0.161722743572137,-1.6881437399862669,1.1616006713969633,0
412359,0.15786221103227283,-1.6868009460593576,1.162272068360418,0
412363,0.1477912565804532,-1.7049286640726329,1.1550545510032806,0
412367,0.14980544747081712,-1.6988860914015411,1.1589150835431448,0
412371,0.15265888456549934,-1.6983825436789501,1.1585793850614174,0
412375,0.15735866330968185,-1.7035858701457236,1.1599221789883267,0
412379,0.15215533684290836,-1.7005645838101777,1.1475013351644159,0
412383,0.14611276417181657,-1.71029983978027,1.1493476768139161,0
412387,0.15316243228809032,-1.7146639200427252,1.167139696345464,0
412391,0.16625467307545586,-1.6728694590676736,1.1926527809567407,0
412394,0.18622873273823148,-1.6852903028915847,1.1847638666361486,0
412398,0.17447928587777523,-1.694018463416495,1.1991989013504234,0
412402,0.16843671320668344,-1.673708705271992,1.1765392538338293,0
412406,0.17397573815518425,-1.7032501716639963,1.173182269016556,0
412410,0.17632562752727549,-1.7059357595178148,1.1887922484168765,0
412414,0.17733272297245745,-1.7292668039978636,1.1557259479667352,0
412418,0.16910811017013808,-1.6827725642786298,1.1710002288853285,0
412422,0.16591897459372854,-1.6742122529945829,1.1550545510032806,0
412426,0.15702296482795453,-1.6758907454032197,1.1589150835431448,0
412430,0.17481498435950255,-1.7027466239414053,1.174692912184329,0
412434,0.16659037155718318,-1.6980468451972228,1.1894636453803311,0
412437,0.16037994964522773,-1.676226443884947,1.1584115358205538,0
412441,0.1608834973678187,-1.6596093690394444,1.152872510872053,0
412445,0.15685511558709087,-1.6710231174181733,1.1577401388570991,0
412449,0.15534447241931792,-1.6753871976806285,1.1629434653238726,0
412453,0.16491187914854658,-1.6614557106889447,1.168146791790646,0
412457,0.16306553749904631,-1.663805600061036,1.1721751735713741,0
412461,0.16591897459372854,-1.6646448462653542,1.1547188525215533,0
412465,0.16507972838941024,-1.6570916304264895,1.1644541084916455,0
412469,0.16407263294422827,-1.6723659113450826,1.1723430228122378,0
412473,0.1605477988860914,-1.6592736705577171,1.1829175249866484,0
412476,0.17682917524986647,-1.6888151369497215,1.1827496757457847,0
412480,0.16675822079804684,-1.6874723430228122,1.1664682993820095,0
412484,0.1686045624475471,-1.673205157549401,1.159754329747463,0
412488,0.1669260700389105,-1.6688410772869458,1.1730144197756924,0
412492,0.17263294422827496,-1.708285648889906,1.1740215152208744,0
412496,0.1677653162432288,-1.6804226749065385,1.1639505607690546,0
412500,0.162729839017319,-1.6884794384679942,1.1790569924467842,0
412504,0.16256198977645533,-1.6888151369497215,1.1605935759517814,0
412508,0.1605477988860914,-1.6743801022354465,1.1599221789883267,0
412512,0.1608834973678187,-1.6589379720759898,1.1563973449301899,0
412516,0.15903715571831845,-1.6673304341191728,1.1679789425497824,0
412519,0.16323338673990997,-1.6728694590676736,1.1725108720531014,0
412523,0.15618371862363623,-1.6896543831540398,1.1884565499351492,0
412527,0.1550087739375906,-1.6804226749065385,1.1723430228122378,0
412531,0.162729839017319,-1.6839475089646754,1.186106660563058,0
412535,0.16105134660868237,-1.6574273289082169,1.1800640878919662,0
412539,0.15568017090104525,-1.6611200122072174,1.177714198519875,0
412543,0.15249103532463568,-1.6829404135194934,1.1723430228122378,0
412547,0.15735866330968185,-1.6893186846723125,1.1683146410315097,0
412551,0.16121919584954603,-1.6978789959563592,1.18207827878233,0
412555,0.16810101472495612,-1.6849546044098573,1.1857709620813306,0
412559,0.16591897459372854,-1.6666590371557182,1.185603112840467,0
412562,0.15534447241931792,-1.6745479514763102,1.177210650797284,0
412566,0.15987640192263675,-1.6743801022354465,1.169657434958419,0
412570,0.16474402990768292,-1.6723659113450826,1.1721751735713741,0
412574,0.16894026092927442,-1.6557488364995803,1.1646219577325092,0
412578,0.16591897459372854,-1.6569237811856259,1.1644541084916455,0
412582,0.1575265125505455,-1.6666590371557182,1.1557259479667352,0
412586,0.16407263294422827,-1.6797512779430839,1.1500190737773708,0
412590,0.16021210040436407,-1.668673228046082,1.1575722896162355,0
412594,0.15400167849240862,-1.682604715037766,1.1555580987258716,0
412598,0.15853360799572747,-1.6864652475776303,1.1668039978637368,0
412601,0.15635156786449989,-1.6967040512703135,1.152368963149462,0
412605,0.1592050049591821,-1.6859616998550393,1.152872510872053,0
412609,0.1635690852216373,-1.6693446250095367,1.1822461280231937,0
412613,0.1741435873960479,-1.7052643625543602,1.1985275043869688,0
412617,0.1724650949874113,-1.729602502479591,1.1882887006942855,0
412621,0.17364003967345693,-1.733463035019455,1.172678721293965,0
412625,0.1749828336003662,-1.7341344319829097,1.174692912184329,0
412629,0.17733272297245745,-1.7421911955443656,1.182581826504921,0
412633,0.18337529564354924,-1.7348058289463644,1.1847638666361486,0
412637,0.18169680323491263,-1.7101319905394063,1.1809033340962845,0
412641,0.16709391927977416,-1.6916685740444037,1.1716716258487831,0
412644,0.16877241168841076,-1.672198062104219,1.1683146410315097,0
412648,0.16726176852063782,-1.6690089265278094,1.1689860379949644,0
412652,0.1686045624475471,-1.6589379720759898,1.1704966811627375,0
412656,0.16659037155718318,-1.6723659113450826,1.1679789425497824,0
412660,0.15903715571831845,-1.6814297703517205,1.162272068360418,0
412664,0.15181963836118104,-1.702410925459678,1.1565651941710535,0
412668,0.15534447241931792,-1.6916685740444037,1.1753643091477837,0
412672,0.1575265125505455,-1.68461890592813,1.174692912184329,0
412676,0.15534447241931792,-1.682604715037766,1.1730144197756924,0
412680,0.15098039215686274,-1.6975432974746318,1.1703288319218739,0
412684,0.13352407110704204,-1.711306935225452,1.1715037766079195,0
412687,0.16642252231631952,-1.6728694590676736,1.176203555352102,0
412691,0.161722743572137,-1.6774013885709926,1.1733501182574197,0
412695,0.16759746700236514,-1.6614557106889447,1.1787212939650569,0
412699,0.15651941710536355,-1.6842832074464027,1.1647898069733729,0
412703,0.18119325551232165,-1.6844510566872664,1.158747234302281,0
412707,0.15735866330968185,-1.6878080415045396,1.185603112840467,0
412711,0.17447928587777523,-1.6977111467154955,1.173685816739147,0
412715,0.18958571755550468,-1.7057679102769512,1.1809033340962845,0
412719,0.17682917524986647,-1.7149996185244525,1.1684824902723734,0
412723,0.1785076676585031,-1.7136568245975432,1.1642862592507819,0
412727,0.16726176852063782,-1.6884794384679942,1.1706645304036012,0
412730,0.18723582818341344,-1.685122453650721,1.1745250629434654,0
412734,0.1827038986800946,-1.718188754100862,1.1787212939650569,0
412738,0.18303959716182192,-1.7183566033417257,1.1760357061112383,0
412742,0.16491187914854658,-1.6911650263218128,1.1735179674982834,0
412746,0.17196154726482032,-1.7321202410925458,1.1715037766079195,0
412750,0.19730678263523307,-1.6970397497520409,1.175700007629511,0
412754,0.16877241168841076,-1.6748836499580375,1.1864423590447852,0
412758,0.17212939650568398,-1.7116426337071793,1.1678110933089187,0
412762,0.1592050049591821,-1.693011367971313,1.1605935759517814,0
412766,0.152826733806363,-1.6854581521324483,1.1614328221560997,0
412769,0.16591897459372854,-1.6673304341191728,1.1624399176012816,0
412773,0.16222629129472801,-1.670183871213855,1.1706645304036012,0
412777,0.16591897459372854,-1.6604486152437627,1.1641184100099182,0
412781,0.17632562752727549,-1.686129549095903,1.1594186312657357,0
412785,0.1652475776302739,-1.6733730067902646,1.1579079880979628,0
412789,0.18555733577477682,-1.6975432974746318,1.1520332646677347,0
412793,0.2142595559624628,-1.6599450675211718,1.1614328221560997,0
412797,0.18404669260700388,-1.6894865339131762,1.1721751735713741,0
412801,0.17531853208209353,-1.7217135881589989,1.167139696345464,0
412805,0.15937285420004577,-1.7007324330510414,1.1631113145647363,0
412809,0.16205844205386435,-1.6982146944380865,1.1798962386511025,0
412812,0.15937285420004577,-1.69150072480354,1.1822461280231937,0
412816,0.17431143663691157,-1.7066071564812695,1.1847638666361486,0
412820,0.161722743572137,-1.7052643625543602,1.18207827878233,0
412824,0.14678416113527123,-1.7062714579995422,1.1770428015564203,0
412828,0.19260700389105057,-1.6862973983367666,1.1654612039368275,0
412832,0.19277485313191423,-1.6745479514763102,1.1892957961394675,0
412836,0.1707866025787747,-1.663302052338445,1.1946669718471046,0
412840,0.15954070344090943,-1.6626306553749903,1.1879530022125582,0
412844,0.15098039215686274,-1.6868009460593576,1.1755321583886473,0
412848,0.15081254291599908,-1.699389639124132,1.1810711833371481,0
412852,0.16121919584954603,-1.7017395284962233,1.1849317158770123,0
412855,0.15433737697413596,-1.6864652475776303,1.1798962386511025,0
412859,0.143427176317998,-1.6962005035477226,1.1600900282291904,0
412863,0.14879835202563516,-1.6948577096208133,1.1577401388570991,0
412867,0.14879835202563516,-1.6868009460593576,1.1495155260547798,0
412871,0.15987640192263675,-1.6834439612420844,1.1572365911345082,0
412875,0.16340123598077363,-1.685626001373312,1.17519645990692,0
412879,0.15249103532463568,-1.6931792172121767,1.168146791790646,0
412883,0.16222629129472801,-1.6815976195925841,1.1652933546959638,0
412887,0.17196154726482032,-1.7282597085526816,1.1711680781261922,0
412891,0.17682917524986647,-1.7163424124513618,1.1735179674982834,0
412894,0.18085755703059433,-1.7131532768749522,1.173685816739147,0
412898,0.18455024032959486,-1.7139925230792705,1.1718394750896468,0
412902,0.18404669260700388,-1.7203707942320896,1.1649576562142365,0
412906,0.1890821698329137,-1.7010681315327687,1.1580758373388265,0
412910,0.19143205920500495,-1.687640192263676,1.163782711528191,0
412914,0.22416266117341876,-1.6626306553749903,1.1758678568703747,0
412918,0.19411764705882353,-1.6770656900892653,1.177210650797284,0
412922,0.19176775768673227,-1.6753871976806285,1.1590829327840084,0
412926,0.18773937590600442,-1.6690089265278094,1.1562294956893262,0
412930,0.18606088349736782,-1.6812619211108568,1.1542153047989623,0
412934,0.18572518501564048,-1.6891508354314488,1.1669718471046004,0
412937,0.18303959716182192,-1.7067750057221331,1.176707103074693,0
412941,0.17632562752727549,-1.7116426337071793,1.1530403601129167,0
412945,0.1733043411917296,-1.7346379797055007,1.1560616464484625,0
412949,0.17364003967345693,-1.7480659189745937,1.154886701762417,0
412953,0.17212939650568398,-1.7626688029297322,1.1649576562142365,0
412957,0.16927595941100174,-1.7121461814297703,1.1540474555580986,0
412961,0.17212939650568398,-1.7431982909895476,1.145487144274052,0
412965,0.1652475776302739,-1.7072785534447241,1.1483405813687342,0
412969,0.17380788891432059,-1.7213778896772716,1.1411230640115968,0
412973,0.19881742580300601,-1.7155031662470435,1.1411230640115968,0
412977,0.18455024032959486,-1.712817578393225,1.15136186770428,0
412980,0.19311055161364155,-1.6849546044098573,1.1422980086976424,0
412984,0.18220035095750362,-1.6901579308766308,1.1580758373388265,0
412988,0.18891432059205004,-1.694522011139086,1.1641184100099182,0
412992,0.2073777370870527,-1.6673304341191728,1.1780498970016022,0
412996,0.19613183794918745,-1.6790798809796292,1.1903028915846494,0
413000,0.1976424811169604,-1.6824368657969024,1.1881208514534218,0
413004,0.19059281300068664,-1.6723659113450826,1.176707103074693,0
413008,0.19881742580300601,-1.6824368657969024,1.1636148622873272,0
413012,0.18253604943923094,-1.6768978408484017,1.1308842603189135,0
413016,0.17531853208209353,-1.7030823224231326,1.1480048828870069,0
413020,0.16994735637445638,-1.683611810482948,1.1720073243305105,0
413023,0.17263294422827496,-1.724567025253681,1.2002059967956054,0
413027,0.1608834973678187,-1.6864652475776303,1.1997024490730144,0
413031,0.15954070344090943,-1.6730373083085373,1.181574731059739,0
413035,0.14023804074158847,-1.7086213473716334,1.1723430228122378,0
413039,0.14057373922331579,-1.7348058289463644,1.1569008926527808,0
413043,0.15215533684290836,-1.7249027237354084,1.159250782024872,0
413047,0.13855954833295187,-1.727588311589227,1.153879606317235,0
413051,0.15047684443427176,-1.7279240100709543,1.1391088731212329,0
413055,0.15165178912031738,-1.7121461814297703,1.136087586785687,0
413059,0.152826733806363,-1.6978789959563592,1.1406195162890058,0
413062,0.15853360799572747,-1.6977111467154955,1.1491798275730525,0
413066,0.1605477988860914,-1.6802548256656749,1.1605935759517814,0
413070,0.1733043411917296,-1.7136568245975432,1.1738536659800107,0
413074,0.18723582818341344,-1.6970397497520409,1.1936598764019226,0
413078,0.18136110475318531,-1.699893186846723,1.1869459067673762,0
413082,0.1785076676585031,-1.7099641412985427,1.1748607614251927,0
413086,0.20150301365682458,-1.7005645838101777,1.185099565117876,0
413090,0.1724650949874113,-1.7240634775310901,1.1911421377889677,0
413094,0.15450522621499962,-1.700396734569314,1.1960097657740139,0
413098,0.14628061341268025,-1.7040894178683146,1.1901350423437858,0
413102,0.13721675440604256,-1.7277561608300906,1.1788891432059205,0
413105,0.14678416113527123,-1.718188754100862,1.1897993438620584,0
413109,0.1430914778362707,-1.7233920805676355,1.1946669718471046,0
413113,0.13956664377813383,-1.7040894178683146,1.2116197451743342,0
413117,0.15265888456549934,-1.7010681315327687,1.211284046692607,0
413121,0.14728770885786222,-1.7037537193865873,1.2091020065613793,0
413125,0.15064469367513542,-1.7210421911955442,1.1928206301976043,0
413129,0.16306553749904631,-1.6973754482337682,1.1896314946211948,0
413133,0.17548638132295719,-1.7121461814297703,1.1733501182574197,0
413137,0.17380788891432059,-1.7299382009613182,1.1795605401693752,0
413141,0.18421454184786754,-1.727588311589227,1.167139696345464,0
413145,0.18404669260700388,-1.728595407034409,1.1511940184634164,0
413148,0.19176775768673227,-1.692507820248722,1.1522011139085984,0
413152,0.2001602197299153,-1.682604715037766,1.1481727321278705,0
413156,0.21224536507209887,-1.662294956893263,1.1590829327840084,0
413160,0.21409170672159913,-1.634599832150759,1.152872510872053,0
413164,0.21392385748073547,-1.6253681239032578,1.136087586785687,0
413168,0.20368505378805218,-1.6314106965743496,1.1567330434119172,0
413172,0.20351720454718852,-1.6332570382238498,1.1740215152208744,0
413176,0.19210345616845959,-1.6517204547188524,1.173182269016556,0
413180,0.1907606622415503,-1.6795834287022202,1.1760357061112383,0
413184,0.18404669260700388,-1.6997253376058594,1.1802319371328298,0
413187,0.19579613946746013,-1.6752193484397648,1.1629434653238726,0
413191,0.21157396810864423,-1.6416495002670328,1.167643244068055,0
413195,0.21795223926146334,-1.652391851682307,1.1864423590447852,0
413199,0.2150988021667811,-1.6774013885709926,1.1834210727092394,0
413203,0.23104448004882885,-1.6770656900892653,1.1721751735713741,0
413207,0.22281986724650948,-1.6525597009231707,1.1641184100099182,0
413211,0.2283588921950103,-1.6503776607919431,1.1901350423437858,0
413215,0.23070878156710153,-1.6265430685893034,1.1616006713969633,0
413219,0.2355764095521477,-1.6131151293202106,1.1669718471046004,0
413223,0.2317158770122835,-1.626710917830167,1.1392767223620965,0
413227,0.23154802777141983,-1.6322499427786679,1.1466620889600976,0
413230,0.2295338368810559,-1.6285572594796673,1.1510261692225527,0
413234,0.2258411535820554,-1.6483634699015792,1.1537117570763713,0
413238,0.21274891279468985,-1.6367818722819867,1.1414587624933241,0
413242,0.1882429236285954,-1.6775692378118563,1.1594186312657357,0
413246,0.18807507438773174,-1.6987182421606775,1.1642862592507819,0
413250,0.18589303425650416,-1.699893186846723,1.1610971236743723,0
413254,0.18371099412527656,-1.7047608148317692,1.169657434958419,0
413258,0.17380788891432059,-1.7121461814297703,1.1684824902723734,0
413262,0.1733043411917296,-1.737491416800183,1.1664682993820095,0
413266,0.17296864271000228,-1.7343022812237734,1.1824139772640574,0
413270,0.18538948653391316,-1.725070572976272,1.1763714045929656,0
413273,0.19411764705882353,-1.7035858701457236,1.182581826504921,0
413277,0.19797817959868771,-1.6809262226291295,1.1689860379949644,0
413281,0.20368505378805218,-1.659777218280308,1.1525368123903257,0
413285,0.20133516441596092,-1.651384756237125,1.1689860379949644,0
413289,0.2117418173495079,-1.6367818722819867,1.1666361486228731,0
413293,0.21190966659037155,-1.626710917830167,1.1661326009002821,0
413297,0.20368505378805218,-1.6327534905012588,1.1669718471046004,0
413301,0.199320973525597,-1.6582665751125352,1.1834210727092394,0
413305,0.18085755703059433,-1.6854581521324483,1.1550545510032806,0
413309,0.17968261234454871,-1.6879758907454032,1.1516975661860074,0
413313,0.19260700389105057,-1.683611810482948,1.1605935759517814,0
413316,0.17531853208209353,-1.709292744335088,1.176707103074693,0
413320,0.15601586938277257,-1.7096284428168154,1.176203555352102,0
413324,0.16961165789272906,-1.6834439612420844,1.1797283894102388,0
413328,0.1660868238345922,-1.670183871213855,1.167139696345464,0
413332,0.17296864271000228,-1.6992217898832684,1.1699931334401465,0
413336,0.18320744640268558,-1.709292744335088,1.1636148622873272,0
413340,0.18152895399404897,-1.7136568245975432,1.1500190737773708,0
413344,0.16625467307545586,-1.6700160219729914,1.1255130846112764,0
413348,0.19277485313191423,-1.6685053788052184,1.138101777676051,0
413352,0.19311055161364155,-1.652895399404898,1.1438086518654154,0
413355,0.19730678263523307,-1.6498741130693522,1.1555580987258716,0
413359,0.19713893339436941,-1.65390249485008,1.146494239719234,0
413363,0.18757152666514076,-1.6710231174181733,1.1374303807125963,0
413367,0.19361409933623253,-1.6884794384679942,1.1510261692225527,0
413371,0.18488593881132218,-1.6987182421606775,1.1693217364766917,0
413375,0.19277485313191423,-1.6805905241474022,1.1763714045929656,0
413379,0.16927595941100174,-1.6728694590676736,1.1911421377889677,0
413383,0.15265888456549934,-1.6878080415045396,1.1901350423437858,0
413387,0.15249103532463568,-1.693514915693904,1.2055771725032425,0
413391,0.16155489433127335,-1.685626001373312,1.2242084382391087,0
413395,0.16877241168841076,-1.6656519417105362,1.2305867093919278,0
413398,0.15853360799572747,-1.6753871976806285,1.1956740672922865,0
413402,0.14997329671168078,-1.6822690165560388,1.1908064393072404,0
413406,0.1447699702449073,-1.6750514991989012,1.1753643091477837,0
413410,0.13956664377813383,-1.6795834287022202,1.1674753948271914,0
413414,0.1608834973678187,-1.6591058213168535,1.162775616083009,0
413418,0.15970855268177309,-1.6594415197985808,1.1451514457923246,0
413422,0.14963759822995346,-1.6730373083085373,1.1379339284351873,0
413426,0.16575112535286488,-1.663805600061036,1.1364232852674143,0
413430,0.19008926527809566,-1.6802548256656749,1.1382696269169146,0
413434,0.1915999084458686,-1.6804226749065385,1.1409552147707331,0
413438,0.19277485313191423,-1.6718623636224916,1.1347447928587777,0
413441,0.18757152666514076,-1.6844510566872664,1.1466620889600976,0
413445,0.18555733577477682,-1.6992217898832684,1.1476691844052795,0
413449,0.20334935530632486,-1.671694514381628,1.1657969024185548,0
413453,0.1937819485770962,-1.678744182497902,1.1733501182574197,0
413457,0.18958571755550468,-1.692004272526131,1.1683146410315097,0
413461,0.16642252231631952,-1.6587701228351261,1.172678721293965,0
413465,0.17632562752727549,-1.6857938506141756,1.18207827878233,0
413469,0.17632562752727549,-1.6953612573434043,1.1874494544899672,0
413473,0.18790722514686808,-1.6779049362935836,1.1968490119783322,0
413477,0.19394979781795987,-1.6815976195925841,1.2106126497291523,0
413480,0.21056687266346227,-1.6570916304264895,1.2126268406195162,0
413484,0.18538948653391316,-1.6817654688334478,1.1976882581826505,0
413488,0.18035400930800335,-1.6904936293583581,1.211284046692607,0
413492,0.19260700389105057,-1.671694514381628,1.2079270618753337,0
413496,0.1874036774242771,-1.6768978408484017,1.1981918059052414,0
413500,0.1785076676585031,-1.6891508354314488,1.183085374227512,0
413504,0.16474402990768292,-1.6810940718699932,1.1669718471046004,0
413508,0.16491187914854658,-1.6658197909513999,1.1516975661860074,0
413512,0.17011520561532006,-1.659777218280308,1.150354772259098,0
413516,0.16961165789272906,-1.6535667963683527,1.1397802700846875,0
413520,0.18757152666514076,-1.6674982833600365,1.1407873655298695,0
413523,0.18320744640268558,-1.6970397497520409,1.1313878080415045,0
413527,0.1924391546501869,-1.6817654688334478,1.1179598687724117,0
413531,0.20150301365682458,-1.6790798809796292,1.1483405813687342,0
413535,0.21375600823987181,-1.6574273289082169,1.1448157473105973,0
413539,0.19529259174486915,-1.6641412985427633,1.1468299382009612,0
413543,0.19831387808041503,-1.6629663538567176,1.1478370336461432,0
413547,0.199320973525597,-1.6683375295643548,1.1555580987258716,0
413551,0.18337529564354924,-1.692507820248722,1.1810711833371481,0
413555,0.19562829022659647,-1.6829404135194934,1.1824139772640574,0
413559,0.19948882276646066,-1.6822690165560388,1.183085374227512,0
413563,0.18387884336614022,-1.6933470664530403,1.1807354848554208,0
413566,0.19797817959868771,-1.673708705271992,1.1887922484168765,0
413570,0.2214770733196002,-1.6671625848783092,1.2121232928969252,0
413574,0.19126420996414129,-1.6723659113450826,1.2200122072175172,0
413578,0.18941786831464102,-1.6911650263218128,1.217158770122835,0
413582,0.17968261234454871,-1.692004272526131,1.1916456855115587,0
413586,0.17481498435950255,-1.7203707942320896,1.2054093232623788,0
413590,0.16575112535286488,-1.6822690165560388,1.1991989013504234,0
413594,0.16659037155718318,-1.6824368657969024,1.1971847104600595,0
413598,0.16810101472495612,-1.6779049362935836,1.1897993438620584,0
413602,0.1677653162432288,-1.6658197909513999,1.1689860379949644,0
413606,0.16222629129472801,-1.671190966659037,1.1641184100099182,0
413609,0.15903715571831845,-1.6676661326009001,1.150858319981689,0
413613,0.16793316548409246,-1.6688410772869458,1.1379339284351873,0
413617,0.18052185854886701,-1.6819333180743115,1.1288700694285496,0
413621,0.162729839017319,-1.6859616998550393,1.1290379186694133,0
413625,0.1758220798046845,-1.7015716792553597,1.1298771648737316,0
413629,0.18773937590600442,-1.6891508354314488,1.1332341496910048,0
413633,0.19025711451895932,-1.6849546044098573,1.1441443503471427,0
413637,0.19445334554055085,-1.6768978408484017,1.1599221789883267,0
413641,0.18622873273823148,-1.6878080415045396,1.1649576562142365,0
413645,0.19478904402227817,-1.6899900816357671,1.1656290531776912,0
413648,0.19965667200732432,-1.685122453650721,1.1753643091477837,0
413652,0.20603494316014342,-1.6671625848783092,1.1894636453803311,0
413656,0.19025711451895932,-1.663805600061036,1.190470740825513,0
413660,0.2197985809109636,-1.6582665751125352,1.1839246204318303,0
413664,0.19948882276646066,-1.6676661326009001,1.199366750591287,0
413668,0.19445334554055085,-1.6703517204547187,1.191981383993286,0
413672,0.20284580758373388,-1.6614557106889447,1.2070878156710154,0
413676,0.19797817959868771,-1.6522240024414434,1.1978561074235141,0
413680,0.19059281300068664,-1.6596093690394444,1.1918135347524224,0
413684,0.18941786831464102,-1.6797512779430839,1.1827496757457847,0
413688,0.1766613260090028,-1.6962005035477226,1.172678721293965,0
413691,0.19059281300068664,-1.684115358205539,1.1718394750896468,0
413695,0.18136110475318531,-1.6987182421606775,1.159754329747463,0
413699,0.18891432059205004,-1.7129854276340886,1.1574044403753718,0
413703,0.17783627069504843,-1.7240634775310901,1.1265201800564584,0
413707,0.18136110475318531,-1.7124818799114976,1.117792019531548,0
413711,0.19025711451895932,-1.6983825436789501,1.1307164110780499,0
413715,0.19193560692759593,-1.6750514991989012,1.143472953383688,0
413719,0.1907606622415503,-1.6928435187304494,1.1402838178072785,0
413723,0.1907606622415503,-1.700900282291905,1.1522011139085984,0
413727,0.18639658197909514,-1.692507820248722,1.1570687418936445,0
413731,0.18706797894254978,-1.6883115892271305,1.1656290531776912,0
413734,0.18421454184786754,-1.7002288853284504,1.1803997863736935,0
413738,0.181025406271458,-1.6983825436789501,1.186610208285649,0
413742,0.17565423056382085,-1.7126497291523612,1.1938277256427863,0
413746,0.18052185854886701,-1.7126497291523612,1.1970168612191958,0
413750,0.1968032349126421,-1.699389639124132,1.1965133134966048,0
413754,0.19176775768673227,-1.6789120317387656,1.1997024490730144,0
413758,0.18253604943923094,-1.6745479514763102,1.1906385900663767,0
413762,0.17313649195086595,-1.7071107042038605,1.1807354848554208,0
413766,0.16642252231631952,-1.6688410772869458,1.1743572137026017,0
413770,0.17615777828641183,-1.6941863126573586,1.1654612039368275,0
413773,0.18941786831464102,-1.696032654306859,1.1669718471046004,0
413777,0.1942854962996872,-1.6903257801174945,1.1585793850614174,0
413781,0.19109636072327763,-1.6864652475776303,1.1510261692225527,0
413785,0.18337529564354924,-1.702410925459678,1.1532082093537803,0
413789,0.19344625009536887,-1.7069428549629968,1.1580758373388265,0
413793,0.19613183794918745,-1.6980468451972228,1.1758678568703747,0
413797,0.19344625009536887,-1.7007324330510414,1.163782711528191,0
413801,0.1827038986800946,-1.7247348744945448,1.169657434958419,0
413805,0.18404669260700388,-1.7272526131074997,1.162272068360418,0
413809,0.18975356679636834,-1.7037537193865873,1.1654612039368275,0
413813,0.19092851148241397,-1.702914473182269,1.1824139772640574,0
413816,0.19613183794918745,-1.6918364232852674,1.176203555352102,0
413820,0.189921416037232,-1.6898222323949035,1.1698252841992827,0
413824,0.19092851148241397,-1.6983825436789501,1.1793926909285115,0
413828,0.19898527504386967,-1.6977111467154955,1.1891279468986038,0
413832,0.19864957656214235,-1.6649805447470816,1.1981918059052414,0
413836,0.2023422598611429,-1.654909590295262,1.192484931715877,0
413840,0.20267795834287022,-1.6456778820477607,1.183085374227512,0
413844,0.18253604943923094,-1.659777218280308,1.1725108720531014,0
413848,0.181025406271458,-1.6735408560311282,1.1654612039368275,0
413852,0.17901121538109407,-1.6891508354314488,1.1657969024185548,0
413856,0.17615777828641183,-1.7045929655909056,1.1641184100099182,0
413859,0.17347219043259327,-1.7311131456473638,1.1577401388570991,0
413863,0.16810101472495612,-1.709292744335088,1.1579079880979628,0
413867,0.17263294422827496,-1.73598077363241,1.158747234302281,0
413871,0.17951476310368505,-1.728595407034409,1.1428015564202334,0
413875,0.17682917524986647,-1.7126497291523612,1.1713359273670558,0
413879,0.17212939650568398,-1.743030441748684,1.1641184100099182,0
413883,0.17280079346913862,-1.750919356069276,1.167139696345464,0
413887,0.17229724574654764,-1.7500801098649577,1.1626077668421453,0
413891,0.1749828336003662,-1.7433661402304113,1.1908064393072404,0
413895,0.18589303425650416,-1.7237277790493628,1.1770428015564203,0
413899,0.18371099412527656,-1.7146639200427252,1.17519645990692,0
413902,0.17347219043259327,-1.7346379797055007,1.1689860379949644,0
413906,0.18941786831464102,-1.7233920805676355,1.173182269016556,0
413910,0.20083161669336994,-1.6898222323949035,1.1768749523155566,0
413914,0.19311055161364155,-1.6646448462653542,1.1980239566643778,0
413918,0.1915999084458686,-1.6757228961623558,1.1867780575265126,0
413922,0.18673228046082246,-1.6938506141756313,1.1884565499351492,0
413926,0.1818646524757763,-1.6911650263218128,1.1918135347524224,0
413930,0.17531853208209353,-1.7094605935759517,1.1805676356145571,0
413934,0.17565423056382085,-1.7061036087586785,1.1951705195696956,0
413938,0.17196154726482032,-1.7433661402304113,1.1713359273670558,0
413941,0.1843823910887312,-1.7331273365377278,1.1679789425497824,0
413945,0.16155489433127335,-1.7119783321889066,1.1542153047989623,0
413949,0.1686045624475471,-1.6953612573434043,1.1255130846112764,0
413953,0.16894026092927442,-1.6646448462653542,1.1162813763637751,0
413957,0.17565423056382085,-1.6889829861905852,1.1171206225680934,0
413961,0.18589303425650416,-1.6923399710078584,1.145487144274052,0
413965,0.1843823910887312,-1.6970397497520409,1.1886243991760128,0
413969,0.19294270237277789,-1.6765621423666743,1.2074235141527427,0
413973,0.20603494316014342,-1.662294956893263,1.1886243991760128,0
413977,0.18723582818341344,-1.6708552681773097,1.1699931334401465,0
413981,0.16977950713359272,-1.655413138017853,1.1886243991760128,0
413984,0.16910811017013808,-1.6419851987487601,1.1577401388570991,0
413988,0.18169680323491263,-1.6634699015793086,1.1663004501411458,0
413992,0.19629968719005111,-1.6750514991989012,1.167139696345464,0
413996,0.19814602883955137,-1.6663233386739909,1.1471656366826886,0
414000,0.1951247425040055,-1.6683375295643548,1.1520332646677347,0
414004,0.19898527504386967,-1.6819333180743115,1.1639505607690546,0
414008,0.20167086289768826,-1.6745479514763102,1.1694895857175553,0
414012,0.21392385748073547,-1.6377889677271686,1.2010452429999237,0
414016,0.22080567635614556,-1.6483634699015792,1.1978561074235141,0
414020,0.21190966659037155,-1.6304036011291676,1.184596017395285,0
414024,0.20251010910200656,-1.635606927595941,1.176203555352102,0
414027,0.19982452124818798,-1.6443350881208514,1.1725108720531014,0
414031,0.19495689326314183,-1.6690089265278094,1.1743572137026017,0
414035,0.19411764705882353,-1.6779049362935836,1.1689860379949644,0
414039,0.20553139543755244,-1.6868009460593576,1.161768520637827,0
414043,0.18773937590600442,-1.679247730220493,1.162272068360418,0
414047,0.1818646524757763,-1.6869687953002213,1.1448157473105973,0
414051,0.18387884336614022,-1.6918364232852674,1.1656290531776912,0
414055,0.18723582818341344,-1.6862973983367666,1.1632791638056,0
414059,0.18857862211032272,-1.6972075989929045,1.1661326009002821,0
414063,0.18085755703059433,-1.7076142519264514,1.1666361486228731,0
414066,0.17800411993591211,-1.7208743419546806,1.1649576562142365,0
414070,0.17565423056382085,-1.7133211261158159,1.1953383688105592,0
414074,0.20502784771496146,-1.6968719005111772,1.1775463492790113,0
414078,0.16575112535286488,-1.6730373083085373,1.1745250629434654,0
414082,0.16877241168841076,-1.6659876401922635,1.17519645990692,0
414086,0.17867551689936675,-1.700900282291905,1.1790569924467842,0
414090,0.17968261234454871,-1.6931792172121767,1.1903028915846494,0
414094,0.18001831082627603,-1.7099641412985427,1.1884565499351492,0
414098,0.17833981841763943,-1.710803387502861,1.1903028915846494,0
414102,0.16961165789272906,-1.6750514991989012,1.185603112840467,0
414106,0.18387884336614022,-1.6869687953002213,1.168650339513237,0
414109,0.18941786831464102,-1.694018463416495,1.1810711833371481,0
414113,0.1874036774242771,-1.6847867551689937,1.178217746242466,0
414117,0.1874036774242771,-1.6862973983367666,1.1723430228122378,0
414121,0.19193560692759593,-1.67270160982681,1.1569008926527808,0
414125,0.19143205920500495,-1.6794155794613566,1.1535439078355076,0
414129,0.19831387808041503,-1.669680323491264,1.1574044403753718,0
414133,0.2001602197299153,-1.6703517204547187,1.1646219577325092,0
414137,0.18925001907377736,-1.6784084840161746,1.1674753948271914,0
414141,0.1583657587548638,-1.6703517204547187,1.1656290531776912,0
414145,0.16910811017013808,-1.6505455100328068,1.1555580987258716,0
414149,0.1605477988860914,-1.6530632486457617,1.1574044403753718,0
414152,0.162729839017319,-1.6683375295643548,1.1574044403753718,0
414156,0.17884336614023041,-1.7086213473716334,1.1679789425497824,0
414160,0.18606088349736782,-1.712817578393225,1.1748607614251927,0
414164,0.16726176852063782,-1.6904936293583581,1.1636148622873272,0
414168,0.16659037155718318,-1.6886472877088579,1.1689860379949644,0
414172,0.18673228046082246,-1.693514915693904,1.1869459067673762,0
414176,0.1932784008545052,-1.670183871213855,1.209269855802243,0
414180,0.20284580758373388,-1.6658197909513999,1.2044022278171969,0
414184,0.19646753643091477,-1.6565880827038986,1.1879530022125582,0
414188,0.21241321431296253,-1.645510032806897,1.1834210727092394,0
414191,0.2159380483710994,-1.6493705653467612,1.1824139772640574,0
414195,0.22080567635614556,-1.6591058213168535,1.1510261692225527,0
414199,0.2159380483710994,-1.664309147783627,1.154886701762417,0
414203,0.20704203860532538,-1.661287861448081,1.136087586785687,0
414207,0.20351720454718852,-1.647524223697261,1.1428015564202334,0
414211,0.20922407873655297,-1.6293965056839856,1.1412909132524605,0
414215,0.20183871213855192,-1.637117570763714,1.1485084306095978,0
414219,0.1942854962996872,-1.664812695506218,1.1500190737773708,0
414223,0.18052185854886701,-1.6847867551689937,1.1458228427557793,0
414227,0.16507972838941024,-1.6674982833600365,1.1567330434119172,0
414231,0.13587396047913328,-1.7114747844663156,1.1773785000381476,0
414234,0.16591897459372854,-1.683611810482948,1.184596017395285,0
414238,0.1592050049591821,-1.6888151369497215,1.1892957961394675,0
414242,0.15081254291599908,-1.7054322117952239,1.1928206301976043,0
414246,0.152826733806363,-1.6899900816357671,1.1849317158770123,0
414250,0.18455024032959486,-1.692507820248722,1.1943312733653773,0
414254,0.19294270237277789,-1.6797512779430839,1.1852674143587396,0
414258,0.19260700389105057,-1.6708552681773097,1.1763714045929656,0
414262,0.19781033035782405,-1.661287861448081,1.2002059967956054,0
414266,0.20754558632791636,-1.6545738918135346,1.1867780575265126,0
414270,0.21358815899900815,-1.6392996108949416,1.191981383993286,0
414274,0.21493095292591743,-1.6690089265278094,1.1837567711909667,0
414277,0.21610589761196305,-1.6651483939879452,1.1661326009002821,0
414281,0.20804913405050734,-1.6419851987487601,1.1471656366826886,0
414285,0.1959639887083238,-1.6488670176241702,1.154383154039826,0
414289,0.208216983291371,-1.6441672388799877,1.1352483405813687,0
414293,0.19176775768673227,-1.6540703440909437,1.150354772259098,0
414297,0.18606088349736782,-1.683611810482948,1.1699931334401465,0
414301,0.14611276417181657,-1.6980468451972228,1.160257877470054,0
414305,0.14644846265354391,-1.7133211261158159,1.1787212939650569,0
414309,0.15601586938277257,-1.7168459601739527,1.1683146410315097,0
414313,0.14930189974822614,-1.709796292057679,1.1753643091477837,0
414317,0.1383916990920882,-1.724567025253681,1.1802319371328298,0
414320,0.12311741817349507,-1.7228885328450445,1.1889600976577401,0
414324,0.12395666437781337,-1.724567025253681,1.1985275043869688,0
414328,0.13855954833295187,-1.7277561608300906,1.2138017853055618,0
414332,0.15635156786449989,-1.7076142519264514,1.211284046692607,0
414336,0.17397573815518425,-1.7183566033417257,1.209269855802243,0
414340,0.19210345616845959,-1.702914473182269,1.1869459067673762,0
414344,0.16810101472495612,-1.6891508354314488,1.1674753948271914,0
414348,0.16491187914854658,-1.6641412985427633,1.1678110933089187,0
414352,0.15735866330968185,-1.673205157549401,1.1629434653238726,0
414356,0.17565423056382085,-1.6898222323949035,1.1485084306095978,0
414359,0.17901121538109407,-1.7005645838101777,1.1481727321278705,0
414363,0.16877241168841076,-1.6752193484397648,1.1458228427557793,0
414367,0.1852216372930495,-1.6931792172121767,1.1537117570763713,0
414371,0.17985046158541237,-1.6931792172121767,1.1632791638056,0
414375,0.1733043411917296,-1.7210421911955442,1.1580758373388265,0
414379,0.16575112535286488,-1.6868009460593576,1.174692912184329,0
414383,0.162729839017319,-1.6908293278400854,1.1590829327840084,0
414387,0.16289768825818265,-1.6800869764248112,1.1689860379949644,0
414391,0.16961165789272906,-1.6676661326009001,1.1822461280231937,0
414395,0.1835431448844129,-1.6941863126573586,1.1733501182574197,0
414399,0.18572518501564048,-1.7010681315327687,1.172678721293965,0
414402,0.18052185854886701,-1.703921568627451,1.1701609826810102,0
414406,0.1741435873960479,-1.7217135881589989,1.1765392538338293,0
414410,0.18337529564354924,-1.7240634775310901,1.184092469672694,0
414414,0.1874036774242771,-1.70341802090486,1.199870298313878,0
414418,0.18387884336614022,-1.7017395284962233,1.2062485694666971,0
414422,0.18119325551232165,-1.6997253376058594,1.1876173037308309,0
414426,0.17280079346913862,-1.7259098191805904,1.2002059967956054,0
414430,0.17447928587777523,-1.7217135881589989,1.1923170824750133,0
414434,0.16726176852063782,-1.6931792172121767,1.2005416952773327,0
414438,0.15769436179140917,-1.6884794384679942,1.19399557488365,0
414442,0.16306553749904631,-1.67773708705272,1.174692912184329,0
414445,0.17431143663691157,-1.6987182421606775,1.161768520637827,0
414449,0.16977950713359272,-1.670687418936446,1.1567330434119172,0
414453,0.16927595941100174,-1.6703517204547187,1.1317235065232318,0
414457,0.18622873273823148,-1.6901579308766308,1.145487144274052,0
414461,0.18203250171663996,-1.6931792172121767,1.137094682230869,0
414465,0.19881742580300601,-1.6982146944380865,1.1330663004501411,0
414469,0.20804913405050734,-1.662798504615854,1.1290379186694133,0
414473,0.21543450064850841,-1.6745479514763102,1.1377660791943236,0
414477,0.21190966659037155,-1.6394674601358052,1.152368963149462,0
414481,0.21778439002059968,-1.663302052338445,1.1458228427557793,0
414485,0.22130922407873654,-1.6586022735942625,1.1516975661860074,0
414488,0.22567330434119173,-1.6671625848783092,1.1600900282291904,0
414492,0.21610589761196305,-1.6661554894331272,1.175700007629511,0
414496,0.20972762645914397,-1.6664911879148545,1.172678721293965,0
414500,0.20502784771496146,-1.668673228046082,1.1582436865796901,0
414504,0.17431143663691157,-1.69150072480354,1.1629434653238726,0
414508,0.1741435873960479,-1.7158388647287708,1.1871137560082399,0
414512,0.17481498435950255,-1.7336308842603187,1.1931563286793316,0
414516,0.17447928587777523,-1.720202944991226,1.1976882581826505,0
414520,0.16575112535286488,-1.6844510566872664,1.2119554436560616,0
414524,0.1669260700389105,-1.6760585946440834,1.20087739375906,0
414527,0.16675822079804684,-1.6804226749065385,1.2044022278171969,0
414531,0.18371099412527656,-1.6911650263218128,1.2132982375829708,0
414535,0.18639658197909514,-1.6854581521324483,1.2002059967956054,0
414539,0.17280079346913862,-1.7168459601739527,1.1750286106660564,0
414543,0.18001831082627603,-1.7254062714579994,1.1639505607690546,0
414547,0.18538948653391316,-1.725070572976272,1.1458228427557793,0
414551,0.19193560692759593,-1.693011367971313,1.1421301594567788,0
414555,0.19579613946746013,-1.6765621423666743,1.14448004882887,0
414559,0.1984817273212787,-1.655916685740444,1.1122529945830473,0
414563,0.20200656137941558,-1.6550774395361256,1.1357518883039597,0
414567,0.20351720454718852,-1.6503776607919431,1.1344090943770504,0
414570,0.22970168612191957,-1.6471885252155336,1.1258487830930037,0
414574,0.23574425879301136,-1.6246967269398032,1.1414587624933241,0
414578,0.24027618829633018,-1.6112687876707101,1.17519645990692,0
414582,0.24229037918669413,-1.6121080338750284,1.136087586785687,0
414586,0.24396887159533073,-1.6018692301823452,1.1364232852674143,0
414590,0.2500114442664225,-1.599519340810254,1.1585793850614174,0
414594,0.2538719768062867,-1.588609140154116,1.1616006713969633,0
414598,0.23339436942092012,-1.5917982757305256,1.1506904707408254,0
414602,0.21644159609369037,-1.6512169069962614,1.1575722896162355,0
414606,0.20217441062027924,-1.6530632486457617,1.1669718471046004,0
414610,0.18421454184786754,-1.6859616998550393,1.1847638666361486,0
414613,0.1724650949874113,-1.7124818799114976,1.2129625391012435,0
414617,0.17515068284122987,-1.7173495078965437,1.2314259555962461,0
414621,0.16659037155718318,-1.7074464026855878,1.237468528267338,0
414625,0.16121919584954603,-1.707782101167315,1.2294117647058822,0
414629,0.15551232166018158,-1.6807583733882658,1.216655222400244,0
414633,0.16323338673990997,-1.6775692378118563,1.2049057755397878,0
414637,0.16625467307545586,-1.6517204547188524,1.1819104295414664,0
414641,0.16205844205386435,-1.670183871213855,1.1609292744335087,0
414645,0.16591897459372854,-1.6634699015793086,1.1461585412375066,0
414649,0.18404669260700388,-1.694018463416495,1.1201419089036393,0
414652,0.1890821698329137,-1.6896543831540398,1.1352483405813687,0
414656,0.20351720454718852,-1.6604486152437627,1.1458228427557793,0
414660,0.2109025711451896,-1.6669947356374455,1.1359197375448233,0
414664,0.2065384908827344,-1.6468528267338063,1.1407873655298695,0
414668,0.21929503318837262,-1.6490348668650339,1.1689860379949644,0
414672,0.23138017853055617,-1.6428244449530784,1.1580758373388265,0
414676,0.23826199740596626,-1.6265430685893034,1.160257877470054,0
414680,0.23524071107042038,-1.6257038223849851,1.15136186770428,0
414684,0.23708705271992064,-1.628725108720531,1.146494239719234,0
414688,0.2389333943694209,-1.6060654612039367,1.1490119783321888,0
414692,0.23994048981460286,-1.6114366369115738,1.1599221789883267,0
414695,0.23943694209201188,-1.6062333104448003,1.1710002288853285,0
414699,0.21476310368505377,-1.5991836423285266,1.154383154039826,0
414703,0.21157396810864423,-1.6184863050278477,1.1506904707408254,0
414707,0.20418860151064316,-1.656420233463035,1.1713359273670558,0
414711,0.1694438086518654,-1.6517204547188524,1.184596017395285,0
414715,0.17196154726482032,-1.709796292057679,1.2114518959334706,0
414719,0.16189059281300067,-1.7012359807736324,1.2220263981078812,0
414723,0.16491187914854658,-1.677233539330129,1.224040588998245,0
414727,0.17447928587777523,-1.693514915693904,1.227061875333791,0
414731,0.18287174792095826,-1.7121461814297703,1.2032272831311512,0
414735,0.19982452124818798,-1.683108262760357,1.1834210727092394,0
414738,0.18471808957045852,-1.6916685740444037,1.1584115358205538,0
414742,0.20083161669336994,-1.6784084840161746,1.1312199588006409,0
414746,0.20334935530632486,-1.6550774395361256,1.117288471808957,0
414750,0.22332341496910046,-1.6517204547188524,1.1231631952391852,0
414754,0.2231555657282368,-1.6601129167620354,1.1263523308155947,0
414758,0.22567330434119173,-1.6683375295643548,1.1396124208438239,0
414762,0.23020523384451055,-1.6433279926756694,1.126184481574731,0
414766,0.2424582284275578,-1.6359426260776684,1.1300450141145952,0
414770,0.23440146486610208,-1.6327534905012588,1.1401159685664148,0
414774,0.24648661020828563,-1.604890516517891,1.159250782024872,0
414778,0.24464026855878537,-1.6067368581673913,1.1661326009002821,0
414781,0.2419546807049668,-1.6109330891889828,1.1654612039368275,0
414785,0.24900434882124053,-1.5981765468833447,1.1570687418936445,0
414789,0.24866865033951321,-1.59750514991989,1.1585793850614174,0
414793,0.2538719768062867,-1.5877698939497977,1.1629434653238726,0
414797,0.2427939269092851,-1.587098496986343,1.1600900282291904,0
414801,0.22651255054551003,-1.637117570763714,1.1809033340962845,0
414805,0.21644159609369037,-1.6606164644846264,1.19399557488365,0
414809,0.2214770733196002,-1.6545738918135346,1.1842603189135577,0
414813,0.22248416876478216,-1.6500419623102158,1.2042343785763332,0
414817,0.21274891279468985,-1.6367818722819867,1.1901350423437858,0
414820,0.19394979781795987,-1.6636377508201723,1.1953383688105592,0
414824,0.1932784008545052,-1.6540703440909437,1.1768749523155566,0
414828,0.1766613260090028,-1.682604715037766,1.1829175249866484,0
414832,0.20116731517509726,-1.6586022735942625,1.190470740825513,0
414836,0.19999237048905164,-1.655916685740444,1.169153887235828,0
414840,0.199320973525597,-1.661791409170672,1.1673075455863278,0
414844,0.20435645075150682,-1.6752193484397648,1.1555580987258716,0
414848,0.22046997787441824,-1.6817654688334478,1.1496833752956435,0
414852,0.20872053101396199,-1.6515526054779888,1.1290379186694133,0
414856,0.20469214923323414,-1.6587701228351261,1.1169527733272298,0
414860,0.21224536507209887,-1.652895399404898,1.1328984512092775,0
414863,0.20704203860532538,-1.66078431372549,1.1652933546959638,0
414867,0.21392385748073547,-1.6329213397421225,1.1965133134966048,0
414871,0.2073777370870527,-1.6349355306324864,1.2074235141527427,0
414875,0.20519569695582512,-1.6357747768368047,1.2007095445181963,0
414879,0.1937819485770962,-1.6634699015793086,1.182581826504921,0
414883,0.1951247425040055,-1.6695124742504004,1.1775463492790113,0
414887,0.1775005722133211,-1.7052643625543602,1.2050736247806515,0
414891,0.1959639887083238,-1.6794155794613566,1.2060807202258335,0
414895,0.1984817273212787,-1.65390249485008,1.1956740672922865,0
414899,0.21358815899900815,-1.6416495002670328,1.1837567711909667,0
414903,0.23070878156710153,-1.6257038223849851,1.1699931334401465,0
414906,0.21358815899900815,-1.6255359731441215,1.1634470130464636,0
414910,0.21879148546578164,-1.6295643549248493,1.1537117570763713,0
414914,0.23322652018005646,-1.6238574807354849,1.1753643091477837,0
414918,0.22768749523155565,-1.6319142442969405,1.177210650797284,0
414922,0.23238727397573813,-1.637621118486305,1.1545510032806896,0
414926,0.22449835965514608,-1.6408102540627145,1.145990691996643,0
414930,0.21963073167009994,-1.6436636911573967,1.1580758373388265,0
414934,0.2295338368810559,-1.6347676813916228,1.1485084306095978,0
414938,0.23859769588769358,-1.6163042648966202,1.1478370336461432,0
414942,0.2150988021667811,-1.6589379720759898,1.1379339284351873,0
414945,0.21274891279468985,-1.642992294193942,1.1384374761577782,0
414949,0.20284580758373388,-1.6461814297703516,1.1557259479667352,0
414953,0.20469214923323414,-1.6473563744563973,1.1582436865796901,0
414957,0.2023422598611429,-1.646013580529488,1.168146791790646,0
414961,0.2001602197299153,-1.664812695506218,1.1642862592507819,0
414965,0.2009994659342336,-1.6695124742504004,1.1800640878919662,0
414969,0.19646753643091477,-1.6760585946440834,1.1755321583886473,0
414973,0.19646753643091477,-1.669176775768673,1.1903028915846494,0
414977,0.20939192797741663,-1.645006485084306,1.1886243991760128,0
414981,0.1874036774242771,-1.6594415197985808,1.1854352635996033,0
414985,0.18706797894254978,-1.6673304341191728,1.177714198519875,0
414988,0.20167086289768826,-1.672198062104219,1.1770428015564203,0
414992,0.20150301365682458,-1.6750514991989012,1.1721751735713741,0
414996,0.2009994659342336,-1.6626306553749903,1.1721751735713741,0
415000,0.20553139543755244,-1.651384756237125,1.159754329747463,0
415004,0.19311055161364155,-1.6451743343251697,1.142969405661097,0
415008,0.21157396810864423,-1.6374532692454413,1.1609292744335087,0
415012,0.22114137483787288,-1.6458457312886243,1.1441443503471427,0
415016,0.22382696269169144,-1.6471885252155336,1.1530403601129167,0
415020,0.2206378271152819,-1.6580987258716715,1.1562294956893262,0
415024,0.227519645990692,-1.6520561532005797,1.1498512245365071,0
415028,0.21862363622491798,-1.6468528267338063,1.1485084306095978,0
415031,0.2056992446784161,-1.6542381933318073,1.173182269016556,0
415035,0.2048599984740978,-1.6587701228351261,1.1698252841992827,0
415039,0.19562829022659647,-1.6708552681773097,1.1849317158770123,0
415043,0.19663538567177843,-1.669680323491264,1.178217746242466,0
415047,0.19730678263523307,-1.661287861448081,1.1874494544899672,0
415051,0.21023117418173495,-1.6495384145876248,1.184596017395285,0
415055,0.21442740520332645,-1.6285572594796673,1.194499122606241,0
415059,0.18421454184786754,-1.664812695506218,1.2143053330281528,0
415063,0.20704203860532538,-1.6654840924696726,1.1783855954833296,0
415067,0.20553139543755244,-1.6639734493018996,1.181574731059739,0
415071,0.20804913405050734,-1.6416495002670328,1.184092469672694,0
415074,0.21157396810864423,-1.631242847333486,1.185603112840467,0
415078,0.20334935530632486,-1.6288929579613947,1.1735179674982834,0
415082,0.19344625009536887,-1.6693446250095367,1.163782711528191,0
415086,0.18639658197909514,-1.6763942931258107,1.1537117570763713,0
415090,0.19982452124818798,-1.6695124742504004,1.1555580987258716,0
415094,0.19193560692759593,-1.6659876401922635,1.1604257267109177,0
415098,0.18421454184786754,-1.693514915693904,1.160257877470054,0
415102,0.1827038986800946,-1.716678110933089,1.1579079880979628,0
415106,0.17985046158541237,-1.7084534981307697,1.160257877470054,0
415110,0.19361409933623253,-1.7054322117952239,1.2349507896543832,0
415113,0.2117418173495079,-1.6646448462653542,1.1703288319218739,0
415117,0.23070878156710153,-1.6347676813916228,1.1577401388570991,0
415121,0.2223163195239185,-1.6414816510261692,1.1651255054551002,0
415125,0.22567330434119173,-1.6582665751125352,1.1770428015564203,0
415129,0.23020523384451055,-1.6436636911573967,1.174189364461738,0
415133,0.23591210803387502,-1.6173113603418021,1.169153887235828,0
415137,0.25403982604715036,-1.6077439536125733,1.1730144197756924,0
415141,0.21476310368505377,-1.6010299839780269,1.18207827878233,0
415145,0.19529259174486915,-1.6332570382238498,1.1819104295414664,0
415149,0.20133516441596092,-1.631242847333486,1.1819104295414664,0
415153,0.20385290302891584,-1.6231860837720302,1.1498512245365071,0
415156,0.19260700389105057,-1.6382925154497596,1.1604257267109177,0
415160,0.18052185854886701,-1.6723659113450826,1.1666361486228731,0
415164,0.17867551689936675,-1.7099641412985427,1.1923170824750133,0
415168,0.17313649195086595,-1.7262455176623177,1.194499122606241,0
415172,0.17380788891432059,-1.7235599298084991,1.2055771725032425,0
415176,0.19025711451895932,-1.7025787747005416,1.1832532234683757,0
415180,0.18757152666514076,-1.699893186846723,1.1639505607690546,0
415184,0.19109636072327763,-1.6923399710078584,1.1433051041428244,0
415188,0.19915312428473333,-1.682604715037766,1.1451514457923246,0
415192,0.20603494316014342,-1.664309147783627,1.1540474555580986,0
415196,0.20888838025482565,-1.6461814297703516,1.1644541084916455,0
415199,0.19411764705882353,-1.6659876401922635,1.1563973449301899,0
415203,0.19025711451895932,-1.6715266651407643,1.1511940184634164,0
415207,0.18925001907377736,-1.6774013885709926,1.150858319981689,0
415211,0.19814602883955137,-1.6663233386739909,1.159250782024872,0
415215,0.18287174792095826,-1.6953612573434043,1.1711680781261922,0
415219,0.18505378805218584,-1.6931792172121767,1.1743572137026017,0
415223,0.18807507438773174,-1.7091248950942244,1.1829175249866484,0
415227,0.20066376745250628,-1.685122453650721,1.1661326009002821,0
415231,0.20418860151064316,-1.6894865339131762,1.1884565499351492,0
415235,0.19713893339436941,-1.6700160219729914,1.1986953536278324,0
415238,0.1976424811169604,-1.6730373083085373,1.1745250629434654,0
415242,0.19646753643091477,-1.6700160219729914,1.1970168612191958,0
415246,0.20720988784618904,-1.6574273289082169,1.185099565117876,0
415250,0.21023117418173495,-1.6485313191424429,1.176707103074693,0
415254,0.2048599984740978,-1.6545738918135346,1.1735179674982834,0
415258,0.20167086289768826,-1.6641412985427633,1.1599221789883267,0
415262,0.1937819485770962,-1.677233539330129,1.1535439078355076,0
415266,0.1951247425040055,-1.6748836499580375,1.1446478980697337,0
415270,0.20251010910200656,-1.6505455100328068,1.1417944609750514,0
415274,0.19613183794918745,-1.6639734493018996,1.1542153047989623,0
415278,0.19948882276646066,-1.669680323491264,1.152368963149462,0
415281,0.17766842145418477,-1.6973754482337682,1.1569008926527808,0
415285,0.16759746700236514,-1.6730373083085373,1.1582436865796901,0
415289,0.15047684443427176,-1.6977111467154955,1.168146791790646,0
415293,0.17699702449073013,-1.6958648050659952,1.1632791638056,0
415297,0.17515068284122987,-1.709292744335088,1.1812390325780118,0
415301,0.17263294422827496,-1.724567025253681,1.1718394750896468,0
415305,0.19260700389105057,-1.7002288853284504,1.1721751735713741,0
415309,0.1984817273212787,-1.669680323491264,1.1745250629434654,0
415313,0.21358815899900815,-1.6486991683833065,1.1916456855115587,0
415317,0.21912718394750896,-1.652895399404898,1.1901350423437858,0
415321,0.2253376058594644,-1.6327534905012588,1.194499122606241,0
415324,0.21493095292591743,-1.6698481727321277,1.1938277256427863,0
415328,0.2424582284275578,-1.645510032806897,1.1661326009002821,0
415332,0.2231555657282368,-1.6517204547188524,1.1879530022125582,0
415336,0.2444724193179217,-1.6349355306324864,1.1897993438620584,0
415340,0.20989547570000763,-1.6399710078583962,1.1810711833371481,0
415344,0.199320973525597,-1.6584344243533988,1.1652933546959638,0
415348,0.18572518501564048,-1.6763942931258107,1.1775463492790113,0
415352,0.19831387808041503,-1.6723659113450826,1.153879606317235,0
415356,0.18673228046082246,-1.6844510566872664,1.1537117570763713,0
415360,0.19143205920500495,-1.6824368657969024,1.1491798275730525,0
415364,0.19277485313191423,-1.6837796597238117,1.1409552147707331,0
415367,0.18068970778973067,-1.6980468451972228,1.1496833752956435,0
415371,0.18488593881132218,-1.6980468451972228,1.1547188525215533,0
415375,0.19361409933623253,-1.7064393072404058,1.1706645304036012,0
415379,0.17867551689936675,-1.7143282215609978,1.1649576562142365,0
415383,0.19294270237277789,-1.6878080415045396,1.169657434958419,0
415387,0.19210345616845959,-1.6852903028915847,1.159754329747463,0
415391,0.19797817959868771,-1.6674982833600365,1.1763714045929656,0
415395,0.1924391546501869,-1.6565880827038986,1.1814068818188754,0
415399,0.22819104295414663,-1.6421530479896238,1.1780498970016022,0
415403,0.21442740520332645,-1.6255359731441215,1.163782711528191,0
415406,0.20620279240100708,-1.638124666208896,1.1713359273670558,0
415410,0.22080567635614556,-1.6458457312886243,1.1663004501411458,0
415414,0.21459525444419011,-1.6127794308384833,1.1743572137026017,0
415418,0.19982452124818798,-1.6320820935378042,1.1594186312657357,0
415422,0.18488593881132218,-1.670687418936446,1.1689860379949644,0
415426,0.16793316548409246,-1.6658197909513999,1.1730144197756924,0
415430,0.17229724574654764,-1.7066071564812695,1.1897993438620584,0
415434,0.1724650949874113,-1.7284275577935453,1.1725108720531014,0
415438,0.1652475776302739,-1.6938506141756313,1.1943312733653773,0
415442,0.1694438086518654,-1.67773708705272,1.1679789425497824,0
415446,0.16575112535286488,-1.6606164644846264,1.173685816739147,0
415449,0.16726176852063782,-1.6664911879148545,1.1778820477607386,0
415453,0.18119325551232165,-1.6728694590676736,1.1832532234683757,0
415457,0.18538948653391316,-1.6941863126573586,1.1960097657740139,0
415461,0.19411764705882353,-1.6995574883649958,1.1649576562142365,0
415465,0.1915999084458686,-1.6941863126573586,1.1661326009002821,0
415469,0.2056992446784161,-1.6797512779430839,1.1632791638056,0
415473,0.20788128480964368,-1.6500419623102158,1.1788891432059205,0
415477,0.21610589761196305,-1.6532310978866254,1.1753643091477837,0
415481,0.21912718394750896,-1.6649805447470816,1.1713359273670558,0
415485,0.19730678263523307,-1.662294956893263,1.1657969024185548,0
415489,0.18941786831464102,-1.6829404135194934,1.1694895857175553,0
415492,0.17380788891432059,-1.7045929655909056,1.1829175249866484,0
415496,0.17766842145418477,-1.721210040436408,1.1891279468986038,0
415500,0.16491187914854658,-1.68461890592813,1.195002670328832,0
415504,0.1592050049591821,-1.6810940718699932,1.2042343785763332,0
415508,0.12664225223163195,-1.686633096818494,1.1968490119783322,0
415512,0.1707866025787747,-1.661791409170672,1.1911421377889677,0
415516,0.181025406271458,-1.677233539330129,1.1894636453803311,0
415520,0.18287174792095826,-1.7084534981307697,1.158747234302281,0
415524,0.18253604943923094,-1.690997177080949,1.1461585412375066,0
415528,0.19176775768673227,-1.678744182497902,1.161768520637827,0
415531,0.20435645075150682,-1.6760585946440834,1.1389410238803692,0
415535,0.21409170672159913,-1.65390249485008,1.144983596551461,0
415539,0.218120088502327,-1.6604486152437627,1.1456549935149156,0
415543,0.20939192797741663,-1.6399710078583962,1.144983596551461,0
415547,0.2040207522697795,-1.6285572594796673,1.153879606317235,0
415551,0.20267795834287022,-1.6275501640344854,1.1649576562142365,0
415555,0.20217441062027924,-1.637621118486305,1.173182269016556,0
415559,0.19411764705882353,-1.6636377508201723,1.185099565117876,0
415563,0.2040207522697795,-1.6508812085145341,1.1728465705348288,0
415567,0.1882429236285954,-1.6827725642786298,1.1807354848554208,0
415571,0.1976424811169604,-1.6755550469214922,1.1788891432059205,0
415574,0.19646753643091477,-1.670687418936446,1.194499122606241,0
415578,0.19092851148241397,-1.6854581521324483,1.1817425803006028,0
415582,0.19008926527809566,-1.6805905241474022,1.1809033340962845,0
415586,0.1932784008545052,-1.6621271076523993,1.1795605401693752,0
415590,0.2009994659342336,-1.6611200122072174,1.173685816739147,0
415594,0.20116731517509726,-1.6478599221789882,1.1642862592507819,0
415598,0.1793469138628214,-1.6797512779430839,1.176707103074693,0
415602,0.19898527504386967,-1.6857938506141756,1.1698252841992827,0
415606,0.20670634012359806,-1.6616235599298084,1.1621042191195543,0
415610,0.20368505378805218,-1.6468528267338063,1.159754329747463,0
415614,0.2090562294956893,-1.6357747768368047,1.1780498970016022,0
415617,0.22600900282291905,-1.6493705653467612,1.1599221789883267,0
415621,0.21526665140764475,-1.6718623636224916,1.138605325398642,0
415625,0.19344625009536887,-1.6904936293583581,1.1547188525215533,0
415629,0.21526665140764475,-1.69150072480354,1.158747234302281,0
415633,0.20704203860532538,-1.6789120317387656,1.1632791638056,0
415637,0.1984817273212787,-1.654406042572671,1.1563973449301899,0
415641,0.21073472190432593,-1.6468528267338063,1.1632791638056,0
415645,0.19210345616845959,-1.6639734493018996,1.1644541084916455,0
415649,0.19260700389105057,-1.664812695506218,1.1713359273670558,0
415653,0.19495689326314183,-1.6790798809796292,1.1694895857175553,0
415657,0.19126420996414129,-1.6763942931258107,1.1780498970016022,0
415660,0.1801861600671397,-1.7035858701457236,1.1698252841992827,0
415664,0.17968261234454871,-1.7012359807736324,1.1641184100099182,0
415668,0.17481498435950255,-1.7249027237354084,1.1728465705348288,0
415672,0.18488593881132218,-1.7106355382619973,1.1765392538338293,0
415676,0.19495689326314183,-1.7032501716639963,1.173685816739147,0
415680,0.2023422598611429,-1.6797512779430839,1.1698252841992827,0
415684,0.19277485313191423,-1.6770656900892653,1.1678110933089187,0
415688,0.17800411993591211,-1.708789196612497,1.1701609826810102,0
415692,0.17917906462195773,-1.7042572671091782,1.1879530022125582,0
415696,0.1874036774242771,-1.693011367971313,1.1610971236743723,0
415699,0.18253604943923094,-1.6829404135194934,1.1634470130464636,0
415703,0.18253604943923094,-1.676729991607538,1.1558937972075989,0
415707,0.20083161669336994,-1.672198062104219,1.153879606317235,0
415711,0.18874647135118638,-1.6868009460593576,1.1683146410315097,0
415715,0.18538948653391316,-1.7010681315327687,1.1634470130464636,0
415719,0.1932784008545052,-1.6748836499580375,1.1636148622873272,0
415723,0.1915999084458686,-1.6795834287022202,1.1631113145647363,0
415727,0.18841077286945906,-1.6911650263218128,1.167643244068055,0
415731,0.19982452124818798,-1.6713588158999007,1.1775463492790113,0
415735,0.1937819485770962,-1.679247730220493,1.1908064393072404,0
415739,0.19948882276646066,-1.6742122529945829,1.1809033340962845,0
415742,0.19831387808041503,-1.6661554894331272,1.1797283894102388,0
415746,0.2001602197299153,-1.671694514381628,1.1745250629434654,0
415750,0.20452429999237048,-1.6649805447470816,1.173685816739147,0
415754,0.20637064164187074,-1.654909590295262,1.1792248416876479,0
415758,0.20116731517509726,-1.6414816510261692,1.1666361486228731,0
415762,0.19126420996414129,-1.6577630273899442,1.1506904707408254,0
415766,0.20150301365682458,-1.6654840924696726,1.1577401388570991,0
415770,0.19008926527809566,-1.6770656900892653,1.1545510032806896,0
415774,0.1775005722133211,-1.7066071564812695,1.1572365911345082,0
415778,0.18690012970168612,-1.711810482948043,1.1614328221560997,0
415782,0.17615777828641183,-1.718692301823453,1.1488441290913252,0
415785,0.16709391927977416,-1.6904936293583581,1.1574044403753718,0
415789,0.17985046158541237,-1.6928435187304494,1.1632791638056,0
415793,0.18337529564354924,-1.7076142519264514,1.1661326009002821,0
415797,0.19663538567177843,-1.686129549095903,1.1511940184634164,0
415801,0.189921416037232,-1.690997177080949,1.1466620889600976,0
415805,0.18387884336614022,-1.6985503929198138,1.1619363698786906,0
415809,0.1907606622415503,-1.6948577096208133,1.1970168612191958,0
415813,0.20939192797741663,-1.64702067597467,1.2238727397573814,0
415817,0.20888838025482565,-1.634599832150759,1.2116197451743342,0
415821,0.2031815060654612,-1.630235751888304,1.1834210727092394,0
415824,0.19881742580300601,-1.6631342030975813,1.1678110933089187,0
415828,0.19781033035782405,-1.654909590295262,1.1530403601129167,0
415832,0.2048599984740978,-1.6584344243533988,1.1684824902723734,0
415836,0.20972762645914397,-1.6542381933318073,1.1552224002441442,0
415840,0.2040207522697795,-1.6339284351873045,1.1522011139085984,0
415844,0.1984817273212787,-1.6384603646906233,1.126184481574731,0
415848,0.18068970778973067,-1.6674982833600365,1.1313878080415045,0
415852,0.19948882276646066,-1.6715266651407643,1.1569008926527808,0
415856,0.19730678263523307,-1.6604486152437627,1.1693217364766917,0
415860,0.19126420996414129,-1.668169680323491,1.1683146410315097,0
415864,0.19495689326314183,-1.6824368657969024,1.1723430228122378,0
415867,0.18841077286945906,-1.693514915693904,1.1812390325780118,0
415871,0.18287174792095826,-1.7129854276340886,1.1847638666361486,0
415875,0.1890821698329137,-1.6972075989929045,1.1986953536278324,0
415879,0.1865644312199588,-1.6898222323949035,1.1892957961394675,0
415883,0.1865644312199588,-1.6864652475776303,1.1822461280231937,0
415887,0.19898527504386967,-1.6911650263218128,1.1562294956893262,0
415891,0.22265201800564582,-1.669680323491264,1.1649576562142365,0
415895,0.21996643015182726,-1.6497062638284885,1.1733501182574197,0
415899,0.22634470130464637,-1.6510490577553978,1.1599221789883267,0
415903,0.22986953536278323,-1.6424887464713511,1.1657969024185548,0
415907,0.23910124361028456,-1.6324177920195315,1.161768520637827,0
415910,0.24296177615014877,-1.6121080338750284,1.1703288319218739,0
415914,0.23859769588769358,-1.6095902952620735,1.1716716258487831,0
415918,0.2325551232166018,-1.6265430685893034,1.1657969024185548,0
415922,0.21963073167009994,-1.6428244449530784,1.1488441290913252,0
415926,0.24229037918669413,-1.6362783245593957,1.1391088731212329,0
415930,0.20167086289768826,-1.6495384145876248,1.1552224002441442,0
415934,0.19495689326314183,-1.6575951781490805,1.1704966811627375,0
415938,0.17481498435950255,-1.7040894178683146,1.178217746242466,0
415942,0.15316243228809032,-1.7114747844663156,1.1730144197756924,0
415946,0.1494697489890898,-1.700900282291905,1.176203555352102,0
415950,0.14913405050736248,-1.7030823224231326,1.1694895857175553,0
415953,0.17364003967345693,-1.7178530556191347,1.1735179674982834,0
415957,0.18404669260700388,-1.7217135881589989,1.173182269016556,0
415961,0.1785076676585031,-1.7151674677653161,1.1723430228122378,0
415965,0.20200656137941558,-1.6837796597238117,1.1679789425497824,0
415969,0.21996643015182726,-1.6604486152437627,1.1713359273670558,0
415973,0.2278553444724193,-1.6476920729381246,1.185099565117876,0
415977,0.2248340581368734,-1.637117570763714,1.1809033340962845,0
415981,0.23826199740596626,-1.6255359731441215,1.1674753948271914,0
415985,0.2508506904707408,-1.6017013809414815,1.1595864805065994,0
415989,0.24262607766842145,-1.6043869687953,1.158747234302281,0
415992,0.25739681086442356,-1.5758525978484779,1.1475013351644159,0
415996,0.2577325093461509,-1.548996719310292,1.153879606317235,0
416000,0.25068284122987716,-1.566453040360113,1.14448004882887,0
416004,0.23322652018005646,-1.5928053711757075,1.1387731746395056,0
416008,0.20435645075150682,-1.635606927595941,1.1516975661860074,0
416012,0.17632562752727549,-1.6680018310826275,1.1679789425497824,0
416016,0.15954070344090943,-1.661791409170672,1.1547188525215533,0
416020,0.13486686503395132,-1.707782101167315,1.2220263981078812,0
416024,0.12798504615854123,-1.701403830014496,1.1891279468986038,0
416028,0.13134203097581446,-1.7173495078965437,1.190470740825513,0
416032,0.14644846265354391,-1.7160067139696344,1.1884565499351492,0
416035,0.15098039215686274,-1.7062714579995422,1.2188372625314716,0
416039,0.18136110475318531,-1.7066071564812695,1.1985275043869688,0
416043,0.18723582818341344,-1.6963683527885862,1.1852674143587396,0
416047,0.19697108415350575,-1.6785763332570383,1.1745250629434654,0
416051,0.2125810635538262,-1.6481956206607156,1.17519645990692,0
416055,0.2261768520637827,-1.6492027161058975,1.1632791638056,0
416059,0.23221942473487447,-1.6344319829098954,1.1451514457923246,0
416063,0.23188372625314715,-1.6352712291142137,1.1451514457923246,0
416067,0.23154802777141983,-1.6362783245593957,1.1391088731212329,0
416071,0.2563897154192416,-1.5894483863584343,1.1387731746395056,0
416075,0.26192874036774244,-1.605394064240482,1.150354772259098,0
416078,0.265117875944152,-1.6087510490577552,1.1421301594567788,0
416082,0.2538719768062867,-1.597001602197299,1.1320592050049592,0
416086,0.23742275120164796,-1.5978408484016173,1.1250095368886854,0
416090,0.24010833905546652,-1.5963302052338444,1.1436408026245517,0
416094,0.20603494316014342,-1.6220111390859846,1.152872510872053,0
416098,0.18220035095750362,-1.6649805447470816,1.1716716258487831,0
416102,0.16390478370336461,-1.6757228961623558,1.1887922484168765,0
416106,0.1456092164492256,-1.694018463416495,1.1775463492790113,0
416110,0.14879835202563516,-1.6923399710078584,1.2121232928969252,0
416114,0.16961165789272906,-1.6720302128633553,1.2326009002822917,0
416117,0.16071564812695505,-1.6664911879148545,1.2406576638437476,0
416121,0.1652475776302739,-1.662294956893263,1.2198443579766536,0
416125,0.16558327611200122,-1.6579308766308078,1.2193408102540626,0
416129,0.1793469138628214,-1.6879758907454032,1.163782711528191,0
416133,0.18152895399404897,-1.6837796597238117,1.168146791790646,0
416137,0.18589303425650416,-1.6889829861905852,1.1500190737773708,0
416141,0.1924391546501869,-1.676226443884947,1.1323949034866865,0
416145,0.20754558632791636,-1.6639734493018996,1.12568093385214,0
416149,0.22768749523155565,-1.6574273289082169,1.11879911497673,0
416153,0.236415655756466,-1.6508812085145341,1.1327306019684138,0
416157,0.2505149919890135,-1.6179827573052568,1.1473334859235522,0
416160,0.2585717555504692,-1.6300679026474403,1.1377660791943236,0
416164,0.26562142366674296,-1.6121080338750284,1.1456549935149156,0
416168,0.25907530327306016,-1.6111009384298465,1.1438086518654154,0
416172,0.2671320668345159,-1.5926375219348439,1.1711680781261922,0
416176,0.24816510261692223,-1.5823987182421606,1.1426337071793697,0
416180,0.24094758525978482,-1.5887769893949797,1.153376058594644,0
416184,0.2090562294956893,-1.6107652399481192,1.141962310215915,0
416188,0.18421454184786754,-1.6646448462653542,1.145990691996643,0
416192,0.1469520103761349,-1.6780727855344473,1.1876173037308309,0
416196,0.14409857328145265,-1.6869687953002213,1.2050736247806515,0
416200,0.17515068284122987,-1.7066071564812695,1.2287403677424276,0
416203,0.17397573815518425,-1.7178530556191347,1.2359578850995652,0
416207,0.20502784771496146,-1.6997253376058594,1.2346150911726559,0
416211,0.21056687266346227,-1.6589379720759898,1.2220263981078812,0
416215,0.2295338368810559,-1.6387960631723506,1.2233691920347904,0
416219,0.23926909285114822,-1.6337605859464408,1.199870298313878,0
416223,0.22080567635614556,-1.6483634699015792,1.1644541084916455,0
416227,0.23373006790264744,-1.6428244449530784,1.1409552147707331,0
416231,0.23205157549401081,-1.6314106965743496,1.1344090943770504,0
416235,0.23910124361028456,-1.627214465552758,1.1263523308155947,0
416239,0.2449759670405127,-1.6085831998168916,1.119302662699321,0
416243,0.24044403753719384,-1.6099259937438009,1.121820401312276,0
416246,0.2449759670405127,-1.5958266575112534,1.1313878080415045,0
416250,0.25034714274814984,-1.590119783321889,1.1401159685664148,0
416254,0.24514381628137635,-1.589112687876707,1.1525368123903257,0
416258,0.2380941481651026,-1.595994506752117,1.1480048828870069,0
416262,0.22433051041428242,-1.6205004959182117,1.151865415426871,0
416266,0.22365911345082778,-1.6334248874647135,1.1619363698786906,0
416270,0.20888838025482565,-1.6300679026474403,1.1713359273670558,0
416274,0.20217441062027924,-1.6423208972304875,1.1730144197756924,0
416278,0.18421454184786754,-1.6802548256656749,1.1522011139085984,0
416282,0.18287174792095826,-1.7084534981307697,1.1810711833371481,0
416285,0.1694438086518654,-1.6888151369497215,1.2007095445181963,0
416289,0.21274891279468985,-1.6671625848783092,1.211787594415198,0
416293,0.21073472190432593,-1.642992294193942,1.2206836041809719,0
416297,0.2223163195239185,-1.6522240024414434,1.2216906996261538,0
416301,0.20788128480964368,-1.6327534905012588,1.2218585488670175,0
416305,0.23574425879301136,-1.6196612497138934,1.1965133134966048,0
416309,0.22198062104219118,-1.6329213397421225,1.1797283894102388,0
416313,0.22046997787441824,-1.65390249485008,1.1661326009002821,0
416317,0.22097352559700922,-1.663302052338445,1.1570687418936445,0
416321,0.21526665140764475,-1.677233539330129,1.1325627527275501,0
416325,0.22130922407873654,-1.6616235599298084,1.1265201800564584,0
416328,0.2189593347066453,-1.6649805447470816,1.1285343709468223,0
416332,0.2214770733196002,-1.6555809872587166,1.1421301594567788,0
416336,0.21442740520332645,-1.6317463950560769,1.144983596551461,0
416340,0.19478904402227817,-1.659777218280308,1.1330663004501411,0
416344,0.18455024032959486,-1.683611810482948,1.145990691996643,0
416348,0.17548638132295719,-1.7066071564812695,1.1636148622873272,0
416352,0.16541542687113756,-1.6881437399862669,1.1832532234683757,0
416356,0.15870145723659113,-1.693514915693904,1.181574731059739,0
416360,0.15702296482795453,-1.6802548256656749,1.1780498970016022,0
416364,0.1613870450904097,-1.6990539406424048,1.1735179674982834,0
416368,0.1652475776302739,-1.6819333180743115,1.1879530022125582,0
416371,0.18001831082627603,-1.7007324330510414,1.1943312733653773,0
416375,0.1942854962996872,-1.6951934081025406,1.2106126497291523,0
416379,0.21224536507209887,-1.6703517204547187,1.1997024490730144,0
416383,0.22365911345082778,-1.6619592584115357,1.1886243991760128,0
416387,0.22114137483787288,-1.6651483939879452,1.1787212939650569,0
416391,0.22986953536278323,-1.6488670176241702,1.1810711833371481,0
416395,0.2505149919890135,-1.6166399633783475,1.1708323796444648,0
416399,0.23759060044251162,-1.6137865262836653,1.161768520637827,0
416403,0.236415655756466,-1.6329213397421225,1.1416266117341878,0
416407,0.24312962539101243,-1.6290608072022583,1.1453192950331883,0
416410,0.24766155489433125,-1.6092545967803462,1.1475013351644159,0
416414,0.24178683146410315,-1.6186541542687114,1.1609292744335087,0
416418,0.23742275120164796,-1.6293965056839856,1.1505226214999618,0
416422,0.21107042038605325,-1.6367818722819867,1.1555580987258716,0
416426,0.1976424811169604,-1.6537346456092163,1.1575722896162355,0
416430,0.18303959716182192,-1.6817654688334478,1.1657969024185548,0
416434,0.17531853208209353,-1.7057679102769512,1.1701609826810102,0
416438,0.16424048218509193,-1.6807583733882658,1.1837567711909667,0
416442,0.16155489433127335,-1.6837796597238117,1.185099565117876,0
416446,0.1566872663462272,-1.6906614785992218,1.1842603189135577,0
416450,0.16894026092927442,-1.6582665751125352,1.1946669718471046,0
416453,0.1733043411917296,-1.6982146944380865,1.199870298313878,0
416457,0.18371099412527656,-1.6958648050659952,1.178217746242466,0
416461,0.17515068284122987,-1.7061036087586785,1.1864423590447852,0
416465,0.19797817959868771,-1.6829404135194934,1.162775616083009,0
416469,0.21694514381628136,-1.6763942931258107,1.1605935759517814,0
416473,0.22634470130464637,-1.6695124742504004,1.160257877470054,0
416477,0.2427939269092851,-1.6352712291142137,1.1532082093537803,0
416481,0.2380941481651026,-1.6220111390859846,1.1498512245365071,0
416485,0.25454337376974134,-1.5983443961242083,1.1372625314717326,0
416489,0.23910124361028456,-1.6161364156557565,1.150354772259098,0
416493,0.24229037918669413,-1.6100938429846645,1.1584115358205538,0
416496,0.24296177615014877,-1.6035477225909818,1.1673075455863278,0
416500,0.21493095292591743,-1.6517204547188524,1.1802319371328298,0
416504,0.19277485313191423,-1.6579308766308078,1.1743572137026017,0
416508,0.1686045624475471,-1.6550774395361256,1.1698252841992827,0
416512,0.15786221103227283,-1.6680018310826275,1.198359655146105,0
416516,0.1511482413977264,-1.6903257801174945,1.2059128709849698,0
416520,0.15349813076981764,-1.690997177080949,1.2119554436560616,0
416524,0.15299458304722666,-1.685122453650721,1.1968490119783322,0
416528,0.16591897459372854,-1.6626306553749903,1.191477836270695,0
416532,0.1907606622415503,-1.677233539330129,1.1901350423437858,0
416536,0.2031815060654612,-1.6567559319447622,1.1819104295414664,0
416539,0.20687418936446172,-1.6616235599298084,1.1765392538338293,0
416543,0.21409170672159913,-1.6342641336690318,1.1661326009002821,0
416547,0.21660944533455403,-1.6481956206607156,1.1510261692225527,0
416551,0.23842984664682992,-1.6329213397421225,1.1483405813687342,0
416555,0.25068284122987716,-1.6067368581673913,1.1563973449301899,0
416559,0.24262607766842145,-1.6070725566491186,1.1441443503471427,0
416563,0.23356221866178378,-1.6045548180361637,1.1382696269169146,0
416567,0.23272297245746545,-1.6109330891889828,1.1374303807125963,0
416571,0.2278553444724193,-1.626207370107576,1.1501869230182344,0
416575,0.21577019913023573,-1.6498741130693522,1.1651255054551002,0
416578,0.20553139543755244,-1.6589379720759898,1.1698252841992827,0
416582,0.18505378805218584,-1.6666590371557182,1.1745250629434654,0
416586,0.1694438086518654,-1.6673304341191728,1.1699931334401465,0
416590,0.15517662317845426,-1.669680323491264,1.1832532234683757,0
416594,0.15568017090104525,-1.6639734493018996,1.1960097657740139,0
416598,0.15383382925154496,-1.678744182497902,1.1946669718471046,0
416602,0.17347219043259327,-1.7168459601739527,1.1903028915846494,0
416606,0.16910811017013808,-1.672198062104219,1.1710002288853285,0
416610,0.1968032349126421,-1.6745479514763102,1.1788891432059205,0
416614,0.20888838025482565,-1.6502098115510795,1.1857709620813306,0
416618,0.24178683146410315,-1.6431601434348058,1.1673075455863278,0
416621,0.2325551232166018,-1.643495841916533,1.1535439078355076,0
416625,0.23205157549401081,-1.6322499427786679,1.1569008926527808,0
416629,0.24178683146410315,-1.6278858625162127,1.1498512245365071,0
416633,0.2501792935072862,-1.6050583657587547,1.1438086518654154,0
416637,0.24850080109864955,-1.6027084763866635,1.145990691996643,0
416641,0.2397726405737392,-1.6067368581673913,1.1563973449301899,0
416645,0.26226443884946976,-1.6100938429846645,1.142465857938506,0
416649,0.22903028915846493,-1.6220111390859846,1.1631113145647363,0
416653,0.21912718394750896,-1.643495841916533,1.1711680781261922,0
416657,0.20217441062027924,-1.6525597009231707,1.1668039978637368,0
416661,0.1775005722133211,-1.6985503929198138,1.1787212939650569,0
416664,0.1503089951934081,-1.68461890592813,1.1775463492790113,0
416668,0.15651941710536355,-1.690997177080949,1.1720073243305105,0
416672,0.15853360799572747,-1.6899900816357671,1.1886243991760128,0
416676,0.16491187914854658,-1.6700160219729914,1.189967193102922,0
416680,0.1686045624475471,-1.6651483939879452,1.1916456855115587,0
416684,0.1758220798046845,-1.6921721217669947,1.1733501182574197,0
416688,0.199320973525597,-1.6847867551689937,1.167139696345464,0
416692,0.20855268177309833,-1.6532310978866254,1.162775616083009,0
416696,0.2206378271152819,-1.6596093690394444,1.1354161898222324,0
416700,0.22802319371328297,-1.6438315403982604,1.1839246204318303,0
416703,0.23020523384451055,-1.627718013275349,1.155390249485008,0
416707,0.24229037918669413,-1.6181506065461204,1.1416266117341878,0
416711,0.24850080109864955,-1.6141222247653926,1.1468299382009612,0
416715,0.25706111238269624,-1.580720225833524,1.1891279468986038,0
416719,0.24631876096742197,-1.5751812008850232,1.1572365911345082,0
416723,0.2283588921950103,-1.6102616922255282,1.1562294956893262,0
416727,0.22718394750896467,-1.6335927367055771,1.1525368123903257,0
416731,0.2073777370870527,-1.6377889677271686,1.1710002288853285,0
416735,0.1932784008545052,-1.6379568169680323,1.1817425803006028,0
416739,0.17800411993591211,-1.6874723430228122,1.215648126955062,0
416743,0.15651941710536355,-1.6946898603799496,1.1859388113221943,0
416746,0.14644846265354391,-1.7096284428168154,1.1780498970016022,0
416750,0.14762340733958954,-1.6948577096208133,1.1834210727092394,0
416754,0.15651941710536355,-1.6931792172121767,1.1973525597009231,0
416758,0.16659037155718318,-1.6889829861905852,1.1807354848554208,0
416762,0.17985046158541237,-1.6904936293583581,1.1837567711909667,0
416766,0.1865644312199588,-1.6859616998550393,1.1624399176012816,0
416770,0.20469214923323414,-1.6708552681773097,1.1775463492790113,0
416774,0.21392385748073547,-1.6329213397421225,1.1636148622873272,0
416778,0.22265201800564582,-1.6314106965743496,1.1574044403753718,0
416782,0.22449835965514608,-1.6441672388799877,1.1500190737773708,0
416786,0.227519645990692,-1.6408102540627145,1.1357518883039597,0
416789,0.22986953536278323,-1.6332570382238498,1.1501869230182344,0
416793,0.23742275120164796,-1.6205004959182117,1.1572365911345082,0
416797,0.22130922407873654,-1.6329213397421225,1.1684824902723734,0
416801,0.21358815899900815,-1.6257038223849851,1.1706645304036012,0
416805,0.1937819485770962,-1.6596093690394444,1.2002059967956054,0
416809,0.17397573815518425,-1.693011367971313,1.1743572137026017,0
416813,0.17380788891432059,-1.7091248950942244,1.1577401388570991,0
416817,0.17447928587777523,-1.7156710154879071,1.144983596551461,0
416821,0.15702296482795453,-1.699389639124132,1.1725108720531014,0
416825,0.15853360799572747,-1.6970397497520409,1.210780498970016,0
416829,0.18119325551232165,-1.6931792172121767,1.2132982375829708,0
416832,0.18455024032959486,-1.6958648050659952,1.2205157549401082,0
416836,0.18639658197909514,-1.6898222323949035,1.2032272831311512,0
416840,0.19495689326314183,-1.6923399710078584,1.1720073243305105,0
416844,0.20385290302891584,-1.6591058213168535,1.1693217364766917,0
416848,0.21442740520332645,-1.6349355306324864,1.1600900282291904,0
416852,0.23305867093919277,-1.6273823147936217,1.1515297169451437,0
416856,0.2300373846036469,-1.6215075913633936,1.142465857938506,0
416860,0.2411154345006485,-1.6121080338750284,1.1374303807125963,0
416864,0.2505149919890135,-1.6027084763866635,1.1226596475165942,0
416868,0.2427939269092851,-1.5938124666208895,1.1211490043488213,0
416871,0.2550469214923323,-1.5676279850461585,1.1392767223620965,0
416875,0.24044403753719384,-1.580720225833524,1.1768749523155566,0
416879,0.23842984664682992,-1.5944838635843441,1.1683146410315097,0
416883,0.23490501258869306,-1.595994506752117,1.1740215152208744,0
416887,0.20469214923323414,-1.628725108720531,1.1768749523155566,0
416891,0.19025711451895932,-1.6562523842221712,1.1901350423437858,0
416895,0.18857862211032272,-1.6807583733882658,1.2146410315098801,0
416899,0.15181963836118104,-1.695025558861677,1.2052414740215152,0
416903,0.14191653315022507,-1.7079499504081788,1.184596017395285,0
416907,0.1447699702449073,-1.7012359807736324,1.1817425803006028,0
416911,0.15635156786449989,-1.6990539406424048,1.185099565117876,0
416914,0.16474402990768292,-1.6805905241474022,1.176707103074693,0
416918,0.17867551689936675,-1.7094605935759517,1.1684824902723734,0
416922,0.18941786831464102,-1.7045929655909056,1.1678110933089187,0
416926,0.19730678263523307,-1.682604715037766,1.1661326009002821,0
416930,0.21392385748073547,-1.6453421835660333,1.158747234302281,0
416934,0.2308766308079652,-1.6241931792172122,1.1663004501411458,0
416938,0.23910124361028456,-1.6245288776989395,1.1590829327840084,0
416942,0.23054093232623787,-1.6245288776989395,1.1466620889600976,0
416946,0.24212252994583047,-1.6220111390859846,1.1416266117341878,0
416950,0.2461509117265583,-1.5939803158617531,1.1569008926527808,0
416954,0.24380102235446707,-1.5983443961242083,1.1674753948271914,0
416957,0.21711299305714502,-1.629732204165713,1.1819104295414664,0
416961,0.18085755703059433,-1.6683375295643548,1.1778820477607386,0
416965,0.14577706569008925,-1.6946898603799496,1.189967193102922,0
416969,0.15148393987945372,-1.7010681315327687,1.194499122606241,0
416973,0.14124513618677043,-1.7133211261158159,1.2075913633936064,0
416977,0.14141298542763409,-1.7180209048599984,1.2007095445181963,0
416981,0.14745555809872588,-1.7104676890211337,1.1795605401693752,0
416985,0.15769436179140917,-1.700396734569314,1.1817425803006028,0
416989,0.1503089951934081,-1.682604715037766,1.1668039978637368,0
416993,0.18673228046082246,-1.695025558861677,1.1768749523155566,0
416996,0.18857862211032272,-1.700396734569314,1.1666361486228731,0
417000,0.17347219043259327,-1.7233920805676355,1.1600900282291904,0
417004,0.19781033035782405,-1.6891508354314488,1.1515297169451437,0
417008,0.21107042038605325,-1.6690089265278094,1.1547188525215533,0
417012,0.22298771648737314,-1.6664911879148545,1.1558937972075989,0
417016,0.24564736400396733,-1.6280537117570764,1.1584115358205538,0
417020,0.22936598764019225,-1.6270466163118944,1.1577401388570991,0
417024,0.23272297245746545,-1.626710917830167,1.1619363698786906,0
417028,0.22886243991760127,-1.626710917830167,1.158747234302281,0
417032,0.21644159609369037,-1.6522240024414434,1.1639505607690546,0
417036,0.21644159609369037,-1.6690089265278094,1.175700007629511,0
417039,0.19294270237277789,-1.664309147783627,1.1760357061112383,0
417043,0.1827038986800946,-1.7012359807736324,1.1656290531776912,0
417047,0.17447928587777523,-1.7089570458533607,1.1694895857175553,0
417051,0.17347219043259327,-1.742526894026093,1.1787212939650569,0
417055,0.16205844205386435,-1.721210040436408,1.1832532234683757,0
417059,0.15333028152895398,-1.7144960708018615,1.1834210727092394,0
417063,0.16759746700236514,-1.6847867551689937,1.1725108720531014,0
417067,0.1694438086518654,-1.6757228961623558,1.1896314946211948,0
417071,0.18220035095750362,-1.6842832074464027,1.1706645304036012,0
417075,0.218120088502327,-1.6810940718699932,1.1693217364766917,0
417079,0.1937819485770962,-1.6873044937819486,1.1594186312657357,0
417082,0.20620279240100708,-1.6708552681773097,1.1491798275730525,0
417086,0.20334935530632486,-1.6517204547188524,1.1545510032806896,0
417090,0.20872053101396199,-1.6340962844281681,1.1486762798504615,0
417094,0.2197985809109636,-1.6349355306324864,1.1540474555580986,0
417098,0.22365911345082778,-1.6394674601358052,1.1669718471046004,0
417102,0.21274891279468985,-1.6329213397421225,1.1572365911345082,0
417106,0.208216983291371,-1.6413138017853055,1.1600900282291904,0
417110,0.20788128480964368,-1.6330891889829862,1.1805676356145571,0
417114,0.20586709391927976,-1.6362783245593957,1.1834210727092394,0
417118,0.1852216372930495,-1.6569237811856259,1.1913099870298314,0
417122,0.17280079346913862,-1.704425116350042,1.1673075455863278,0
417125,0.14527351796749827,-1.7272526131074997,1.1644541084916455,0
417129,0.15333028152895398,-1.7148317692835888,1.1847638666361486,0
417133,0.16424048218509193,-1.6894865339131762,1.2116197451743342,0
417137,0.16675822079804684,-1.6893186846723125,1.2096055542839703,0
417141,0.16642252231631952,-1.6649805447470816,1.1872816052491035,0
417145,0.18253604943923094,-1.6738765545128556,1.1704966811627375,0
417149,0.16994735637445638,-1.6584344243533988,1.1632791638056,0
417153,0.189921416037232,-1.669680323491264,1.1629434653238726,0
417157,0.19697108415350575,-1.6676661326009001,1.1693217364766917,0
417161,0.20334935530632486,-1.6525597009231707,1.15136186770428,0
417164,0.21644159609369037,-1.6738765545128556,1.1359197375448233,0
417168,0.20788128480964368,-1.6502098115510795,1.1431372549019607,0
417172,0.20452429999237048,-1.653398947127489,1.1505226214999618,0
417176,0.21862363622491798,-1.6512169069962614,1.1510261692225527,0
417180,0.21409170672159913,-1.631242847333486,1.1501869230182344,0
417184,0.21224536507209887,-1.6379568169680323,1.1580758373388265,0
417188,0.20351720454718852,-1.6369497215228503,1.1698252841992827,0
417192,0.19092851148241397,-1.6664911879148545,1.1798962386511025,0
417196,0.18857862211032272,-1.6807583733882658,1.1755321583886473,0
417200,0.16390478370336461,-1.686129549095903,1.1787212939650569,0
417204,0.1558480201419089,-1.702410925459678,1.1721751735713741,0
417207,0.15685511558709087,-1.6878080415045396,1.1768749523155566,0
417211,0.16373693446250095,-1.668673228046082,1.1798962386511025,0
417215,0.1694438086518654,-1.6745479514763102,1.1857709620813306,0
417219,0.1785076676585031,-1.6896543831540398,1.1859388113221943,0
417223,0.19562829022659647,-1.6821011673151751,1.1594186312657357,0
417227,0.18891432059205004,-1.6894865339131762,1.168650339513237,0
417231,0.20167086289768826,-1.6829404135194934,1.1694895857175553,0
417235,0.21190966659037155,-1.6468528267338063,1.1711680781261922,0
417239,0.21862363622491798,-1.6512169069962614,1.1790569924467842,0
417243,0.21761654077973602,-1.6730373083085373,1.1639505607690546,0
417247,0.20502784771496146,-1.673708705271992,1.1778820477607386,0
417250,0.20167086289768826,-1.6698481727321277,1.1748607614251927,0
417254,0.2117418173495079,-1.646517128252079,1.1703288319218739,0
417258,0.2031815060654612,-1.6409781033035782,1.178217746242466,0
417262,0.19646753643091477,-1.6562523842221712,1.1715037766079195,0
417266,0.18287174792095826,-1.6931792172121767,1.1733501182574197,0
417270,0.19109636072327763,-1.690997177080949,1.1743572137026017,0
417274,0.18220035095750362,-1.6943541618982223,1.1708323796444648,0
417278,0.16340123598077363,-1.6812619211108568,1.1798962386511025,0
417282,0.15433737697413596,-1.679247730220493,1.1704966811627375,0
417286,0.15249103532463568,-1.6933470664530403,1.1765392538338293,0
417289,0.15131609063859006,-1.7059357595178148,1.1943312733653773,0
417293,0.1447699702449073,-1.6988860914015411,1.1654612039368275,0
417297,0.1417486839093614,-1.709292744335088,1.2035629816128786,0
417301,0.1301670862897688,-1.7277561608300906,1.1916456855115587,0
417305,0.13822384985122452,-1.726581216144045,1.1931563286793316,0
417309,0.1409094377050431,-1.7254062714579994,1.208766308079652,0
417313,0.14913405050736248,-1.709292744335088,1.1986953536278324,0
417317,0.1541695277332723,-1.6941863126573586,1.2094377050431067,0
417321,0.14846265354390784,-1.7010681315327687,1.198359655146105,0
417325,0.15232318608377202,-1.6987182421606775,1.1971847104600595,0
417329,0.14846265354390784,-1.7005645838101777,1.1923170824750133,0
417332,0.16726176852063782,-1.692004272526131,1.1889600976577401,0
417336,0.16591897459372854,-1.6730373083085373,1.1827496757457847,0
417340,0.16222629129472801,-1.678744182497902,1.1652933546959638,0
417344,0.1793469138628214,-1.6975432974746318,1.1579079880979628,0
417348,0.1733043411917296,-1.726077668421454,1.1347447928587777,0
417352,0.1724650949874113,-1.7306095979247729,1.1542153047989623,0
417356,0.18673228046082246,-1.7136568245975432,1.1500190737773708,0
417360,0.17951476310368505,-1.7235599298084991,1.1572365911345082,0
417364,0.16977950713359272,-1.686633096818494,1.1537117570763713,0
417368,0.17196154726482032,-1.7299382009613182,1.1649576562142365,0
417372,0.16726176852063782,-1.692004272526131,1.173685816739147,0
417375,0.1818646524757763,-1.7059357595178148,1.1763714045929656,0
417379,0.19008926527809566,-1.7071107042038605,1.1862745098039216,0
417383,0.15719081406881819,-1.7017395284962233,1.1738536659800107,0
417387,0.1430914778362707,-1.717685206378271,1.193492027161059,0
417391,0.15181963836118104,-1.7155031662470435,1.2062485694666971,0
417395,0.14745555809872588,-1.6970397497520409,1.2075913633936064,0
417399,0.15954070344090943,-1.673205157549401,1.194499122606241,0
417403,0.16507972838941024,-1.6666590371557182,1.2116197451743342,0
417407,0.1669260700389105,-1.6674982833600365,1.1805676356145571,0
417411,0.18287174792095826,-1.7059357595178148,1.1864423590447852,0
417415,0.19176775768673227,-1.6849546044098573,1.184596017395285,0
417418,0.189921416037232,-1.682604715037766,1.1765392538338293,0
417422,0.19092851148241397,-1.694018463416495,1.1706645304036012,0
417426,0.19042496375982298,-1.6790798809796292,1.1701609826810102,0
417430,0.19613183794918745,-1.6862973983367666,1.1647898069733729,0
417434,0.18723582818341344,-1.6822690165560388,1.1641184100099182,0
417438,0.19059281300068664,-1.6747158007171739,1.162775616083009,0
417442,0.1801861600671397,-1.7066071564812695,1.1599221789883267,0
417446,0.17431143663691157,-1.7124818799114976,1.1557259479667352,0
417450,0.17884336614023041,-1.7217135881589989,1.1552224002441442,0
417454,0.17263294422827496,-1.7373235675593193,1.1563973449301899,0
417457,0.16659037155718318,-1.711306935225452,1.1644541084916455,0
417461,0.16407263294422827,-1.7089570458533607,1.1666361486228731,0
417465,0.1652475776302739,-1.6962005035477226,1.1721751735713741,0
417469,0.16256198977645533,-1.6899900816357671,1.1788891432059205,0
417473,0.17884336614023041,-1.7047608148317692,1.175700007629511,0
417477,0.17951476310368505,-1.710803387502861,1.210276951247425,0
417481,0.19529259174486915,-1.6946898603799496,1.2168230716411077,0
417485,0.19881742580300601,-1.703921568627451,1.1842603189135577,0
417489,0.20838483253223467,-1.6735408560311282,1.1805676356145571,0
417493,0.21291676203555351,-1.647524223697261,1.2159838254367894,0
417497,0.2291981383993286,-1.6384603646906233,1.1923170824750133,0
417500,0.23138017853055617,-1.63510337987335,1.169657434958419,0
417504,0.22819104295414663,-1.6278858625162127,1.1689860379949644,0
417508,0.22181277180132752,-1.6403067063401235,1.1679789425497824,0
417512,0.24044403753719384,-1.6253681239032578,1.1834210727092394,0
417516,0.24782940413519491,-1.6179827573052568,1.1809033340962845,0
417520,0.23759060044251162,-1.6119401846341648,1.1788891432059205,0
417524,0.24312962539101243,-1.6117723353933011,1.1770428015564203,0
417528,0.24816510261692223,-1.59750514991989,1.1758678568703747,0
417532,0.2568932631418326,-1.570817120622568,1.1788891432059205,0
417536,0.255214770733196,-1.5729991607537956,1.1814068818188754,0
417540,0.25706111238269624,-1.5573891813534753,1.1758678568703747,0
417543,0.2609216449225605,-1.589616235599298,1.1673075455863278,0
417547,0.2577325093461509,-1.5607461661707485,1.1562294956893262,0
417551,0.2758602273594262,-1.5651102464332036,1.1520332646677347,0
417555,0.25991454947737846,-1.5894483863584343,1.150354772259098,0
417559,0.2679713130388342,-1.5882734416723887,1.1369268329900053,0
417563,0.23826199740596626,-1.5968337529564354,1.1463263904783703,0
417567,0.2510185397116045,-1.5800488288700694,1.1471656366826886,0
417571,0.24799725337605857,-1.5884412909132524,1.1565651941710535,0
417575,0.2577325093461509,-1.5568856336308843,1.186610208285649,0
417579,0.26075379568169677,-1.591126878767071,1.192484931715877,0
417582,0.25320057984283206,-1.5869306477454794,1.199870298313878,0
417586,0.24917219806210422,-1.5852521553368428,1.195002670328832,0
417590,0.24917219806210422,-1.5805523765926603,1.1810711833371481,0
417594,0.25286488136110474,-1.5763561455710688,1.1871137560082399,0
417598,0.2600823987182421,-1.597001602197299,1.1798962386511025,0
417602,0.2637750820172427,-1.603883421072709,1.1715037766079195,0
417606,0.2850919356069276,-1.5862592507820248,1.1666361486228731,0
417610,0.28358129243915464,-1.5758525978484779,1.1669718471046004,0
417614,0.29465934233615626,-1.5399328603036544,1.161768520637827,0
417618,0.30053406576638436,-1.5092164492256046,1.1669718471046004,0
417622,0.2965056839856565,-1.5112306401159685,1.1495155260547798,0
417625,0.30355535210193024,-1.542114900434882,1.1407873655298695,0
417629,0.29600213626306554,-1.5296940566109711,1.1555580987258716,0
417633,0.3136263065537499,-1.5375829709315632,1.1545510032806896,0
417637,0.3181582360570687,-1.5207980468451971,1.1807354848554208,0
417641,0.3085908293278401,-1.5177767605096513,1.1745250629434654,0
417645,0.3042267490653849,-1.5411078049897,1.153879606317235,0
417649,0.3045624475471122,-1.5411078049897,1.152872510872053,0
417653,0.2783779659723812,-1.5399328603036544,1.1634470130464636,0
417657,0.29432364385442894,-1.535233081559472,1.1725108720531014,0
417661,0.2936522468909743,-1.5355687800411992,1.167643244068055,0
417665,0.2924773022049286,-1.5278477149614709,1.1579079880979628,0
417668,0.2978484779125658,-1.5105592431525139,1.1694895857175553,0
417672,0.3404821850919356,-1.4821927214465551,1.1723430228122378,0
417676,0.33208972304875256,-1.4644007019150072,1.1716716258487831,0
417680,0.3587777523460746,-1.51542687113756,1.1631113145647363,0
417684,0.3589456015869383,-1.5276798657206072,1.1584115358205538,0
417688,0.35860990310521096,-1.5429541466392003,1.1458228427557793,0
417692,0.3745555809872587,-1.5191195544365605,1.1406195162890058,0
417696,0.3604562447547112,-1.5325474937056534,1.1417944609750514,0
417700,0.36196688792248416,-1.5370794232089722,1.1372625314717326,0
417704,0.3579385061417563,-1.5458075837338825,1.1144350347142749,0
417708,0.37002365148393984,-1.5285191119249255,1.1060425726710916,0
417711,0.3730449378194858,-1.5117341878385595,1.1072175173571375,0
417715,0.39016556038757916,-1.514419775692378,1.105874723430228,0
417719,0.3883192187380789,-1.5281834134431982,1.1016784924086365,0
417723,0.393690394445716,-1.5271763179980162,1.088586251621271,0
417727,0.37942320897230486,-1.5124055848020141,1.106378271152819,0
417731,0.39318684672312504,-1.508041504539559,1.1013427939269091,0
417735,0.3826123445487144,-1.491760128175784,1.1095674067292287,0
417739,0.36784161135271226,-1.5031738765545128,1.1229953459983215,0
417743,0.34618905928130006,-1.5427862973983366,1.141962310215915,0
417747,0.32101167315175094,-1.5270084687571526,1.1481727321278705,0
417750,0.31597619592584114,-1.516937514305333,1.1867780575265126,0
417754,0.30926222629129474,-1.5239871824216067,1.1968490119783322,0
417758,0.31127641718165866,-1.5056916151674677,1.192484931715877,0
417762,0.32420080872816054,-1.5036774242771038,1.1780498970016022,0
417766,0.3085908293278401,-1.5063630121309224,1.190470740825513,0
417770,0.3161440451667048,-1.50166323338674,1.1805676356145571,0
417774,0.3307469291218433,-1.4870603494316015,1.1819104295414664,0
417778,0.3409857328145266,-1.454161898222324,1.183588921950103,0
417782,0.3488746471351186,-1.499649042496376,1.1552224002441442,0
417786,0.3673380636301213,-1.5051880674448768,1.1458228427557793,0
417790,0.38160524910353244,-1.5119020370794232,1.1466620889600976,0
417793,0.39738307774471654,-1.4813534752422368,1.1240024414435035,0
417797,0.4074540321965362,-1.4660791943236438,1.1107423514152743,0
417801,0.41517509727626456,-1.4623865110246432,1.0741512169069962,0
417805,0.4249103532463569,-1.451644159609369,1.0671015487907225,0
417809,0.4265888456549935,-1.4350270847638666,1.0937895780880444,0
417813,0.4316243228809033,-1.4523155565728236,1.1436408026245517,0
417817,0.4145037003128099,-1.453154802777142,1.1589150835431448,0
417821,0.3809338521400778,-1.474303807125963,1.1557259479667352,0
417825,0.3587777523460746,-1.514419775692378,1.1416266117341878,0
417829,0.3381322957198443,-1.4675898374914167,1.130212863355459,0
417833,0.33762874799725334,-1.4561760891126878,1.1391088731212329,0
417836,0.34585336079957274,-1.5333867399099717,1.1535439078355076,0
417840,0.31933318074311434,-1.5053559166857404,1.1506904707408254,0
417844,0.318997482261387,-1.5194552529182879,1.1664682993820095,0
417848,0.3231937132829785,-1.521805142290379,1.1803997863736935,0
417852,0.34753185320820934,-1.5389257648584724,1.1802319371328298,0
417856,0.3349431601434348,-1.5004882887006943,1.1882887006942855,0
417860,0.347196154726482,-1.5495002670328832,1.1800640878919662,0
417864,0.34451056687266346,-1.5746776531624322,1.161768520637827,0
417868,0.3497138933394369,-1.5729991607537956,1.160257877470054,0
417872,0.36448462653543906,-1.5414435034714273,1.153376058594644,0
417875,0.3779125658045319,-1.5192874036774242,1.1520332646677347,0
417879,0.3883192187380789,-1.5313725490196077,1.1280308232242313,0
417883,0.4005722133211261,-1.5157625696192873,1.110910200656138,0
417887,0.4087968261234455,-1.4954528114747845,1.1085603112840468,0
417891,0.4175249866483558,-1.458525978484779,1.1013427939269091,0
417895,0.4188677805752651,-1.4298237582970932,1.108896009765774,0
417899,0.41064316777294574,-1.4308308537422751,1.1020141908903638,0
417903,0.403593499656672,-1.4638971541924162,1.0951323720149537,0
417907,0.42088197146562906,-1.4618829633020523,1.1025177386129548,0
417911,0.3797589074540322,-1.4677576867322804,1.1186312657358664,0
417915,0.3589456015869383,-1.5031738765545128,1.1290379186694133,0
417918,0.33997863736934464,-1.4848783093003737,1.138101777676051,0
417922,0.329404135194934,-1.483703364614328,1.1416266117341878,0
417926,0.3178225375753414,-1.5066987106126497,1.1590829327840084,0
417930,0.311612115663386,-1.5291905088883802,1.177210650797284,0
417934,0.3164797436484321,-1.5147554741741054,1.1976882581826505,0
417938,0.31429770351720454,-1.5236514839398794,1.2049057755397878,0
417942,0.3260471503776608,-1.5087129015030136,1.2005416952773327,0
417946,0.31429770351720454,-1.523315785458152,1.207255664911879,0
417950,0.33628595407034406,-1.488235294117647,1.2035629816128786,0
417954,0.35256733043411914,-1.5166018158236056,1.1948348210879682,0
417958,0.35374227512016476,-1.5191195544365605,1.172678721293965,0
417961,0.36532387273975736,-1.5419470511940183,1.1515297169451437,0
417965,0.3767376211184863,-1.5308690012970168,1.1359197375448233,0
417969,0.3983901731898985,-1.5209658960860608,1.1240024414435035,0
417973,0.42088197146562906,-1.4749752040894177,1.1013427939269091,0
417977,0.45999084458686196,-1.4434195468070496,1.102853437094682,0
417981,0.4364919508659495,-1.4618829633020523,1.1112458991378653,0
417985,0.4333028152895399,-1.4696040283817806,1.107888914320592,0
417989,0.4262531471732662,-1.4454337376974136,1.1147707331960022,0
417993,0.4195391775387198,-1.4479514763103685,1.1288700694285496,0
417997,0.4082932784008545,-1.4672541390096894,1.1468299382009612,0
418001,0.3787518120088502,-1.4904173342488747,1.1490119783321888,0
418004,0.37186999313344016,-1.4969634546425574,1.1478370336461432,0
418008,0.36112764171816586,-1.5182803082322422,1.1493476768139161,0
418012,0.3690165560387579,-1.5087129015030136,1.1574044403753718,0
418016,0.3539101243610284,-1.5216372930495154,1.176203555352102,0
418020,0.35340657663843744,-1.540100709544518,1.1938277256427863,0
418024,0.3604562447547112,-1.548996719310292,1.191981383993286,0
418028,0.3617990386816205,-1.539597161821927,1.189967193102922,0
418032,0.366498817425803,-1.5300297550926985,1.1966811627374685,0
418036,0.375898374914168,-1.4967956054016938,1.1946669718471046,0
418040,0.37690547035934996,-1.5046845197222858,1.1713359273670558,0
418043,0.38194094758525976,-1.5063630121309224,1.1387731746395056,0
418047,0.3864728770885786,-1.4744716563668268,1.1322270542458228,0
418051,0.402082856488899,-1.4701075761043716,1.1240024414435035,0
418055,0.4128252079041733,-1.4558403906309605,1.1240024414435035,0
418059,0.4212176699473564,-1.451644159609369,1.108896009765774,0
418063,0.4274280918593118,-1.4320057984283208,1.077172503242542,0
418067,0.4265888456549935,-1.4278095674067293,1.0976501106279086,0
418071,0.42423895628290226,-1.413542381933318,1.1401159685664148,0
418075,0.4069504844739452,-1.441237506675822,1.12568093385214,0
418079,0.3962081330586709,-1.4691004806591896,1.1283665217059586,0
418083,0.3829480430304417,-1.4815213244831005,1.1626077668421453,0
418086,0.3804303044174868,-1.4774929427023726,1.121316853589685,0
418090,0.3856336308842603,-1.4732967116807811,1.1510261692225527,0
418094,0.3874799725337606,-1.50854505226215,1.126184481574731,0
418098,0.36750591287098494,-1.522812237735561,1.1448157473105973,0
418102,0.338300144960708,-1.4766536964980543,1.1231631952391852,0
418106,0.3381322957198443,-1.457518883039597,1.1609292744335087,0
418110,0.3473640039673457,-1.518448157473106,1.1387731746395056,0
418114,0.35290302891584646,-1.5281834134431982,1.211284046692607,0
418118,0.3564278629739834,-1.540604257267109,1.1632791638056,0
418122,0.3404821850919356,-1.4957885099565118,1.181574731059739,0
418126,0.35944914930952926,-1.5142519264515144,1.1283665217059586,0
418129,0.35995269703212024,-1.5451361867704279,1.1711680781261922,0
418133,0.3626382848859388,-1.543121995880064,1.118295567254139,0
418137,0.38529793240253296,-1.500152590218967,1.1488441290913252,0
418141,0.40342565041580836,-1.4961242084382391,1.1159456778820478,0
418145,0.39990081635767144,-1.4867246509498742,1.105874723430228,0
418149,0.403593499656672,-1.4910887312123293,1.1414587624933241,0
418153,0.4082932784008545,-1.4946135652704662,1.079690241855497,0
418157,0.42927443350881206,-1.4487907225146868,1.137094682230869,0
418161,0.42726024261844814,-1.4403982604715038,1.1030212863355457,0
418165,0.4190356298161288,-1.4644007019150072,1.098992904554818,0
418168,0.42927443350881206,-1.431837949187457,1.1325627527275501,0
418172,0.4443808651865415,-1.4256275272755017,1.128198672465095,0
418176,0.4376668955519951,-1.4345235370412757,1.1112458991378653,0
418180,0.4254139009689479,-1.422438391699092,1.1154421301594568,0
418184,0.4198748760204471,-1.4350270847638666,1.1031891355764094,0
418188,0.3854657816433966,-1.460036621652552,1.1090638590066377,0
418192,0.3688487067978942,-1.490249485008011,1.1323949034866865,0
418196,0.34534981307698176,-1.5446326390478369,1.1621042191195543,0
418200,0.3248722056916152,-1.5129091325246051,1.1610971236743723,0
418204,0.3144655527580682,-1.52734416723888,1.1775463492790113,0
418208,0.3290684367132067,-1.5196231021591515,1.184092469672694,0
418211,0.3223544670786602,-1.524826428625925,1.1938277256427863,0
418215,0.33259327077134354,-1.489242389562829,1.1733501182574197,0
418219,0.3544136720836194,-1.5112306401159685,1.1755321583886473,0
418223,0.34837109941252764,-1.5372472724498358,1.1755321583886473,0
418227,0.3634775310902571,-1.5301976043335621,1.1569008926527808,0
418231,0.3871442740520332,-1.532211795223926,1.1557259479667352,0
418235,0.4074540321965362,-1.4884031433585108,1.1614328221560997,0
418239,0.4175249866483558,-1.4561760891126878,1.1372625314717326,0
418243,0.4316243228809033,-1.4633936064698252,1.1221560997940032,0
418247,0.4445487144274052,-1.4546654459449149,1.1176241702906844,0
418251,0.4628442816815442,-1.4303273060196842,1.1139314869916839,0
418254,0.4829861905851835,-1.3979324025329976,1.1211490043488213,0
418258,0.4834897383077745,-1.4103532463569084,1.119806210421912,0
418262,0.4735866330968185,-1.4227740901808192,1.1332341496910048,0
418266,0.4536125734340429,-1.4083390554665445,1.1149385824368658,0
418270,0.4494163424124513,-1.4182421606775004,1.1135957885099566,0
418274,0.41601434348058286,-1.4192492561226824,1.1127565423056383,0
418278,0.3863050278477149,-1.443755245288777,1.0916075379568169,0
418282,0.3398107881284809,-1.461547264820325,1.105371175707637,0
418286,0.2961699855039292,-1.4863889524681468,1.127191577019913,0
418290,0.3065766384374761,-1.513916227969787,1.1647898069733729,0
418293,0.33007553215838864,-1.4835355153734644,1.2059128709849698,0
418297,0.3681773098344396,-1.5073701075761043,1.182581826504921,0
418301,0.394193942168307,-1.507034409094377,1.1721751735713741,0
418305,0.4158464942397192,-1.4764858472571907,1.1396124208438239,0
418309,0.43347066453040356,-1.462554360265507,1.1369268329900053,0
418313,0.441191729610132,-1.4657434958419164,1.1268558785381857,0
418317,0.4667048142214084,-1.4132066834515906,1.1219882505531396,0
418321,0.47291523613336384,-1.4289845120927749,1.1159456778820478,0
418325,0.4814755474174105,-1.4121995880064087,1.1046997787441823,0
418329,0.495071335927367,-1.3960860608834973,1.1162813763637751,0
418333,0.47543297474631874,-1.4073319600213625,1.1159456778820478,0
418336,0.4975890745403219,-1.3735942626077668,1.1046997787441823,0
418340,0.4938963912413214,-1.3437170977340351,1.0936217288471808,0
418344,0.5001068131532769,-1.3485847257190813,1.086068513008316,0
418348,0.5093385214007782,-1.3287785152971694,1.0840543221179522,0
418352,0.513366903181506,-1.3190432593270771,1.0966430151827267,0
418356,0.4942320897230487,-1.3542915999084457,1.0837186236362248,0
418360,0.4776150148775463,-1.3841687647821774,1.0746547646295872,0
418364,0.4631799801632715,-1.3897077897306782,1.0734798199435416,0
418368,0.4526054779888609,-1.4127031357289996,1.0798580910963607,0
418372,0.4645227740901808,-1.395246814679179,1.0756618600747692,0
418376,0.45915159838254366,-1.3861829556725414,1.0951323720149537,0
418379,0.43968108644235904,-1.411024643320363,1.0916075379568169,0
418383,0.4316243228809033,-1.4543297474631875,1.0795223926146333,0
418387,0.4141680018310826,-1.461043717097734,1.0942931258106354,0
418391,0.3958724345769436,-1.468429083695735,1.1248416876478218,0
418395,0.31513694972152284,-1.49662775616083,1.1416266117341878,0
418399,0.31597619592584114,-1.4978027008468757,1.1416266117341878,0
418403,0.3344396124208438,-1.490753032730602,1.1585793850614174,0
418407,0.329404135194934,-1.4823605706874188,1.154886701762417,0
418411,0.32420080872816054,-1.4862211032272832,1.1765392538338293,0
418415,0.3265506981002518,-1.4905851834897383,1.1812390325780118,0
418419,0.33930724040588994,-1.4828641184100098,1.1659647516594185,0
418422,0.32134737163347826,-1.4811856260013732,1.1842603189135577,0
418426,0.3413214312962539,-1.4652399481193255,1.1699931334401465,0
418430,0.3527351796749828,-1.5125734340428778,1.1723430228122378,0
418434,0.3826123445487144,-1.4931029221026932,1.1763714045929656,0
418438,0.4014114595254444,-1.4850461585412373,1.1636148622873272,0
418442,0.43632410162508584,-1.4712825207904172,1.1501869230182344,0
418446,0.4178606851300831,-1.4509727626459143,1.150354772259098,0
418450,0.43716334782940414,-1.452651255054551,1.1582436865796901,0
418454,0.44018463416495,-1.4341878385595483,1.169657434958419,0
418458,0.4569695582513161,-1.431837949187457,1.1842603189135577,0
418461,0.44555580987258714,-1.4215991454947736,1.1723430228122378,0
418465,0.45210193026626994,-1.431837949187457,1.167643244068055,0
418469,0.4468986037994964,-1.434859235523003,1.1708323796444648,0
418473,0.4304493781948577,-1.4603723201342793,1.1805676356145571,0
418477,0.44018463416495,-1.4383840695811398,1.1834210727092394,0
418481,0.4096360723277638,-1.457518883039597,1.1718394750896468,0
418485,0.4014114595254444,-1.4608758678568703,1.1563973449301899,0
418489,0.38764782177462426,-1.4925993743801023,1.173685816739147,0
418493,0.384794384679942,-1.48471046005951,1.178217746242466,0
418497,0.3809338521400778,-1.4823605706874188,1.1708323796444648,0
418501,0.3706950484473945,-1.5150911726558327,1.169657434958419,0
418504,0.3532387273975738,-1.5367437247272449,1.1663004501411458,0
418508,0.34753185320820934,-1.5394293125810634,1.1516975661860074,0
418512,0.34501411459525444,-1.5691386282139315,1.1711680781261922,0
418516,0.35256733043411914,-1.5641031509880217,1.173182269016556,0
418520,0.36448462653543906,-1.5446326390478369,1.1594186312657357,0
418524,0.3592813000686656,-1.5402685587853817,1.1545510032806896,0
418528,0.36532387273975736,-1.5505073624780652,1.1563973449301899,0
418532,0.3911726558327611,-1.5196231021591515,1.1461585412375066,0
418536,0.3938582436865797,-1.5093842984664683,1.1542153047989623,0
418540,0.39486533913176164,-1.5155947203784237,1.1493476768139161,0
418544,0.41232166018158234,-1.4816891737239641,1.1411230640115968,0
418547,0.41148241397726404,-1.4711146715495536,1.1273594262607767,0
418551,0.4262531471732662,-1.442244602121004,1.1337376974135958,0
418555,0.4279316395819028,-1.4289845120927749,1.136087586785687,0
418559,0.42893873502708474,-1.4127031357289996,1.1349126420996414,0
418563,0.4287708857862211,-1.4085069047074081,1.1414587624933241,0
418567,0.4163500419623102,-1.4355306324864576,1.1367589837491416,0
418571,0.4277637903410391,-1.4247882810711834,1.1401159685664148,0
418575,0.4296101319905394,-1.4007858396276798,1.1411230640115968,0
418579,0.4265888456549935,-1.410521095597772,1.1394445716029602,0
418583,0.4294422827496757,-1.397261005569543,1.133569848172732,0
418587,0.4235675593194476,-1.404646372167544,1.1308842603189135,0
418590,0.4141680018310826,-1.4289845120927749,1.1369268329900053,0
418594,0.4260852979324025,-1.4227740901808192,1.1481727321278705,0
418598,0.42004272526131076,-1.4308308537422751,1.1505226214999618,0
418602,0.4202105745021744,-1.4362020294499123,1.1475013351644159,0
418606,0.40510414282444496,-1.4581902800030517,1.142969405661097,0
418610,0.4215533684290837,-1.4311665522240025,1.1626077668421453,0
418614,0.39822232394903484,-1.4744716563668268,1.1537117570763713,0
418618,0.41265735866330966,-1.4652399481193255,1.1570687418936445,0
418622,0.4005722133211261,-1.4825284199282824,1.1475013351644159,0
418626,0.39268329900053406,-1.4979705500877394,1.1491798275730525,0
418629,0.3864728770885786,-1.4701075761043716,1.155390249485008,0
418633,0.3871442740520332,-1.50166323338674,1.1579079880979628,0
418637,0.3950331883726253,-1.5130769817654688,1.1589150835431448,0
418641,0.3795910582131685,-1.497131303883421,1.1562294956893262,0
418645,0.3879835202563516,-1.5087129015030136,1.1414587624933241,0
418649,0.40023651483939876,-1.5031738765545128,1.1426337071793697,0
418653,0.4054398413061723,-1.4756466010528724,1.1476691844052795,0
418657,0.40191500724803536,-1.4687647821774623,1.1570687418936445,0
418661,0.41148241397726404,-1.468429083695735,1.1144350347142749,0
418665,0.39352254520485236,-1.4863889524681468,1.1142671854734112,0
418669,0.4265888456549935,-1.4538261997405966,1.1102388036926834,0
418672,0.4155107957579919,-1.4469443808651865,1.1372625314717326,0
418676,0.4385061417563134,-1.4534905012588692,1.1699931334401465,0
418680,0.42172121766994736,-1.457015335317006,1.1708323796444648,0
418684,0.412993057145037,-1.45214770733196,1.1632791638056,0
418688,0.4074540321965362,-1.4445944914930953,1.1483405813687342,0
418692,0.4096360723277638,-1.461043717097734,1.1552224002441442,0
418696,0.40678263523308156,-1.4509727626459143,1.1486762798504615,0
418700,0.3953688868543526,-1.4722896162355992,1.1483405813687342,0
418704,0.4249103532463569,-1.4630579079880979,1.1394445716029602,0
418708,0.38378728923476,-1.4617151140611886,1.1315556572823682,0
418712,0.3713664454108491,-1.4848783093003737,1.129205767910277,0
418715,0.3871442740520332,-1.5140840772106507,1.135080491340505,0
418719,0.3905012588693065,-1.5122377355611505,1.1401159685664148,0
418723,0.38664072632944224,-1.4806820782787822,1.141962310215915,0
418727,0.3933546959639887,-1.488738841840238,1.129709315632868,0
418731,0.4066147859922179,-1.4754787518120087,1.1522011139085984,0
418735,0.4077897306782635,-1.459533073929961,1.154886701762417,0
418739,0.4087968261234455,-1.469436179140917,1.153879606317235,0
418743,0.41433585107194626,-1.4717860685130082,1.1476691844052795,0
418747,0.4146715495536736,-1.4565117875944151,1.1407873655298695,0
418751,0.4171892881666285,-1.4487907225146868,1.121316853589685,0
418754,0.4193713282978561,-1.4479514763103685,1.1421301594567788,0
418758,0.41853208209353776,-1.4365377279316396,1.1372625314717326,0
418762,0.4113145647364004,-1.4523155565728236,1.134576943617914,0
418766,0.40846112764171816,-1.476821545738918,1.1231631952391852,0
418770,0.41013962005035476,-1.4692683299000533,1.160257877470054,0
418774,0.4353170061799039,-1.4853818570229647,1.146494239719234,0
418778,0.40510414282444496,-1.4781643396658273,1.1478370336461432,0
418782,0.3963759822995346,-1.4934386205844206,1.1468299382009612,0
418786,0.38445868619821466,-1.4835355153734644,1.1433051041428244,0
418790,0.3868085755703059,-1.5219729915312428,1.1490119783321888,0
418794,0.38664072632944224,-1.4796749828336002,1.1644541084916455,0
418797,0.38613717860685126,-1.467925535973144,1.1552224002441442,0
418801,0.3690165560387579,-1.4873960479133288,1.1575722896162355,0
418805,0.37992675669489584,-1.4858854047455556,1.1673075455863278,0
418809,0.3713664454108491,-1.505020218204013,1.153376058594644,0
418813,0.3822766460669871,-1.4959563591973755,1.163782711528191,0
418817,0.4032578011749447,-1.497131303883421,1.1616006713969633,0
418821,0.38982986190585184,-1.5068665598535134,1.1490119783321888,0
418825,0.3913405050736248,-1.50854505226215,1.1295414663920043,0
418829,0.39855802243076216,-1.499145494773785,1.1374303807125963,0
418833,0.4004043640802624,-1.5124055848020141,1.1516975661860074,0
418837,0.4082932784008545,-1.507537956816968,1.1421301594567788,0
418840,0.4121538109407187,-1.475814450293736,1.1159456778820478,0
418844,0.404097047379263,-1.476317998016327,1.1315556572823682,0
418848,0.39654383154039824,-1.4707789730678262,1.137094682230869,0
418852,0.41097886625467306,-1.4781643396658273,1.1417944609750514,0
418856,0.3980544747081712,-1.485214007782101,1.1496833752956435,0
418860,0.3997329671168078,-1.4899137865262837,1.1693217364766917,0
418864,0.4000686655985351,-1.4835355153734644,1.1369268329900053,0
418868,0.40107576104371706,-1.4961242084382391,1.1585793850614174,0
418872,0.41601434348058286,-1.4696040283817806,1.1416266117341878,0
418876,0.3988937209124895,-1.4894102388036927,1.15136186770428,0
418880,0.3920119020370794,-1.4868925001907378,1.1572365911345082,0
418883,0.384290836957351,-1.4944457160296025,1.142969405661097,0
418887,0.38664072632944224,-1.46591134508278,1.146494239719234,0
418891,0.38110170138094146,-1.4617151140611886,1.1547188525215533,0
418895,0.3903334096284428,-1.4867246509498742,1.1473334859235522,0
418899,0.39184405279621576,-1.4838712138551917,1.1515297169451437,0
418903,0.3804303044174868,-1.4823605706874188,1.1379339284351873,0
418907,0.3873121232928969,-1.5087129015030136,1.1448157473105973,0
418911,0.39352254520485236,-1.5120698863202868,1.1438086518654154,0
418915,0.3933546959639887,-1.5058594644083314,1.1468299382009612,0
418919,0.3925154497596704,-1.5092164492256046,1.1545510032806896,0
418922,0.38932631418326086,-1.505523765926604,1.146997787441825,0
418926,0.3863050278477149,-1.4840390630960554,1.1495155260547798,0
418930,0.39654383154039824,-1.4808499275196458,1.1473334859235522,0
418934,0.3945296406500343,-1.4779964904249636,1.1532082093537803,0
418938,0.39352254520485236,-1.501159685664149,1.1527046616311893,0
418942,0.3933546959639887,-1.5033417257953765,1.145487144274052,0
418946,0.3871442740520332,-1.5182803082322422,1.1416266117341878,0
418950,0.38613717860685126,-1.4889066910811017,1.1701609826810102,0
418954,0.39234760051880674,-1.5078736552986953,1.1478370336461432,0
418958,0.38982986190585184,-1.5125734340428778,1.1511940184634164,0
418962,0.39066910811017014,-1.5112306401159685,1.1584115358205538,0
418965,0.3883192187380789,-1.530701152056153,1.1290379186694133,0
418969,0.3921797512779431,-1.534729533836881,1.1406195162890058,0
418973,0.3988937209124895,-1.523315785458152,1.126688029297322,0
418977,0.40812542915999084,-1.4858854047455556,1.1307164110780499,0
418981,0.3987258716716258,-1.4873960479133288,1.1511940184634164,0
418985,0.3978866254673075,-1.4993133440146487,1.150354772259098,0
418989,0.39184405279621576,-1.4884031433585108,1.1372625314717326,0
418993,0.404097047379263,-1.4766536964980543,1.141962310215915,0
418997,0.40930037384603646,-1.469436179140917,1.1448157473105973,0
419001,0.3928511482413977,-1.4939421683070115,1.1394445716029602,0
419005,0.3972152285038529,-1.4801785305561912,1.1181277180132754,0
419008,0.394697489890898,-1.4816891737239641,1.128198672465095,0
419012,0.3921797512779431,-1.4998168917372396,1.127191577019913,0
419016,0.39687953002212556,-1.488738841840238,1.1382696269169146,0
419020,0.3784161135271229,-1.4855497062638283,1.154886701762417,0
419024,0.3925154497596704,-1.4983062485694667,1.1349126420996414,0
419028,0.3905012588693065,-1.4988097962920577,1.1426337071793697,0
419032,0.38664072632944224,-1.4721217669947355,1.1560616464484625,0
419036,0.3925154497596704,-1.4937743190661479,1.1610971236743723,0
419040,0.39486533913176164,-1.505523765926604,1.1740215152208744,0
419044,0.3770733196002136,-1.5018310826276036,1.146997787441825,0
419047,0.375394827191577,-1.4942778667887389,1.1446478980697337,0
419051,0.37656977187762264,-1.507034409094377,1.1555580987258716,0
419055,0.38076600289921414,-1.4905851834897383,1.1540474555580986,0
419059,0.38278019378957806,-1.4978027008468757,1.153879606317235,0
419063,0.3787518120088502,-1.505523765926604,1.1359197375448233,0
419067,0.404097047379263,-1.5038452735179675,1.1428015564202334,0
419071,0.3953688868543526,-1.497634851606012,1.1501869230182344,0
419075,0.3908369573510338,-1.5053559166857404,1.1480048828870069,0
419079,0.40023651483939876,-1.5092164492256046,1.1463263904783703,0
419083,0.3854657816433966,-1.491760128175784,1.1339055466544594,0
419087,0.3883192187380789,-1.5135805294880598,1.1369268329900053,0
419090,0.3962081330586709,-1.506530861371786,1.144983596551461,0
419094,0.39352254520485236,-1.5092164492256046,1.152872510872053,0
419098,0.39520103761348896,-1.5043488212405585,1.1475013351644159,0
419102,0.3891584649423972,-1.5008239871824216,1.143472953383688,0
419106,0.38580148012512394,-1.4818570229648278,1.1362554360265507,0
419110,0.38664072632944224,-1.4640650034332798,1.1599221789883267,0
419114,0.39100480659189746,-1.4870603494316015,1.1547188525215533,0
419118,0.3851300831616693,-1.4726253147173265,1.1537117570763713,0
419122,0.37942320897230486,-1.4833676661326007,1.1542153047989623,0
419126,0.3851300831616693,-1.4736324101625085,1.1458228427557793,0
419130,0.3938582436865797,-1.4862211032272832,1.1481727321278705,0
419133,0.38664072632944224,-1.4650720988784618,1.1562294956893262,0
419137,0.38076600289921414,-1.476821545738918,1.1558937972075989,0
419141,0.3814373998626688,-1.505523765926604,1.154383154039826,0
419145,0.37992675669489584,-1.4899137865262837,1.1530403601129167,0
419149,0.3814373998626688,-1.5041809719996948,1.151865415426871,0
419153,0.3874799725337606,-1.5206301976043335,1.1485084306095978,0
419157,0.39184405279621576,-1.4993133440146487,1.1552224002441442,0
419161,0.3950331883726253,-1.5093842984664683,1.1706645304036012,0
419165,0.3903334096284428,-1.5120698863202868,1.1396124208438239,0
419169,0.40157930876630804,-1.5004882887006943,1.145487144274052,0
419173,0.40762188143739986,-1.476821545738918,1.1473334859235522,0
419176,0.403089951934081,-1.4949492637521935,1.1401159685664148,0
419180,0.40275425345235366,-1.474303807125963,1.1406195162890058,0
419184,0.3995651178759441,-1.4862211032272832,1.1374303807125963,0
419188,0.3950331883726253,-1.4994811932555123,1.1401159685664148,0
419192,0.3992294193942168,-1.4941100175478752,1.1387731746395056,0
419196,0.3930189974822614,-1.508041504539559,1.1401159685664148,0
419200,0.3905012588693065,-1.505020218204013,1.1466620889600976,0
419204,0.384794384679942,-1.4890745403219654,1.1313878080415045,0
419208,0.39234760051880674,-1.516433966582742,1.1364232852674143,0
419212,0.3787518120088502,-1.513916227969787,1.1433051041428244,0
419215,0.40594338902876326,-1.492767223620966,1.1466620889600976,0
419219,0.4099717708094911,-1.4766536964980543,1.14448004882887,0
419223,0.3886549172198062,-1.4929350728618296,1.1478370336461432,0
419227,0.3886549172198062,-1.5068665598535134,1.1396124208438239,0
419231,0.3879835202563516,-1.5162661173418783,1.1488441290913252,0
419235,0.3883192187380789,-1.524826428625925,1.1473334859235522,0
419239,0.3911726558327611,-1.4978027008468757,1.159754329747463,0
419243,0.3822766460669871,-1.5018310826276036,1.1579079880979628,0
419247,0.3864728770885786,-1.4716182192721445,1.138605325398642,0
419251,0.3896620126649882,-1.5019989318684672,1.144983596551461,0
419255,0.3962081330586709,-1.4972991531242847,1.1461585412375066,0
419258,0.39318684672312504,-1.4957885099565118,1.1481727321278705,0
419262,0.3920119020370794,-1.4915922789349203,1.1421301594567788,0
419266,0.38076600289921414,-1.4873960479133288,1.146997787441825,0
419270,0.38328374151216904,-1.4835355153734644,1.1468299382009612,0
419274,0.3911726558327611,-1.485214007782101,1.1463263904783703,0
419278,0.3821087968261234,-1.490753032730602,1.1527046616311893,0
419282,0.3888227664606699,-1.5093842984664683,1.1399481193255512,0
419286,0.3780804150453956,-1.5043488212405585,1.143976501106279,0
419290,0.3814373998626688,-1.5077058060578317,1.154886701762417,0
419294,0.3663309681849393,-1.5097199969481956,1.1552224002441442,0
419298,0.384290836957351,-1.5030060273136492,1.154383154039826,0
419301,0.40812542915999084,-1.4811856260013732,1.1582436865796901,0
419305,0.37606622415503166,-1.5063630121309224,1.1493476768139161,0
419309,0.3888227664606699,-1.5103913939116502,1.135584039063096,0
419313,0.37992675669489584,-1.4942778667887389,1.1505226214999618,0
419317,0.3921797512779431,-1.5187838559548332,1.146494239719234,0
419321,0.38194094758525976,-1.5105592431525139,1.1443121995880063,0
419325,0.3775768673228046,-1.5130769817654688,1.1433051041428244,0
419329,0.37438773174639506,-1.5013275349050126,1.1453192950331883,0
419333,0.39687953002212556,-1.493270771343557,1.1382696269169146,0
419337,0.3834515907530327,-1.4880674448767834,1.1505226214999618,0
419340,0.39234760051880674,-1.5202944991226062,1.1468299382009612,0
419344,0.4054398413061723,-1.4939421683070115,1.1412909132524605,0
419348,0.3863050278477149,-1.4769893949797817,1.1510261692225527,0
419352,0.3903334096284428,-1.4944457160296025,1.1399481193255512,0
419356,0.40107576104371706,-1.490753032730602,1.1505226214999618,0
419360,0.39100480659189746,-1.5031738765545128,1.1506904707408254,0
419364,0.4022507057297627,-1.4939421683070115,1.1476691844052795,0
419368,0.39318684672312504,-1.4951171129930572,1.1545510032806896,0
419372,0.39066910811017014,-1.5078736552986953,1.146494239719234,0
419376,0.3913405050736248,-1.4999847409781033,1.1476691844052795,0
419380,0.39436179140917066,-1.5063630121309224,1.1563973449301899,0
419383,0.3826123445487144,-1.4954528114747845,1.1488441290913252,0
419387,0.39016556038757916,-1.5112306401159685,1.1407873655298695,0
419391,0.38110170138094146,-1.4821927214465551,1.1417944609750514,0
419395,0.3955367360952163,-1.4974670023651484,1.1496833752956435,0
419399,0.38664072632944224,-1.4702754253452353,1.1461585412375066,0
419403,0.38076600289921414,-1.4764858472571907,1.1412909132524605,0
419407,0.38378728923476,-1.4645685511558708,1.1372625314717326,0
419411,0.38194094758525976,-1.478835736629282,1.1535439078355076,0
419415,0.39100480659189746,-1.4931029221026932,1.1468299382009612,0
419419,0.39234760051880674,-1.516937514305333,1.1505226214999618,0
419423,0.3894941634241245,-1.525329976348516,1.143976501106279,0
419426,0.3908369573510338,-1.5219729915312428,1.1402838178072785,0
419430,0.3983901731898985,-1.516937514305333,1.1313878080415045,0
419434,0.3988937209124895,-1.5137483787289234,1.146997787441825,0
419438,0.3863050278477149,-1.4838712138551917,1.1629434653238726,0
419442,0.3955367360952163,-1.4939421683070115,1.1616006713969633,0
419446,0.39016556038757916,-1.5132448310063324,1.1369268329900053,0
419450,0.3963759822995346,-1.5043488212405585,1.1480048828870069,0
419454,0.3911726558327611,-1.5009918364232853,1.1520332646677347,0
419458,0.3888227664606699,-1.506027313649195,1.1525368123903257,0
419462,0.38496223392080564,-1.492263675898375,1.1498512245365071,0
419466,0.3896620126649882,-1.5187838559548332,1.1412909132524605,0
419469,0.37992675669489584,-1.4978027008468757,1.1466620889600976,0
419473,0.3864728770885786,-1.4726253147173265,1.1478370336461432,0
419477,0.3846265354390783,-1.4716182192721445,1.1594186312657357,0
419481,0.3747234302281224,-1.483703364614328,1.153376058594644,0
419485,0.3784161135271229,-1.4848783093003737,1.1491798275730525,0
419489,0.37573052567330434,-1.4701075761043716,1.154886701762417,0
419493,0.3829480430304417,-1.483703364614328,1.160257877470054,0
419497,0.38815136949721524,-1.5098878461890592,1.1636148622873272,0
419501,0.38378728923476,-1.4904173342488747,1.152368963149462,0
419505,0.38529793240253296,-1.4732967116807811,1.1431372549019607,0
419508,0.38445868619821466,-1.475310902571145,1.1486762798504615,0
419512,0.38815136949721524,-1.5087129015030136,1.1506904707408254,0
419516,0.39184405279621576,-1.500656137941558,1.1542153047989623,0
419520,0.3920119020370794,-1.492263675898375,1.127191577019913,0
419524,0.3775768673228046,-1.510055695429923,1.1446478980697337,0
419528,0.37690547035934996,-1.5187838559548332,1.1414587624933241,0
419532,0.3814373998626688,-1.5125734340428778,1.1409552147707331,0
419536,0.39016556038757916,-1.516433966582742,1.1394445716029602,0
419540,0.38848706797894256,-1.518448157473106,1.1563973449301899,0
419544,0.3899977111467155,-1.5244907301441977,1.1240024414435035,0
419548,0.3775768673228046,-1.523819333180743,1.129205767910277,0
419551,0.3826123445487144,-1.484206912336919,1.1313878080415045,0
419555,0.38764782177462426,-1.5077058060578317,1.1443121995880063,0
419559,0.38982986190585184,-1.5127412832837415,1.1406195162890058,0
419563,0.3812695506218051,-1.4880674448767834,1.136087586785687,0
419567,0.38026245517662316,-1.491760128175784,1.145990691996643,0
419571,0.3967116807812619,-1.4746395056076904,1.1417944609750514,0
419575,0.3903334096284428,-1.4946135652704662,1.1500190737773708,0
419579,0.3822766460669871,-1.4967956054016938,1.1563973449301899,0
419583,0.3967116807812619,-1.5003204394598306,1.146997787441825,0
419587,0.3775768673228046,-1.5102235446707866,1.145990691996643,0
419591,0.3787518120088502,-1.5137483787289234,1.150858319981689,0
419594,0.39822232394903484,-1.5145876249332417,1.1674753948271914,0
419598,0.394697489890898,-1.500152590218967,1.1619363698786906,0
419602,0.37858396276798656,-1.4939421683070115,1.1486762798504615,0
419606,0.37992675669489584,-1.48974593728542,1.1510261692225527,0
419610,0.3770733196002136,-1.492263675898375,1.1391088731212329,0
419614,0.3891584649423972,-1.4999847409781033,1.1562294956893262,0
419618,0.38932631418326086,-1.5030060273136492,1.1614328221560997,0
419622,0.38278019378957806,-1.4988097962920577,1.1515297169451437,0
419626,0.3805981536583505,-1.490753032730602,1.1389410238803692,0
419630,0.376401922636759,-1.5056916151674677,1.1621042191195543,0
419633,0.3822766460669871,-1.5008239871824216,1.152368963149462,0
419637,0.38160524910353244,-1.5186160067139696,1.1481727321278705,0
419641,0.37606622415503166,-1.5239871824216067,1.121820401312276,0
419645,0.3680094605935759,-1.535736629282063,1.0968108644235903,0
419649,0.3690165560387579,-1.5186160067139696,1.1144350347142749,0
419653,0.39268329900053406,-1.5160982681010147,1.1486762798504615,0
419657,0.39318684672312504,-1.5021667811093309,1.1773785000381476,0
419661,0.38899061570153354,-1.50854505226215,1.1857709620813306,0
419665,0.38899061570153354,-1.5181124589913786,1.1565651941710535,0
419669,0.3755626764324407,-1.5025024795910582,1.1466620889600976,0
419673,0.3883192187380789,-1.516937514305333,1.1652933546959638,0
419676,0.3908369573510338,-1.516433966582742,1.1540474555580986,0
419680,0.384794384679942,-1.5019989318684672,1.1421301594567788,0
419684,0.37774471656366826,-1.500656137941558,1.1298771648737316,0
419688,0.3817730983443961,-1.497131303883421,1.1246738384069581,0
419692,0.3829480430304417,-1.498138399328603,1.1224917982757305,0
419696,0.39150835431448844,-1.5009918364232853,1.1483405813687342,0
419700,0.3717021438925765,-1.510055695429923,1.1330663004501411,0
419704,0.3795910582131685,-1.5046845197222858,1.1374303807125963,0
419708,0.38613717860685126,-1.4865568017090105,1.1438086518654154,0
419712,0.39268329900053406,-1.500656137941558,1.173182269016556,0
419716,0.39520103761348896,-1.491760128175784,1.1631113145647363,0
419719,0.40644693675135424,-1.4825284199282824,1.1694895857175553,0
419723,0.3871442740520332,-1.5098878461890592,1.1758678568703747,0
419727,0.38361943999389636,-1.49662775616083,1.1486762798504615,0
419731,0.38848706797894256,-1.5043488212405585,1.1562294956893262,0
419735,0.3780804150453956,-1.4972991531242847,1.1532082093537803,0
419739,0.3899977111467155,-1.5113984893568322,1.15136186770428,0
419743,0.39234760051880674,-1.52734416723888,1.1468299382009612,0
419747,0.37690547035934996,-1.5206301976043335,1.1451514457923246,0
419751,0.37573052567330434,-1.4962920576791028,1.1530403601129167,0
419755,0.37942320897230486,-1.4984740978103304,1.1537117570763713,0
419759,0.3814373998626688,-1.5117341878385595,1.152872510872053,0
419762,0.3722056916151675,-1.5196231021591515,1.1468299382009612,0
419766,0.3717021438925765,-1.5155947203784237,1.1456549935149156,0
419770,0.3720378423743038,-1.5271763179980162,1.1500190737773708,0
419774,0.37740901808194094,-1.5229800869764247,1.1540474555580986,0
419778,0.3775768673228046,-1.517944609750515,1.1555580987258716,0
419782,0.37119859616998546,-1.5191195544365605,1.1483405813687342,0
419786,0.3690165560387579,-1.5119020370794232,1.1448157473105973,0
419790,0.35340657663843744,-1.5380865186541541,1.1456549935149156,0
419794,0.3800946059357595,-1.5167696650644693,1.1433051041428244,0
419798,0.384794384679942,-1.4959563591973755,1.145487144274052,0
419801,0.3831158922713054,-1.4909208819714657,1.129205767910277,0
419805,0.3822766460669871,-1.4972991531242847,1.137094682230869,0
419809,0.3983901731898985,-1.5061951628900587,1.146997787441825,0
419813,0.3894941634241245,-1.513916227969787,1.1480048828870069,0
419817,0.3899977111467155,-1.5150911726558327,1.1510261692225527,0
419821,0.38160524910353244,-1.5130769817654688,1.1550545510032806,0
419825,0.3831158922713054,-1.4978027008468757,1.1461585412375066,0
419829,0.38412298771648734,-1.4964599069199664,1.1414587624933241,0
419833,0.384794384679942,-1.4931029221026932,1.1476691844052795,0
419837,0.3905012588693065,-1.4936064698252842,1.150858319981689,0
419841,0.37354848554207676,-1.5053559166857404,1.15136186770428,0
419844,0.38496223392080564,-1.4949492637521935,1.1505226214999618,0
419848,0.38160524910353244,-1.5051880674448768,1.1407873655298695,0
419852,0.38194094758525976,-1.5008239871824216,1.1490119783321888,0
419856,0.3822766460669871,-1.5045166704814221,1.1448157473105973,0
419860,0.376401922636759,-1.5083772030212863,1.1436408026245517,0
419864,0.3821087968261234,-1.5119020370794232,1.1417944609750514,0
419868,0.37573052567330434,-1.491256580453193,1.135080491340505,0
419872,0.3879835202563516,-1.5046845197222858,1.1461585412375066,0
419876,0.3750591287098497,-1.488235294117647,1.1510261692225527,0
419880,0.37824826428625924,-1.4969634546425574,1.1510261692225527,0
419884,0.37774471656366826,-1.4974670023651484,1.1446478980697337,0
419887,0.3834515907530327,-1.4947814145113298,1.143976501106279,0
419891,0.3809338521400778,-1.4870603494316015,1.1580758373388265,0
419895,0.3826123445487144,-1.482696269169146,1.1545510032806896,0
419899,0.40157930876630804,-1.4862211032272832,1.1505226214999618,0
419903,0.3831158922713054,-1.4823605706874188,1.1488441290913252,0
419907,0.38378728923476,-1.4811856260013732,1.1391088731212329,0
419911,0.38412298771648734,-1.4828641184100098,1.1520332646677347,0
419915,0.3913405050736248,-1.488738841840238,1.1527046616311893,0
419919,0.3905012588693065,-1.4967956054016938,1.153879606317235,0
419923,0.3737163347829404,-1.4974670023651484,1.145990691996643,0
419926,0.3797589074540322,-1.4865568017090105,1.145487144274052,0
419930,0.38529793240253296,-1.461043717097734,1.134576943617914,0
419934,0.3896620126649882,-1.498138399328603,1.1525368123903257,0
419938,0.3883192187380789,-1.517944609750515,1.1471656366826886,0
419942,0.38244449530785074,-1.491760128175784,1.1409552147707331,0
419946,0.3804303044174868,-1.4873960479133288,1.1387731746395056,0
419950,0.37002365148393984,-1.4969634546425574,1.1328984512092775,0
419954,0.3812695506218051,-1.4722896162355992,1.1416266117341878,0
419958,0.3839551384756237,-1.4675898374914167,1.160257877470054,0
419962,0.37992675669489584,-1.4738002594033721,1.1609292744335087,0
419966,0.37438773174639506,-1.479339284351873,1.143472953383688,0
419969,0.38026245517662316,-1.4894102388036927,1.1384374761577782,0
419973,0.3762340733958953,-1.510055695429923,1.1436408026245517,0
419977,0.38278019378957806,-1.505020218204013,1.152872510872053,0
419981,0.38361943999389636,-1.4993133440146487,1.1463263904783703,0
419985,0.3725413900968948,-1.5035095750362402,1.1411230640115968,0
419989,0.3983901731898985,-1.5113984893568322,1.1320592050049592,0
419993,0.3839551384756237,-1.4899137865262837,1.1347447928587777,0
419997,0.3784161135271229,-1.4796749828336002,1.1486762798504615,0
420001,0.3730449378194858,-1.483703364614328,1.14448004882887,0
420005,0.3755626764324407,-1.4878995956359198,1.1446478980697337,0
420009,0.36616311894407566,-1.5088807507438773,1.1421301594567788,0
420012,0.3859693293659876,-1.4840390630960554,1.1463263904783703,0
420016,0.38110170138094146,-1.4729610131990538,1.1579079880979628,0
420020,0.38361943999389636,-1.4738002594033721,1.154886701762417,0
420024,0.3859693293659876,-1.46591134508278,1.1456549935149156,0
420028,0.3831158922713054,-1.4721217669947355,1.1283665217059586,0
420032,0.37858396276798656,-1.47094682230869,1.1516975661860074,0
420036,0.39150835431448844,-1.4855497062638283,1.1505226214999618,0
420040,0.38932631418326086,-1.4972991531242847,1.152368963149462,0
420044,0.38194094758525976,-1.4967956054016938,1.1290379186694133,0
420048,0.3814373998626688,-1.5088807507438773,1.136591134508278,0
420052,0.3797589074540322,-1.4909208819714657,1.1431372549019607,0
420055,0.3883192187380789,-1.5162661173418783,1.150858319981689,0
420059,0.3800946059357595,-1.5036774242771038,1.1421301594567788,0
420063,0.3725413900968948,-1.5078736552986953,1.145487144274052,0
420067,0.37606622415503166,-1.5239871824216067,1.1428015564202334,0
420071,0.3831158922713054,-1.5025024795910582,1.1431372549019607,0
420075,0.3804303044174868,-1.4863889524681468,1.1562294956893262,0
420079,0.3805981536583505,-1.4853818570229647,1.1515297169451437,0
420083,0.37656977187762264,-1.4998168917372396,1.169657434958419,0
420087,0.38378728923476,-1.4931029221026932,1.1478370336461432,0
420091,0.3797589074540322,-1.4858854047455556,1.1537117570763713,0
420094,0.3770733196002136,-1.4895780880445564,1.1558937972075989,0
420098,0.3715342946517128,-1.5073701075761043,1.153376058594644,0
420102,0.37774471656366826,-1.5038452735179675,1.15136186770428,0
420106,0.38026245517662316,-1.5004882887006943,1.1619363698786906,0
420110,0.37002365148393984,-1.4994811932555123,1.159250782024872,0
420114,0.3804303044174868,-1.4858854047455556,1.1493476768139161,0
420118,0.3688487067978942,-1.5013275349050126,1.1224917982757305,0
420122,0.3755626764324407,-1.4931029221026932,1.1480048828870069,0
420126,0.3722056916151675,-1.5107270923933775,1.1407873655298695,0
420130,0.37942320897230486,-1.5072022583352407,1.1496833752956435,0
420134,0.3784161135271229,-1.4914244296940566,1.1516975661860074,0
420137,0.38982986190585184,-1.5053559166857404,1.1654612039368275,0
420141,0.38110170138094146,-1.4853818570229647,1.1448157473105973,0
420145,0.37992675669489584,-1.48974593728542,1.1495155260547798,0
420149,0.37740901808194094,-1.5018310826276036,1.1404516670481422,0
420153,0.3891584649423972,-1.4962920576791028,1.1495155260547798,0
420157,0.3864728770885786,-1.4682612344548713,1.1428015564202334,0
420161,0.3874799725337606,-1.5045166704814221,1.1426337071793697,0
420165,0.3792553597314412,-1.4983062485694667,1.1501869230182344,0
420169,0.375394827191577,-1.493270771343557,1.1394445716029602,0
420173,0.3775768673228046,-1.5072022583352407,1.1443121995880063,0
420177,0.38613717860685126,-1.4848783093003737,1.1475013351644159,0
420180,0.37656977187762264,-1.5004882887006943,1.14448004882887,0
420184,0.375898374914168,-1.4870603494316015,1.1362554360265507,0
420188,0.3792553597314412,-1.4914244296940566,1.1372625314717326,0
420192,0.3873121232928969,-1.5162661173418783,1.1374303807125963,0
420196,0.3821087968261234,-1.5087129015030136,1.1458228427557793,0
420200,0.38848706797894256,-1.5119020370794232,1.1500190737773708,0
420204,0.38613717860685126,-1.4877317463950561,1.1411230640115968,0
420208,0.38664072632944224,-1.462554360265507,1.1226596475165942,0
420212,0.3913405050736248,-1.4803463797970549,1.1574044403753718,0
420216,0.39352254520485236,-1.5056916151674677,1.1649576562142365,0
420219,0.3859693293659876,-1.4823605706874188,1.1478370336461432,0
420223,0.3868085755703059,-1.5181124589913786,1.1401159685664148,0
420227,0.38026245517662316,-1.5107270923933775,1.1652933546959638,0
420231,0.3829480430304417,-1.5036774242771038,1.1416266117341878,0
420235,0.36750591287098494,-1.5087129015030136,1.1522011139085984,0
420239,0.3834515907530327,-1.4947814145113298,1.1550545510032806,0
420243,0.3814373998626688,-1.5122377355611505,1.1298771648737316,0
420247,0.37522697795071336,-1.498641947051194,1.1412909132524605,0
420251,0.37942320897230486,-1.5077058060578317,1.1483405813687342,0
420255,0.3886549172198062,-1.5108949416342412,1.1510261692225527,0
420259,0.3787518120088502,-1.5140840772106507,1.1480048828870069,0
420262,0.37690547035934996,-1.5189517051956969,1.154886701762417,0
420266,0.3839551384756237,-1.4931029221026932,1.136087586785687,0
420270,0.38194094758525976,-1.4931029221026932,1.1394445716029602,0
420274,0.39234760051880674,-1.514923323414969,1.1488441290913252,0
420278,0.3967116807812619,-1.4964599069199664,1.1515297169451437,0
420282,0.38244449530785074,-1.4899137865262837,1.1532082093537803,0
420286,0.38412298771648734,-1.492767223620966,1.1391088731212329,0
420290,0.3775768673228046,-1.507034409094377,1.1476691844052795,0
420294,0.3839551384756237,-1.4840390630960554,1.1480048828870069,0
420298,0.3911726558327611,-1.4920958266575113,1.1409552147707331,0
420302,0.37858396276798656,-1.4904173342488747,1.1417944609750514,0
420305,0.3851300831616693,-1.4732967116807811,1.1463263904783703,0
420309,0.3864728770885786,-1.4578545815213244,1.1411230640115968,0
420313,0.3814373998626688,-1.4778286411841,1.1565651941710535,0
420317,0.38613717860685126,-1.4719539177538719,1.1745250629434654,0
420321,0.3834515907530327,-1.4803463797970549,1.1501869230182344,0
420325,0.37656977187762264,-1.4998168917372396,1.1456549935149156,0
420329,0.37489127946898604,-1.5003204394598306,1.144983596551461,0
420333,0.38613717860685126,-1.4813534752422368,1.1540474555580986,0
420337,0.38664072632944224,-1.4613794155794613,1.1547188525215533,0
420341,0.37908751049057754,-1.4776607919432363,1.1483405813687342,0
420345,0.3762340733958953,-1.506027313649195,1.1421301594567788,0
420348,0.3680094605935759,-1.5256656748302433,1.1491798275730525,0
420352,0.35995269703212024,-1.5463111314564735,1.1498512245365071,0
420356,0.3795910582131685,-1.5213015945677881,1.1579079880979628,0
420360,0.38278019378957806,-1.5129091325246051,1.1584115358205538,0
420364,0.37438773174639506,-1.4951171129930572,1.1441443503471427,0
420368,0.3762340733958953,-1.5171053635461966,1.144983596551461,0
420372,0.3780804150453956,-1.5040131227588311,1.1505226214999618,0
420376,0.3879835202563516,-1.513412680247196,1.1516975661860074,0
420380,0.37824826428625924,-1.5107270923933775,1.1584115358205538,0
420384,0.3767376211184863,-1.5196231021591515,1.1448157473105973,0
420387,0.34837109941252764,-1.5380865186541541,1.1334019989318684,0
420391,0.3742198825055314,-1.52230869001297,1.1412909132524605,0
420395,0.38076600289921414,-1.5009918364232853,1.1421301594567788,0
420399,0.38445868619821466,-1.4884031433585108,1.1468299382009612,0
420403,0.3772411688410773,-1.4939421683070115,1.1501869230182344,0
420407,0.3770733196002136,-1.4952849622339208,1.1510261692225527,0
420411,0.3795910582131685,-1.4949492637521935,1.1451514457923246,0
420415,0.37270923933775846,-1.497634851606012,1.1547188525215533,0
420419,0.375898374914168,-1.4835355153734644,1.141962310215915,0
420423,0.37270923933775846,-1.4967956054016938,1.141962310215915,0
420427,0.375898374914168,-1.4872281986724651,1.153376058594644,0
420430,0.37405203326466774,-1.4931029221026932,1.1520332646677347,0
420434,0.3730449378194858,-1.4867246509498742,1.145990691996643,0
420438,0.3787518120088502,-1.5014953841458762,1.1563973449301899,0
420442,0.39570458533607994,-1.5046845197222858,1.1495155260547798,0
420446,0.3706950484473945,-1.5231479362172884,1.134576943617914,0
420450,0.376401922636759,-1.5135805294880598,1.1421301594567788,0
420454,0.3930189974822614,-1.5202944991226062,1.1505226214999618,0
420458,0.3868085755703059,-1.5404364080262454,1.1563973449301899,0
420462,0.3814373998626688,-1.533218890669108,1.1453192950331883,0
420466,0.37489127946898604,-1.518448157473106,1.1409552147707331,0
420470,0.37321278706034944,-1.5013275349050126,1.1490119783321888,0
420473,0.3817730983443961,-1.4989776455329213,1.1594186312657357,0
420477,0.3391393911650263,-1.4810177767605095,1.1547188525215533,0
420481,0.38026245517662316,-1.4919279774166476,1.14448004882887,0
420485,0.3775768673228046,-1.505523765926604,1.1394445716029602,0
420489,0.3779125658045319,-1.5030060273136492,1.1493476768139161,0
420493,0.3814373998626688,-1.5098878461890592,1.145990691996643,0
420497,0.412993057145037,-1.4825284199282824,1.1562294956893262,0
420501,0.37858396276798656,-1.4721217669947355,1.1416266117341878,0
420505,0.3834515907530327,-1.4761501487754634,1.151865415426871,0
420509,0.40342565041580836,-1.4776607919432363,1.2007095445181963,0
420512,0.3639810788128481,-1.5008239871824216,1.1181277180132754,0
420516,0.3648203250171664,-1.509552147707332,1.1495155260547798,0
420520,0.3715342946517128,-1.5176089112687876,1.1545510032806896,0
420524,0.3738841840238041,-1.5120698863202868,1.151865415426871,0
420528,0.37606622415503166,-1.5249942778667887,1.150354772259098,0
420532,0.38026245517662316,-1.5072022583352407,1.152368963149462,0
420536,0.38160524910353244,-1.513412680247196,1.1557259479667352,0
420540,0.3745555809872587,-1.4998168917372396,1.1516975661860074,0
420544,0.3728770885786221,-1.5033417257953765,1.1401159685664148,0
420548,0.37774471656366826,-1.5040131227588311,1.1334019989318684,0
420552,0.3784161135271229,-1.4899137865262837,1.1486762798504615,0
420555,0.38580148012512394,-1.474303807125963,1.154383154039826,0
420559,0.37824826428625924,-1.4885709925993744,1.1468299382009612,0
420563,0.3795910582131685,-1.49662775616083,1.1426337071793697,0
420567,0.3696879530022125,-1.5021667811093309,1.1500190737773708,0
420571,0.3856336308842603,-1.4920958266575113,1.1478370336461432,0
420575,0.39318684672312504,-1.4967956054016938,1.1498512245365071,0
420579,0.38496223392080564,-1.4904173342488747,1.1527046616311893,0
420583,0.3779125658045319,-1.4947814145113298,1.1441443503471427,0
420587,0.3928511482413977,-1.5073701075761043,1.1426337071793697,0
420591,0.3780804150453956,-1.5008239871824216,1.1562294956893262,0
420595,0.376401922636759,-1.507537956816968,1.1562294956893262,0
420598,0.37438773174639506,-1.4954528114747845,1.1577401388570991,0
420602,0.375898374914168,-1.4853818570229647,1.1486762798504615,0
420606,0.37824826428625924,-1.4967956054016938,1.1480048828870069,0
420610,0.3730449378194858,-1.4899137865262837,1.1565651941710535,0
420614,0.3894941634241245,-1.514923323414969,1.1570687418936445,0
420618,0.38160524910353244,-1.5132448310063324,1.154383154039826,0
420622,0.37270923933775846,-1.5150911726558327,1.1414587624933241,0
420626,0.36666666666666664,-1.5296940566109711,1.1402838178072785,0
420630,0.3696879530022125,-1.513916227969787,1.1547188525215533,0
420634,0.3784161135271229,-1.499145494773785,1.1636148622873272,0
420638,0.37119859616998546,-1.513916227969787,1.1448157473105973,0
420641,0.3681773098344396,-1.5293583581292438,1.1137636377508202,0
420645,0.35424582284275574,-1.5308690012970168,1.1005035477225908,0
420649,0.37740901808194094,-1.5270084687571526,1.11879911497673,0
420653,0.3789196612497139,-1.5251621271076523,1.1443121995880063,0
420657,0.4086289768825818,-1.5048523689631494,1.1800640878919662,0
420661,0.3787518120088502,-1.509552147707332,1.18207827878233,0
420665,0.37942320897230486,-1.5043488212405585,1.1426337071793697,0
420669,0.3747234302281224,-1.5018310826276036,1.1535439078355076,0
420673,0.384290836957351,-1.4936064698252842,1.1491798275730525,0
420677,0.39906157015335314,-1.5018310826276036,1.143976501106279,0
420680,0.38110170138094146,-1.4813534752422368,1.1283665217059586,0
420684,0.3738841840238041,-1.4969634546425574,1.1300450141145952,0
420688,0.3792553597314412,-1.4983062485694667,1.1270237277790494,0
420692,0.3738841840238041,-1.4949492637521935,1.126688029297322,0
420696,0.3831158922713054,-1.4880674448767834,1.1315556572823682,0
420700,0.38194094758525976,-1.4947814145113298,1.136591134508278,0
420704,0.37656977187762264,-1.5077058060578317,1.1334019989318684,0
420708,0.3805981536583505,-1.492767223620966,1.1480048828870069,0
420712,0.3859693293659876,-1.4764858472571907,1.1552224002441442,0
420716,0.3851300831616693,-1.4675898374914167,1.1641184100099182,0
420720,0.3891584649423972,-1.4939421683070115,1.1604257267109177,0
420723,0.37573052567330434,-1.4811856260013732,1.1644541084916455,0
420727,0.37573052567330434,-1.4756466010528724,1.1646219577325092,0
420731,0.3750591287098497,-1.4816891737239641,1.1535439078355076,0
420735,0.3706950484473945,-1.5130769817654688,1.1545510032806896,0
420739,0.3775768673228046,-1.5125734340428778,1.1537117570763713,0
420743,0.37002365148393984,-1.5117341878385595,1.1342412451361867,0
420747,0.3797589074540322,-1.4936064698252842,1.1485084306095978,0
420751,0.37119859616998546,-1.5102235446707866,1.1562294956893262,0
420755,0.36666666666666664,-1.522812237735561,1.1609292744335087,0
420759,0.37002365148393984,-1.514419775692378,1.1515297169451437,0
420763,0.3629739833676661,-1.525833524071107,1.1560616464484625,0
420766,0.36750591287098494,-1.5288548104066528,1.1421301594567788,0
420770,0.38026245517662316,-1.5192874036774242,1.1495155260547798,0
420774,0.37002365148393984,-1.513916227969787,1.162272068360418,0
420778,0.3698558022430762,-1.5105592431525139,1.159754329747463,0
420782,0.37354848554207676,-1.5187838559548332,1.1443121995880063,0
420786,0.3579385061417563,-1.5369115739681085,1.138101777676051,0
420790,0.3614633401998932,-1.548493171587701,1.142465857938506,0
420794,0.3722056916151675,-1.5385900663767451,1.1501869230182344,0
420798,0.3772411688410773,-1.518448157473106,1.1354161898222324,0
420802,0.3713664454108491,-1.5213015945677881,1.1589150835431448,0
420805,0.3701915007248035,-1.5115663385976958,1.1476691844052795,0
420809,0.3779125658045319,-1.5051880674448768,1.1453192950331883,0
420813,0.38278019378957806,-1.5068665598535134,1.1520332646677347,0
420817,0.38110170138094146,-1.4813534752422368,1.159250782024872,0
420821,0.37908751049057754,-1.4884031433585108,1.153879606317235,0
420825,0.3814373998626688,-1.506027313649195,1.1451514457923246,0
420829,0.3733806363012131,-1.5127412832837415,1.1456549935149156,0
420833,0.3797589074540322,-1.4941100175478752,1.1451514457923246,0
420837,0.3874799725337606,-1.5177767605096513,1.1525368123903257,0
420841,0.3681773098344396,-1.52734416723888,1.1446478980697337,0
420845,0.3787518120088502,-1.5251621271076523,1.145487144274052,0
420848,0.37774471656366826,-1.5132448310063324,1.1466620889600976,0
420852,0.3762340733958953,-1.5236514839398794,1.1496833752956435,0
420856,0.38244449530785074,-1.5036774242771038,1.1441443503471427,0
420860,0.37824826428625924,-1.5018310826276036,1.1443121995880063,0
420864,0.36868085755703056,-1.5152590218966964,1.142465857938506,0
420868,0.3742198825055314,-1.5137483787289234,1.1342412451361867,0
420872,0.3831158922713054,-1.4920958266575113,1.1501869230182344,0
420876,0.3868085755703059,-1.5256656748302433,1.1468299382009612,0
420880,0.37942320897230486,-1.5125734340428778,1.1495155260547798,0
420884,0.3789196612497139,-1.5167696650644693,1.1421301594567788,0
420888,0.38110170138094146,-1.4962920576791028,1.1171206225680934,0
420891,0.39436179140917066,-1.5073701075761043,1.1498512245365071,0
420895,0.3856336308842603,-1.4860532539864193,1.1511940184634164,0
420899,0.3792553597314412,-1.48974593728542,1.1515297169451437,0
420903,0.36330968184939344,-1.5117341878385595,1.1330663004501411,0
420907,0.3701915007248035,-1.5120698863202868,1.159754329747463,0
420911,0.375394827191577,-1.5030060273136492,1.1522011139085984,0
420915,0.3698558022430762,-1.5030060273136492,1.1632791638056,0
420919,0.37270923933775846,-1.505020218204013,1.1382696269169146,0
420923,0.3643167772945754,-1.509552147707332,1.1520332646677347,0
420927,0.36750591287098494,-1.5162661173418783,1.1476691844052795,0
420931,0.3688487067978942,-1.5204623483634698,1.1505226214999618,0
420934,0.3690165560387579,-1.5048523689631494,1.1506904707408254,0
420938,0.37270923933775846,-1.5103913939116502,1.1575722896162355,0
420942,0.3693522545204852,-1.5213015945677881,1.162775616083009,0
420946,0.3572671091783017,-1.5432898451209276,1.1391088731212329,0
420950,0.3690165560387579,-1.5219729915312428,1.1362554360265507,0
420954,0.3364538033112077,-1.4828641184100098,1.1500190737773708,0
420958,0.38026245517662316,-1.492767223620966,1.1763714045929656,0
420962,0.3693522545204852,-1.5058594644083314,1.1745250629434654,0
420966,0.36918440527962154,-1.5038452735179675,1.1599221789883267,0
420970,0.3693522545204852,-1.5152590218966964,1.1412909132524605,0
420973,0.3821087968261234,-1.5103913939116502,1.1456549935149156,0
420977,0.3690165560387579,-1.507034409094377,1.1285343709468223,0
420981,0.3552529182879377,-1.5384222171358815,1.135080491340505,0
420985,0.3572671091783017,-1.5573891813534753,1.137094682230869,0
420989,0.35508506904707404,-1.5671244373235675,1.1330663004501411,0
420993,0.3696879530022125,-1.5348973830777446,1.1387731746395056,0
420997,0.38278019378957806,-1.5204623483634698,1.176203555352102,0
421001,0.3668345159075303,-1.5340581368734263,1.1463263904783703,0
421005,0.35290302891584646,-1.5384222171358815,1.136591134508278,0
421009,0.36247043564507514,-1.5270084687571526,1.1496833752956435,0
421013,0.36330968184939344,-1.532211795223926,1.162775616083009,0
421016,0.3688487067978942,-1.5303654535744258,1.1673075455863278,0
421020,0.365491721980621,-1.5464789806973371,1.1641184100099182,0
421024,0.36532387273975736,-1.5605783169298848,1.1642862592507819,0
421028,0.36532387273975736,-1.561417563134203,1.154886701762417,0
421032,0.3532387273975738,-1.5563820859082933,1.1585793850614174,0
421036,0.35860990310521096,-1.5538643472953384,1.1595864805065994,0
421040,0.366498817425803,-1.539093614099336,1.15136186770428,0
421044,0.3609597924773022,-1.5364080262455175,1.142969405661097,0
421048,0.3688487067978942,-1.539093614099336,1.1416266117341878,0
421052,0.3651560234988937,-1.5142519264515144,1.144983596551461,0
421056,0.3750591287098497,-1.4988097962920577,1.1416266117341878,0
421059,0.375898374914168,-1.4825284199282824,1.1342412451361867,0
421063,0.3809338521400778,-1.4843747615777827,1.128198672465095,0
421067,0.3705271992065308,-1.4840390630960554,1.1273594262607767,0
421071,0.37606622415503166,-1.509048599984741,1.146494239719234,0
421075,0.3873121232928969,-1.5256656748302433,1.1468299382009612,0
421079,0.37908751049057754,-1.5102235446707866,1.145990691996643,0
421083,0.3784161135271229,-1.4998168917372396,1.1387731746395056,0
421087,0.3717021438925765,-1.5083772030212863,1.160257877470054,0
421091,0.36868085755703056,-1.5113984893568322,1.158747234302281,0
421095,0.3805981536583505,-1.4894102388036927,1.1505226214999618,0
421098,0.36834515907530324,-1.500152590218967,1.1589150835431448,0
421102,0.38361943999389636,-1.4862211032272832,1.1532082093537803,0
421106,0.36952010376134886,-1.506530861371786,1.152368963149462,0
421110,0.3715342946517128,-1.5177767605096513,1.1547188525215533,0
421114,0.3779125658045319,-1.5038452735179675,1.1656290531776912,0
421118,0.3779125658045319,-1.4993133440146487,1.1609292744335087,0
421122,0.37690547035934996,-1.5129091325246051,1.153879606317235,0
421126,0.3846265354390783,-1.5031738765545128,1.1505226214999618,0
421130,0.3685130083161669,-1.50854505226215,1.1471656366826886,0
421134,0.37438773174639506,-1.4979705500877394,1.1448157473105973,0
421138,0.376401922636759,-1.5045166704814221,1.1510261692225527,0
421141,0.3738841840238041,-1.5019989318684672,1.1537117570763713,0
421145,0.3681773098344396,-1.5229800869764247,1.1404516670481422,0
421149,0.375394827191577,-1.5038452735179675,1.1417944609750514,0
421153,0.37656977187762264,-1.518448157473106,1.1516975661860074,0
421157,0.3634775310902571,-1.5246585793850613,1.1579079880979628,0
421161,0.37354848554207676,-1.5239871824216067,1.1453192950331883,0
421165,0.3693522545204852,-1.5291905088883802,1.128702220187686,0
421169,0.37035934996566716,-1.5072022583352407,1.125177386129549,0
421173,0.3772411688410773,-1.5008239871824216,1.1367589837491416,0
421177,0.3888227664606699,-1.5196231021591515,1.1565651941710535,0
421181,0.37438773174639506,-1.5023346303501945,1.1495155260547798,0
421184,0.3651560234988937,-1.4988097962920577,1.1448157473105973,0
421188,0.37942320897230486,-1.5004882887006943,1.1463263904783703,0
421192,0.3787518120088502,-1.5056916151674677,1.1550545510032806,0
421196,0.3797589074540322,-1.4957885099565118,1.1516975661860074,0
421200,0.3834515907530327,-1.4880674448767834,1.1567330434119172,0
421204,0.403089951934081,-1.509552147707332,1.1490119783321888,0
421208,0.37035934996566716,-1.5018310826276036,1.1463263904783703,0
421212,0.3680094605935759,-1.5249942778667887,1.1651255054551002,0
421216,0.3775768673228046,-1.523315785458152,1.155390249485008,0
421220,0.3698558022430762,-1.5142519264515144,1.1466620889600976,0
421224,0.3604562447547112,-1.5367437247272449,1.1446478980697337,0
421227,0.3698558022430762,-1.5221408407721064,1.1446478980697337,0
421231,0.36868085755703056,-1.52734416723888,1.1511940184634164,0
421235,0.37321278706034944,-1.506027313649195,1.1590829327840084,0
421239,0.36666666666666664,-1.5244907301441977,1.1476691844052795,0
421243,0.3639810788128481,-1.5301976043335621,1.1480048828870069,0
421247,0.3468604562447547,-1.5590676737621119,1.1589150835431448,0
421251,0.37573052567330434,-1.5103913939116502,1.1506904707408254,0
421255,0.37438773174639506,-1.4931029221026932,1.1362554360265507,0
421259,0.3770733196002136,-1.497131303883421,1.155390249485008,0
421263,0.35944914930952926,-1.5150911726558327,1.1396124208438239,0
421266,0.3896620126649882,-1.5254978255893796,1.1476691844052795,0
421270,0.3663309681849393,-1.5265049210345616,1.144983596551461,0
421274,0.3668345159075303,-1.534729533836881,1.1473334859235522,0
421278,0.37489127946898604,-1.5187838559548332,1.1480048828870069,0
421282,0.37573052567330434,-1.4999847409781033,1.1406195162890058,0
421286,0.3623025864042115,-1.507537956816968,1.138101777676051,0
421290,0.36784161135271226,-1.5077058060578317,1.1389410238803692,0
421294,0.3690165560387579,-1.5073701075761043,1.15136186770428,0
421298,0.36112764171816586,-1.5192874036774242,1.1481727321278705,0
421302,0.3693522545204852,-1.522812237735561,1.1476691844052795,0
421306,0.3809338521400778,-1.506027313649195,1.1483405813687342,0
421309,0.3651560234988937,-1.507034409094377,1.151865415426871,0
421313,0.37489127946898604,-1.5058594644083314,1.1557259479667352,0
421317,0.37119859616998546,-1.516433966582742,1.1626077668421453,0
421321,0.36028839551384756,-1.5283512626840619,1.1475013351644159,0
421325,0.36247043564507514,-1.5286869611657892,1.1471656366826886,0
421329,0.3681773098344396,-1.5348973830777446,1.1478370336461432,0
421333,0.37405203326466774,-1.5186160067139696,1.145487144274052,0
421337,0.36414892805371174,-1.5256656748302433,1.152872510872053,0
421341,0.36750591287098494,-1.5236514839398794,1.1572365911345082,0
421345,0.36498817425803004,-1.5045166704814221,1.1458228427557793,0
421349,0.3648203250171664,-1.5132448310063324,1.1493476768139161,0
421352,0.3673380636301213,-1.5197909514000152,1.144983596551461,0
421356,0.3967116807812619,-1.4994811932555123,1.1471656366826886,0
421360,0.3722056916151675,-1.507537956816968,1.1542153047989623,0
421364,0.3747234302281224,-1.507537956816968,1.144983596551461,0
421368,0.3696879530022125,-1.5066987106126497,1.1404516670481422,0
421372,0.3770733196002136,-1.5028381780727855,1.1532082093537803,0
421376,0.3831158922713054,-1.4915922789349203,1.1575722896162355,0
421380,0.37774471656366826,-1.4949492637521935,1.1527046616311893,0
421384,0.37270923933775846,-1.5046845197222858,1.142465857938506,0
421388,0.3878156710154879,-1.523315785458152,1.1436408026245517,0
421391,0.36952010376134886,-1.522812237735561,1.152368963149462,0
421395,0.394697489890898,-1.5040131227588311,1.152872510872053,0
421399,0.37405203326466774,-1.5082093537804226,1.1428015564202334,0
421403,0.3730449378194858,-1.501159685664149,1.1391088731212329,0
421407,0.36700236514839396,-1.514923323414969,1.1402838178072785,0
421411,0.3789196612497139,-1.5129091325246051,1.1540474555580986,0
421415,0.38278019378957806,-1.5031738765545128,1.154383154039826,0
421419,0.3831158922713054,-1.48471046005951,1.154383154039826,0
421423,0.3792553597314412,-1.4919279774166476,1.1475013351644159,0
421427,0.3854657816433966,-1.4925993743801023,1.1397802700846875,0
421431,0.38664072632944224,-1.4566796368352788,1.1480048828870069,0
421434,0.39268329900053406,-1.4878995956359198,1.1629434653238726,0
421438,0.38529793240253296,-1.4781643396658273,1.1498512245365071,0
421442,0.37489127946898604,-1.4899137865262837,1.1510261692225527,0
421446,0.38664072632944224,-1.469436179140917,1.133569848172732,0
421450,0.3745555809872587,-1.4769893949797817,1.1451514457923246,0
421454,0.37405203326466774,-1.4878995956359198,1.146494239719234,0
421458,0.38278019378957806,-1.4962920576791028,1.152872510872053,0
421462,0.3617990386816205,-1.5140840772106507,1.1495155260547798,0
421466,0.36616311894407566,-1.5271763179980162,1.1323949034866865,0
421470,0.36498817425803004,-1.5105592431525139,1.1312199588006409,0
421474,0.37942320897230486,-1.5040131227588311,1.1473334859235522,0
421477,0.3722056916151675,-1.5117341878385595,1.1491798275730525,0
421481,0.3738841840238041,-1.5097199969481956,1.14448004882887,0
421485,0.37405203326466774,-1.5110627908751049,1.1406195162890058,0
421489,0.3713664454108491,-1.5186160067139696,1.1498512245365071,0
421493,0.3787518120088502,-1.515930418860151,1.1446478980697337,0
421497,0.3738841840238041,-1.5083772030212863,1.145487144274052,0
421501,0.37489127946898604,-1.5014953841458762,1.1496833752956435,0
421505,0.3750591287098497,-1.497131303883421,1.152368963149462,0
421509,0.3767376211184863,-1.50854505226215,1.152872510872053,0
421513,0.37656977187762264,-1.5120698863202868,1.1716716258487831,0
421516,0.3854657816433966,-1.4951171129930572,1.1471656366826886,0
421520,0.3745555809872587,-1.4889066910811017,1.1610971236743723,0
421524,0.3648203250171664,-1.5088807507438773,1.1501869230182344,0
421528,0.37086289768825814,-1.52734416723888,1.1458228427557793,0
421532,0.3722056916151675,-1.5278477149614709,1.1666361486228731,0
421536,0.3626382848859388,-1.5325474937056534,1.1540474555580986,0
421540,0.35777065690089266,-1.5429541466392003,1.14448004882887,0
421544,0.35944914930952926,-1.5449683375295642,1.1428015564202334,0
421548,0.35659571221484704,-1.5557106889448387,1.1552224002441442,0
421552,0.3589456015869383,-1.5451361867704279,1.1542153047989623,0
421556,0.3656595712214847,-1.5444647898069732,1.1599221789883267,0
421559,0.3728770885786221,-1.5360723277637902,1.1585793850614174,0
421563,0.36079194323643854,-1.5468146791790645,1.1463263904783703,0
421567,0.34534981307698176,-1.5709849698634317,1.1171206225680934,0
421571,0.3648203250171664,-1.540604257267109,1.1075532158388648,0
421575,0.37405203326466774,-1.523315785458152,1.0914396887159532,0
421579,0.375898374914168,-1.4979705500877394,1.1327306019684138,0
421583,0.38613717860685126,-1.483703364614328,1.1649576562142365,0
421587,0.3772411688410773,-1.4904173342488747,1.1750286106660564,0
421591,0.37489127946898604,-1.4959563591973755,1.168146791790646,0
421595,0.3651560234988937,-1.4929350728618296,1.1750286106660564,0
421599,0.37270923933775846,-1.5026703288319219,1.1532082093537803,0
421602,0.3639810788128481,-1.5187838559548332,1.1441443503471427,0
421606,0.3696879530022125,-1.5176089112687876,1.135584039063096,0
421610,0.37606622415503166,-1.5288548104066528,1.1320592050049592,0
421614,0.3722056916151675,-1.526840619516289,1.1310521095597772,0
421618,0.3755626764324407,-1.5046845197222858,1.1436408026245517,0
421622,0.3792553597314412,-1.4961242084382391,1.1402838178072785,0
421626,0.37270923933775846,-1.507034409094377,1.1313878080415045,0
421630,0.3747234302281224,-1.5038452735179675,1.1359197375448233,0
421634,0.3750591287098497,-1.491760128175784,1.1481727321278705,0
421638,0.3728770885786221,-1.4961242084382391,1.1616006713969633,0
421642,0.3715342946517128,-1.5127412832837415,1.1562294956893262,0
421645,0.36582742046234834,-1.5290226596475165,1.1511940184634164,0
421649,0.37002365148393984,-1.5214694438086518,1.1481727321278705,0
421653,0.3725413900968948,-1.5137483787289234,1.1610971236743723,0
421657,0.3693522545204852,-1.517944609750515,1.1516975661860074,0
421661,0.3685130083161669,-1.5189517051956969,1.1642862592507819,0
421665,0.36666666666666664,-1.5330510414282443,1.1241702906843671,0
421669,0.3663309681849393,-1.5330510414282443,1.1565651941710535,0
421673,0.3676737621118486,-1.5202944991226062,1.1629434653238726,0
421677,0.37086289768825814,-1.5323796444647897,1.1569008926527808,0
421681,0.37942320897230486,-1.526337071793698,1.1515297169451437,0
421684,0.3617990386816205,-1.5291905088883802,1.1721751735713741,0
421688,0.36028839551384756,-1.540100709544518,1.1550545510032806,0
421692,0.3680094605935759,-1.5392614633401998,1.1582436865796901,0
421696,0.36280613412680246,-1.5419470511940183,1.162272068360418,0
421700,0.36364538033112076,-1.5260013733119706,1.161768520637827,0
421704,0.3559243152513924,-1.5548714427405204,1.1392767223620965,0
421708,0.3505531395437552,-1.5674601358052949,1.1384374761577782,0
421712,0.3579385061417563,-1.561417563134203,1.1461585412375066,0
421716,0.347699702449073,-1.5607461661707485,1.1585793850614174,0
421720,0.3535744258793011,-1.5454718852521552,1.1710002288853285,0
421724,0.3490424963759823,-1.5399328603036544,1.1557259479667352,0
421727,0.3465247577630274,-1.566453040360113,1.153376058594644,0
421731,0.3540779736018921,-1.5605783169298848,1.1537117570763713,0
421735,0.3584420538643473,-1.5454718852521552,1.1547188525215533,0
421739,0.365491721980621,-1.554535744258793,1.158747234302281,0
421743,0.3728770885786221,-1.5375829709315632,1.1493476768139161,0
421747,0.3656595712214847,-1.5439612420843822,1.1496833752956435,0
421751,0.3713664454108491,-1.5384222171358815,1.1387731746395056,0
421755,0.3772411688410773,-1.5189517051956969,1.1505226214999618,0
421759,0.375898374914168,-1.4961242084382391,1.138605325398642,0
421763,0.3780804150453956,-1.5043488212405585,1.1379339284351873,0
421767,0.3681773098344396,-1.5226443884946974,1.1293736171511406,0
421770,0.37774471656366826,-1.5078736552986953,1.1397802700846875,0
421774,0.3868085755703059,-1.5345616845960173,1.184596017395285,0
421778,0.3780804150453956,-1.5192874036774242,1.1480048828870069,0
421782,0.37606622415503166,-1.5301976043335621,1.1501869230182344,0
421786,0.365995269703212,-1.5432898451209276,1.1382696269169146,0
421790,0.3750591287098497,-1.5166018158236056,1.1488441290913252,0
421794,0.38445868619821466,-1.4904173342488747,1.1490119783321888,0
421798,0.3762340733958953,-1.5108949416342412,1.1501869230182344,0
421802,0.3733806363012131,-1.5265049210345616,1.144983596551461,0
421806,0.37002365148393984,-1.5244907301441977,1.1453192950331883,0
421810,0.3733806363012131,-1.5293583581292438,1.1569008926527808,0
421813,0.37908751049057754,-1.5137483787289234,1.1416266117341878,0
421817,0.37858396276798656,-1.4974670023651484,1.1773785000381476,0
421821,0.3846265354390783,-1.490753032730602,1.1595864805065994,0
421825,0.3668345159075303,-1.5192874036774242,1.152368963149462,0
421829,0.35659571221484704,-1.5345616845960173,1.1550545510032806,0
421833,0.3639810788128481,-1.5330510414282443,1.1647898069733729,0
421837,0.35693141069657436,-1.5286869611657892,1.1684824902723734,0
421841,0.3639810788128481,-1.531708247501335,1.1577401388570991,0
421845,0.3302433813992523,-1.4952849622339208,1.1575722896162355,0
421849,0.36028839551384756,-1.5236514839398794,1.1461585412375066,0
421852,0.3631418326085298,-1.5226443884946974,1.152368963149462,0
421856,0.36918440527962154,-1.5186160067139696,1.150354772259098,0
421860,0.36112764171816586,-1.5226443884946974,1.1441443503471427,0
421864,0.3706950484473945,-1.5379186694132905,1.1490119783321888,0
421868,0.3604562447547112,-1.5458075837338825,1.1293736171511406,0
421872,0.3614633401998932,-1.5493324177920194,1.1245059891660945,0
421876,0.3705271992065308,-1.5181124589913786,1.152872510872053,0
421880,0.3728770885786221,-1.5167696650644693,1.1632791638056,0
421884,0.36616311894407566,-1.532211795223926,1.1550545510032806,0
421888,0.36700236514839396,-1.5260013733119706,1.1604257267109177,0
421892,0.36868085755703056,-1.5239871824216067,1.1706645304036012,0
421895,0.3668345159075303,-1.5308690012970168,1.1704966811627375,0
421899,0.37606622415503166,-1.533722438391699,1.1537117570763713,0
421903,0.3651560234988937,-1.5166018158236056,1.1433051041428244,0
421907,0.357602807660029,-1.5350652323186083,1.138605325398642,0
421911,0.366498817425803,-1.5313725490196077,1.152368963149462,0
421915,0.36918440527962154,-1.5157625696192873,1.1532082093537803,0
421919,0.3715342946517128,-1.5187838559548332,1.161264972915236,0
421923,0.365995269703212,-1.5375829709315632,1.1562294956893262,0
421927,0.3648203250171664,-1.531204699778744,1.1448157473105973,0
421931,0.36414892805371174,-1.5283512626840619,1.1520332646677347,0
421935,0.35256733043411914,-1.5417792019531547,1.1693217364766917,0
421938,0.36079194323643854,-1.5444647898069732,1.1480048828870069,0
421942,0.37522697795071336,-1.5162661173418783,1.152872510872053,0
421946,0.36448462653543906,-1.5206301976043335,1.1480048828870069,0
421950,0.3639810788128481,-1.525329976348516,1.1520332646677347,0
421954,0.3928511482413977,-1.525329976348516,1.1570687418936445,0
421958,0.37002365148393984,-1.5181124589913786,1.154886701762417,0
421962,0.3612954909590295,-1.543121995880064,1.1481727321278705,0
421966,0.34534981307698176,-1.5735027084763866,1.1451514457923246,0
421970,0.36414892805371174,-1.554535744258793,1.1614328221560997,0
421974,0.3634775310902571,-1.5444647898069732,1.1641184100099182,0
421977,0.3597848477912566,-1.5286869611657892,1.1590829327840084,0
421981,0.3693522545204852,-1.5303654535744258,1.1651255054551002,0
421985,0.3606240939955749,-1.5463111314564735,1.1555580987258716,0
421989,0.3663309681849393,-1.5382543678950178,1.1575722896162355,0
421993,0.36952010376134886,-1.5260013733119706,1.153879606317235,0
421997,0.38110170138094146,-1.49662775616083,1.167139696345464,0
422001,0.3750591287098497,-1.4931029221026932,1.1569008926527808,0
422005,0.3717021438925765,-1.5038452735179675,1.143472953383688,0
422009,0.3706950484473945,-1.5320439459830624,1.1441443503471427,0
422013,0.3738841840238041,-1.5176089112687876,1.1456549935149156,0
422017,0.38982986190585184,-1.5166018158236056,1.1525368123903257,0
422020,0.3780804150453956,-1.5108949416342412,1.1496833752956435,0
422024,0.3604562447547112,-1.5384222171358815,1.1511940184634164,0
422028,0.3690165560387579,-1.5285191119249255,1.141962310215915,0
422032,0.3715342946517128,-1.5290226596475165,1.1476691844052795,0
422036,0.37690547035934996,-1.5283512626840619,1.161768520637827,0
422040,0.36918440527962154,-1.5113984893568322,1.153879606317235,0
422044,0.39402609292744334,-1.5102235446707866,1.1663004501411458,0
422048,0.36112764171816586,-1.5226443884946974,1.1443121995880063,0
422052,0.36364538033112076,-1.514419775692378,1.1466620889600976,0
422056,0.36532387273975736,-1.542618448157473,1.1481727321278705,0
422060,0.3681773098344396,-1.543121995880064,1.1522011139085984,0
422063,0.36700236514839396,-1.5380865186541541,1.1468299382009612,0
422067,0.36616311894407566,-1.539597161821927,1.138605325398642,0
422071,0.36330968184939344,-1.532715342946517,1.1347447928587777,0
422075,0.3814373998626688,-1.5261692225528343,1.1461585412375066,0
422079,0.3720378423743038,-1.5260013733119706,1.1409552147707331,0
422083,0.37438773174639506,-1.5083772030212863,1.1352483405813687,0
422087,0.3730449378194858,-1.4984740978103304,1.1263523308155947,0
422091,0.3762340733958953,-1.516433966582742,1.137094682230869,0
422095,0.38160524910353244,-1.5166018158236056,1.1426337071793697,0
422099,0.38244449530785074,-1.5078736552986953,1.1404516670481422,0
422103,0.37824826428625924,-1.506530861371786,1.141962310215915,0
422106,0.3690165560387579,-1.5097199969481956,1.1431372549019607,0
422110,0.3717021438925765,-1.5048523689631494,1.1498512245365071,0
422114,0.38194094758525976,-1.509048599984741,1.1495155260547798,0
422118,0.37237354085603114,-1.5078736552986953,1.1527046616311893,0
422122,0.37774471656366826,-1.5097199969481956,1.152368963149462,0
422126,0.3544136720836194,-1.516433966582742,1.1515297169451437,0
422130,0.3671702143892576,-1.5206301976043335,1.1589150835431448,0
422134,0.3839551384756237,-1.4865568017090105,1.1616006713969633,0
422138,0.3809338521400778,-1.4904173342488747,1.1763714045929656,0
422142,0.36330968184939344,-1.5102235446707866,1.1740215152208744,0
422145,0.36028839551384756,-1.5300297550926985,1.1715037766079195,0
422149,0.36364538033112076,-1.5211337453269245,1.1657969024185548,0
422153,0.36784161135271226,-1.5105592431525139,1.1657969024185548,0
422157,0.3770733196002136,-1.506530861371786,1.1803997863736935,0
422161,0.3587777523460746,-1.5305333028152894,1.1721751735713741,0
422165,0.35256733043411914,-1.5508430609597925,1.143976501106279,0
422169,0.3643167772945754,-1.5291905088883802,1.141962310215915,0
422173,0.3648203250171664,-1.5199588006408788,1.1527046616311893,0
422177,0.36868085755703056,-1.521805142290379,1.1547188525215533,0
422181,0.365491721980621,-1.544129091325246,1.1666361486228731,0
422185,0.35542076752880136,-1.5607461661707485,1.1522011139085984,0
422188,0.3589456015869383,-1.5461432822156098,1.1631113145647363,0
422192,0.36079194323643854,-1.5463111314564735,1.1394445716029602,0
422196,0.35659571221484704,-1.5531929503318838,1.1624399176012816,0
422200,0.3498817425803006,-1.5666208896009766,1.1206454566262303,0
422204,0.3604562447547112,-1.5632639047837034,1.1565651941710535,0
422208,0.3547493705653467,-1.580720225833524,1.110910200656138,0
422212,0.3601205462729839,-1.5768596932936598,1.151865415426871,0
422216,0.36247043564507514,-1.5508430609597925,1.1149385824368658,0
422220,0.36448462653543906,-1.5340581368734263,1.1580758373388265,0
422224,0.3567635614557107,-1.5510109102006562,1.0961394674601357,0
422228,0.3485389486533913,-1.5590676737621119,1.1436408026245517,0
422231,0.3584420538643473,-1.5486610208285647,1.1176241702906844,0
422235,0.35340657663843744,-1.5600747692072938,1.1511940184634164,0
422239,0.3663309681849393,-1.5419470511940183,1.1379339284351873,0
422243,0.3596169985503929,-1.534729533836881,1.1216525520714122,0
422247,0.35508506904707404,-1.5607461661707485,1.1443121995880063,0
422251,0.365995269703212,-1.553528648813611,1.1122529945830473,0
422255,0.36498817425803004,-1.5239871824216067,1.154886701762417,0
422259,0.36163118944075684,-1.534729533836881,1.1067139696345463,0
422263,0.3629739833676661,-1.535736629282063,1.1710002288853285,0
422267,0.3646524757763027,-1.5209658960860608,1.0942931258106354,0
422270,0.36616311894407566,-1.535736629282063,1.1803997863736935,0
422274,0.3817730983443961,-1.51542687113756,1.1097352559700924,0
422278,0.38328374151216904,-1.5053559166857404,1.1827496757457847,0
422282,0.37908751049057754,-1.5030060273136492,1.119302662699321,0
422286,0.3626382848859388,-1.5313725490196077,1.1684824902723734,0
422290,0.3715342946517128,-1.5276798657206072,1.134073395895323,0
422294,0.3780804150453956,-1.5155947203784237,1.1515297169451437,0
422298,0.37774471656366826,-1.5058594644083314,1.153376058594644,0
422302,0.3713664454108491,-1.5186160067139696,1.1379339284351873,0
422310,0.3690165560387579,-1.5098878461890592,1.1181277180132754,0
422313,0.375898374914168,-1.498641947051194,1.1822461280231937,0
422317,0.3792553597314412,-1.4964599069199664,1.1077210650797285,0
422321,0.37354848554207676,-1.513916227969787,1.1892957961394675,0
422325,0.3804303044174868,-1.4974670023651484,1.1147707331960022,0
422329,0.3587777523460746,-1.524826428625925,1.1817425803006028,0
422333,0.37606622415503166,-1.5300297550926985,1.1112458991378653,0
422337,0.3651560234988937,-1.5142519264515144,1.1661326009002821,0
422341,0.37573052567330434,-1.4909208819714657,1.119806210421912,0
422345,0.3680094605935759,-1.5186160067139696,1.0914396887159532,0
422349,0.3812695506218051,-1.4818570229648278,1.1684824902723734,0
422353,0.38160524910353244,-1.49662775616083,1.153879606317235,0
422356,0.3755626764324407,-1.491760128175784,1.2168230716411077,0
422360,0.3817730983443961,-1.4942778667887389,1.1483405813687342,0
422364,0.3688487067978942,-1.5110627908751049,1.1708323796444648,0
422368,0.3671702143892576,-1.5189517051956969,1.1614328221560997,0
422372,0.365995269703212,-1.5397650110627907,1.1364232852674143,0
422376,0.35860990310521096,-1.5446326390478369,1.1506904707408254,0
422380,0.365995269703212,-1.5466468299382008,1.1362554360265507,0
422384,0.355588616769665,-1.556046387426566,1.1151064316777295,0
422388,0.35172808422980084,-1.555542839703975,1.1171206225680934,0
422392,0.36163118944075684,-1.5409399557488364,1.1270237277790494,0
422396,0.3680094605935759,-1.543121995880064,1.1490119783321888,0
422399,0.37489127946898604,-1.5275120164797436,1.1428015564202334,0
422403,0.35659571221484704,-1.5437933928435186,1.1397802700846875,0
422407,0.3648203250171664,-1.5293583581292438,1.1565651941710535,0
422411,0.36112764171816586,-1.5280155642023345,1.136087586785687,0
422415,0.357602807660029,-1.5343938353551536,1.1812390325780118,0
422419,0.37354848554207676,-1.524826428625925,1.144983596551461,0
422423,0.36498817425803004,-1.5147554741741054,1.1819104295414664,0
422427,0.3755626764324407,-1.505020218204013,1.1367589837491416,0
422431,0.3681773098344396,-1.5239871824216067,1.1713359273670558,0
422435,0.3728770885786221,-1.513916227969787,1.1399481193255512,0
422438,0.3696879530022125,-1.5063630121309224,1.1582436865796901,0
422442,0.3693522545204852,-1.5196231021591515,1.1506904707408254,0
422446,0.3601205462729839,-1.5498359655146106,1.1352483405813687,0
422450,0.3705271992065308,-1.5078736552986953,1.1683146410315097,0
422454,0.3715342946517128,-1.5167696650644693,1.153879606317235,0
422458,0.3589456015869383,-1.5231479362172884,1.1793926909285115,0
422462,0.3552529182879377,-1.548493171587701,1.1161135271229115,0
422466,0.35038529030289156,-1.556549935149157,1.1844281681544213,0
422470,0.3527351796749828,-1.5604104676890211,1.121820401312276,0
422474,0.3493781948577096,-1.582230869001297,1.1805676356145571,0
422478,0.36364538033112076,-1.5594033722438392,1.1184634164950027,0
422481,0.33997863736934464,-1.5140840772106507,1.1698252841992827,0
422485,0.3451819638361181,-1.562424658579385,1.1369268329900053,0
422489,0.33880369268329896,-1.5117341878385595,1.1562294956893262,0
422493,0.3465247577630274,-1.5508430609597925,1.161768520637827,0
422497,0.35424582284275574,-1.5365758754863812,1.1496833752956435,0
422501,0.34837109941252764,-1.5498359655146106,1.159250782024872,0
422505,0.3604562447547112,-1.5583962767986572,1.1451514457923246,0
422509,0.35206378271152816,-1.5672922865644312,1.1426337071793697,0
422513,0.36247043564507514,-1.5364080262455175,1.1493476768139161,0
422517,0.3705271992065308,-1.5137483787289234,1.1649576562142365,0
422521,0.37824826428625924,-1.507034409094377,1.168146791790646,0
422524,0.3681773098344396,-1.5239871824216067,1.1486762798504615,0
422528,0.36532387273975736,-1.540100709544518,1.1367589837491416,0
422532,0.37774471656366826,-1.517944609750515,1.1651255054551002,0
422536,0.3775768673228046,-1.5150911726558327,1.1678110933089187,0
422540,0.37606622415503166,-1.5298619058518348,1.1575722896162355,0
422544,0.3742198825055314,-1.5226443884946974,1.173685816739147,0
422548,0.3846265354390783,-1.5018310826276036,1.1453192950331883,0
422552,0.37992675669489584,-1.489242389562829,1.150354772259098,0
422556,0.3834515907530327,-1.4848783093003737,1.153879606317235,0
422560,0.3789196612497139,-1.507034409094377,1.154383154039826,0
422563,0.37270923933775846,-1.5107270923933775,1.143976501106279,0
422567,0.3775768673228046,-1.51542687113756,1.1404516670481422,0
422571,0.3821087968261234,-1.5092164492256046,1.1491798275730525,0
422575,0.37270923933775846,-1.5088807507438773,1.1522011139085984,0
422579,0.37606622415503166,-1.525329976348516,1.1501869230182344,0
422583,0.3631418326085298,-1.531708247501335,1.1433051041428244,0
422587,0.3688487067978942,-1.5354009308003356,1.1473334859235522,0
422591,0.3775768673228046,-1.5281834134431982,1.1570687418936445,0
422595,0.38412298771648734,-1.5132448310063324,1.1466620889600976,0
422599,0.3609597924773022,-1.521805142290379,1.1580758373388265,0
422603,0.37270923933775846,-1.5182803082322422,1.1461585412375066,0
422606,0.36784161135271226,-1.5231479362172884,1.143976501106279,0
422610,0.36079194323643854,-1.5354009308003356,1.1451514457923246,0
422614,0.34921034561684594,-1.5696421759365224,1.1654612039368275,0
422618,0.3755626764324407,-1.5293583581292438,1.1609292744335087,0
422622,0.3681773098344396,-1.539093614099336,1.1412909132524605,0
422626,0.3638132295719844,-1.5315403982604714,1.1438086518654154,0
422630,0.37438773174639506,-1.5122377355611505,1.150354772259098,0
422634,0.38361943999389636,-1.4983062485694667,1.1594186312657357,0
422638,0.37606622415503166,-1.5155947203784237,1.1417944609750514,0
422642,0.3596169985503929,-1.5192874036774242,1.137094682230869,0
422646,0.36414892805371174,-1.530701152056153,1.1431372549019607,0
422649,0.36834515907530324,-1.5256656748302433,1.1621042191195543,0
422653,0.3564278629739834,-1.53422598611429,1.1716716258487831,0
422657,0.3643167772945754,-1.523315785458152,1.1485084306095978,0
422661,0.35860990310521096,-1.5330510414282443,1.1490119783321888,0
422665,0.3505531395437552,-1.5630960555428397,1.1471656366826886,0
422669,0.3535744258793011,-1.5434576943617913,1.1481727321278705,0
422673,0.3629739833676661,-1.5323796444647897,1.1515297169451437,0
422677,0.36448462653543906,-1.5224765392538337,1.1560616464484625,0
422681,0.3725413900968948,-1.5192874036774242,1.1475013351644159,0
422685,0.3564278629739834,-1.5315403982604714,1.1399481193255512,0
422689,0.35374227512016476,-1.5360723277637902,1.1456549935149156,0
422692,0.36498817425803004,-1.523819333180743,1.1510261692225527,0
422696,0.3706950484473945,-1.532211795223926,1.1527046616311893,0
422700,0.3643167772945754,-1.5251621271076523,1.1475013351644159,0
422704,0.3513923857480735,-1.5525215533684291,1.1414587624933241,0
422708,0.36414892805371174,-1.5422827496757456,1.1382696269169146,0
422712,0.36028839551384756,-1.5449683375295642,1.1441443503471427,0
422716,0.36280613412680246,-1.5463111314564735,1.1516975661860074,0
422720,0.3715342946517128,-1.540604257267109,1.1542153047989623,0
422724,0.3878156710154879,-1.5333867399099717,1.1397802700846875,0
422728,0.34501411459525444,-1.5590676737621119,1.1412909132524605,0
422731,0.35827420462348364,-1.5501716639963379,1.1649576562142365,0
422735,0.3629739833676661,-1.5387579156176088,1.1557259479667352,0
422739,0.3621347371633478,-1.5411078049897,1.1547188525215533,0
422743,0.3549172198062104,-1.555039291981384,1.1476691844052795,0
422747,0.3564278629739834,-1.5558785381857023,1.1411230640115968,0
422751,0.35860990310521096,-1.554535744258793,1.1527046616311893,0
422755,0.3540779736018921,-1.548996719310292,1.1545510032806896,0
422759,0.36750591287098494,-1.5394293125810634,1.1535439078355076,0
422763,0.36498817425803004,-1.5219729915312428,1.1443121995880063,0
422767,0.3614633401998932,-1.5397650110627907,1.1498512245365071,0
422771,0.3720378423743038,-1.5348973830777446,1.1407873655298695,0
422774,0.366498817425803,-1.5320439459830624,1.151865415426871,0
422778,0.36784161135271226,-1.5206301976043335,1.1545510032806896,0
422782,0.3668345159075303,-1.5379186694132905,1.1498512245365071,0
422786,0.3648203250171664,-1.5283512626840619,1.1428015564202334,0
422790,0.3617990386816205,-1.532211795223926,1.1486762798504615,0
422794,0.36918440527962154,-1.5226443884946974,1.1585793850614174,0
422798,0.3559243152513924,-1.541611352712291,1.1584115358205538,0
422802,0.3690165560387579,-1.5246585793850613,1.1579079880979628,0
422806,0.3639810788128481,-1.5313725490196077,1.1412909132524605,0
422810,0.3612954909590295,-1.5412756542305637,1.146997787441825,0
422814,0.38278019378957806,-1.5186160067139696,1.1475013351644159,0
422817,0.3639810788128481,-1.5280155642023345,1.1585793850614174,0
422821,0.36918440527962154,-1.518448157473106,1.1416266117341878,0
422825,0.3579385061417563,-1.5354009308003356,1.145990691996643,0
422829,0.365491721980621,-1.5495002670328832,1.1476691844052795,0
422833,0.37186999313344016,-1.526337071793698,1.1552224002441442,0
422837,0.3681773098344396,-1.532715342946517,1.1605935759517814,0
422841,0.3733806363012131,-1.5315403982604714,1.1491798275730525,0
422845,0.36532387273975736,-1.5375829709315632,1.1441443503471427,0
422849,0.3730449378194858,-1.517944609750515,1.1407873655298695,0
422853,0.3738841840238041,-1.506027313649195,1.1542153047989623,0
422856,0.3770733196002136,-1.4994811932555123,1.1498512245365071,0
422860,0.3780804150453956,-1.5043488212405585,1.1404516670481422,0
422864,0.37992675669489584,-1.5004882887006943,1.154886701762417,0
422868,0.36750591287098494,-1.5166018158236056,1.1446478980697337,0
422872,0.37405203326466774,-1.5147554741741054,1.1478370336461432,0
422876,0.37740901808194094,-1.5182803082322422,1.160257877470054,0
422880,0.3750591287098497,-1.5063630121309224,1.1558937972075989,0
422884,0.36918440527962154,-1.5127412832837415,1.1382696269169146,0
422888,0.36163118944075684,-1.5231479362172884,1.1463263904783703,0
422892,0.35810635538262,-1.532211795223926,1.1387731746395056,0
422896,0.3804303044174868,-1.5036774242771038,1.154886701762417,0
422899,0.3698558022430762,-1.5072022583352407,1.1412909132524605,0
422903,0.37858396276798656,-1.4988097962920577,1.1421301594567788,0
422907,0.36414892805371174,-1.5162661173418783,1.1461585412375066,0
422911,0.37086289768825814,-1.532715342946517,1.150858319981689,0
422915,0.36834515907530324,-1.5254978255893796,1.1488441290913252,0
422919,0.3800946059357595,-1.518448157473106,1.146494239719234,0
422923,0.36079194323643854,-1.5355687800411992,1.1448157473105973,0
422927,0.36079194323643854,-1.5523537041275655,1.1490119783321888,0
422931,0.36079194323643854,-1.5518501564049745,1.143976501106279,0
422935,0.36448462653543906,-1.5276798657206072,1.155390249485008,0
422939,0.3681773098344396,-1.533218890669108,1.1575722896162355,0
422942,0.3673380636301213,-1.5350652323186083,1.1458228427557793,0
422946,0.36784161135271226,-1.5236514839398794,1.1441443503471427,0
422950,0.37002365148393984,-1.5177767605096513,1.1414587624933241,0
422954,0.38764782177462426,-1.5365758754863812,1.145487144274052,0
422958,0.36784161135271226,-1.5199588006408788,1.1506904707408254,0
422962,0.3671702143892576,-1.5293583581292438,1.1647898069733729,0
422966,0.3623025864042115,-1.52734416723888,1.150354772259098,0
422970,0.3629739833676661,-1.531204699778744,1.1584115358205538,0
422974,0.3701915007248035,-1.517441062027924,1.1594186312657357,0
422978,0.36952010376134886,-1.5201266498817425,1.1557259479667352,0
422982,0.365491721980621,-1.5432898451209276,1.152368963149462,0
422985,0.3515602349889372,-1.5454718852521552,1.1466620889600976,0
422989,0.36247043564507514,-1.5350652323186083,1.1453192950331883,0
422993,0.36784161135271226,-1.5211337453269245,1.153376058594644,0
422997,0.37002365148393984,-1.513916227969787,1.1542153047989623,0
423001,0.37573052567330434,-1.492767223620966,1.15136186770428,0
423005,0.3725413900968948,-1.5026703288319219,1.141962310215915,0
423009,0.3623025864042115,-1.509552147707332,1.1443121995880063,0
423013,0.38764782177462426,-1.533218890669108,1.1511940184634164,0
423017,0.37119859616998546,-1.525329976348516,1.1522011139085984,0
423021,0.3706950484473945,-1.5374151216906995,1.1451514457923246,0
423024,0.35088883802548254,-1.5501716639963379,1.151865415426871,0
423028,0.3690165560387579,-1.5303654535744258,1.1632791638056,0
423032,0.3696879530022125,-1.5199588006408788,1.1253452353704128,0
423036,0.36868085755703056,-1.5241550316624703,1.1604257267109177,0
423040,0.3639810788128481,-1.5360723277637902,1.15136186770428,0
423044,0.35944914930952926,-1.533218890669108,1.1480048828870069,0
423048,0.3698558022430762,-1.523819333180743,1.1486762798504615,0
423052,0.3690165560387579,-1.5129091325246051,1.1621042191195543,0
423056,0.3717021438925765,-1.509552147707332,1.1582436865796901,0
423060,0.3730449378194858,-1.5053559166857404,1.1688181887541007,0
423064,0.38412298771648734,-1.5157625696192873,1.1404516670481422,0
423067,0.36196688792248416,-1.5293583581292438,1.134073395895323,0
423071,0.3668345159075303,-1.5370794232089722,1.1359197375448233,0
423075,0.37002365148393984,-1.532715342946517,1.1473334859235522,0
423079,0.37405203326466774,-1.5197909514000152,1.154886701762417,0
423083,0.35944914930952926,-1.5293583581292438,1.1412909132524605,0
423087,0.36079194323643854,-1.5486610208285647,1.1384374761577782,0
423091,0.3614633401998932,-1.5495002670328832,1.1438086518654154,0
423095,0.3730449378194858,-1.5182803082322422,1.1491798275730525,0
423099,0.3722056916151675,-1.5246585793850613,1.1540474555580986,0
423103,0.3720378423743038,-1.5246585793850613,1.1520332646677347,0
423107,0.36364538033112076,-1.5236514839398794,1.134576943617914,0
423110,0.36666666666666664,-1.5343938353551536,1.11879911497673,0
423114,0.3891584649423972,-1.523819333180743,1.1154421301594568,0
423118,0.3762340733958953,-1.532715342946517,1.1283665217059586,0
423122,0.3826123445487144,-1.5061951628900587,1.1265201800564584,0
423126,0.3795910582131685,-1.505523765926604,1.174692912184329,0
423130,0.3728770885786221,-1.506027313649195,1.172678721293965,0
423134,0.3722056916151675,-1.5108949416342412,1.1689860379949644,0
423138,0.37186999313344016,-1.5056916151674677,1.1745250629434654,0
423142,0.36532387273975736,-1.5338902876325626,1.1743572137026017,0
423146,0.3626382848859388,-1.542618448157473,1.150858319981689,0
423149,0.3596169985503929,-1.532715342946517,1.1488441290913252,0
423153,0.3522316319523918,-1.5407721065079727,1.14448004882887,0
423157,0.36532387273975736,-1.556046387426566,1.1352483405813687,0
423161,0.3572671091783017,-1.5676279850461585,1.1330663004501411,0
423165,0.35374227512016476,-1.5563820859082933,1.1255130846112764,0
423169,0.3587777523460746,-1.5577248798352026,1.1475013351644159,0
423173,0.3690165560387579,-1.5288548104066528,1.1491798275730525,0
423177,0.3693522545204852,-1.526840619516289,1.1535439078355076,0
423181,0.365491721980621,-1.5505073624780652,1.1656290531776912,0
423185,0.34702830548561836,-1.5622568093385214,1.1516975661860074,0
423189,0.3631418326085298,-1.5500038147554742,1.1616006713969633,0
423192,0.36532387273975736,-1.5592355230029755,1.1673075455863278,0
423196,0.3612954909590295,-1.5508430609597925,1.1704966811627375,0
423200,0.3701915007248035,-1.532715342946517,1.1654612039368275,0
423204,0.3639810788128481,-1.5364080262455175,1.1545510032806896,0
423208,0.366498817425803,-1.5359044785229266,1.13759822995346,0
423212,0.36532387273975736,-1.5511787594415198,1.1433051041428244,0
423216,0.3747234302281224,-1.5285191119249255,1.141962310215915,0
423220,0.37321278706034944,-1.5102235446707866,1.1463263904783703,0
423224,0.37908751049057754,-1.5103913939116502,1.1485084306095978,0
423228,0.3651560234988937,-1.5019989318684672,1.1580758373388265,0
423232,0.37237354085603114,-1.506530861371786,1.169153887235828,0
423235,0.3688487067978942,-1.51542687113756,1.1748607614251927,0
423239,0.3688487067978942,-1.5261692225528343,1.1641184100099182,0
423243,0.35508506904707404,-1.5531929503318838,1.1663004501411458,0
423247,0.35458152132448306,-1.5753490501258869,1.167139696345464,0
423251,0.3549172198062104,-1.5746776531624322,1.1654612039368275,0
423255,0.3564278629739834,-1.5651102464332036,1.1669718471046004,0
423259,0.3549172198062104,-1.569810025177386,1.1666361486228731,0
423263,0.3505531395437552,-1.582734416723888,1.1631113145647363,0
423267,0.3507209887846189,-1.586594949263752,1.1488441290913252,0
423271,0.3547493705653467,-1.5887769893949797,1.1589150835431448,0
423275,0.36028839551384756,-1.5766918440527962,1.1451514457923246,0
423278,0.3629739833676661,-1.556549935149157,1.1483405813687342,0
423282,0.3609597924773022,-1.5449683375295642,1.138101777676051,0
423286,0.36112764171816586,-1.5404364080262454,1.1480048828870069,0
423290,0.3527351796749828,-1.5508430609597925,1.1468299382009612,0
423294,0.3579385061417563,-1.5486610208285647,1.1594186312657357,0
423298,0.3706950484473945,-1.5468146791790645,1.1668039978637368,0
423302,0.3460212100404364,-1.5699778744182498,1.160257877470054,0
423306,0.36112764171816586,-1.554535744258793,1.1510261692225527,0
423310,0.3656595712214847,-1.5533607995727474,1.1471656366826886,0
423314,0.37035934996566716,-1.522812237735561,1.1516975661860074,0
423317,0.3681773098344396,-1.5318760967421987,1.1629434653238726,0
423321,0.38278019378957806,-1.5206301976043335,1.1558937972075989,0
423325,0.36448462653543906,-1.5199588006408788,1.1493476768139161,0
423329,0.36448462653543906,-1.516433966582742,1.1510261692225527,0
423333,0.3705271992065308,-1.4978027008468757,1.1488441290913252,0
423337,0.3762340733958953,-1.5167696650644693,1.1562294956893262,0
423341,0.3767376211184863,-1.5199588006408788,1.146997787441825,0
423345,0.36700236514839396,-1.5249942778667887,1.1595864805065994,0
423349,0.3710307469291218,-1.525833524071107,1.1411230640115968,0
423353,0.37237354085603114,-1.516433966582742,1.1790569924467842,0
423357,0.375394827191577,-1.5004882887006943,1.1441443503471427,0
423360,0.3681773098344396,-1.5201266498817425,1.168650339513237,0
423364,0.36750591287098494,-1.5241550316624703,1.1313878080415045,0
423368,0.3643167772945754,-1.516433966582742,1.1532082093537803,0
423372,0.37522697795071336,-1.5030060273136492,1.1431372549019607,0
423376,0.37405203326466774,-1.5046845197222858,1.1656290531776912,0
423380,0.37002365148393984,-1.5092164492256046,1.1401159685664148,0
423384,0.3621347371633478,-1.5270084687571526,1.1491798275730525,0
423388,0.3626382848859388,-1.5392614633401998,1.1407873655298695,0
423392,0.3523994811932555,-1.549668116273747,1.1570687418936445,0
423396,0.3601205462729839,-1.554032196536202,1.1374303807125963,0
423400,0.35827420462348364,-1.5468146791790645,1.1641184100099182,0
423403,0.3606240939955749,-1.5538643472953384,1.1265201800564584,0
423407,0.34702830548561836,-1.5689707789730678,1.1567330434119172,0
423411,0.37354848554207676,-1.5511787594415198,1.1132600900282292,0
423415,0.35340657663843744,-1.5573891813534753,1.1585793850614174,0
423419,0.35827420462348364,-1.5458075837338825,1.1320592050049592,0
423423,0.35542076752880136,-1.56494239719234,1.1951705195696956,0
423427,0.3638132295719844,-1.5364080262455175,1.1328984512092775,0
423431,0.36028839551384756,-1.5434576943617913,1.18207827878233,0
423435,0.37740901808194094,-1.5224765392538337,1.1352483405813687,0
423439,0.3737163347829404,-1.5201266498817425,1.1783855954833296,0
423442,0.38815136949721524,-1.5380865186541541,1.1206454566262303,0
423446,0.3513923857480735,-1.5557106889448387,1.168650339513237,0
423450,0.37438773174639506,-1.5209658960860608,1.109903105210956,0
423454,0.36616311894407566,-1.533722438391699,1.1723430228122378,0
423458,0.38076600289921414,-1.5093842984664683,1.1290379186694133,0
423462,0.36868085755703056,-1.5181124589913786,1.167643244068055,0
423466,0.3728770885786221,-1.5046845197222858,1.1236667429617762,0
423470,0.38412298771648734,-1.5053559166857404,1.167139696345464,0
423474,0.37858396276798656,-1.4867246509498742,1.1359197375448233,0
423478,0.3698558022430762,-1.4972991531242847,1.1740215152208744,0
423482,0.36918440527962154,-1.5058594644083314,1.1364232852674143,0
423485,0.3621347371633478,-1.526840619516289,1.1595864805065994,0
423489,0.3596169985503929,-1.5204623483634698,1.1223239490348669,0
423493,0.35810635538262,-1.5360723277637902,1.1480048828870069,0
423497,0.36247043564507514,-1.526337071793698,1.1646219577325092,0
423501,0.37119859616998546,-1.5310368505378804,1.1263523308155947,0
423505,0.3522316319523918,-1.5511787594415198,1.1634470130464636,0
423509,0.3507209887846189,-1.5669565880827039,1.1189669642175937,0
423513,0.34921034561684594,-1.5850843060959792,1.1797283894102388,0
423517,0.3540779736018921,-1.5612497138933394,1.1201419089036393,0
423521,0.3539101243610284,-1.5525215533684291,1.1923170824750133,0
423525,0.36364538033112076,-1.5333867399099717,1.0978179598687723,0
423528,0.3505531395437552,-1.5604104676890211,1.174189364461738,0
423532,0.38378728923476,-1.5214694438086518,1.1110780498970017,0
423536,0.36616311894407566,-1.5348973830777446,1.1812390325780118,0
423540,0.37321278706034944,-1.5103913939116502,1.1224917982757305,0
423544,0.37321278706034944,-1.5025024795910582,1.159250782024872,0
423548,0.3722056916151675,-1.5112306401159685,1.1369268329900053,0
423552,0.3688487067978942,-1.5152590218966964,1.1456549935149156,0
423556,0.3784161135271229,-1.498641947051194,1.1605935759517814,0
423560,0.3733806363012131,-1.5107270923933775,1.126184481574731,0
423564,0.37656977187762264,-1.5177767605096513,1.1792248416876479,0
423568,0.37690547035934996,-1.5231479362172884,1.112420843823911,0
423571,0.3755626764324407,-1.5036774242771038,1.1792248416876479,0
423575,0.3681773098344396,-1.5197909514000152,1.1162813763637751,0
423579,0.3604562447547112,-1.535736629282063,1.183085374227512,0
423583,0.3617990386816205,-1.5407721065079727,1.0968108644235903,0
423587,0.3547493705653467,-1.5652780956740673,1.1817425803006028,0
423591,0.3710307469291218,-1.5446326390478369,1.1107423514152743,0
423595,0.36330968184939344,-1.531204699778744,1.1857709620813306,0
423599,0.3728770885786221,-1.5181124589913786,1.120813305867094,0
423603,0.3720378423743038,-1.52734416723888,1.1679789425497824,0
423607,0.37086289768825814,-1.5333867399099717,1.1031891355764094,0
423610,0.3805981536583505,-1.5132448310063324,1.1382696269169146,0
423614,0.3780804150453956,-1.505523765926604,1.1221560997940032,0
423618,0.3831158922713054,-1.4951171129930572,1.1144350347142749,0
423622,0.3821087968261234,-1.5003204394598306,1.1414587624933241,0
423626,0.37354848554207676,-1.514419775692378,1.103356984817273,0
423630,0.3730449378194858,-1.5018310826276036,1.142969405661097,0
423634,0.3809338521400778,-1.492263675898375,1.1481727321278705,0
423638,0.39268329900053406,-1.5072022583352407,1.1558937972075989,0
423642,0.3646524757763027,-1.5177767605096513,1.1595864805065994,0
423646,0.35206378271152816,-1.5542000457770657,1.1495155260547798,0
423650,0.355588616769665,-1.5548714427405204,1.145487144274052,0
423653,0.35424582284275574,-1.5367437247272449,1.160257877470054,0
423657,0.3579385061417563,-1.5454718852521552,1.1537117570763713,0
423661,0.3656595712214847,-1.5515144579232472,1.1832532234683757,0
423665,0.36280613412680246,-1.5543678950179294,1.1797283894102388,0
423669,0.3639810788128481,-1.5419470511940183,1.1980239566643778,0
423673,0.37489127946898604,-1.5325474937056534,1.183085374227512,0
423677,0.3795910582131685,-1.5119020370794232,1.1793926909285115,0
423681,0.36868085755703056,-1.5150911726558327,1.1605935759517814,0
423685,0.3725413900968948,-1.5132448310063324,1.135584039063096,0
423689,0.3762340733958953,-1.5270084687571526,1.1280308232242313,0
423693,0.3787518120088502,-1.5236514839398794,1.1278629739833677,0
423696,0.3814373998626688,-1.5182803082322422,1.1255130846112764,0
423700,0.384794384679942,-1.4947814145113298,1.1087281605249104,0
423704,0.37992675669489584,-1.491760128175784,1.1065461203936826,0
423708,0.37237354085603114,-1.498641947051194,1.11879911497673,0
423712,0.3701915007248035,-1.4998168917372396,1.1102388036926834,0
423716,0.384290836957351,-1.4999847409781033,1.1547188525215533,0
423720,0.37908751049057754,-1.4947814145113298,1.168650339513237,0
423724,0.37573052567330434,-1.488235294117647,1.1970168612191958,0
423728,0.3606240939955749,-1.5176089112687876,1.192484931715877,0
423732,0.35777065690089266,-1.5305333028152894,1.2084306095979247,0
423735,0.35424582284275574,-1.518448157473106,1.1699931334401465,0
423739,0.3552529182879377,-1.5464789806973371,1.1532082093537803,0
423743,0.3502174410620279,-1.5568856336308843,1.158747234302281,0
423747,0.35424582284275574,-1.5402685587853817,1.1149385824368658,0
423751,0.35995269703212024,-1.5590676737621119,1.1842603189135577,0
423755,0.35777065690089266,-1.5528572518501564,1.1250095368886854,0
423759,0.365995269703212,-1.5557106889448387,1.1730144197756924,0
423763,0.34417486839093614,-1.5788738841840237,1.1075532158388648,0
423767,0.3638132295719844,-1.5511787594415198,1.1589150835431448,0
423771,0.35860990310521096,-1.5548714427405204,1.1401159685664148,0
423775,0.3690165560387579,-1.52230869001297,1.1416266117341878,0
423778,0.35827420462348364,-1.5338902876325626,1.1750286106660564,0
423782,0.36196688792248416,-1.5377508201724268,1.116784924086366,0
423786,0.3527351796749828,-1.556549935149157,1.1730144197756924,0
423790,0.36079194323643854,-1.5510109102006562,1.134576943617914,0
423794,0.3614633401998932,-1.5533607995727474,1.1663004501411458,0
423798,0.36834515907530324,-1.5360723277637902,1.1715037766079195,0
423802,0.36414892805371174,-1.543121995880064,1.1125886930647746,0
423806,0.35810635538262,-1.5468146791790645,1.1817425803006028,0
423810,0.3614633401998932,-1.5525215533684291,1.1186312657358664,0
423814,0.3730449378194858,-1.5196231021591515,1.1701609826810102,0
423818,0.3809338521400778,-1.4999847409781033,1.1572365911345082,0
423821,0.3750591287098497,-1.4937743190661479,1.1468299382009612,0
423825,0.37186999313344016,-1.50166323338674,1.1715037766079195,0
423829,0.37774471656366826,-1.514923323414969,1.1080567635614558,0
423833,0.3772411688410773,-1.5087129015030136,1.1770428015564203,0
423837,0.38613717860685126,-1.48471046005951,1.144983596551461,0
423841,0.36784161135271226,-1.5025024795910582,1.1293736171511406,0
423845,0.37119859616998546,-1.5130769817654688,1.1715037766079195,0
423849,0.3634775310902571,-1.525329976348516,1.1060425726710916,0
423857,0.3713664454108491,-1.5251621271076523,1.1493476768139161,0
423861,0.3730449378194858,-1.5171053635461966,1.1401159685664148,0
423864,0.3589456015869383,-1.5270084687571526,1.1748607614251927,0
423868,0.3747234302281224,-1.5147554741741054,1.0947966735332264,0
423872,0.3597848477912566,-1.523819333180743,1.18207827878233,0
423876,0.3617990386816205,-1.5160982681010147,1.1389410238803692,0
423880,0.3643167772945754,-1.5177767605096513,1.1337376974135958,0
423884,0.36414892805371174,-1.5271763179980162,1.1703288319218739,0
423888,0.3742198825055314,-1.5160982681010147,1.1041962310215914,0
423892,0.35827420462348364,-1.5254978255893796,1.1725108720531014,0
423896,0.3606240939955749,-1.535736629282063,1.1569008926527808,0
423900,0.3797589074540322,-1.5083772030212863,1.1387731746395056,0
423903,0.38194094758525976,-1.505523765926604,1.1704966811627375,0
423907,0.3676737621118486,-1.506530861371786,1.1107423514152743,0
423911,0.3767376211184863,-1.517944609750515,1.1963454642557412,0
423915,0.37942320897230486,-1.506530861371786,1.1557259479667352,0
423919,0.3812695506218051,-1.483199816891737,1.1421301594567788,0
423923,0.36498817425803004,-1.4915922789349203,1.1704966811627375,0
423927,0.37270923933775846,-1.5031738765545128,1.11191729610132,0
423931,0.36532387273975736,-1.531708247501335,1.1674753948271914,0
423935,0.376401922636759,-1.5244907301441977,1.1433051041428244,0
423939,0.3738841840238041,-1.5147554741741054,1.1278629739833677,0
423942,0.3696879530022125,-1.5137483787289234,1.1629434653238726,0
423946,0.3696879530022125,-1.5092164492256046,1.1453192950331883,0
423950,0.36784161135271226,-1.5119020370794232,1.1394445716029602,0
423954,0.36868085755703056,-1.5166018158236056,1.1631113145647363,0
423958,0.3671702143892576,-1.5251621271076523,1.1569008926527808,0
423962,0.3717021438925765,-1.517944609750515,1.1569008926527808,0
423966,0.3540779736018921,-1.5296940566109711,1.155390249485008,0
423970,0.3612954909590295,-1.5451361867704279,1.1545510032806896,0
423974,0.36532387273975736,-1.5542000457770657,1.1689860379949644,0
423978,0.3539101243610284,-1.5444647898069732,1.1555580987258716,0
423982,0.33091477836270694,-1.5061951628900587,1.159754329747463,0
423986,0.3587777523460746,-1.5293583581292438,1.143976501106279,0
423989,0.3597848477912566,-1.5239871824216067,1.1382696269169146,0
423993,0.37908751049057754,-1.509048599984741,1.1422980086976424,0
423997,0.38529793240253296,-1.4848783093003737,1.1428015564202334,0
424001,0.3978866254673075,-1.5033417257953765,1.1446478980697337,0
424005,0.375394827191577,-1.4964599069199664,1.1303807125963226,0
424009,0.37237354085603114,-1.5018310826276036,1.1409552147707331,0
424013,0.3738841840238041,-1.5009918364232853,1.1453192950331883,0
424017,0.3821087968261234,-1.500656137941558,1.1364232852674143,0
424021,0.37992675669489584,-1.4889066910811017,1.133569848172732,0
424025,0.3747234302281224,-1.4998168917372396,1.1416266117341878,0
424028,0.37270923933775846,-1.5058594644083314,1.1288700694285496,0
424032,0.38697642481116956,-1.5360723277637902,1.1246738384069581,0
424036,0.37690547035934996,-1.5271763179980162,1.1530403601129167,0
424040,0.37086289768825814,-1.5343938353551536,1.154886701762417,0
424044,0.3728770885786221,-1.5219729915312428,1.1864423590447852,0
424048,0.37942320897230486,-1.5113984893568322,1.1569008926527808,0
424052,0.3706950484473945,-1.5295262073701075,1.1730144197756924,0
424056,0.3651560234988937,-1.5053559166857404,1.1807354848554208,0
424060,0.39822232394903484,-1.5239871824216067,1.1367589837491416,0
424064,0.3685130083161669,-1.5246585793850613,1.1783855954833296,0
424068,0.37186999313344016,-1.5176089112687876,1.117288471808957,0
424071,0.34870679789425496,-1.541611352712291,1.1745250629434654,0
424075,0.37002365148393984,-1.5196231021591515,1.137094682230869,0
424079,0.37119859616998546,-1.5194552529182879,1.1399481193255512,0
424083,0.37002365148393984,-1.5177767605096513,1.160257877470054,0
424087,0.36498817425803004,-1.5068665598535134,1.1085603112840468,0
424091,0.37522697795071336,-1.4947814145113298,1.1800640878919662,0
424095,0.3685130083161669,-1.506530861371786,1.1480048828870069,0
424099,0.36616311894407566,-1.5281834134431982,1.1708323796444648,0
424103,0.3623025864042115,-1.5229800869764247,1.1463263904783703,0
424107,0.3552529182879377,-1.5468146791790645,1.0968108644235903,0
424111,0.3535744258793011,-1.5375829709315632,1.1317235065232318,0
424114,0.3705271992065308,-1.5166018158236056,1.1120851453421836,0
424118,0.36616311894407566,-1.5288548104066528,1.1567330434119172,0
424122,0.375898374914168,-1.500152590218967,1.1834210727092394,0
424126,0.3638132295719844,-1.5040131227588311,1.1493476768139161,0
424130,0.38496223392080564,-1.5021667811093309,1.1795605401693752,0
424134,0.3612954909590295,-1.5239871824216067,1.1226596475165942,0
424138,0.3663309681849393,-1.5261692225528343,1.1844281681544213,0
424142,0.3693522545204852,-1.5278477149614709,1.154383154039826,0
424146,0.3634775310902571,-1.5328831921873807,1.1171206225680934,0
424150,0.3663309681849393,-1.534729533836881,1.1493476768139161,0
424154,0.3710307469291218,-1.5323796444647897,1.1080567635614558,0
424157,0.3676737621118486,-1.5283512626840619,1.1515297169451437,0
424161,0.3671702143892576,-1.5328831921873807,1.1347447928587777,0
424165,0.36666666666666664,-1.543121995880064,1.1181277180132754,0
424169,0.3730449378194858,-1.517944609750515,1.150354772259098,0
424173,0.37858396276798656,-1.4998168917372396,1.117288471808957,0
424177,0.3742198825055314,-1.5013275349050126,1.178217746242466,0
424181,0.3916762035553521,-1.5058594644083314,1.1501869230182344,0
424185,0.3685130083161669,-1.5171053635461966,1.143472953383688,0
424189,0.36448462653543906,-1.5132448310063324,1.159250782024872,0
424193,0.37237354085603114,-1.5088807507438773,1.1278629739833677,0
424196,0.3706950484473945,-1.52734416723888,1.1668039978637368,0
424200,0.37824826428625924,-1.5192874036774242,1.152872510872053,0
424204,0.36079194323643854,-1.5402685587853817,1.134073395895323,0
424208,0.3606240939955749,-1.5531929503318838,1.1641184100099182,0
424212,0.36079194323643854,-1.5503395132372015,1.1401159685664148,0
424216,0.3597848477912566,-1.5315403982604714,1.1629434653238726,0
424220,0.365995269703212,-1.5379186694132905,1.1678110933089187,0
424224,0.3559243152513924,-1.5578927290760662,1.1657969024185548,0
424228,0.3656595712214847,-1.556549935149157,1.1535439078355076,0
424232,0.37186999313344016,-1.539093614099336,1.154383154039826,0
424236,0.3651560234988937,-1.5160982681010147,1.1663004501411458,0
424239,0.36616311894407566,-1.5345616845960173,1.1684824902723734,0
424243,0.36163118944075684,-1.5385900663767451,1.1463263904783703,0
424247,0.3646524757763027,-1.5305333028152894,1.1495155260547798,0
424251,0.3614633401998932,-1.5377508201724268,1.1493476768139161,0
424255,0.36784161135271226,-1.5226443884946974,1.153376058594644,0
424259,0.357099259937438,-1.5249942778667887,1.1510261692225527,0
424263,0.3639810788128481,-1.533218890669108,1.137094682230869,0
424267,0.357602807660029,-1.5432898451209276,1.1414587624933241,0
424271,0.36666666666666664,-1.5513466086823835,1.143976501106279,0
424275,0.3680094605935759,-1.5498359655146106,1.1486762798504615,0
424279,0.37321278706034944,-1.5201266498817425,1.1471656366826886,0
424282,0.3596169985503929,-1.5186160067139696,1.145990691996643,0
424286,0.35659571221484704,-1.5422827496757456,1.1468299382009612,0
424290,0.35743495841916534,-1.5595712214847028,1.1500190737773708,0
424294,0.37489127946898604,-1.5369115739681085,1.1693217364766917,0
424298,0.36750591287098494,-1.535736629282063,1.160257877470054,0
424302,0.3614633401998932,-1.5505073624780652,1.1567330434119172,0
424306,0.3656595712214847,-1.5513466086823835,1.1421301594567788,0
424310,0.36868085755703056,-1.540100709544518,1.133569848172732,0
424314,0.3690165560387579,-1.5211337453269245,1.1616006713969633,0
424318,0.3762340733958953,-1.5278477149614709,1.155390249485008,0
424321,0.36666666666666664,-1.5315403982604714,1.161768520637827,0
424325,0.3673380636301213,-1.5266727702754253,1.152872510872053,0
424329,0.3829480430304417,-1.5276798657206072,1.1516975661860074,0
424333,0.3646524757763027,-1.5209658960860608,1.1540474555580986,0
424337,0.3775768673228046,-1.5167696650644693,1.1535439078355076,0
424341,0.37824826428625924,-1.518448157473106,1.143976501106279,0
424345,0.3685130083161669,-1.52230869001297,1.1258487830930037,0
424349,0.3903334096284428,-1.5251621271076523,1.1433051041428244,0
424353,0.37186999313344016,-1.5132448310063324,1.146997787441825,0
424357,0.3696879530022125,-1.510055695429923,1.1516975661860074,0
424361,0.3821087968261234,-1.5125734340428778,1.1412909132524605,0
424364,0.3638132295719844,-1.5135805294880598,1.1372625314717326,0
424368,0.3626382848859388,-1.5301976043335621,1.1362554360265507,0
424372,0.3629739833676661,-1.5305333028152894,1.1392767223620965,0
424376,0.37086289768825814,-1.5360723277637902,1.1488441290913252,0
424380,0.3589456015869383,-1.5382543678950178,1.1545510032806896,0
424384,0.3530708781567101,-1.5399328603036544,1.1522011139085984,0
424388,0.36163118944075684,-1.5402685587853817,1.1552224002441442,0
424392,0.35860990310521096,-1.5498359655146106,1.1558937972075989,0
424396,0.3730449378194858,-1.5199588006408788,1.155390249485008,0
424400,0.365491721980621,-1.5495002670328832,1.1231631952391852,0
424404,0.3609597924773022,-1.542618448157473,1.1417944609750514,0
424407,0.3681773098344396,-1.5459754329747462,1.1431372549019607,0
424411,0.3639810788128481,-1.5434576943617913,1.1703288319218739,0
424415,0.3646524757763027,-1.526840619516289,1.1745250629434654,0
424419,0.3673380636301213,-1.5291905088883802,1.1867780575265126,0
424423,0.36364538033112076,-1.52230869001297,1.174692912184329,0
424427,0.35659571221484704,-1.5446326390478369,1.152872510872053,0
424431,0.3656595712214847,-1.5552071412222477,1.1520332646677347,0
424435,0.36532387273975736,-1.553528648813611,1.1614328221560997,0
424439,0.3680094605935759,-1.5523537041275655,1.1555580987258716,0
424443,0.35542076752880136,-1.565949492637522,1.1433051041428244,0
424447,0.35777065690089266,-1.5587319752803845,1.1323949034866865,0
424450,0.3480354009308003,-1.5724956130312047,1.134073395895323,0
424454,0.365995269703212,-1.5585641260395209,1.1510261692225527,0
424458,0.3693522545204852,-1.5424505989166093,1.1552224002441442,0
424462,0.365491721980621,-1.5573891813534753,1.1471656366826886,0
424466,0.3604562447547112,-1.5615854123750668,1.1527046616311893,0
424470,0.36163118944075684,-1.5442969405661096,1.1511940184634164,0
424474,0.3685130083161669,-1.5335545891508353,1.1636148622873272,0
424478,0.3787518120088502,-1.5276798657206072,1.1639505607690546,0
424482,0.357602807660029,-1.5384222171358815,1.1698252841992827,0
424486,0.3604562447547112,-1.5506752117189289,1.1550545510032806,0
424489,0.3668345159075303,-1.5520180056458381,1.1392767223620965,0
424493,0.36330968184939344,-1.5409399557488364,1.1604257267109177,0
424497,0.3680094605935759,-1.5419470511940183,1.1532082093537803,0
424501,0.35995269703212024,-1.5632639047837034,1.1522011139085984,0
424505,0.365995269703212,-1.554535744258793,1.1498512245365071,0
424509,0.36700236514839396,-1.543121995880064,1.173182269016556,0
424513,0.36834515907530324,-1.5283512626840619,1.153376058594644,0
424517,0.36364538033112076,-1.5197909514000152,1.162272068360418,0
424521,0.3656595712214847,-1.542114900434882,1.154383154039826,0
424525,0.3515602349889372,-1.5491645685511557,1.151865415426871,0
424529,0.3540779736018921,-1.5453040360112915,1.1488441290913252,0
424532,0.3579385061417563,-1.5464789806973371,1.1530403601129167,0
424536,0.3690165560387579,-1.5333867399099717,1.1570687418936445,0
424540,0.3596169985503929,-1.5275120164797436,1.1560616464484625,0
424544,0.3639810788128481,-1.5355687800411992,1.153376058594644,0
424548,0.36330968184939344,-1.540100709544518,1.150858319981689,0
424552,0.3651560234988937,-1.516937514305333,1.1417944609750514,0
424556,0.37824826428625924,-1.5122377355611505,1.1537117570763713,0
424560,0.3643167772945754,-1.5120698863202868,1.1527046616311893,0
424564,0.3612954909590295,-1.531204699778744,1.1443121995880063,0
424568,0.36280613412680246,-1.549668116273747,1.145487144274052,0
424572,0.37321278706034944,-1.5181124589913786,1.1463263904783703,0
424575,0.3706950484473945,-1.5343938353551536,1.1565651941710535,0
424579,0.3671702143892576,-1.5283512626840619,1.1703288319218739,0
424583,0.36448462653543906,-1.521805142290379,1.143472953383688,0
424587,0.3693522545204852,-1.5315403982604714,1.1525368123903257,0
424591,0.37573052567330434,-1.5019989318684672,1.1480048828870069,0
424595,0.3722056916151675,-1.5160982681010147,1.1632791638056,0
424599,0.3829480430304417,-1.5122377355611505,1.1647898069733729,0
424603,0.36750591287098494,-1.5234836346990157,1.1456549935149156,0
424607,0.3621347371633478,-1.5296940566109711,1.1498512245365071,0
424611,0.37354848554207676,-1.5276798657206072,1.1466620889600976,0
424614,0.3908369573510338,-1.5254978255893796,1.1579079880979628,0
424618,0.365995269703212,-1.5330510414282443,1.162272068360418,0
424622,0.37035934996566716,-1.5129091325246051,1.1481727321278705,0
424626,0.36750591287098494,-1.5236514839398794,1.1323949034866865,0
424630,0.3698558022430762,-1.514419775692378,1.1496833752956435,0
424634,0.37186999313344016,-1.5129091325246051,1.1476691844052795,0
424638,0.37405203326466774,-1.5097199969481956,1.1476691844052795,0
424642,0.37002365148393984,-1.5078736552986953,1.1406195162890058,0
424646,0.3671702143892576,-1.5207980468451971,1.1399481193255512,0
424650,0.37908751049057754,-1.5117341878385595,1.1401159685664148,0
424654,0.3772411688410773,-1.5056916151674677,1.1763714045929656,0
424657,0.3680094605935759,-1.5211337453269245,1.1584115358205538,0
424661,0.37186999313344016,-1.5135805294880598,1.1458228427557793,0
424665,0.38278019378957806,-1.5107270923933775,1.1397802700846875,0
424669,0.3522316319523918,-1.5350652323186083,1.1475013351644159,0
424673,0.3681773098344396,-1.5382543678950178,1.1456549935149156,0
424677,0.3706950484473945,-1.5427862973983366,1.1565651941710535,0
424681,0.3705271992065308,-1.5199588006408788,1.1463263904783703,0
424685,0.3597848477912566,-1.517441062027924,1.1463263904783703,0
424689,0.3720378423743038,-1.5209658960860608,1.1584115358205538,0
424693,0.3617990386816205,-1.5244907301441977,1.1557259479667352,0
424697,0.37086289768825814,-1.5328831921873807,1.1600900282291904,0
424700,0.3730449378194858,-1.506027313649195,1.154886701762417,0
424704,0.3562600137331197,-1.5270084687571526,1.1483405813687342,0
424708,0.35827420462348364,-1.526840619516289,1.1488441290913252,0
424712,0.35172808422980084,-1.5295262073701075,1.1478370336461432,0
424716,0.3673380636301213,-1.5293583581292438,1.1590829327840084,0
424720,0.3631418326085298,-1.525329976348516,1.1666361486228731,0
424724,0.357602807660029,-1.5365758754863812,1.1475013351644159,0
424728,0.35374227512016476,-1.5394293125810634,1.1471656366826886,0
424732,0.3651560234988937,-1.5132448310063324,1.1422980086976424,0
424736,0.3738841840238041,-1.5031738765545128,1.1552224002441442,0
424740,0.3705271992065308,-1.4957885099565118,1.153879606317235,0
424743,0.3597848477912566,-1.507034409094377,1.1498512245365071,0
424747,0.3656595712214847,-1.5254978255893796,1.1384374761577782,0
424751,0.3621347371633478,-1.531708247501335,1.155390249485008,0
424755,0.3706950484473945,-1.5355687800411992,1.1458228427557793,0
424759,0.3527351796749828,-1.548996719310292,1.1626077668421453,0
424763,0.3631418326085298,-1.5387579156176088,1.1456549935149156,0
424767,0.35860990310521096,-1.5525215533684291,1.1401159685664148,0
424771,0.36196688792248416,-1.5523537041275655,1.1409552147707331,0
424775,0.36784161135271226,-1.5293583581292438,1.1542153047989623,0
424779,0.38613717860685126,-1.497634851606012,1.1498512245365071,0
424782,0.3579385061417563,-1.5176089112687876,1.141962310215915,0
424786,0.36498817425803004,-1.5048523689631494,1.1476691844052795,0
424790,0.3762340733958953,-1.5249942778667887,1.1374303807125963,0
424794,0.3643167772945754,-1.5122377355611505,1.1330663004501411,0
424798,0.3814373998626688,-1.5226443884946974,1.159754329747463,0
424802,0.3617990386816205,-1.5283512626840619,1.1540474555580986,0
424806,0.3623025864042115,-1.525833524071107,1.1500190737773708,0
424810,0.3663309681849393,-1.5271763179980162,1.1506904707408254,0
424814,0.3680094605935759,-1.5359044785229266,1.1488441290913252,0
424818,0.3685130083161669,-1.5340581368734263,1.1498512245365071,0
424822,0.36834515907530324,-1.5293583581292438,1.1550545510032806,0
424825,0.35911345082780194,-1.532715342946517,1.1431372549019607,0
424829,0.3584420538643473,-1.532715342946517,1.1501869230182344,0
424833,0.36280613412680246,-1.5411078049897,1.1506904707408254,0
424837,0.3604562447547112,-1.5461432822156098,1.1550545510032806,0
424841,0.3646524757763027,-1.5290226596475165,1.1515297169451437,0
424845,0.3596169985503929,-1.5219729915312428,1.146997787441825,0
424849,0.36028839551384756,-1.5374151216906995,1.1493476768139161,0
424853,0.3693522545204852,-1.5333867399099717,1.15136186770428,0
424857,0.37858396276798656,-1.507537956816968,1.1562294956893262,0
424861,0.36918440527962154,-1.5107270923933775,1.153879606317235,0
424865,0.3728770885786221,-1.5137483787289234,1.142465857938506,0
424868,0.38764782177462426,-1.5276798657206072,1.1391088731212329,0
424872,0.37086289768825814,-1.5364080262455175,1.1540474555580986,0
424876,0.3728770885786221,-1.5229800869764247,1.1498512245365071,0
424880,0.3722056916151675,-1.525833524071107,1.1639505607690546,0
424884,0.36750591287098494,-1.5278477149614709,1.1481727321278705,0
424888,0.3713664454108491,-1.5276798657206072,1.1431372549019607,0
424892,0.37119859616998546,-1.517944609750515,1.1668039978637368,0
424896,0.3747234302281224,-1.5107270923933775,1.1542153047989623,0
424900,0.3738841840238041,-1.5078736552986953,1.1511940184634164,0
424904,0.36582742046234834,-1.52734416723888,1.1451514457923246,0
424907,0.3733806363012131,-1.5224765392538337,1.1471656366826886,0
424911,0.37270923933775846,-1.5172732127870603,1.1476691844052795,0
424915,0.37119859616998546,-1.5224765392538337,1.1614328221560997,0
424919,0.3663309681849393,-1.5186160067139696,1.1486762798504615,0
424923,0.36700236514839396,-1.5239871824216067,1.1532082093537803,0
424927,0.3706950484473945,-1.5417792019531547,1.1451514457923246,0
424931,0.3629739833676661,-1.531708247501335,1.1501869230182344,0
424935,0.3680094605935759,-1.5350652323186083,1.1471656366826886,0
424939,0.3745555809872587,-1.5132448310063324,1.1493476768139161,0
424943,0.3639810788128481,-1.5234836346990157,1.1506904707408254,0
424947,0.3676737621118486,-1.516433966582742,1.1397802700846875,0
424950,0.36448462653543906,-1.5129091325246051,1.1694895857175553,0
424954,0.3690165560387579,-1.5093842984664683,1.1520332646677347,0
424958,0.3755626764324407,-1.5021667811093309,1.1562294956893262,0
424962,0.3648203250171664,-1.5125734340428778,1.1480048828870069,0
424966,0.36112764171816586,-1.5216372930495154,1.1475013351644159,0
424970,0.3651560234988937,-1.5068665598535134,1.15136186770428,0
424974,0.37489127946898604,-1.5083772030212863,1.1473334859235522,0
424978,0.3696879530022125,-1.506530861371786,1.152872510872053,0
424982,0.3730449378194858,-1.4969634546425574,1.143976501106279,0
424986,0.37824826428625924,-1.5040131227588311,1.1389410238803692,0
424990,0.3685130083161669,-1.513916227969787,1.138605325398642,0
424993,0.36414892805371174,-1.5194552529182879,1.1334019989318684,0
424997,0.36918440527962154,-1.521805142290379,1.1463263904783703,0
425001,0.3626382848859388,-1.5365758754863812,1.1367589837491416,0
425005,0.3715342946517128,-1.5340581368734263,1.1496833752956435,0
425009,0.3601205462729839,-1.5552071412222477,1.1515297169451437,0
425013,0.3638132295719844,-1.5369115739681085,1.1426337071793697,0
425017,0.3696879530022125,-1.5191195544365605,1.1644541084916455,0
425021,0.36330968184939344,-1.526840619516289,1.1669718471046004,0
425025,0.3663309681849393,-1.531204699778744,1.1495155260547798,0
425029,0.36196688792248416,-1.5359044785229266,1.1567330434119172,0
425033,0.3638132295719844,-1.5241550316624703,1.1575722896162355,0
425036,0.3623025864042115,-1.5142519264515144,1.1704966811627375,0
425040,0.3663309681849393,-1.5202944991226062,1.1562294956893262,0
425044,0.3518959334706645,-1.5516823071641108,1.154886701762417,0
425048,0.3564278629739834,-1.5538643472953384,1.1476691844052795,0
425052,0.36532387273975736,-1.5615854123750668,1.1414587624933241,0
425056,0.3631418326085298,-1.5434576943617913,1.153879606317235,0
425060,0.37354848554207676,-1.5364080262455175,1.1446478980697337,0
425064,0.36666666666666664,-1.5453040360112915,1.1344090943770504,0
425068,0.357602807660029,-1.5498359655146106,1.1362554360265507,0
425072,0.357099259937438,-1.5411078049897,1.1409552147707331,0
425075,0.3681773098344396,-1.5414435034714273,1.1616006713969633,0
425079,0.3737163347829404,-1.5214694438086518,1.1211490043488213,0
425083,0.36834515907530324,-1.5254978255893796,1.1280308232242313,0
425087,0.3648203250171664,-1.5231479362172884,1.1152742809185932,0
425091,0.37522697795071336,-1.5040131227588311,1.1102388036926834,0
425095,0.3821087968261234,-1.5035095750362402,1.1369268329900053,0
425099,0.36952010376134886,-1.5102235446707866,1.1750286106660564,0
425103,0.3854657816433966,-1.4951171129930572,1.1822461280231937,0
425107,0.3755626764324407,-1.4889066910811017,1.1689860379949644,0
425111,0.37119859616998546,-1.5058594644083314,1.160761425192645,0
425115,0.38529793240253296,-1.4878995956359198,1.1590829327840084,0
425118,0.38076600289921414,-1.4873960479133288,1.1537117570763713,0
425122,0.3693522545204852,-1.5078736552986953,1.1562294956893262,0
425126,0.3693522545204852,-1.517441062027924,1.126184481574731,0
425130,0.36666666666666664,-1.5343938353551536,1.1224917982757305,0
425134,0.36414892805371174,-1.533218890669108,1.142969405661097,0
425138,0.3656595712214847,-1.5374151216906995,1.143976501106279,0
425142,0.3693522545204852,-1.534729533836881,1.1328984512092775,0
425146,0.365491721980621,-1.5547035934996567,1.1382696269169146,0
425150,0.3705271992065308,-1.5224765392538337,1.1431372549019607,0
425154,0.3725413900968948,-1.5152590218966964,1.1527046616311893,0
425158,0.375394827191577,-1.5014953841458762,1.1649576562142365,0
425161,0.3634775310902571,-1.5201266498817425,1.1577401388570991,0
425165,0.37405203326466774,-1.5172732127870603,1.1527046616311893,0
425169,0.3738841840238041,-1.5038452735179675,1.1085603112840468,0
425173,0.3639810788128481,-1.5201266498817425,1.1563973449301899,0
425177,0.3767376211184863,-1.521805142290379,1.1580758373388265,0
425181,0.36666666666666664,-1.5348973830777446,1.1575722896162355,0
425185,0.35911345082780194,-1.5385900663767451,1.1527046616311893,0
425189,0.3609597924773022,-1.5348973830777446,1.1718394750896468,0
425193,0.37086289768825814,-1.5392614633401998,1.1501869230182344,0
425197,0.36666666666666664,-1.5439612420843822,1.1488441290913252,0
425200,0.3701915007248035,-1.5270084687571526,1.1463263904783703,0
425204,0.3651560234988937,-1.5147554741741054,1.145487144274052,0
425208,0.36196688792248416,-1.5271763179980162,1.153376058594644,0
425212,0.3634775310902571,-1.5313725490196077,1.1438086518654154,0
425216,0.365491721980621,-1.5466468299382008,1.144983596551461,0
425220,0.36616311894407566,-1.5652780956740673,1.1575722896162355,0
425224,0.35810635538262,-1.5630960555428397,1.1397802700846875,0
425228,0.3547493705653467,-1.580720225833524,1.1500190737773708,0
425232,0.36079194323643854,-1.5652780956740673,1.1422980086976424,0
425236,0.366498817425803,-1.5466468299382008,1.152872510872053,0
425240,0.3673380636301213,-1.5350652323186083,1.152872510872053,0
425243,0.3643167772945754,-1.525329976348516,1.1510261692225527,0
425247,0.35340657663843744,-1.5456397344930188,1.1532082093537803,0
425251,0.3725413900968948,-1.525833524071107,1.1493476768139161,0
425255,0.37908751049057754,-1.5125734340428778,1.1540474555580986,0
425259,0.3750591287098497,-1.4964599069199664,1.1540474555580986,0
425263,0.3722056916151675,-1.5186160067139696,1.145990691996643,0
425267,0.37522697795071336,-1.5040131227588311,1.1436408026245517,0
425271,0.37321278706034944,-1.497131303883421,1.1428015564202334,0
425275,0.375394827191577,-1.4934386205844206,1.1501869230182344,0
425279,0.3787518120088502,-1.5077058060578317,1.174692912184329,0
425283,0.3725413900968948,-1.5072022583352407,1.1582436865796901,0
425286,0.36700236514839396,-1.5162661173418783,1.1540474555580986,0
425290,0.3696879530022125,-1.5102235446707866,1.1511940184634164,0
425294,0.376401922636759,-1.513916227969787,1.1584115358205538,0
425298,0.3874799725337606,-1.542618448157473,1.1646219577325092,0
425302,0.3663309681849393,-1.5385900663767451,1.1522011139085984,0
425306,0.3663309681849393,-1.5340581368734263,1.1481727321278705,0
425310,0.3596169985503929,-1.5206301976043335,1.1498512245365071,0
425314,0.36750591287098494,-1.5213015945677881,1.152872510872053,0
425318,0.3701915007248035,-1.5140840772106507,1.1595864805065994,0
425322,0.36834515907530324,-1.521805142290379,1.1473334859235522,0
425326,0.36700236514839396,-1.5229800869764247,1.145487144274052,0
425329,0.37573052567330434,-1.499145494773785,1.1438086518654154,0
425333,0.37119859616998546,-1.5115663385976958,1.1431372549019607,0
425337,0.3720378423743038,-1.524322880903334,1.1540474555580986,0
425341,0.3696879530022125,-1.516433966582742,1.136591134508278,0
425345,0.3685130083161669,-1.52230869001297,1.1443121995880063,0
425349,0.3473640039673457,-1.5568856336308843,1.1600900282291904,0
425353,0.38412298771648734,-1.5278477149614709,1.1490119783321888,0
425357,0.36868085755703056,-1.5266727702754253,1.1585793850614174,0
425361,0.3755626764324407,-1.5025024795910582,1.1550545510032806,0
425365,0.3606240939955749,-1.5293583581292438,1.1433051041428244,0
425368,0.3780804150453956,-1.5202944991226062,1.158747234302281,0
425372,0.3604562447547112,-1.5295262073701075,1.1511940184634164,0
425376,0.3690165560387579,-1.5102235446707866,1.1565651941710535,0
425380,0.3638132295719844,-1.5132448310063324,1.1421301594567788,0
425384,0.3549172198062104,-1.542114900434882,1.1491798275730525,0
425388,0.3518959334706645,-1.5642710002288853,1.1629434653238726,0
425392,0.3668345159075303,-1.5548714427405204,1.1605935759517814,0
425396,0.36700236514839396,-1.5446326390478369,1.1694895857175553,0
425400,0.36918440527962154,-1.525329976348516,1.1656290531776912,0
425404,0.3606240939955749,-1.5417792019531547,1.152872510872053,0
425408,0.3612954909590295,-1.549668116273747,1.1542153047989623,0
425411,0.39604028381780726,-1.5211337453269245,1.146997787441825,0
425415,0.3722056916151675,-1.5226443884946974,1.1374303807125963,0
425419,0.3676737621118486,-1.5157625696192873,1.1545510032806896,0
425423,0.3597848477912566,-1.517441062027924,1.1463263904783703,0
425427,0.384290836957351,-1.515930418860151,1.1466620889600976,0
425431,0.36750591287098494,-1.5204623483634698,1.1532082093537803,0
425435,0.37405203326466774,-1.5157625696192873,1.1422980086976424,0
425439,0.3507209887846189,-1.5466468299382008,1.159250782024872,0
425443,0.35458152132448306,-1.5726634622720683,1.1394445716029602,0
425447,0.36750591287098494,-1.5547035934996567,1.1307164110780499,0
425451,0.3685130083161669,-1.5407721065079727,1.1422980086976424,0
425454,0.3648203250171664,-1.5354009308003356,1.1537117570763713,0
425458,0.38160524910353244,-1.5199588006408788,1.1458228427557793,0
425462,0.3797589074540322,-1.5077058060578317,1.1392767223620965,0
425466,0.35911345082780194,-1.5213015945677881,1.145487144274052,0
425470,0.3688487067978942,-1.524826428625925,1.1438086518654154,0
425474,0.3597848477912566,-1.5189517051956969,1.1422980086976424,0
425478,0.375394827191577,-1.5046845197222858,1.1542153047989623,0
425482,0.35860990310521096,-1.530701152056153,1.1567330434119172,0
425486,0.3621347371633478,-1.5380865186541541,1.1552224002441442,0
425490,0.355588616769665,-1.5523537041275655,1.1438086518654154,0
425493,0.3656595712214847,-1.5449683375295642,1.1510261692225527,0
425497,0.37690547035934996,-1.5199588006408788,1.1651255054551002,0
425501,0.3673380636301213,-1.525329976348516,1.150858319981689,0
425505,0.35810635538262,-1.5419470511940183,1.1268558785381857,0
425509,0.36666666666666664,-1.5503395132372015,1.1367589837491416,0
425513,0.3547493705653467,-1.5661173418783856,1.1725108720531014,0
425517,0.3673380636301213,-1.5454718852521552,1.1580758373388265,0
425521,0.37186999313344016,-1.5288548104066528,1.1458228427557793,0
425525,0.3795910582131685,-1.521805142290379,1.1506904707408254,0
425529,0.3643167772945754,-1.5189517051956969,1.14448004882887,0
425533,0.3733806363012131,-1.51542687113756,1.1491798275730525,0
425536,0.3730449378194858,-1.4998168917372396,1.1683146410315097,0
425540,0.3750591287098497,-1.4858854047455556,1.160257877470054,0
425544,0.37405203326466774,-1.4988097962920577,1.1471656366826886,0
425548,0.38412298771648734,-1.49662775616083,1.1417944609750514,0
425552,0.37035934996566716,-1.4929350728618296,1.1616006713969633,0
425556,0.357099259937438,-1.5122377355611505,1.1520332646677347,0
425560,0.36498817425803004,-1.5009918364232853,1.1488441290913252,0
425564,0.37002365148393984,-1.5098878461890592,1.1535439078355076,0
425568,0.36112764171816586,-1.5231479362172884,1.1520332646677347,0
425572,0.3742198825055314,-1.5177767605096513,1.1496833752956435,0
425576,0.37908751049057754,-1.505020218204013,1.1574044403753718,0
425579,0.37321278706034944,-1.4994811932555123,1.1569008926527808,0
425583,0.3821087968261234,-1.5061951628900587,1.1498512245365071,0
425587,0.37606622415503166,-1.5171053635461966,1.143472953383688,0
425591,0.3696879530022125,-1.5068665598535134,1.162775616083009,0
425595,0.3775768673228046,-1.5122377355611505,1.1547188525215533,0
425599,0.3772411688410773,-1.5014953841458762,1.1585793850614174,0
425603,0.37573052567330434,-1.485717555504692,1.1412909132524605,0
425607,0.3720378423743038,-1.509048599984741,1.154383154039826,0
425611,0.3733806363012131,-1.5122377355611505,1.1397802700846875,0
425615,0.3720378423743038,-1.5176089112687876,1.1364232852674143,0
425619,0.3812695506218051,-1.4915922789349203,1.1461585412375066,0
425622,0.36616311894407566,-1.51542687113756,1.1409552147707331,0
425626,0.3705271992065308,-1.5036774242771038,1.142465857938506,0
425630,0.3698558022430762,-1.505020218204013,1.1441443503471427,0
425634,0.37405203326466774,-1.5058594644083314,1.1456549935149156,0
425638,0.3883192187380789,-1.5244907301441977,1.1471656366826886,0
425642,0.36952010376134886,-1.5290226596475165,1.1426337071793697,0
425646,0.3663309681849393,-1.533722438391699,1.1399481193255512,0
425650,0.37186999313344016,-1.5236514839398794,1.1458228427557793,0
425654,0.3680094605935759,-1.535233081559472,1.1527046616311893,0
425658,0.37438773174639506,-1.5112306401159685,1.1605935759517814,0
425661,0.3572671091783017,-1.541611352712291,1.15136186770428,0
425665,0.3614633401998932,-1.55302510109102,1.1422980086976424,0
425669,0.3562600137331197,-1.5538643472953384,1.146494239719234,0
425673,0.3685130083161669,-1.540100709544518,1.1530403601129167,0
425677,0.375898374914168,-1.5066987106126497,1.1569008926527808,0
425681,0.3579385061417563,-1.5288548104066528,1.151865415426871,0
425685,0.36616311894407566,-1.539597161821927,1.1560616464484625,0
425689,0.3609597924773022,-1.5394293125810634,1.1433051041428244,0
425693,0.36918440527962154,-1.5226443884946974,1.14448004882887,0
425697,0.3681773098344396,-1.5293583581292438,1.1530403601129167,0
425701,0.36448462653543906,-1.5226443884946974,1.1451514457923246,0
425704,0.3589456015869383,-1.5221408407721064,1.1431372549019607,0
425708,0.37002365148393984,-1.5216372930495154,1.143472953383688,0
425712,0.37119859616998546,-1.5182803082322422,1.1488441290913252,0
425716,0.36834515907530324,-1.5177767605096513,1.1542153047989623,0
425720,0.36952010376134886,-1.5189517051956969,1.1488441290913252,0
425724,0.3797589074540322,-1.5132448310063324,1.1416266117341878,0
425728,0.3626382848859388,-1.5301976043335621,1.1305485618371862,0
425732,0.3648203250171664,-1.5216372930495154,1.152872510872053,0
425736,0.36834515907530324,-1.524322880903334,1.1540474555580986,0
425740,0.3621347371633478,-1.523315785458152,1.1569008926527808,0
425744,0.36582742046234834,-1.5343938353551536,1.1488441290913252,0
425747,0.36330968184939344,-1.5369115739681085,1.1453192950331883,0
425751,0.36280613412680246,-1.5439612420843822,1.155390249485008,0
425755,0.3656595712214847,-1.5407721065079727,1.1532082093537803,0
425759,0.37438773174639506,-1.5115663385976958,1.1532082093537803,0
425763,0.36750591287098494,-1.5251621271076523,1.1496833752956435,0
425767,0.3804303044174868,-1.5045166704814221,1.1229953459983215,0
425771,0.3626382848859388,-1.5216372930495154,1.15136186770428,0
425775,0.3725413900968948,-1.5130769817654688,1.1547188525215533,0
425779,0.36750591287098494,-1.5216372930495154,1.1575722896162355,0
425783,0.3728770885786221,-1.5172732127870603,1.1710002288853285,0
425786,0.37119859616998546,-1.524826428625925,1.1330663004501411,0
425790,0.37992675669489584,-1.5120698863202868,1.1441443503471427,0
425794,0.3738841840238041,-1.5083772030212863,1.145990691996643,0
425798,0.3750591287098497,-1.4969634546425574,1.159250782024872,0
425802,0.37321278706034944,-1.4947814145113298,1.1473334859235522,0
425806,0.3728770885786221,-1.508041504539559,1.1481727321278705,0
425810,0.36666666666666664,-1.5191195544365605,1.152872510872053,0
425814,0.36750591287098494,-1.5244907301441977,1.1488441290913252,0
425818,0.3676737621118486,-1.5157625696192873,1.1562294956893262,0
425822,0.3688487067978942,-1.5234836346990157,1.1510261692225527,0
425826,0.3604562447547112,-1.5404364080262454,1.1448157473105973,0
425829,0.36616311894407566,-1.5439612420843822,1.146494239719234,0
425833,0.3779125658045319,-1.5236514839398794,1.1520332646677347,0
425837,0.37321278706034944,-1.500656137941558,1.1547188525215533,0
425841,0.3518959334706645,-1.5300297550926985,1.1527046616311893,0
425845,0.3668345159075303,-1.542114900434882,1.1488441290913252,0
425849,0.3693522545204852,-1.533218890669108,1.138605325398642,0
425853,0.38361943999389636,-1.5155947203784237,1.1475013351644159,0
425857,0.37354848554207676,-1.521805142290379,1.1238345922026398,0
425861,0.37438773174639506,-1.507537956816968,1.1495155260547798,0
425865,0.3690165560387579,-1.5103913939116502,1.1433051041428244,0
425869,0.3612954909590295,-1.533218890669108,1.1422980086976424,0
425872,0.37354848554207676,-1.5239871824216067,1.146494239719234,0
425876,0.37606622415503166,-1.5281834134431982,1.1699931334401465,0
425880,0.36079194323643854,-1.5424505989166093,1.1389410238803692,0
425884,0.3685130083161669,-1.5369115739681085,1.1379339284351873,0
425888,0.36834515907530324,-1.533722438391699,1.1303807125963226,0
425892,0.37740901808194094,-1.5275120164797436,1.1308842603189135,0
425896,0.3925154497596704,-1.5370794232089722,1.1525368123903257,0
425900,0.3681773098344396,-1.541611352712291,1.1505226214999618,0
425904,0.36784161135271226,-1.5283512626840619,1.1399481193255512,0
425908,0.3629739833676661,-1.5293583581292438,1.143472953383688,0
425912,0.36952010376134886,-1.5305333028152894,1.1483405813687342,0
425915,0.3737163347829404,-1.5145876249332417,1.1570687418936445,0
425919,0.3780804150453956,-1.5119020370794232,1.167139696345464,0
425923,0.3787518120088502,-1.526337071793698,1.1555580987258716,0
425927,0.3720378423743038,-1.5260013733119706,1.1451514457923246,0
425931,0.39268329900053406,-1.5219729915312428,1.1594186312657357,0
425935,0.37186999313344016,-1.5107270923933775,1.150354772259098,0
425939,0.37086289768825814,-1.5278477149614709,1.1582436865796901,0
425943,0.37354848554207676,-1.5286869611657892,1.1493476768139161,0
425947,0.36784161135271226,-1.5219729915312428,1.145487144274052,0
425951,0.3780804150453956,-1.5140840772106507,1.1453192950331883,0
425954,0.3750591287098497,-1.500656137941558,1.1475013351644159,0
425958,0.37522697795071336,-1.5082093537804226,1.1565651941710535,0
425962,0.3722056916151675,-1.5155947203784237,1.143472953383688,0
425966,0.3639810788128481,-1.524322880903334,1.1758678568703747,0
425970,0.365995269703212,-1.5364080262455175,1.1486762798504615,0
425974,0.35609216449225606,-1.5513466086823835,1.1307164110780499,0
425978,0.3601205462729839,-1.5600747692072938,1.1206454566262303,0
425982,0.3614633401998932,-1.5602426184481575,1.1169527733272298,0
425986,0.3710307469291218,-1.5380865186541541,1.1275272755016403,0
425990,0.384794384679942,-1.5107270923933775,1.159754329747463,0
425994,0.37740901808194094,-1.5166018158236056,1.1797283894102388,0
425997,0.36700236514839396,-1.5187838559548332,1.1708323796444648,0
426001,0.3772411688410773,-1.5108949416342412,1.1500190737773708,0
426005,0.36498817425803004,-1.505523765926604,1.1426337071793697,0
426009,0.3601205462729839,-1.5387579156176088,1.1369268329900053,0
426013,0.36784161135271226,-1.5224765392538337,1.1417944609750514,0
426017,0.37002365148393984,-1.5140840772106507,1.1496833752956435,0
426021,0.3770733196002136,-1.5077058060578317,1.1428015564202334,0
426025,0.3696879530022125,-1.5107270923933775,1.1337376974135958,0
426029,0.36414892805371174,-1.5192874036774242,1.1354161898222324,0
426033,0.37186999313344016,-1.5124055848020141,1.1486762798504615,0
426037,0.3737163347829404,-1.5025024795910582,1.1506904707408254,0
426040,0.376401922636759,-1.5125734340428778,1.1563973449301899,0
426044,0.3738841840238041,-1.5038452735179675,1.1590829327840084,0
426048,0.3728770885786221,-1.5078736552986953,1.1448157473105973,0
426052,0.37354848554207676,-1.510055695429923,1.161264972915236,0
426056,0.37573052567330434,-1.4895780880445564,1.1884565499351492,0
426060,0.3821087968261234,-1.4998168917372396,1.1585793850614174,0
426064,0.36666666666666664,-1.5224765392538337,1.1481727321278705,0
426068,0.3609597924773022,-1.5300297550926985,1.1352483405813687,0
426072,0.3656595712214847,-1.5379186694132905,1.1411230640115968,0
426076,0.3663309681849393,-1.5318760967421987,1.1495155260547798,0
426079,0.3821087968261234,-1.5201266498817425,1.1374303807125963,0
426083,0.3651560234988937,-1.5098878461890592,1.1409552147707331,0
426087,0.366498817425803,-1.5211337453269245,1.1352483405813687,0
426091,0.3601205462729839,-1.541611352712291,1.143472953383688,0
426095,0.37035934996566716,-1.5147554741741054,1.161264972915236,0
426099,0.37908751049057754,-1.506530861371786,1.1582436865796901,0
426103,0.37186999313344016,-1.5097199969481956,1.1498512245365071,0
426107,0.3717021438925765,-1.5120698863202868,1.1498512245365071,0
426111,0.36330968184939344,-1.5206301976043335,1.1530403601129167,0
426115,0.3701915007248035,-1.5187838559548332,1.1584115358205538,0
426119,0.3770733196002136,-1.509048599984741,1.1668039978637368,0
426122,0.37858396276798656,-1.5108949416342412,1.1441443503471427,0
426126,0.33628595407034406,-1.4885709925993744,1.154383154039826,0
426130,0.3720378423743038,-1.509048599984741,1.1446478980697337,0
426134,0.3701915007248035,-1.5068665598535134,1.150354772259098,0
426138,0.36616311894407566,-1.5270084687571526,1.1562294956893262,0
426142,0.36666666666666664,-1.5362401770046539,1.146997787441825,0
426146,0.3713664454108491,-1.5359044785229266,1.1577401388570991,0
426150,0.3621347371633478,-1.535233081559472,1.152368963149462,0
426154,0.3656595712214847,-1.5354009308003356,1.1522011139085984,0
426158,0.3693522545204852,-1.5286869611657892,1.1550545510032806,0
426162,0.3747234302281224,-1.518448157473106,1.150858319981689,0
426165,0.3733806363012131,-1.5239871824216067,1.1501869230182344,0
426169,0.37237354085603114,-1.5145876249332417,1.1491798275730525,0
426173,0.3864728770885786,-1.4776607919432363,1.1498512245365071,0
426177,0.3814373998626688,-1.4954528114747845,1.1641184100099182,0
426181,0.375394827191577,-1.4924315251392386,1.1480048828870069,0
426185,0.3701915007248035,-1.5053559166857404,1.1458228427557793,0
426189,0.37002365148393984,-1.5051880674448768,1.1500190737773708,0
426193,0.3738841840238041,-1.5041809719996948,1.1515297169451437,0
426197,0.3762340733958953,-1.5177767605096513,1.1585793850614174,0
426201,0.3690165560387579,-1.5187838559548332,1.145990691996643,0
426205,0.3668345159075303,-1.5360723277637902,1.1387731746395056,0
426208,0.3668345159075303,-1.539597161821927,1.1441443503471427,0
426212,0.366498817425803,-1.531708247501335,1.1520332646677347,0
426216,0.3535744258793011,-1.5360723277637902,1.1496833752956435,0
426220,0.3795910582131685,-1.5192874036774242,1.1486762798504615,0
426224,0.36750591287098494,-1.5254978255893796,1.1542153047989623,0
426228,0.366498817425803,-1.5303654535744258,1.152368963149462,0
426232,0.3730449378194858,-1.5113984893568322,1.1475013351644159,0
426236,0.39771877622644386,-1.5214694438086518,1.158747234302281,0
426240,0.3745555809872587,-1.500656137941558,1.1537117570763713,0
426244,0.36498817425803004,-1.4978027008468757,1.1496833752956435,0
426247,0.3755626764324407,-1.4979705500877394,1.1448157473105973,0
426251,0.3651560234988937,-1.4951171129930572,1.1552224002441442,0
426255,0.37606622415503166,-1.5125734340428778,1.154886701762417,0
426259,0.36868085755703056,-1.5155947203784237,1.15136186770428,0
426263,0.36582742046234834,-1.5340581368734263,1.1456549935149156,0
426267,0.3631418326085298,-1.5375829709315632,1.1409552147707331,0
426271,0.36163118944075684,-1.5330510414282443,1.142465857938506,0
426275,0.36079194323643854,-1.5432898451209276,1.1431372549019607,0
426279,0.3663309681849393,-1.5338902876325626,1.1515297169451437,0
426283,0.3693522545204852,-1.53422598611429,1.154383154039826,0
426287,0.3604562447547112,-1.5446326390478369,1.1567330434119172,0
426290,0.365995269703212,-1.5508430609597925,1.146494239719234,0
426294,0.39268329900053406,-1.5407721065079727,1.1642862592507819,0
426298,0.37035934996566716,-1.5157625696192873,1.1599221789883267,0
426302,0.3564278629739834,-1.5298619058518348,1.1407873655298695,0
426306,0.3535744258793011,-1.5320439459830624,1.142465857938506,0
426310,0.3656595712214847,-1.5389257648584724,1.1377660791943236,0
426314,0.36414892805371174,-1.5355687800411992,1.1414587624933241,0
426318,0.3609597924773022,-1.5354009308003356,1.151865415426871,0
426322,0.37119859616998546,-1.5310368505378804,1.146997787441825,0
426326,0.3871442740520332,-1.540604257267109,1.1422980086976424,0
426330,0.36448462653543906,-1.526337071793698,1.138101777676051,0
426333,0.37489127946898604,-1.515930418860151,1.1456549935149156,0
426337,0.3713664454108491,-1.5239871824216067,1.1540474555580986,0
426341,0.3706950484473945,-1.5343938353551536,1.1510261692225527,0
426345,0.37656977187762264,-1.5298619058518348,1.1522011139085984,0
426349,0.3597848477912566,-1.522812237735561,1.14448004882887,0
426353,0.3656595712214847,-1.530701152056153,1.1595864805065994,0
426357,0.3787518120088502,-1.523315785458152,1.1600900282291904,0
426361,0.3720378423743038,-1.5254978255893796,1.154886701762417,0
426365,0.3643167772945754,-1.5189517051956969,1.1488441290913252,0
426369,0.36868085755703056,-1.5224765392538337,1.1589150835431448,0
426372,0.3772411688410773,-1.515930418860151,1.151865415426871,0
426376,0.3693522545204852,-1.5172732127870603,1.1579079880979628,0
426380,0.37186999313344016,-1.516937514305333,1.1560616464484625,0
426384,0.3597848477912566,-1.5234836346990157,1.1473334859235522,0
426388,0.3587777523460746,-1.5370794232089722,1.1411230640115968,0
426392,0.36868085755703056,-1.5320439459830624,1.1402838178072785,0
426396,0.36952010376134886,-1.5276798657206072,1.1532082093537803,0
426400,0.3809338521400778,-1.5025024795910582,1.1485084306095978,0
426404,0.36616311894407566,-1.5236514839398794,1.1486762798504615,0
426408,0.365995269703212,-1.5374151216906995,1.1498512245365071,0
426412,0.36918440527962154,-1.5231479362172884,1.1471656366826886,0
426415,0.3899977111467155,-1.5162661173418783,1.1616006713969633,0
426419,0.3715342946517128,-1.524322880903334,1.1555580987258716,0
426423,0.36330968184939344,-1.525833524071107,1.1490119783321888,0
426427,0.3680094605935759,-1.5323796444647897,1.145990691996643,0
426431,0.3747234302281224,-1.5209658960860608,1.1369268329900053,0
426435,0.37606622415503166,-1.5276798657206072,1.1493476768139161,0
426439,0.36952010376134886,-1.524322880903334,1.154886701762417,0
426443,0.37237354085603114,-1.5189517051956969,1.152368963149462,0
426447,0.3821087968261234,-1.509552147707332,1.143976501106279,0
426451,0.3805981536583505,-1.492263675898375,1.1490119783321888,0
426455,0.3772411688410773,-1.4949492637521935,1.1574044403753718,0
426458,0.37740901808194094,-1.5066987106126497,1.1535439078355076,0
426462,0.3693522545204852,-1.5157625696192873,1.150858319981689,0
426466,0.3629739833676661,-1.5216372930495154,1.1431372549019607,0
426470,0.3717021438925765,-1.5209658960860608,1.1367589837491416,0
426474,0.3725413900968948,-1.5119020370794232,1.1451514457923246,0
426478,0.3742198825055314,-1.5120698863202868,1.154383154039826,0
426482,0.37438773174639506,-1.5018310826276036,1.1485084306095978,0
426486,0.3770733196002136,-1.5078736552986953,1.1433051041428244,0
426490,0.3631418326085298,-1.525329976348516,1.1401159685664148,0
426494,0.3725413900968948,-1.5132448310063324,1.1493476768139161,0
426498,0.3737163347829404,-1.5021667811093309,1.1552224002441442,0
426501,0.36700236514839396,-1.517944609750515,1.1473334859235522,0
426505,0.37186999313344016,-1.52230869001297,1.1412909132524605,0
426509,0.37119859616998546,-1.5260013733119706,1.150858319981689,0
426513,0.36112764171816586,-1.5278477149614709,1.1495155260547798,0
426517,0.3567635614557107,-1.5369115739681085,1.1436408026245517,0
426521,0.3750591287098497,-1.5162661173418783,1.1605935759517814,0
426525,0.3656595712214847,-1.5291905088883802,1.1478370336461432,0
426529,0.36112764171816586,-1.52734416723888,1.1485084306095978,0
426533,0.36918440527962154,-1.5181124589913786,1.1406195162890058,0
426537,0.3733806363012131,-1.5202944991226062,1.1515297169451437,0
426540,0.3715342946517128,-1.5254978255893796,1.1525368123903257,0
426544,0.3673380636301213,-1.5367437247272449,1.1438086518654154,0
426548,0.3592813000686656,-1.5301976043335621,1.1448157473105973,0
426552,0.375394827191577,-1.5130769817654688,1.150858319981689,0
426556,0.3742198825055314,-1.507034409094377,1.1540474555580986,0
426560,0.37186999313344016,-1.507537956816968,1.154886701762417,0
426564,0.3856336308842603,-1.4964599069199664,1.1421301594567788,0
426568,0.37405203326466774,-1.5031738765545128,1.1473334859235522,0
426572,0.3612954909590295,-1.523819333180743,1.1224917982757305,0
426576,0.384290836957351,-1.5098878461890592,1.152872510872053,0
426580,0.35911345082780194,-1.5204623483634698,1.1505226214999618,0
426583,0.3643167772945754,-1.5187838559548332,1.1441443503471427,0
426587,0.35038529030289156,-1.533218890669108,1.1436408026245517,0
426591,0.37270923933775846,-1.5256656748302433,1.1416266117341878,0
426595,0.3725413900968948,-1.5162661173418783,1.1584115358205538,0
426599,0.3738841840238041,-1.5117341878385595,1.154886701762417,0
426603,0.3688487067978942,-1.52230869001297,1.1530403601129167,0
426607,0.3589456015869383,-1.526337071793698,1.1392767223620965,0
426611,0.3651560234988937,-1.5117341878385595,1.1530403601129167,0
426615,0.37321278706034944,-1.4998168917372396,1.155390249485008,0
426619,0.37186999313344016,-1.5072022583352407,1.1567330434119172,0
426623,0.3651560234988937,-1.5033417257953765,1.1458228427557793,0
426626,0.36834515907530324,-1.5120698863202868,1.1206454566262303,0
426630,0.3696879530022125,-1.507034409094377,1.1364232852674143,0
426634,0.37405203326466774,-1.5048523689631494,1.1463263904783703,0
426638,0.36918440527962154,-1.5014953841458762,1.152368963149462,0
426642,0.36666666666666664,-1.5206301976043335,1.146494239719234,0
426646,0.365491721980621,-1.5439612420843822,1.1733501182574197,0
426650,0.376401922636759,-1.5359044785229266,1.142465857938506,0
426654,0.37321278706034944,-1.5115663385976958,1.162272068360418,0
426658,0.3742198825055314,-1.5082093537804226,1.1535439078355076,0
426662,0.37237354085603114,-1.5130769817654688,1.162272068360418,0
426665,0.36750591287098494,-1.5234836346990157,1.1496833752956435,0
426669,0.3663309681849393,-1.5283512626840619,1.154383154039826,0
426673,0.36868085755703056,-1.5266727702754253,1.1647898069733729,0
426677,0.37522697795071336,-1.5035095750362402,1.152368963149462,0
426681,0.37522697795071336,-1.4954528114747845,1.1510261692225527,0
426685,0.36364538033112076,-1.516433966582742,1.1458228427557793,0
426689,0.36834515907530324,-1.5214694438086518,1.1412909132524605,0
426693,0.3953688868543526,-1.5112306401159685,1.1510261692225527,0
426697,0.3701915007248035,-1.5092164492256046,1.150354772259098,0
426701,0.3737163347829404,-1.5066987106126497,1.1438086518654154,0
426705,0.37119859616998546,-1.51542687113756,1.143472953383688,0
426708,0.3705271992065308,-1.5003204394598306,1.1511940184634164,0
426712,0.3747234302281224,-1.5036774242771038,1.1542153047989623,0
426716,0.37824826428625924,-1.5013275349050126,1.1404516670481422,0
426720,0.37086289768825814,-1.5224765392538337,1.1540474555580986,0
426724,0.36028839551384756,-1.5397650110627907,1.1362554360265507,0
426728,0.365491721980621,-1.5543678950179294,1.1416266117341878,0
426732,0.3589456015869383,-1.5402685587853817,1.1493476768139161,0
426736,0.37270923933775846,-1.523819333180743,1.1785534447241932,0
426740,0.3688487067978942,-1.524826428625925,1.1483405813687342,0
426744,0.366498817425803,-1.5291905088883802,1.1458228427557793,0
426748,0.3518959334706645,-1.5533607995727474,1.1421301594567788,0
426751,0.3612954909590295,-1.5508430609597925,1.1488441290913252,0
426755,0.35944914930952926,-1.5397650110627907,1.1515297169451437,0
426759,0.3710307469291218,-1.533218890669108,1.1540474555580986,0
426763,0.357099259937438,-1.534729533836881,1.1451514457923246,0
426767,0.3539101243610284,-1.5481574731059737,1.1422980086976424,0
426771,0.35810635538262,-1.5510109102006562,1.1600900282291904,0
426775,0.36196688792248416,-1.5434576943617913,1.1525368123903257,0
426779,0.3639810788128481,-1.5377508201724268,1.1610971236743723,0
426783,0.36364538033112076,-1.5298619058518348,1.145487144274052,0
426787,0.36498817425803004,-1.5172732127870603,1.1422980086976424,0
426791,0.3680094605935759,-1.5293583581292438,1.1510261692225527,0
426794,0.3680094605935759,-1.5385900663767451,1.1599221789883267,0
426798,0.3656595712214847,-1.5411078049897,1.1485084306095978,0
426802,0.36834515907530324,-1.5377508201724268,1.1496833752956435,0
426806,0.3706950484473945,-1.5456397344930188,1.146997787441825,0
426810,0.3730449378194858,-1.5157625696192873,1.1555580987258716,0
426814,0.3737163347829404,-1.5098878461890592,1.1631113145647363,0
426818,0.3767376211184863,-1.5155947203784237,1.1480048828870069,0
426822,0.3733806363012131,-1.5221408407721064,1.1495155260547798,0
426826,0.3717021438925765,-1.5177767605096513,1.1585793850614174,0
426830,0.365995269703212,-1.5244907301441977,1.1505226214999618,0
426833,0.38026245517662316,-1.5097199969481956,1.151865415426871,0
426837,0.3883192187380789,-1.5251621271076523,1.1537117570763713,0
426841,0.3787518120088502,-1.5209658960860608,1.1506904707408254,0
426845,0.3787518120088502,-1.5221408407721064,1.13759822995346,0
426849,0.3775768673228046,-1.5171053635461966,1.1407873655298695,0
426853,0.3767376211184863,-1.5171053635461966,1.134576943617914,0
426857,0.3829480430304417,-1.5097199969481956,1.1525368123903257,0
426861,0.37270923933775846,-1.5142519264515144,1.1547188525215533,0
426865,0.36112764171816586,-1.5226443884946974,1.1481727321278705,0
426869,0.3705271992065308,-1.5061951628900587,1.1387731746395056,0
426873,0.3728770885786221,-1.5130769817654688,1.1433051041428244,0
426876,0.38899061570153354,-1.5202944991226062,1.146997787441825,0
426880,0.3713664454108491,-1.5241550316624703,1.134576943617914,0
426884,0.37740901808194094,-1.523819333180743,1.1347447928587777,0
426888,0.36666666666666664,-1.5367437247272449,1.130212863355459,0
426892,0.375898374914168,-1.508041504539559,1.137094682230869,0
426896,0.3497138933394369,-1.5446326390478369,1.1558937972075989,0
426900,0.3725413900968948,-1.525329976348516,1.1411230640115968,0
426904,0.36784161135271226,-1.5192874036774242,1.1466620889600976,0
426908,0.3742198825055314,-1.5182803082322422,1.1506904707408254,0
426912,0.37908751049057754,-1.5077058060578317,1.1563973449301899,0
426916,0.3722056916151675,-1.5189517051956969,1.1728465705348288,0
426919,0.37438773174639506,-1.5025024795910582,1.1530403601129167,0
426923,0.36247043564507514,-1.5083772030212863,1.158747234302281,0
426927,0.3696879530022125,-1.5058594644083314,1.1374303807125963,0
426931,0.3656595712214847,-1.5221408407721064,1.1626077668421453,0
426935,0.366498817425803,-1.521805142290379,1.1582436865796901,0
426939,0.3688487067978942,-1.5216372930495154,1.1522011139085984,0
426943,0.36616311894407566,-1.533218890669108,1.1558937972075989,0
426947,0.3638132295719844,-1.523819333180743,1.1478370336461432,0
426951,0.3643167772945754,-1.5166018158236056,1.1480048828870069,0
426955,0.36952010376134886,-1.5097199969481956,1.154886701762417,0
426958,0.3745555809872587,-1.4969634546425574,1.1644541084916455,0
426962,0.3713664454108491,-1.5040131227588311,1.1315556572823682,0
426966,0.35995269703212024,-1.5427862973983366,1.1184634164950027,0
426970,0.3651560234988937,-1.5204623483634698,1.1169527733272298,0
426974,0.37774471656366826,-1.5082093537804226,1.1305485618371862,0
426978,0.38160524910353244,-1.5129091325246051,1.160257877470054,0
426982,0.37740901808194094,-1.5172732127870603,1.1699931334401465,0
426986,0.3391393911650263,-1.4872281986724651,1.1701609826810102,0
426990,0.35374227512016476,-1.50854505226215,1.1558937972075989,0
426994,0.3518959334706645,-1.5367437247272449,1.1545510032806896,0
426998,0.37002365148393984,-1.523819333180743,1.1570687418936445,0
427001,0.36532387273975736,-1.5444647898069732,1.1584115358205538,0
427005,0.3747234302281224,-1.5221408407721064,1.141962310215915,0
427009,0.3638132295719844,-1.5196231021591515,1.1367589837491416,0
427013,0.36616311894407566,-1.5305333028152894,1.1315556572823682,0
427017,0.37270923933775846,-1.5207980468451971,1.1364232852674143,0
427021,0.3693522545204852,-1.525833524071107,1.1428015564202334,0
427025,0.3671702143892576,-1.5276798657206072,1.137094682230869,0
427029,0.366498817425803,-1.5266727702754253,1.127191577019913,0
427033,0.3638132295719844,-1.5162661173418783,1.150354772259098,0
427037,0.36918440527962154,-1.5113984893568322,1.1616006713969633,0
427041,0.3690165560387579,-1.5068665598535134,1.1678110933089187,0
427044,0.3693522545204852,-1.5176089112687876,1.1577401388570991,0
427048,0.3775768673228046,-1.522812237735561,1.1577401388570991,0
427052,0.3706950484473945,-1.5291905088883802,1.1632791638056,0
427056,0.3587777523460746,-1.5456397344930188,1.1562294956893262,0
427060,0.36196688792248416,-1.5397650110627907,1.177714198519875,0
427064,0.3604562447547112,-1.5542000457770657,1.1409552147707331,0
427068,0.3592813000686656,-1.5466468299382008,1.1352483405813687,0
427072,0.36196688792248416,-1.543121995880064,1.1493476768139161,0
427076,0.3497138933394369,-1.5610818646524758,1.1535439078355076,0
427080,0.36112764171816586,-1.5432898451209276,1.1468299382009612,0
427084,0.38496223392080564,-1.518448157473106,1.143976501106279,0
427087,0.35777065690089266,-1.5359044785229266,1.1453192950331883,0
427091,0.35860990310521096,-1.5427862973983366,1.1626077668421453,0
427095,0.38328374151216904,-1.5108949416342412,1.1463263904783703,0
427099,0.36700236514839396,-1.5176089112687876,1.1629434653238726,0
427103,0.3643167772945754,-1.5137483787289234,1.1511940184634164,0
427107,0.3579385061417563,-1.5328831921873807,1.1486762798504615,0
427111,0.36700236514839396,-1.5313725490196077,1.1527046616311893,0
427115,0.3673380636301213,-1.5313725490196077,1.1515297169451437,0
427119,0.3728770885786221,-1.5171053635461966,1.152872510872053,0
427123,0.3809338521400778,-1.5061951628900587,1.145487144274052,0
427126,0.36330968184939344,-1.5219729915312428,1.1391088731212329,0
427130,0.3621347371633478,-1.5278477149614709,1.1522011139085984,0
427134,0.3738841840238041,-1.5142519264515144,1.1550545510032806,0
427138,0.3742198825055314,-1.5119020370794232,1.1569008926527808,0
427142,0.36582742046234834,-1.5261692225528343,1.1431372549019607,0
427146,0.3648203250171664,-1.5266727702754253,1.1379339284351873,0
427150,0.36700236514839396,-1.5295262073701075,1.1448157473105973,0
427154,0.37522697795071336,-1.5221408407721064,1.1532082093537803,0
427158,0.3690165560387579,-1.5130769817654688,1.159250782024872,0
427162,0.37774471656366826,-1.5077058060578317,1.1532082093537803,0
427166,0.37186999313344016,-1.5092164492256046,1.1422980086976424,0
427169,0.365491721980621,-1.5276798657206072,1.1453192950331883,0
427173,0.37690547035934996,-1.5270084687571526,1.1491798275730525,0
427177,0.37321278706034944,-1.506027313649195,1.1634470130464636,0
427181,0.3717021438925765,-1.5083772030212863,1.1498512245365071,0
427185,0.36616311894407566,-1.5270084687571526,1.1374303807125963,0
427189,0.3617990386816205,-1.5350652323186083,1.1468299382009612,0
427193,0.36280613412680246,-1.5451361867704279,1.1532082093537803,0
427197,0.37522697795071336,-1.513412680247196,1.1550545510032806,0
427201,0.3715342946517128,-1.5251621271076523,1.1475013351644159,0
427205,0.37002365148393984,-1.5219729915312428,1.1443121995880063,0
427209,0.3626382848859388,-1.5387579156176088,1.1396124208438239,0
427212,0.3779125658045319,-1.5300297550926985,1.161264972915236,0
427216,0.3755626764324407,-1.5124055848020141,1.1515297169451437,0
427220,0.36666666666666664,-1.539093614099336,1.1495155260547798,0
427224,0.3710307469291218,-1.5348973830777446,1.1443121995880063,0
427228,0.3621347371633478,-1.5374151216906995,1.1362554360265507,0
427232,0.3688487067978942,-1.5320439459830624,1.144983596551461,0
427236,0.3747234302281224,-1.5182803082322422,1.1577401388570991,0
427240,0.37002365148393984,-1.5132448310063324,1.1522011139085984,0
427244,0.3715342946517128,-1.5254978255893796,1.1547188525215533,0
427248,0.37321278706034944,-1.516937514305333,1.150858319981689,0
427251,0.37002365148393984,-1.518448157473106,1.1745250629434654,0
427255,0.365491721980621,-1.5382543678950178,1.1582436865796901,0
427259,0.36448462653543906,-1.5254978255893796,1.1540474555580986,0
427263,0.35860990310521096,-1.540604257267109,1.1463263904783703,0
427267,0.3648203250171664,-1.5375829709315632,1.1334019989318684,0
427271,0.3559243152513924,-1.5590676737621119,1.135584039063096,0
427275,0.3621347371633478,-1.5516823071641108,1.155390249485008,0
427279,0.3698558022430762,-1.5286869611657892,1.1713359273670558,0
427283,0.3609597924773022,-1.5330510414282443,1.160257877470054,0
427287,0.3646524757763027,-1.5298619058518348,1.1446478980697337,0
427291,0.36112764171816586,-1.5315403982604714,1.1542153047989623,0
427294,0.365995269703212,-1.5379186694132905,1.155390249485008,0
427298,0.3567635614557107,-1.5454718852521552,1.151865415426871,0
427302,0.3634775310902571,-1.544129091325246,1.1409552147707331,0
427306,0.3673380636301213,-1.542114900434882,1.138605325398642,0
427310,0.36079194323643854,-1.5510109102006562,1.1412909132524605,0
427314,0.384290836957351,-1.5301976043335621,1.1171206225680934,0
427318,0.3755626764324407,-1.514419775692378,1.1471656366826886,0
427322,0.3626382848859388,-1.5377508201724268,1.1483405813687342,0
427326,0.35290302891584646,-1.540100709544518,1.1397802700846875,0
427330,0.36028839551384756,-1.5498359655146106,1.1530403601129167,0
427334,0.3623025864042115,-1.5301976043335621,1.167139696345464,0
427337,0.3589456015869383,-1.5305333028152894,1.1562294956893262,0
427341,0.3673380636301213,-1.5303654535744258,1.1575722896162355,0
427345,0.365491721980621,-1.5568856336308843,1.1473334859235522,0
427349,0.3621347371633478,-1.5444647898069732,1.1516975661860074,0
427353,0.36616311894407566,-1.543121995880064,1.1642862592507819,0
427357,0.3539101243610284,-1.5387579156176088,1.1567330434119172,0
427361,0.3621347371633478,-1.5372472724498358,1.1510261692225527,0
427365,0.35827420462348364,-1.5419470511940183,1.1471656366826886,0
427369,0.36616311894407566,-1.5459754329747462,1.1394445716029602,0
427373,0.37086289768825814,-1.5442969405661096,1.1569008926527808,0
427377,0.375394827191577,-1.517441062027924,1.1567330434119172,0
427380,0.3737163347829404,-1.514923323414969,1.1527046616311893,0
427384,0.36952010376134886,-1.5204623483634698,1.152368963149462,0
427388,0.36666666666666664,-1.53422598611429,1.1481727321278705,0
427392,0.3839551384756237,-1.5013275349050126,1.142465857938506,0
427396,0.3634775310902571,-1.5211337453269245,1.1522011139085984,0
427400,0.3705271992065308,-1.509048599984741,1.1547188525215533,0
427404,0.3623025864042115,-1.5124055848020141,1.1278629739833677,0
427408,0.35508506904707404,-1.5463111314564735,1.152872510872053,0
427412,0.36247043564507514,-1.5335545891508353,1.1563973449301899,0
427416,0.3663309681849393,-1.5315403982604714,1.143472953383688,0
427419,0.36196688792248416,-1.5345616845960173,1.1486762798504615,0
427423,0.35693141069657436,-1.5385900663767451,1.173685816739147,0
427427,0.35508506904707404,-1.5531929503318838,1.1471656366826886,0
427431,0.35860990310521096,-1.557557030594339,1.1510261692225527,0
427435,0.36834515907530324,-1.5380865186541541,1.1563973449301899,0
427439,0.36952010376134886,-1.5323796444647897,1.1589150835431448,0
427443,0.36616311894407566,-1.543121995880064,1.1501869230182344,0
427447,0.35860990310521096,-1.5533607995727474,1.1448157473105973,0
427451,0.3730449378194858,-1.5241550316624703,1.1493476768139161,0
427455,0.3787518120088502,-1.5192874036774242,1.161264972915236,0
427459,0.3738841840238041,-1.5119020370794232,1.15136186770428,0
427462,0.3722056916151675,-1.5246585793850613,1.1478370336461432,0
427466,0.36750591287098494,-1.5293583581292438,1.1406195162890058,0
427470,0.3772411688410773,-1.5122377355611505,1.1485084306095978,0
427474,0.38076600289921414,-1.4984740978103304,1.1476691844052795,0
427478,0.37489127946898604,-1.5026703288319219,1.1453192950331883,0
427482,0.3713664454108491,-1.5155947203784237,1.1409552147707331,0
427486,0.3668345159075303,-1.5315403982604714,1.1443121995880063,0
427490,0.3651560234988937,-1.5125734340428778,1.1303807125963226,0
427494,0.3663309681849393,-1.5216372930495154,1.1334019989318684,0
427498,0.3690165560387579,-1.5125734340428778,1.1402838178072785,0
427502,0.35810635538262,-1.5365758754863812,1.1396124208438239,0
427505,0.35659571221484704,-1.556046387426566,1.142465857938506,0
427509,0.3626382848859388,-1.5521858548867018,1.1511940184634164,0
427513,0.3646524757763027,-1.5325474937056534,1.177714198519875,0
427517,0.36700236514839396,-1.5310368505378804,1.1540474555580986,0
427521,0.35777065690089266,-1.543625543602655,1.1500190737773708,0
427525,0.3634775310902571,-1.548996719310292,1.1575722896162355,0
427529,0.3663309681849393,-1.5375829709315632,1.1473334859235522,0
427533,0.37774471656366826,-1.518448157473106,1.137094682230869,0
427537,0.3733806363012131,-1.5187838559548332,1.1493476768139161,0
427541,0.375394827191577,-1.513916227969787,1.1555580987258716,0
427544,0.3646524757763027,-1.517441062027924,1.1422980086976424,0
427548,0.36280613412680246,-1.5333867399099717,1.1397802700846875,0
427552,0.36616311894407566,-1.5402685587853817,1.1401159685664148,0
427556,0.3775768673228046,-1.5372472724498358,1.143472953383688,0
427560,0.3631418326085298,-1.5385900663767451,1.1475013351644159,0
427564,0.35827420462348364,-1.5397650110627907,1.145990691996643,0
427568,0.33964293888761726,-1.4939421683070115,1.142465857938506,0
427572,0.35458152132448306,-1.5437933928435186,1.1501869230182344,0
427576,0.35659571221484704,-1.5508430609597925,1.1788891432059205,0
427580,0.35609216449225606,-1.561417563134203,1.1480048828870069,0
427584,0.32050812542915996,-1.5265049210345616,1.1550545510032806,0
427587,0.3535744258793011,-1.5355687800411992,1.1422980086976424,0
427591,0.3532387273975738,-1.5461432822156098,1.1558937972075989,0
427595,0.3730449378194858,-1.5224765392538337,1.1516975661860074,0
427599,0.36028839551384756,-1.533218890669108,1.15136186770428,0
427603,0.3747234302281224,-1.5231479362172884,1.1604257267109177,0
427607,0.36163118944075684,-1.5280155642023345,1.1490119783321888,0
427611,0.39100480659189746,-1.5300297550926985,1.1572365911345082,0
427615,0.3668345159075303,-1.5404364080262454,1.146494239719234,0
427619,0.3717021438925765,-1.5254978255893796,1.144983596551461,0
427623,0.3643167772945754,-1.5207980468451971,1.1357518883039597,0
427627,0.3671702143892576,-1.52734416723888,1.138101777676051,0
427630,0.3604562447547112,-1.5389257648584724,1.1490119783321888,0
427634,0.36700236514839396,-1.5333867399099717,1.1506904707408254,0
427638,0.37270923933775846,-1.5231479362172884,1.1522011139085984,0
427642,0.3668345159075303,-1.5382543678950178,1.152368963149462,0
427646,0.3680094605935759,-1.5466468299382008,1.1399481193255512,0
427650,0.3621347371633478,-1.5411078049897,1.1412909132524605,0
427654,0.38076600289921414,-1.5129091325246051,1.1431372549019607,0
427658,0.36498817425803004,-1.5038452735179675,1.1520332646677347,0
427662,0.35609216449225606,-1.5370794232089722,1.1456549935149156,0
427666,0.3597848477912566,-1.5320439459830624,1.1441443503471427,0
427670,0.3592813000686656,-1.5375829709315632,1.1488441290913252,0
427673,0.34753185320820934,-1.5491645685511557,1.1495155260547798,0
427677,0.3676737621118486,-1.5296940566109711,1.1295414663920043,0
427681,0.3975509269855802,-1.5397650110627907,1.1374303807125963,0
427685,0.36868085755703056,-1.5411078049897,1.1194705119401847,0
427689,0.3717021438925765,-1.5229800869764247,1.1255130846112764,0
427693,0.39687953002212556,-1.5031738765545128,1.120813305867094,0
427697,0.38764782177462426,-1.5265049210345616,1.1374303807125963,0
427701,0.36952010376134886,-1.52734416723888,1.1263523308155947,0
427705,0.37119859616998546,-1.5360723277637902,1.1238345922026398,0
427709,0.3710307469291218,-1.5315403982604714,1.1234988937209125,0
427712,0.3698558022430762,-1.5162661173418783,1.1392767223620965,0
427716,0.3617990386816205,-1.5201266498817425,1.144983596551461,0
427720,0.365491721980621,-1.5488288700694284,1.1451514457923246,0
427724,0.35256733043411914,-1.5568856336308843,1.1421301594567788,0
427728,0.3710307469291218,-1.542114900434882,1.168650339513237,0
427732,0.36666666666666664,-1.5427862973983366,1.1600900282291904,0
427736,0.3680094605935759,-1.5486610208285647,1.1666361486228731,0
427740,0.3592813000686656,-1.5402685587853817,1.160257877470054,0
427744,0.3572671091783017,-1.5585641260395209,1.1657969024185548,0
427748,0.35290302891584646,-1.5518501564049745,1.1580758373388265,0
427752,0.35743495841916534,-1.5595712214847028,1.167139696345464,0
427755,0.3639810788128481,-1.5464789806973371,1.173685816739147,0
427759,0.3587777523460746,-1.5451361867704279,1.1664682993820095,0
427763,0.3592813000686656,-1.5456397344930188,1.174189364461738,0
427767,0.3596169985503929,-1.5219729915312428,1.1589150835431448,0
427771,0.3638132295719844,-1.5192874036774242,1.1527046616311893,0
427775,0.3868085755703059,-1.5468146791790645,1.138101777676051,0
427779,0.37002365148393984,-1.525329976348516,1.1589150835431448,0
427783,0.3846265354390783,-1.5003204394598306,1.150858319981689,0
427787,0.36280613412680246,-1.5239871824216067,1.1522011139085984,0
427791,0.3614633401998932,-1.5412756542305637,1.1480048828870069,0
427795,0.37237354085603114,-1.5246585793850613,1.1590829327840084,0
427798,0.3846265354390783,-1.5117341878385595,1.1515297169451437,0
427802,0.3706950484473945,-1.5370794232089722,1.1485084306095978,0
427806,0.35911345082780194,-1.5375829709315632,1.1382696269169146,0
427810,0.3626382848859388,-1.5468146791790645,1.1379339284351873,0
427814,0.365995269703212,-1.5439612420843822,1.1421301594567788,0
427818,0.3651560234988937,-1.5209658960860608,1.1510261692225527,0
427822,0.36532387273975736,-1.5458075837338825,1.1535439078355076,0
427826,0.3559243152513924,-1.563935301747158,1.1406195162890058,0
427830,0.3584420538643473,-1.5508430609597925,1.1491798275730525,0
427834,0.3698558022430762,-1.5303654535744258,1.150354772259098,0
427837,0.3690165560387579,-1.5181124589913786,1.1678110933089187,0
427841,0.3597848477912566,-1.5201266498817425,1.1540474555580986,0
427845,0.35777065690089266,-1.535736629282063,1.1488441290913252,0
427849,0.36414892805371174,-1.5380865186541541,1.14448004882887,0
427853,0.36582742046234834,-1.5377508201724268,1.1535439078355076,0
427857,0.37270923933775846,-1.5206301976043335,1.1557259479667352,0
427861,0.36834515907530324,-1.523819333180743,1.1575722896162355,0
427865,0.36112764171816586,-1.5338902876325626,1.1422980086976424,0
427869,0.36364538033112076,-1.524322880903334,1.152368963149462,0
427873,0.3780804150453956,-1.5199588006408788,1.1490119783321888,0
427877,0.3688487067978942,-1.5251621271076523,1.1689860379949644,0
427880,0.36918440527962154,-1.5135805294880598,1.1540474555580986,0
427884,0.3693522545204852,-1.5266727702754253,1.1481727321278705,0
427888,0.3592813000686656,-1.535736629282063,1.143976501106279,0
427892,0.3693522545204852,-1.5335545891508353,1.142465857938506,0
427896,0.3738841840238041,-1.5221408407721064,1.1446478980697337,0
427900,0.3597848477912566,-1.52230869001297,1.1505226214999618,0
427904,0.37489127946898604,-1.5191195544365605,1.146997787441825,0
427908,0.3617990386816205,-1.52734416723888,1.1496833752956435,0
427912,0.366498817425803,-1.5286869611657892,1.1456549935149156,0
427916,0.3680094605935759,-1.534729533836881,1.1500190737773708,0
427920,0.3639810788128481,-1.5362401770046539,1.1505226214999618,0
427923,0.38076600289921414,-1.5145876249332417,1.136591134508278,0
427927,0.36079194323643854,-1.5374151216906995,1.1461585412375066,0
427931,0.3705271992065308,-1.5129091325246051,1.1471656366826886,0
427935,0.365491721980621,-1.535233081559472,1.1530403601129167,0
427939,0.3717021438925765,-1.523819333180743,1.1560616464484625,0
427943,0.3767376211184863,-1.523819333180743,1.1476691844052795,0
427947,0.3648203250171664,-1.5211337453269245,1.1387731746395056,0
427951,0.3646524757763027,-1.5189517051956969,1.1506904707408254,0
427955,0.393690394445716,-1.526337071793698,1.1535439078355076,0
427959,0.3738841840238041,-1.5135805294880598,1.1542153047989623,0
427963,0.376401922636759,-1.5199588006408788,1.1723430228122378,0
427966,0.3680094605935759,-1.5340581368734263,1.1515297169451437,0
427970,0.3706950484473945,-1.5360723277637902,1.1689860379949644,0
427974,0.3772411688410773,-1.5196231021591515,1.1537117570763713,0
427978,0.37237354085603114,-1.5112306401159685,1.159754329747463,0
427982,0.3792553597314412,-1.513412680247196,1.1505226214999618,0
427986,0.36330968184939344,-1.5300297550926985,1.1495155260547798,0
427990,0.36616311894407566,-1.5372472724498358,1.1387731746395056,0
427994,0.3737163347829404,-1.5182803082322422,1.1352483405813687,0
427998,0.37606622415503166,-1.5323796444647897,1.1461585412375066,0
428002,0.3609597924773022,-1.5355687800411992,1.1471656366826886,0
428005,0.36868085755703056,-1.539093614099336,1.146494239719234,0
428009,0.3701915007248035,-1.532211795223926,1.151865415426871,0
428013,0.36666666666666664,-1.5407721065079727,1.1525368123903257,0
428017,0.37002365148393984,-1.5379186694132905,1.1411230640115968,0
428021,0.365491721980621,-1.5543678950179294,1.1070496681162738,0
428025,0.36868085755703056,-1.5437933928435186,1.1068818188754102,0
428029,0.3688487067978942,-1.5404364080262454,1.1428015564202334,0
428033,0.38110170138094146,-1.5053559166857404,1.186610208285649,0
428037,0.37321278706034944,-1.4910887312123293,1.1847638666361486,0
428041,0.36750591287098494,-1.5130769817654688,1.1657969024185548,0
428045,0.3532387273975738,-1.5399328603036544,1.1506904707408254,0
428048,0.35659571221484704,-1.5528572518501564,1.1352483405813687,0
428052,0.36330968184939344,-1.5464789806973371,1.1558937972075989,0
428056,0.376401922636759,-1.535736629282063,1.1629434653238726,0
428060,0.3728770885786221,-1.5303654535744258,1.1412909132524605,0
428064,0.36364538033112076,-1.5191195544365605,1.1352483405813687,0
428068,0.36834515907530324,-1.5280155642023345,1.1367589837491416,0
428072,0.3738841840238041,-1.5181124589913786,1.142465857938506,0
428076,0.3648203250171664,-1.507537956816968,1.1428015564202334,0
428080,0.3792553597314412,-1.5036774242771038,1.141962310215915,0
428084,0.3710307469291218,-1.5129091325246051,1.1342412451361867,0
428088,0.3671702143892576,-1.5160982681010147,1.1642862592507819,0
428091,0.3717021438925765,-1.5155947203784237,1.1629434653238726,0
428095,0.3597848477912566,-1.5105592431525139,1.160257877470054,0
428099,0.3680094605935759,-1.5234836346990157,1.1572365911345082,0
428103,0.36280613412680246,-1.5412756542305637,1.1793926909285115,0
428107,0.3609597924773022,-1.5419470511940183,1.1362554360265507,0
428111,0.35995269703212024,-1.55806057831693,1.1394445716029602,0
428115,0.3713664454108491,-1.5495002670328832,1.1406195162890058,0
428119,0.3562600137331197,-1.5528572518501564,1.145487144274052,0
428123,0.3579385061417563,-1.5553749904631113,1.1359197375448233,0
428127,0.35256733043411914,-1.5604104676890211,1.1416266117341878,0
428130,0.35424582284275574,-1.5442969405661096,1.1448157473105973,0
428134,0.3738841840238041,-1.5308690012970168,1.162272068360418,0
428138,0.35911345082780194,-1.5330510414282443,1.1589150835431448,0
428142,0.35693141069657436,-1.5380865186541541,1.169657434958419,0
428146,0.3559243152513924,-1.5595712214847028,1.151865415426871,0
428150,0.35693141069657436,-1.5468146791790645,1.1550545510032806,0
428154,0.3606240939955749,-1.5516823071641108,1.1584115358205538,0
428158,0.3728770885786221,-1.5265049210345616,1.1584115358205538,0
428162,0.3680094605935759,-1.5374151216906995,1.1570687418936445,0
428166,0.357099259937438,-1.5379186694132905,1.1522011139085984,0
428170,0.36028839551384756,-1.5449683375295642,1.1562294956893262,0
428173,0.3728770885786221,-1.5293583581292438,1.153879606317235,0
428177,0.3767376211184863,-1.5286869611657892,1.1572365911345082,0
428181,0.36868085755703056,-1.5293583581292438,1.150858319981689,0
428185,0.3656595712214847,-1.532211795223926,1.1466620889600976,0
428189,0.3609597924773022,-1.530701152056153,1.1441443503471427,0
428193,0.3762340733958953,-1.5348973830777446,1.1713359273670558,0
428197,0.3864728770885786,-1.4920958266575113,1.150858319981689,0
428201,0.37186999313344016,-1.500152590218967,1.1495155260547798,0
428205,0.37237354085603114,-1.5082093537804226,1.1396124208438239,0
428209,0.37405203326466774,-1.5098878461890592,1.1379339284351873,0
428213,0.3745555809872587,-1.499145494773785,1.1362554360265507,0
428216,0.37522697795071336,-1.499145494773785,1.1532082093537803,0
428220,0.3673380636301213,-1.5140840772106507,1.1501869230182344,0
428224,0.36532387273975736,-1.5367437247272449,1.1480048828870069,0
428228,0.3693522545204852,-1.5335545891508353,1.1485084306095978,0
428232,0.36750591287098494,-1.5296940566109711,1.1595864805065994,0
428236,0.3701915007248035,-1.5226443884946974,1.146997787441825,0
428240,0.3681773098344396,-1.5328831921873807,1.1652933546959638,0
428244,0.3587777523460746,-1.5439612420843822,1.1448157473105973,0
428248,0.357602807660029,-1.55302510109102,1.1428015564202334,0
428252,0.37824826428625924,-1.5293583581292438,1.1456549935149156,0
428256,0.37270923933775846,-1.5186160067139696,1.152872510872053,0
428259,0.35827420462348364,-1.5260013733119706,1.152368963149462,0
428263,0.3418249790188449,-1.484206912336919,1.1391088731212329,0
428267,0.36448462653543906,-1.5009918364232853,1.1471656366826886,0
428271,0.36952010376134886,-1.516433966582742,1.1500190737773708,0
428275,0.3663309681849393,-1.5087129015030136,1.1600900282291904,0
428279,0.37405203326466774,-1.514923323414969,1.1569008926527808,0
428283,0.37942320897230486,-1.5058594644083314,1.151865415426871,0
428287,0.37002365148393984,-1.509048599984741,1.1495155260547798,0
428291,0.37438773174639506,-1.500656137941558,1.1394445716029602,0
428295,0.37354848554207676,-1.513412680247196,1.1594186312657357,0
428298,0.3696879530022125,-1.5105592431525139,1.154886701762417,0
428302,0.3651560234988937,-1.5046845197222858,1.1506904707408254,0
428306,0.36280613412680246,-1.52734416723888,1.142465857938506,0
428310,0.36196688792248416,-1.53422598611429,1.1426337071793697,0
428314,0.36784161135271226,-1.5209658960860608,1.1545510032806896,0
428318,0.3646524757763027,-1.5224765392538337,1.138101777676051,0
428322,0.3606240939955749,-1.5508430609597925,1.1461585412375066,0
428326,0.36414892805371174,-1.5464789806973371,1.1609292744335087,0
428330,0.3589456015869383,-1.540100709544518,1.1636148622873272,0
428334,0.36532387273975736,-1.5568856336308843,1.1580758373388265,0
428338,0.366498817425803,-1.5511787594415198,1.1644541084916455,0
428341,0.36330968184939344,-1.5449683375295642,1.1589150835431448,0
428345,0.3562600137331197,-1.5536964980544747,1.155390249485008,0
428349,0.3634775310902571,-1.5372472724498358,1.1498512245365071,0
428353,0.3465247577630274,-1.5684672312504768,1.1565651941710535,0
428357,0.36868085755703056,-1.5454718852521552,1.150354772259098,0
428361,0.36448462653543906,-1.5300297550926985,1.1463263904783703,0
428365,0.36028839551384756,-1.5427862973983366,1.1443121995880063,0
428369,0.3597848477912566,-1.5328831921873807,1.138101777676051,0
428373,0.3856336308842603,-1.5068665598535134,1.1382696269169146,0
428377,0.3710307469291218,-1.513412680247196,1.1431372549019607,0
428381,0.3631418326085298,-1.52734416723888,1.141962310215915,0
428384,0.36448462653543906,-1.522812237735561,1.1401159685664148,0
428388,0.36532387273975736,-1.5446326390478369,1.1441443503471427,0
428392,0.3696879530022125,-1.5260013733119706,1.1426337071793697,0
428396,0.36028839551384756,-1.5377508201724268,1.1560616464484625,0
428400,0.36700236514839396,-1.5362401770046539,1.1485084306095978,0
428404,0.3621347371633478,-1.5402685587853817,1.1433051041428244,0
428408,0.3629739833676661,-1.5389257648584724,1.1552224002441442,0
428412,0.3656595712214847,-1.5384222171358815,1.1572365911345082,0
428416,0.3715342946517128,-1.5300297550926985,1.150354772259098,0
428420,0.3639810788128481,-1.5382543678950178,1.1609292744335087,0
428423,0.36028839551384756,-1.5444647898069732,1.145487144274052,0
428427,0.36364538033112076,-1.5338902876325626,1.1387731746395056,0
428431,0.36616311894407566,-1.5394293125810634,1.143472953383688,0
428435,0.36498817425803004,-1.5194552529182879,1.151865415426871,0
428439,0.36952010376134886,-1.522812237735561,1.1456549935149156,0
428443,0.3564278629739834,-1.5432898451209276,1.1461585412375066,0
428447,0.3584420538643473,-1.5402685587853817,1.1488441290913252,0
428451,0.3634775310902571,-1.5364080262455175,1.1486762798504615,0
428455,0.3671702143892576,-1.5293583581292438,1.1516975661860074,0
428459,0.3592813000686656,-1.5350652323186083,1.1540474555580986,0
428463,0.38848706797894256,-1.5303654535744258,1.1480048828870069,0
428466,0.3648203250171664,-1.535233081559472,1.146494239719234,0
428470,0.3717021438925765,-1.5256656748302433,1.1515297169451437,0
428474,0.3839551384756237,-1.4959563591973755,1.1562294956893262,0
428478,0.38529793240253296,-1.477325093461509,1.1614328221560997,0
428482,0.37690547035934996,-1.499145494773785,1.1575722896162355,0
428486,0.3805981536583505,-1.4925993743801023,1.1401159685664148,0
428490,0.3738841840238041,-1.4959563591973755,1.1600900282291904,0
428494,0.3767376211184863,-1.500152590218967,1.1530403601129167,0
428498,0.3780804150453956,-1.4993133440146487,1.1493476768139161,0
428502,0.375394827191577,-1.4946135652704662,1.1404516670481422,0
428506,0.37086289768825814,-1.5207980468451971,1.1417944609750514,0
428509,0.3706950484473945,-1.5367437247272449,1.146997787441825,0
428513,0.3733806363012131,-1.5313725490196077,1.1515297169451437,0
428517,0.3685130083161669,-1.5261692225528343,1.1516975661860074,0
428521,0.3705271992065308,-1.508041504539559,1.1520332646677347,0
428525,0.37035934996566716,-1.5004882887006943,1.142969405661097,0
428529,0.3513923857480735,-1.522812237735561,1.1471656366826886,0
428533,0.3738841840238041,-1.5186160067139696,1.1511940184634164,0
428537,0.37405203326466774,-1.5112306401159685,1.150354772259098,0
428541,0.3722056916151675,-1.515930418860151,1.1535439078355076,0
428545,0.3738841840238041,-1.5127412832837415,1.1461585412375066,0
428549,0.3725413900968948,-1.5124055848020141,1.1496833752956435,0
428552,0.3851300831616693,-1.4862211032272832,1.1268558785381857,0
428556,0.36918440527962154,-1.497131303883421,1.1516975661860074,0
428560,0.3750591287098497,-1.490249485008011,1.1525368123903257,0
428564,0.3671702143892576,-1.5072022583352407,1.1412909132524605,0
428568,0.3671702143892576,-1.5167696650644693,1.1354161898222324,0
428572,0.365491721980621,-1.543121995880064,1.1404516670481422,0
428576,0.3779125658045319,-1.5229800869764247,1.1493476768139161,0
428580,0.376401922636759,-1.5202944991226062,1.1485084306095978,0
428584,0.36532387273975736,-1.5448004882887005,1.1334019989318684,0
428588,0.35810635538262,-1.543121995880064,1.1466620889600976,0
428591,0.3715342946517128,-1.5354009308003356,1.1384374761577782,0
428595,0.36666666666666664,-1.543121995880064,1.1500190737773708,0
428599,0.3733806363012131,-1.5355687800411992,1.1535439078355076,0
428603,0.3646524757763027,-1.5359044785229266,1.1525368123903257,0
428607,0.3626382848859388,-1.539597161821927,1.1328984512092775,0
428611,0.35944914930952926,-1.5369115739681085,1.150858319981689,0
428615,0.376401922636759,-1.5281834134431982,1.151865415426871,0
428619,0.3767376211184863,-1.525329976348516,1.161768520637827,0
428623,0.3717021438925765,-1.5207980468451971,1.1458228427557793,0
428627,0.35827420462348364,-1.52734416723888,1.14448004882887,0
428631,0.3639810788128481,-1.5270084687571526,1.1555580987258716,0
428634,0.36196688792248416,-1.5271763179980162,1.1569008926527808,0
428638,0.3706950484473945,-1.5265049210345616,1.155390249485008,0
428642,0.3621347371633478,-1.530701152056153,1.1584115358205538,0
428646,0.3614633401998932,-1.5495002670328832,1.1540474555580986,0
428650,0.36280613412680246,-1.5461432822156098,1.158747234302281,0
428654,0.3673380636301213,-1.5379186694132905,1.1642862592507819,0
428658,0.3688487067978942,-1.5275120164797436,1.1584115358205538,0
428662,0.36364538033112076,-1.5229800869764247,1.1476691844052795,0
428666,0.3747234302281224,-1.5241550316624703,1.135584039063096,0
428670,0.36834515907530324,-1.5249942778667887,1.141962310215915,0
428674,0.3747234302281224,-1.5120698863202868,1.1458228427557793,0
428677,0.376401922636759,-1.5115663385976958,1.1525368123903257,0
428681,0.3779125658045319,-1.5082093537804226,1.120813305867094,0
428685,0.3826123445487144,-1.4967956054016938,1.1448157473105973,0
428689,0.37489127946898604,-1.5018310826276036,1.1412909132524605,0
428693,0.37992675669489584,-1.4919279774166476,1.146997787441825,0
428697,0.3701915007248035,-1.5063630121309224,1.152872510872053,0
428701,0.37942320897230486,-1.507537956816968,1.1644541084916455,0
428705,0.366498817425803,-1.5186160067139696,1.1468299382009612,0
428709,0.3701915007248035,-1.515930418860151,1.1436408026245517,0
428713,0.376401922636759,-1.5182803082322422,1.1481727321278705,0
428716,0.37606622415503166,-1.5221408407721064,1.1590829327840084,0
428720,0.3780804150453956,-1.5166018158236056,1.1563973449301899,0
428724,0.37002365148393984,-1.5182803082322422,1.1483405813687342,0
428728,0.3706950484473945,-1.5360723277637902,1.1448157473105973,0
428732,0.3671702143892576,-1.5300297550926985,1.1471656366826886,0
428736,0.3809338521400778,-1.517944609750515,1.1456549935149156,0
428740,0.3706950484473945,-1.526337071793698,1.1441443503471427,0
428744,0.37405203326466774,-1.5187838559548332,1.1443121995880063,0
428748,0.37086289768825814,-1.5320439459830624,1.1417944609750514,0
428752,0.37774471656366826,-1.5162661173418783,1.1505226214999618,0
428756,0.3805981536583505,-1.4959563591973755,1.1485084306095978,0
428759,0.37740901808194094,-1.5077058060578317,1.1605935759517814,0
428763,0.36498817425803004,-1.5082093537804226,1.1473334859235522,0
428767,0.3639810788128481,-1.5224765392538337,1.1422980086976424,0
428771,0.366498817425803,-1.5286869611657892,1.1156099794003205,0
428775,0.36700236514839396,-1.5226443884946974,1.1516975661860074,0
428779,0.3681773098344396,-1.5315403982604714,1.161768520637827,0
428783,0.37489127946898604,-1.5229800869764247,1.1525368123903257,0
428787,0.3631418326085298,-1.52230869001297,1.142465857938506,0
428791,0.36028839551384756,-1.532715342946517,1.1689860379949644,0
428795,0.3792553597314412,-1.5202944991226062,1.152368963149462,0
428799,0.37522697795071336,-1.5043488212405585,1.1589150835431448,0
428802,0.36784161135271226,-1.5023346303501945,1.1433051041428244,0
428806,0.35777065690089266,-1.5219729915312428,1.1411230640115968,0
428810,0.3725413900968948,-1.5122377355611505,1.1436408026245517,0
428814,0.37186999313344016,-1.507537956816968,1.1461585412375066,0
428818,0.38361943999389636,-1.4905851834897383,1.1694895857175553,0
428822,0.3710307469291218,-1.5098878461890592,1.1300450141145952,0
428826,0.37908751049057754,-1.5025024795910582,1.1417944609750514,0
428830,0.3705271992065308,-1.4964599069199664,1.1661326009002821,0
428834,0.3750591287098497,-1.4895780880445564,1.1485084306095978,0
428838,0.38378728923476,-1.475814450293736,1.1506904707408254,0
428842,0.3510566872663462,-1.5110627908751049,1.1478370336461432,0
428845,0.36364538033112076,-1.5061951628900587,1.1431372549019607,0
428849,0.3530708781567101,-1.521805142290379,1.1451514457923246,0
428853,0.37119859616998546,-1.5266727702754253,1.1478370336461432,0
428857,0.37270923933775846,-1.5181124589913786,1.1609292744335087,0
428861,0.37606622415503166,-1.523819333180743,1.1422980086976424,0
428865,0.37489127946898604,-1.518448157473106,1.1448157473105973,0
428869,0.38378728923476,-1.488235294117647,1.1372625314717326,0
428873,0.38815136949721524,-1.5167696650644693,1.143976501106279,0
428877,0.3911726558327611,-1.505523765926604,1.1416266117341878,0
428881,0.3826123445487144,-1.4914244296940566,1.1547188525215533,0
428884,0.38110170138094146,-1.4738002594033721,1.130212863355459,0
428888,0.3797589074540322,-1.4756466010528724,1.1404516670481422,0
428892,0.3851300831616693,-1.4642328526741435,1.1342412451361867,0
428896,0.37740901808194094,-1.4919279774166476,1.1490119783321888,0
428900,0.3738841840238041,-1.497131303883421,1.1399481193255512,0
428904,0.3668345159075303,-1.5241550316624703,1.1364232852674143,0
428908,0.36616311894407566,-1.535233081559472,1.1369268329900053,0
428912,0.3685130083161669,-1.5296940566109711,1.1441443503471427,0
428916,0.3685130083161669,-1.524322880903334,1.142465857938506,0
428920,0.36750591287098494,-1.5301976043335621,1.1293736171511406,0
428924,0.3638132295719844,-1.5288548104066528,1.1152742809185932,0
428927,0.3587777523460746,-1.5394293125810634,1.1127565423056383,0
428931,0.36616311894407566,-1.543121995880064,1.1260166323338674,0
428935,0.36868085755703056,-1.5354009308003356,1.1310521095597772,0
428939,0.37354848554207676,-1.5328831921873807,1.1451514457923246,0
428943,0.37774471656366826,-1.5206301976043335,1.1402838178072785,0
428947,0.3646524757763027,-1.5204623483634698,1.1412909132524605,0
428951,0.3547493705653467,-1.5573891813534753,1.1480048828870069,0
428955,0.3772411688410773,-1.531204699778744,1.1720073243305105,0
428959,0.37690547035934996,-1.5286869611657892,1.1886243991760128,0
428963,0.3663309681849393,-1.5216372930495154,1.1812390325780118,0
428967,0.36079194323643854,-1.535736629282063,1.1743572137026017,0
428970,0.35810635538262,-1.553528648813611,1.1887922484168765,0
428974,0.35340657663843744,-1.5521858548867018,1.1775463492790113,0
428978,0.37270923933775846,-1.531204699778744,1.1693217364766917,0
428982,0.35827420462348364,-1.5340581368734263,1.159250782024872,0
428986,0.35424582284275574,-1.5295262073701075,1.1391088731212329,0
428990,0.3579385061417563,-1.5463111314564735,1.1453192950331883,0
428994,0.3717021438925765,-1.5251621271076523,1.153879606317235,0
428998,0.37606622415503166,-1.5280155642023345,1.1614328221560997,0
429002,0.3770733196002136,-1.5172732127870603,1.1545510032806896,0
429006,0.37489127946898604,-1.5125734340428778,1.128702220187686,0
429009,0.37656977187762264,-1.5145876249332417,1.1194705119401847,0
429013,0.3839551384756237,-1.4872281986724651,1.1135957885099566,0
429017,0.38664072632944224,-1.4630579079880979,1.118295567254139,0
429021,0.39687953002212556,-1.475814450293736,1.1382696269169146,0
429025,0.3854657816433966,-1.4774929427023726,1.1560616464484625,0
429029,0.3814373998626688,-1.500656137941558,1.1780498970016022,0
429033,0.3800946059357595,-1.4942778667887389,1.1609292744335087,0
429037,0.3812695506218051,-1.4813534752422368,1.1493476768139161,0
429041,0.35172808422980084,-1.5112306401159685,1.1580758373388265,0
429045,0.3604562447547112,-1.5333867399099717,1.127191577019913,0
429049,0.3596169985503929,-1.5182803082322422,1.1342412451361867,0
429052,0.3737163347829404,-1.5110627908751049,1.1352483405813687,0
429056,0.3728770885786221,-1.508041504539559,1.1471656366826886,0
429060,0.3920119020370794,-1.497634851606012,1.1334019989318684,0
429064,0.3693522545204852,-1.5132448310063324,1.1448157473105973,0
429068,0.3656595712214847,-1.5281834134431982,1.1481727321278705,0
429072,0.3717021438925765,-1.5160982681010147,1.1589150835431448,0
429076,0.3829480430304417,-1.5077058060578317,1.1720073243305105,0
429080,0.3713664454108491,-1.5167696650644693,1.162272068360418,0
429084,0.3638132295719844,-1.514419775692378,1.1704966811627375,0
429088,0.35810635538262,-1.5348973830777446,1.1745250629434654,0
429092,0.3646524757763027,-1.5286869611657892,1.1706645304036012,0
429095,0.36079194323643854,-1.5394293125810634,1.1582436865796901,0
429099,0.357099259937438,-1.540604257267109,1.1666361486228731,0
429103,0.3527351796749828,-1.5533607995727474,1.154886701762417,0
429107,0.357602807660029,-1.5432898451209276,1.1431372549019607,0
429111,0.3634775310902571,-1.5434576943617913,1.1493476768139161,0
429115,0.3623025864042115,-1.5286869611657892,1.1527046616311893,0
429119,0.36280613412680246,-1.541611352712291,1.1567330434119172,0
429123,0.36498817425803004,-1.5207980468451971,1.158747234302281,0
429127,0.3696879530022125,-1.513916227969787,1.1557259479667352,0
429131,0.35911345082780194,-1.5236514839398794,1.163782711528191,0
429135,0.3745555809872587,-1.4984740978103304,1.161768520637827,0
429138,0.3713664454108491,-1.5113984893568322,1.160761425192645,0
429142,0.3648203250171664,-1.5145876249332417,1.1570687418936445,0
429146,0.3614633401998932,-1.5360723277637902,1.1379339284351873,0
429150,0.39016556038757916,-1.5320439459830624,1.1547188525215533,0
429154,0.37522697795071336,-1.5083772030212863,1.1505226214999618,0
429158,0.37908751049057754,-1.5004882887006943,1.1387731746395056,0
429162,0.37740901808194094,-1.513916227969787,1.142465857938506,0
429166,0.3728770885786221,-1.509552147707332,1.1372625314717326,0
429170,0.3809338521400778,-1.5045166704814221,1.1318913557640955,0
429174,0.38110170138094146,-1.4796749828336002,1.1362554360265507,0
429177,0.3839551384756237,-1.4706111238269626,1.1354161898222324,0
429181,0.39486533913176164,-1.4967956054016938,1.130212863355459,0
429185,0.3871442740520332,-1.5150911726558327,1.1223239490348669,0
429189,0.38445868619821466,-1.4957885099565118,1.1313878080415045,0
429193,0.4049362935835813,-1.491760128175784,1.1433051041428244,0
429197,0.4186999313344014,-1.4550011444266422,1.1456549935149156,0
429201,0.4116502632181277,-1.4640650034332798,1.1478370336461432,0
429205,0.4087968261234455,-1.4738002594033721,1.1476691844052795,0
429209,0.4180285343709468,-1.453154802777142,1.1377660791943236,0
429213,0.4287708857862211,-1.4306630045014115,1.1374303807125963,0
429217,0.42306401159685664,-1.4326771953917754,1.1357518883039597,0
429220,0.41920347905699246,-1.4558403906309605,1.1191348134584573,0
429224,0.42054627298390174,-1.4565117875944151,1.1072175173571375,0
429228,0.42591744869153886,-1.4499656672007324,1.1100709544518197,0
429232,0.4260852979324025,-1.433852140077821,1.0902647440299076,0
429236,0.44589150835431446,-1.4482871747920958,1.0701228351262684,0
429240,0.4692225528343633,-1.4098496986343174,1.0489738307774472,0
429244,0.4502555886167696,-1.411024643320363,1.0588769359884032,0
429248,0.45294117647058824,-1.4177386129549094,1.0533379110399024,0
429252,0.49154650186923016,-1.4064927138170442,1.0533379110399024,0
429256,0.487685969329366,-1.392729076066224,1.0864042114900434,0
429260,0.4824826428625925,-1.3870222018768597,1.0588769359884032,0
429263,0.4603265430685893,-1.3856794079499504,0.995094224460212,0
429267,0.4502555886167696,-1.3981002517738612,0.9554818036163881,0
429271,0.4568017090104524,-1.423949034866865,0.9390325780117494,0
429275,0.45294117647058824,-1.4202563515678643,0.9455786984054322,0
429279,0.44673075455863276,-1.4392233157854581,0.99912260624094,0
429283,0.4359884031433585,-1.4553368429083695,1.117288471808957,0
429287,0.42423895628290226,-1.4316700999465934,1.198863202868696,0
429291,0.4057755397878996,-1.4578545815213244,1.2154802777141984,0
429295,0.37908751049057754,-1.4716182192721445,1.2146410315098801,0
429299,0.3532387273975738,-1.513916227969787,1.2314259555962461,0
429302,0.3216830701152056,-1.4984740978103304,1.1933241779201953,0
429306,0.291805905241474,-1.5105592431525139,1.2109483482108796,0
429310,0.26897840848401616,-1.5568856336308843,1.2208514534218355,0
429314,0.23524071107042038,-1.5788738841840237,1.2470359349965667,0
429318,0.22080567635614556,-1.6152971694514382,1.2168230716411077,0
429322,0.2231555657282368,-1.6352712291142137,1.1810711833371481,0
429326,0.21627374685282671,-1.65390249485008,1.1468299382009612,0
429330,0.24648661020828563,-1.6191577019913024,1.1241702906843671,0
429334,0.2469901579308766,-1.5854200045777065,1.1310521095597772,0
429338,0.24464026855878537,-1.5919661249713892,1.1265201800564584,0
429342,0.2474937056534676,-1.5966659037155717,1.1438086518654154,0
429345,0.255214770733196,-1.5884412909132524,1.1344090943770504,0
429349,0.273510337987335,-1.5808880750743877,1.1570687418936445,0
429353,0.31429770351720454,-1.5553749904631113,1.2205157549401082,0
429357,0.3181582360570687,-1.525329976348516,1.2297474631876095,0
429361,0.32134737163347826,-1.5028381780727855,1.192484931715877,0
429365,0.2998626688029297,-1.485214007782101,1.2769130998702982,0
429369,0.3513923857480735,-1.5325474937056534,1.2891660944533454,0
429373,0.4203784237430381,-1.490249485008011,1.2549248493171588,0
429377,0.46737621118486306,-1.4467765316243228,1.1839246204318303,0
429381,0.49238574807354846,-1.4049820706492713,1.0947966735332264,0
429385,0.5001068131532769,-1.3791332875562676,1.0122148470283054,0
429388,0.49624628061341264,-1.3727550164034485,1.0320210574502173,0
429392,0.5368657969024185,-1.3440527962157625,1.1448157473105973,0
429396,0.626665140764477,-1.2858091096360722,1.1966811627374685,0
429400,0.4967498283360036,-1.3069581139848936,1.0810330357824063,0
429404,0.4502555886167696,-1.3625162127107653,1.2584496833752956,0
429408,0.4653620202944991,-1.3699015793087663,1.184596017395285,0
429412,0.44975204089417864,-1.385343709468223,1.2091020065613793,0
429416,0.4568017090104524,-1.403135728999771,1.2277332722972456,0
429420,0.4257495994506752,-1.4174029144731821,1.1743572137026017,0
429424,0.4150072480354009,-1.4400625619897764,1.1926527809567407,0
429428,0.3920119020370794,-1.46591134508278,1.1720073243305105,0
429431,0.3651560234988937,-1.4816891737239641,1.2040665293354695,0
429435,0.3344396124208438,-1.4769893949797817,1.192484931715877,0
429439,0.30808728160524906,-1.5048523689631494,1.1958419165331502,0
429443,0.2602502479591058,-1.5491645685511557,1.1792248416876479,0
429447,0.22819104295414663,-1.5844129091325245,1.1305485618371862,0
429451,0.2065384908827344,-1.6082475013351643,1.1060425726710916,0
429455,0.1741435873960479,-1.668169680323491,1.1065461203936826,0
429459,0.17212939650568398,-1.7237277790493628,1.106378271152819,0
429463,0.16977950713359272,-1.6884794384679942,1.0793545433737697,0
429467,0.16591897459372854,-1.6795834287022202,1.0993286030365452,0
429470,0.19344625009536887,-1.6923399710078584,1.1595864805065994,0
429474,0.20032806897077896,-1.6794155794613566,1.1557259479667352,0
429478,0.20150301365682458,-1.6763942931258107,1.194499122606241,0
429482,0.218120088502327,-1.668673228046082,1.259288929579614,0
429486,0.24564736400396733,-1.617814908064393,1.2611352712291142,0
429490,0.293316548409247,-1.5768596932936598,1.2435111009384299,0
429494,0.31631189440756846,-1.5375829709315632,1.239986266880293,0
429498,0.3540779736018921,-1.5365758754863812,1.1862745098039216,0
429502,0.38529793240253296,-1.4959563591973755,1.1312199588006409,0
429506,0.42390325780117494,-1.4613794155794613,1.0775082017242694,0
429510,0.44840924696726936,-1.4373769741359579,1.038063630121309,0
429513,0.5016174563210498,-1.3905470359349965,1.0202716105897611,0
429517,0.5455939574273289,-1.3458991378652627,1.0118791485465781,0
429521,0.5793316548409246,-1.305783169298848,1.0531700617990387,0
429525,0.6045090409704738,-1.2999084458686199,1.1125886930647746,0
429529,0.634050507362478,-1.2732204165712977,1.1678110933089187,0
429533,0.6375753414206149,-1.2134660868238345,1.1384374761577782,0
429537,0.6105516136415655,-1.2302510109102005,1.1417944609750514,0
429541,0.605851834897383,-1.249889372091249,1.1664682993820095,0
429545,0.5575112535286488,-1.2670099946593423,1.1240024414435035,0
429549,0.5078278782330052,-1.3007476920729382,1.1668039978637368,0
429553,0.4559624628061341,-1.347241931792172,1.1803997863736935,0
429556,0.3938582436865797,-1.4237811856260014,1.2080949111161974,0
429560,0.3341039139391165,-1.4466086823834592,1.211787594415198,0
429564,0.2662928206301976,-1.5132448310063324,1.1877851529716945,0
429568,0.22634470130464637,-1.5810559243152513,1.1674753948271914,0
429572,0.18958571755550468,-1.6340962844281681,1.1570687418936445,0
429576,0.16205844205386435,-1.6634699015793086,1.1382696269169146,0
429580,0.14544136720836193,-1.6911650263218128,1.0894254978255893,0
429584,0.11942473487449454,-1.718188754100862,1.0768368047608148,0
429588,0.11673914702067598,-1.725070572976272,1.0580376897840849,0
429592,0.13805600061036086,-1.734973678187228,1.0884184023804073,0
429595,0.1519874876020447,-1.7232242313267718,1.1206454566262303,0
429599,0.17615777828641183,-1.7299382009613182,1.1632791638056,0
429603,0.2142595559624628,-1.6743801022354465,1.1688181887541007,0
429607,0.2550469214923323,-1.613450827801938,1.1735179674982834,0
429611,0.3215152208743419,-1.5429541466392003,1.186610208285649,0
429615,0.38697642481116956,-1.5458075837338825,1.167139696345464,0
429619,0.7701762417029068,-1.3009155413138018,1.2149767299916074,0
429623,0.4897001602197299,-1.33935301747158,1.0753261615930418,0
429627,0.4141680018310826,-1.4083390554665445,1.2490501258869307,0
429631,0.3928511482413977,-1.4597009231708247,1.2040665293354695,0
429635,0.4428702220187686,-1.44023041123064,1.2648279545281147,0
429638,0.4643549248493171,-1.3997787441824978,1.2566033417257954,0
429642,0.4547875181200885,-1.4044785229266803,1.1990310521095597,0
429646,0.4487449454489967,-1.4246204318303197,1.1580758373388265,0
429650,0.4220569161516747,-1.4278095674067293,1.1475013351644159,0
429654,0.4116502632181277,-1.4410696574349584,1.111413748378729,0
429658,0.4237354085603113,-1.4390554665445945,1.0793545433737697,0
429662,0.4227283131151293,-1.442748149843595,1.0546807049668117,0
429666,0.4245746547646296,-1.4566796368352788,1.0528343633173114,0
429670,0.4601586938277256,-1.4278095674067293,1.0617303730830854,0
429674,0.6446250095368886,-1.3381780727855344,1.1240024414435035,0
429678,0.48281834134431983,-1.3504310673685815,1.1928206301976043,0
429681,0.5163881895170519,-1.3781261921110857,1.1876173037308309,0
429685,0.5299839780270085,-1.368055237659266,1.1710002288853285,0
429689,0.5343480582894636,-1.3415350576028076,1.1733501182574197,0
429693,0.5309910734721904,-1.3343175402456702,1.198359655146105,0
429697,0.5073243305104143,-1.3212252994583047,1.201884489204242,0
429701,0.4453879606317235,-1.3682230869001297,1.1770428015564203,0
429705,0.42474250400549324,-1.4185778591592277,1.1624399176012816,0
429709,0.35088883802548254,-1.4899137865262837,1.1795605401693752,0
429713,0.31715114061188676,-1.5045166704814221,1.1976882581826505,0
429717,0.27619592584115354,-1.532211795223926,1.1971847104600595,0
429721,0.20183871213855192,-1.591126878767071,1.2074235141527427,0
429724,0.15484092469672694,-1.6424887464713511,1.2040665293354695,0
429728,0.10347905699244678,-1.7136568245975432,1.189967193102922,0
429732,0.06218814373998626,-1.7619974059662775,1.1710002288853285,0
429736,0.04019989318684672,-1.7865033951323719,1.1632791638056,0
429740,0.03382162203402762,-1.8274586099031052,1.175700007629511,0
429744,0.016868848706797893,-1.8672388799877928,1.1897993438620584,0
429748,0.04641031509880216,-1.8699244678416114,1.1758678568703747,0
429752,0.07746242465857939,-1.8247730220492866,1.1797283894102388,0
429756,0.12076752880140383,-1.7708934157320515,1.1847638666361486,0
429760,0.1733043411917296,-1.7668650339513237,1.1862745098039216,0
429763,0.2508506904707408,-1.6742122529945829,1.172678721293965,0
429767,0.2808957045853361,-1.6290608072022583,1.1320592050049592,0
429771,0.338300144960708,-1.533722438391699,1.121316853589685,0
429775,0.3634775310902571,-1.5333867399099717,1.0981536583504996,0
429779,0.37774471656366826,-1.5166018158236056,1.109903105210956,0
429783,0.3925154497596704,-1.5211337453269245,1.1367589837491416,0
429787,0.4029221026932173,-1.5172732127870603,1.1446478980697337,0
429791,0.41819638361181044,-1.4707789730678262,1.1463263904783703,0
429795,0.42843518730449376,-1.4387197680628672,1.1280308232242313,0
429799,0.44840924696726936,-1.4276417181658656,1.0912718394750895,0
429803,0.4660334172579537,-1.4096818493934538,1.0719691767757686,0
429806,0.5022888532845045,-1.3836652170595864,1.0872434576943617,0
429810,0.7164644846265354,-1.2713740749217974,1.0179217212176699,0
429814,0.5447547112230106,-1.2948729686427098,1.2864805065995268,0
429818,0.6013199053940642,-1.2326009002822917,1.256771190966659,0
429822,0.5766460669871061,-1.2461966887922484,1.1986953536278324,0
429826,0.5741283283741512,-1.2700312809948882,1.2174944686045623,0
429830,0.5227664606698711,-1.3166933699549859,1.2226977950713358,0
429834,0.451094834821088,-1.3470740825513083,1.2188372625314716,0
429838,0.39184405279621576,-1.4098496986343174,1.246364538033112,0
429842,0.33796444647898066,-1.4227740901808192,1.2317616540779734,0
429846,0.2931486991683833,-1.4724574654764628,1.2099412527656976,0
429849,0.2248340581368734,-1.5411078049897,1.169657434958419,0
429853,0.1652475776302739,-1.6022049286640725,1.153376058594644,0
429857,0.13419546807049668,-1.6547417410543983,1.1721751735713741,0
429861,0.09340810254062715,-1.73598077363241,1.1614328221560997,0
429865,0.06688792248416876,-1.760318913557641,1.1616006713969633,0
429869,0.01619745174334325,-1.838872358281834,1.1451514457923246,0
429873,-0.04808880750743877,-1.8125200274662394,1.1132600900282292,0
429877,-0.07880521858548867,-1.8217517357137407,1.0934538796063171,0
429881,-0.11371786068513008,-1.8387045090409704,1.1075532158388648,0
429885,-0.12664225223163195,-1.871602960250248,1.1532082093537803,0
429888,-0.11203936827649347,-1.869085221637293,1.1300450141145952,0
429892,-0.09559014267185473,-1.8440756847486075,1.126688029297322,0
429896,-0.05446707866025788,-1.8019455252918286,1.1112458991378653,0
429900,0.022575722896162356,-1.837865262836652,1.095971618219272,0
429904,0.1311741817349508,-1.8011062790875103,1.0642481116960403,0
429908,0.23373006790264744,-1.7183566033417257,1.0333638513771266,0
429912,0.319501029983978,-1.6116044861524375,0.9638742656595711,0
429916,0.39016556038757916,-1.564438849469749,0.9789806973373006,0
429920,0.4138323033493553,-1.526337071793698,1.042092011902037,0
429924,0.40275425345235366,-1.4979705500877394,1.1196383611810483,0
429928,0.40812542915999084,-1.4680933852140077,1.1666361486228731,0
429931,0.42507820248722056,-1.4524834058136873,1.184092469672694,0
429935,0.4324635690852216,-1.4652399481193255,1.203395132372015,0
429939,0.46166933699549856,-1.4118638895246813,1.1849317158770123,0
429943,0.44757000076295106,-1.4190814068818187,1.259792477302205,0
429947,0.4353170061799039,-1.444762340733959,1.2987335011825742,0
429951,0.4519340810254063,-1.4346913862821393,1.3203860532539864,0
429955,0.4547875181200885,-1.4167315175097275,1.3400244144350346,0
429959,0.42927443350881206,-1.3989394979781795,1.3086366063935302,0
429963,0.3903334096284428,-1.4543297474631875,1.284466315709163,0
429967,0.3465247577630274,-1.5246585793850613,1.2527428091859312,0
429971,0.3094300755321584,-1.5192874036774242,1.2050736247806515,0
429974,0.2657892729076066,-1.5380865186541541,1.1720073243305105,0
429978,0.2543755245288777,-1.549668116273747,1.13759822995346,0
429982,0.24464026855878537,-1.5773632410162508,1.0934538796063171,0
429986,0.2662928206301976,-1.5907911802853436,1.045113298237583,0
429990,0.3174868390936141,-1.5590676737621119,1.0333638513771266,0
429994,0.35911345082780194,-1.5510109102006562,1.0340352483405812,0
429998,0.4029221026932173,-1.5285191119249255,1.0432669565880826,0
430002,0.4487449454489967,-1.485214007782101,1.105371175707637,0
430006,0.5021210040436408,-1.4143816281376362,1.1263523308155947,0
430010,0.5184023804074158,-1.4101853971160447,1.150858319981689,0
430014,0.504974441138323,-1.3876935988403143,1.2173266193636987,0
430017,0.46469062333104444,-1.3949111161974517,1.2233691920347904,0
430021,0.4220569161516747,-1.4121995880064087,1.2346150911726559,0
430025,0.3762340733958953,-1.4724574654764628,1.227061875333791,0
430029,0.3446784161135271,-1.5392614633401998,1.20775921263447,0
430033,0.30724803540093076,-1.5310368505378804,1.2059128709849698,0
430037,0.2516899366750591,-1.5354009308003356,1.211284046692607,0
430041,0.19730678263523307,-1.5902876325627526,1.1918135347524224,0
430045,0.15903715571831845,-1.6300679026474403,1.1809033340962845,0
430049,0.13050278477149616,-1.709292744335088,1.142465857938506,0
430053,0.057152666514076446,-1.7742504005493247,1.1414587624933241,0
430056,0.03734645609216449,-1.7891889829861904,1.120309758144503,0
430060,0.04003204394598306,-1.8115129320210575,1.1219882505531396,0
430064,0.04019989318684672,-1.8115129320210575,1.1211490043488213,0
430068,0.07393759060044251,-1.8049668116273747,1.1317235065232318,0
430072,0.1132143129625391,-1.7806286717021438,1.1436408026245517,0
430076,0.16189059281300067,-1.7351415274280917,1.1387731746395056,0
430080,0.23524071107042038,-1.6795834287022202,1.1330663004501411,0
430084,0.2510185397116045,-1.6196612497138934,1.129205767910277,0
430088,0.28979171435111006,-1.565445944914931,1.1137636377508202,0
430092,0.3048981460288395,-1.5615854123750668,1.144983596551461,0
430096,0.311612115663386,-1.5595712214847028,1.1490119783321888,0
430099,0.32050812542915996,-1.531708247501335,1.137094682230869,0
430103,0.34837109941252764,-1.5557106889448387,1.1461585412375066,0
430107,0.32839703974975204,-1.5283512626840619,1.1562294956893262,0
430111,0.32101167315175094,-1.5160982681010147,1.1911421377889677,0
430115,0.3265506981002518,-1.505523765926604,1.2141374837872891,0
430119,0.3341039139391165,-1.4816891737239641,1.2369649805447471,0
430123,0.3463569085221637,-1.5236514839398794,1.2284046692607002,0
430127,0.329907682917525,-1.500152590218967,1.2242084382391087,0
430131,0.33930724040588994,-1.4769893949797817,1.215144579232471,0
430135,0.337293049515526,-1.4731288624399175,1.1857709620813306,0
430139,0.34451056687266346,-1.5364080262455175,1.134073395895323,0
430142,0.31799038681620506,-1.5199588006408788,1.1718394750896468,0
430146,0.32352941176470584,-1.4994811932555123,1.1290379186694133,0
430150,0.3530708781567101,-1.5236514839398794,1.105874723430228,0
430154,0.3899977111467155,-1.5167696650644693,1.136087586785687,0
430158,0.4232318608377203,-1.470443274586099,1.1389410238803692,0
430162,0.43917753871976806,-1.4650720988784618,1.1258487830930037,0
430166,0.44169527733272296,-1.4539940489814602,1.1161135271229115,0
430170,0.45915159838254366,-1.4190814068818187,1.1171206225680934,0
430174,0.4668726634622721,-1.4071641107804989,1.112924391546502,0
430178,0.4803006027313649,-1.3992751964599068,1.0758297093156328,0
430181,0.4776150148775463,-1.3994430457007705,1.070794232089723,0
430185,0.4534447241931792,-1.4153887235828182,1.0983215075913633,0
430189,0.4645227740901808,-1.4009536888685434,1.1683146410315097,0
430193,0.4136644541084916,-1.4336842908369574,1.2252155336842907,0
430197,0.4296101319905394,-1.4028000305180437,1.2841306172274356,0
430201,0.4014114595254444,-1.4330128938735027,1.2878233005264361,0
430205,0.37321278706034944,-1.4581902800030517,1.2683527885862516,0
430209,0.3094300755321584,-1.4880674448767834,1.2535820553902495,0
430213,0.2787136644541085,-1.5145876249332417,1.2668421454184786,0
430217,0.2624322880903334,-1.5511787594415198,1.2226977950713358,0
430221,0.20167086289768826,-1.6018692301823452,1.2089341573205157,0
430224,0.16793316548409246,-1.6347676813916228,1.1778820477607386,0
430228,0.16558327611200122,-1.6387960631723506,1.1278629739833677,0
430232,0.1447699702449073,-1.664812695506218,1.1481727321278705,0
430236,0.12278171969176775,-1.687640192263676,1.1240024414435035,0
430240,0.09240100709544517,-1.74789806973373,1.112924391546502,0
430244,0.06369878690775921,-1.7722362096589608,1.1018463416495001,0
430248,0.052117189288166624,-1.8059739070725567,1.1219882505531396,0
430252,0.03684290836957351,-1.8158770122835126,1.1169527733272298,0
430256,0.042717631799801634,-1.8034561684596018,1.1154421301594568,0
430260,0.05295643549248493,-1.822087434195468,1.1107423514152743,0
430264,0.059838254367895014,-1.8390402075226977,1.135584039063096,0
430267,0.07863736934462501,-1.8155413138017853,1.150354772259098,0
430271,0.10280766002899214,-1.804798962386511,1.1542153047989623,0
430275,0.13402761882963302,-1.7487373159380484,1.163782711528191,0
430279,0.15886930647745479,-1.7109712367437246,1.152368963149462,0
430283,0.18169680323491263,-1.703921568627451,1.141962310215915,0
430287,0.19663538567177843,-1.6868009460593576,1.1320592050049592,0
430291,0.20855268177309833,-1.6540703440909437,1.1438086518654154,0
430295,0.23960479133287554,-1.6329213397421225,1.1246738384069581,0
430299,0.27619592584115354,-1.6047226672770274,1.119806210421912,0
430303,0.3023804074158846,-1.5919661249713892,1.1211490043488213,0
430307,0.3414892805371176,-1.524826428625925,1.126688029297322,0
430310,0.3463569085221637,-1.5419470511940183,1.1652933546959638,0
430314,0.3547493705653467,-1.5662851911192492,1.1857709620813306,0
430318,0.3186617837796597,-1.5325474937056534,1.2121232928969252,0
430322,0.3082551308461127,-1.535736629282063,1.218669413290608,0
430326,0.28643472953383686,-1.5412756542305637,1.208262760357061,0
430330,0.2654535744258793,-1.5736705577172503,1.199366750591287,0
430334,0.2620965896086061,-1.5854200045777065,1.2064164187075608,0
430338,0.28106355382619974,-1.573838406958114,1.2237048905165178,0
430342,0.29633783474479286,-1.5526894026092928,1.2022201876859693,0
430346,0.34081788357366294,-1.4909208819714657,1.1985275043869688,0
430349,0.3789196612497139,-1.5014953841458762,1.1646219577325092,0
430353,0.4180285343709468,-1.4633936064698252,1.138101777676051,0
430357,0.41483939879453724,-1.4581902800030517,1.107888914320592,0
430361,0.4294422827496757,-1.424452582589456,1.105371175707637,0
430365,0.44135957885099564,-1.4469443808651865,1.1130922407873656,0
430369,0.42390325780117494,-1.4373769741359579,1.1406195162890058,0
430373,0.4252460517280842,-1.4336842908369574,1.2141374837872891,0
430377,0.4153429465171282,-1.4350270847638666,1.2688563363088425,0
430381,0.393690394445716,-1.4729610131990538,1.2935301747158006,0
430385,0.3559243152513924,-1.5239871824216067,1.2490501258869307,0
430389,0.31295490959029526,-1.5300297550926985,1.239986266880293,0
430392,0.2770351720454719,-1.5434576943617913,1.210780498970016,0
430396,0.2526970321202411,-1.5699778744182498,1.2085984588387884,0
430400,0.21828793774319066,-1.6230182345311666,1.2035629816128786,0
430404,0.14846265354390784,-1.6700160219729914,1.1931563286793316,0
430408,0.07595178149080643,-1.733463035019455,1.1745250629434654,0
430412,0.051110093842984664,-1.7972457465476461,1.1443121995880063,0
430416,0.011329823758297093,-1.8548180361638817,1.1318913557640955,0
430420,0.002937361715114061,-1.9058442053864346,1.1171206225680934,0
430424,-0.02945754177157244,-1.8578393224994276,1.103356984817273,0
430428,0.0036087586785687035,-1.9013122758831158,1.102853437094682,0
430432,0.009483482108796825,-1.9068513008316166,1.095468070496681,0
430435,0.041039139391165026,-1.864049744411383,1.0815365835049973,0
430439,0.1021362630655375,-1.8440756847486075,1.0588769359884032,0
430443,0.15383382925154496,-1.782978561074235,1.0147325856412603,0
430447,0.20301365682459754,-1.725574120698863,0.9744487678339818,0
430451,0.2624322880903334,-1.6693446250095367,0.9930800335698481,0
430455,0.27938506141756314,-1.638124666208896,1.0271534294651712,0
430459,0.310605020218204,-1.5936446173800258,1.070290684367132,0
430463,0.311108567940795,-1.5615854123750668,1.0951323720149537,0
430467,0.31379415579461356,-1.5500038147554742,1.096978713664454,0
430471,0.311108567940795,-1.5333867399099717,1.152368963149462,0
430474,0.31261921110856794,-1.5301976043335621,1.1802319371328298,0
430478,0.29516289005874724,-1.5125734340428778,1.1906385900663767,0
430482,0.27535667963683524,-1.5498359655146106,1.1941634241245136,0
430486,0.26411078049897,-1.5790417334248874,1.217158770122835,0
430490,0.26192874036774244,-1.5928053711757075,1.2416647592889296,0
430494,0.28358129243915464,-1.5818951705195696,1.284969863431754,0
430498,0.25706111238269624,-1.5585641260395209,1.3173647669184405,0
430502,0.2355764095521477,-1.5684672312504768,1.3098115510795758,0
430506,0.2469901579308766,-1.5548714427405204,1.2889982452124817,0
430510,0.25739681086442356,-1.5488288700694284,1.2628137636377508,0
430514,0.27149614709697106,-1.5666208896009766,1.2273975738155183,0
430517,0.32504005493247884,-1.5384222171358815,1.1864423590447852,0
430521,0.3231937132829785,-1.5231479362172884,1.1609292744335087,0
430525,0.33628595407034406,-1.4957885099565118,1.1416266117341878,0
430529,0.3532387273975738,-1.5365758754863812,1.1446478980697337,0
430533,0.35743495841916534,-1.5558785381857023,1.1783855954833296,0
430537,0.35172808422980084,-1.5525215533684291,1.2044022278171969,0
430541,0.32537575341420616,-1.516937514305333,1.2277332722972456,0
430545,0.3020447089341573,-1.5360723277637902,1.2505607690547036,0
430549,0.2961699855039292,-1.5288548104066528,1.267681391622797,0
430553,0.2981841763942931,-1.5249942778667887,1.2884946974898908,0
430557,0.3102693217364767,-1.5254978255893796,1.2817807278553444,0
430560,0.3277256427862974,-1.5152590218966964,1.2356221866178378,0
430564,0.3268863965819791,-1.4937743190661479,1.2007095445181963,0
430568,0.3268863965819791,-1.484206912336919,1.1669718471046004,0
430572,0.31765468833447774,-1.5051880674448768,1.1704966811627375,0
430576,0.30053406576638436,-1.4909208819714657,1.1800640878919662,0
430580,0.26528572518501564,-1.5448004882887005,1.1718394750896468,0
430584,0.25320057984283206,-1.5610818646524758,1.1443121995880063,0
430588,0.2558861676966506,-1.5652780956740673,1.1240024414435035,0
430592,0.2634393835355154,-1.605394064240482,1.1179598687724117,0
430596,0.2699855039291981,-1.607408255130846,1.1139314869916839,0
430600,0.2817349507896544,-1.57870603494316,1.1186312657358664,0
430603,0.24212252994583047,-1.5884412909132524,1.0971465629053176,0
430607,0.2538719768062867,-1.5882734416723887,1.1147707331960022,0
430611,0.21610589761196305,-1.6280537117570764,1.1270237277790494,0
430615,0.20116731517509726,-1.630235751888304,1.1438086518654154,0
430619,0.1874036774242771,-1.664309147783627,1.1199740596627756,0
430623,0.15081254291599908,-1.6884794384679942,1.138101777676051,0
430627,0.13067063401235982,-1.725574120698863,1.1666361486228731,0
430631,0.11690699626153964,-1.7348058289463644,1.1595864805065994,0
430635,0.10582894636453803,-1.742023346303502,1.1560616464484625,0
430639,0.10314335851071946,-1.7566262302586404,1.1569008926527808,0
430642,0.09324025329976349,-1.7797894254978255,1.1579079880979628,0
430646,0.08266575112535286,-1.775089646753643,1.1552224002441442,0
430650,0.08081940947585259,-1.7912031738765544,1.1659647516594185,0
430654,0.0824979018844892,-1.7757610437170976,1.1657969024185548,0
430658,0.10280766002899214,-1.793888761730373,1.1715037766079195,0
430662,0.09726863508049134,-1.803791866941329,1.18207827878233,0
430666,0.10448615243762874,-1.781467917906462,1.1743572137026017,0
430670,0.09542229343099107,-1.7886854352635995,1.1716716258487831,0
430674,0.10230411230640116,-1.793888761730373,1.1688181887541007,0
430678,0.1289921416037232,-1.7980849927519644,1.1567330434119172,0
430682,0.13973449301899749,-1.784992751964599,1.1446478980697337,0
430685,0.18841077286945906,-1.7527656977187762,1.1107423514152743,0
430689,0.22986953536278323,-1.700396734569314,1.0909361409933622,0
430693,0.2629358358129244,-1.6572594796673532,1.0681086442359045,0
430697,0.2807278553444724,-1.6246967269398032,1.0912718394750895,0
430701,0.2973449301899748,-1.5736705577172503,1.1050354772259097,0
430705,0.30439459830624854,-1.5612497138933394,1.1221560997940032,0
430709,0.3107728694590677,-1.535233081559472,1.137094682230869,0
430713,0.3233615625238422,-1.5087129015030136,1.1644541084916455,0
430717,0.34031433585107196,-1.4731288624399175,1.1803997863736935,0
430721,0.3456855115587091,-1.5291905088883802,1.1943312733653773,0
430725,0.3544136720836194,-1.5271763179980162,1.21967650873579,0
430728,0.34753185320820934,-1.5453040360112915,1.240993362325475,0
430732,0.33511100938429844,-1.5035095750362402,1.290341039139391,0
430736,0.33796444647898066,-1.4702754253452353,1.304272526131075,0
430740,0.3356145571068894,-1.4613794155794613,1.305783169298848,0
430744,0.30019836728465704,-1.477325093461509,1.2782558937972075,0
430748,0.2812314030670634,-1.5155947203784237,1.2710383764400701,0
430752,0.2654535744258793,-1.5531929503318838,1.2258869306477453,0
430756,0.25152208743419546,-1.5563820859082933,1.190470740825513,0
430760,0.24850080109864955,-1.5773632410162508,1.1515297169451437,0
430764,0.24212252994583047,-1.5956588082703898,1.1149385824368658,0
430767,0.23859769588769358,-1.6065690089265277,1.089089799343862,0
430771,0.24950789654383154,-1.5840772106507972,1.0892576485847256,0
430775,0.2679713130388342,-1.5847486076142518,1.0947966735332264,0
430779,0.265117875944152,-1.595490959029526,1.0748226138704509,0
430783,0.26729991607537956,-1.59750514991989,1.0838864728770885,0
430787,0.2605859464408331,-1.6174792095826658,1.096978713664454,0
430791,0.2825741969939727,-1.5869306477454794,1.1018463416495001,0
430795,0.2708247501335164,-1.5855878538185701,1.1161135271229115,0
430799,0.272503242542153,-1.5837415121690699,1.1248416876478218,0
430803,0.22651255054551003,-1.6248645761806668,1.135584039063096,0
430807,0.21107042038605325,-1.637621118486305,1.1446478980697337,0
430810,0.19176775768673227,-1.6512169069962614,1.1579079880979628,0
430814,0.17733272297245745,-1.6943541618982223,1.1788891432059205,0
430818,0.1652475776302739,-1.685122453650721,1.1793926909285115,0
430822,0.14057373922331579,-1.7133211261158159,1.1887922484168765,0
430826,0.13520256351567864,-1.74101625085832,1.1829175249866484,0
430830,0.12294956893263141,-1.728595407034409,1.2174944686045623,0
430834,0.125131609063859,-1.7306095979247729,1.2257190814068817,0
430838,0.12479591058213169,-1.7215457389181352,1.255764095521477,0
430842,0.1148928053711757,-1.7304417486839092,1.2002059967956054,0
430846,0.10700389105058365,-1.7423590447852293,1.1792248416876479,0
430850,0.09810788128480964,-1.7759288929579613,1.15136186770428,0
430853,0.0999542229343099,-1.78549629968719,1.1300450141145952,0
430857,0.10566109712367437,-1.7764324406805523,1.105371175707637,0
430861,0.11271076523994812,-1.7576333257038224,1.0843900205996795,0
430865,0.12580300602731365,-1.7453803311207752,1.072808422980087,0
430869,0.13990234225986115,-1.760822461280232,1.0686121919584954,0
430873,0.16071564812695505,-1.7109712367437246,1.0612268253604944,0
430877,0.181025406271458,-1.700900282291905,1.1045319295033187,0
430881,0.20989547570000763,-1.6770656900892653,1.1422980086976424,0
430885,0.23826199740596626,-1.6433279926756694,1.1401159685664148,0
430889,0.25538261997405964,-1.6161364156557565,1.1488441290913252,0
430893,0.28139925230792706,-1.5924696726939802,1.1481727321278705,0
430896,0.2798886091401541,-1.5805523765926603,1.158747234302281,0
430900,0.2871061264972915,-1.5486610208285647,1.1803997863736935,0
430904,0.2849240863660639,-1.564438849469749,1.1879530022125582,0
430908,0.2436331731136034,-1.5592355230029755,1.2054093232623788,0
430912,0.2773708705271992,-1.5646066987106126,1.2242084382391087,0
430916,0.28895246814679176,-1.5605783169298848,1.2472037842374304,0
430920,0.27116044861524374,-1.5622568093385214,1.2643244068055237,0
430924,0.26897840848401616,-1.5847486076142518,1.2535820553902495,0
430928,0.2605859464408331,-1.6082475013351643,1.2703669794766155,0
430932,0.24010833905546652,-1.5892805371175707,1.2698634317540245,0
430935,0.2505149919890135,-1.5859235523002975,1.274563210498207,0
430939,0.23994048981460286,-1.5936446173800258,1.2866483558403905,0
430943,0.22281986724650948,-1.6092545967803462,1.2802700846875714,0
430947,0.22466620889600974,-1.6132829785610743,1.2970550087739376,0
430951,0.2461509117265583,-1.588609140154116,1.3079652094300755,0
430955,0.2787136644541085,-1.562424658579385,1.2858091096360722,0
430959,0.2941557946135653,-1.5389257648584724,1.2599603265430686,0
430963,0.2820706492713817,-1.5528572518501564,1.2263904783703363,0
430967,0.26562142366674296,-1.5617532616159304,1.2143053330281528,0
430971,0.26478217746242466,-1.5884412909132524,1.183588921950103,0
430975,0.2567254139009689,-1.5696421759365224,1.1422980086976424,0
430978,0.264614328221561,-1.5986800946059356,1.107888914320592,0
430982,0.2746852826733806,-1.5968337529564354,1.0756618600747692,0
430986,0.28139925230792706,-1.587602044708934,1.0541771572442207,0
430990,0.2990234225986114,-1.5538643472953384,1.0477988860914016,0
430994,0.3102693217364767,-1.5446326390478369,1.0449454489967194,0
430998,0.2807278553444724,-1.563431754024567,1.0548485542076753,0
431002,0.27317463950560766,-1.5755168993667505,1.0647516594186313,0
431006,0.2500114442664225,-1.5902876325627526,1.0753261615930418,0
431010,0.2266803997863737,-1.6154650186923019,1.090600442511635,0
431014,0.20469214923323414,-1.6359426260776684,1.1105745021744107,0
431018,0.20788128480964368,-1.6347676813916228,1.1236667429617762,0
431021,0.1644083314259556,-1.6582665751125352,1.1402838178072785,0
431025,0.1447699702449073,-1.6770656900892653,1.1535439078355076,0
431029,0.12697795071335927,-1.6980468451972228,1.1537117570763713,0
431033,0.12496375982299535,-1.7144960708018615,1.1516975661860074,0
431037,0.11438925764858472,-1.740009155413138,1.1542153047989623,0
431041,0.10700389105058365,-1.7453803311207752,1.1641184100099182,0
431045,0.10717174029144731,-1.7433661402304113,1.1780498970016022,0
431049,0.09693293659876402,-1.7871747920958265,1.1594186312657357,0
431053,0.12244602121004043,-1.7601510643167773,1.1802319371328298,0
431057,0.14812695506218052,-1.734973678187228,1.1955062180514229,0
431060,0.14225223163195239,-1.7215457389181352,1.1896314946211948,0
431064,0.15970855268177309,-1.686129549095903,1.2059128709849698,0
431068,0.15719081406881819,-1.6891508354314488,1.1903028915846494,0
431072,0.16105134660868237,-1.6557488364995803,1.1616006713969633,0
431076,0.17548638132295719,-1.6953612573434043,1.145990691996643,0
431080,0.16340123598077363,-1.685626001373312,1.1322270542458228,0
431084,0.15970855268177309,-1.6797512779430839,1.1152742809185932,0
431088,0.1575265125505455,-1.6807583733882658,1.1107423514152743,0
431092,0.17397573815518425,-1.7052643625543602,1.1087281605249104,0
431096,0.18790722514686808,-1.6842832074464027,1.120309758144503,0
431100,0.1959639887083238,-1.672198062104219,1.1248416876478218,0
431103,0.2090562294956893,-1.6530632486457617,1.1389410238803692,0
431107,0.2560540169375143,-1.6119401846341648,1.125177386129549,0
431111,0.25320057984283206,-1.59750514991989,1.1234988937209125,0
431115,0.2854276340886549,-1.5879377431906614,1.1401159685664148,0
431119,0.29432364385442894,-1.5600747692072938,1.1642862592507819,0
431123,0.30355535210193024,-1.565445944914931,1.1795605401693752,0
431127,0.3033875028610666,-1.5495002670328832,1.1968490119783322,0
431131,0.3045624475471122,-1.5350652323186083,1.2040665293354695,0
431135,0.3161440451667048,-1.5122377355611505,1.2208514534218355,0
431139,0.3357824063477531,-1.5038452735179675,1.2289082169832912,0
431143,0.3186617837796597,-1.5009918364232853,1.2141374837872891,0
431146,0.3119478141451133,-1.5194552529182879,1.215144579232471,0
431150,0.3028839551384756,-1.5305333028152894,1.2037308308537422,0
431154,0.2990234225986114,-1.5216372930495154,1.2195086594949263,0
431158,0.29063096055542836,-1.533218890669108,1.243007553215839,0
431162,0.27233539330128936,-1.5610818646524758,1.2663385976958876,0
431166,0.2634393835355154,-1.5971694514381627,1.3224002441443503,0
431170,0.26444647898069734,-1.59062333104448,1.3630197604333563,0
431174,0.26411078049897,-1.597001602197299,1.3782940413519493,0
431178,0.2602502479591058,-1.5944838635843441,1.355634393835355,0
431182,0.24145113298237583,-1.5776989394979781,1.3113221942473487,0
431186,0.22365911345082778,-1.6105973907072555,1.2623102159151598,0
431189,0.21644159609369037,-1.6411459525444418,1.2047379262989242,0
431193,0.22097352559700922,-1.655916685740444,1.1412909132524605,0
431197,0.2461509117265583,-1.6154650186923019,1.0758297093156328,0
431201,0.254207675288014,-1.5948195620660714,1.0271534294651712,0
431205,0.27317463950560766,-1.589616235599298,0.9680704966811627,0
431209,0.2944914930952926,-1.5573891813534753,0.9348363469901579,0
431213,0.30221255817502096,-1.5651102464332036,0.9146944380865186,0
431217,0.3231937132829785,-1.5508430609597925,0.9123445487144274,0
431221,0.32386511024643316,-1.5387579156176088,0.9158693827725642,0
431225,0.31177996490424964,-1.5641031509880217,0.9465857938506141,0
431228,0.29432364385442894,-1.5520180056458381,1.03168535896849,0
431232,0.2763637750820172,-1.554535744258793,1.1080567635614558,0
431236,0.2521934843976501,-1.5526894026092928,1.1641184100099182,0
431240,0.2355764095521477,-1.574341954680705,1.209269855802243,0
431244,0.19999237048905164,-1.6146257724879836,1.2195086594949263,0
431248,0.18052185854886701,-1.660280766002899,1.243007553215839,0
431252,0.14242008087281605,-1.6908293278400854,1.2535820553902495,0
431256,0.15517662317845426,-1.6862973983367666,1.2537499046311131,0
431260,0.11472495613031204,-1.7124818799114976,1.2228656443121995,0
431264,0.06990920881971466,-1.7650186923018234,1.1976882581826505,0
431268,0.06067750057221332,-1.7985885404745554,1.1713359273670558,0
431271,0.04641031509880216,-1.834004730296788,1.154886701762417,0
431275,0.041878385595483326,-1.828969253070878,1.1496833752956435,0
431279,0.036339360646982524,-1.8432364385442892,1.1649576562142365,0
431283,0.030632486457618065,-1.8447470817120621,1.1787212939650569,0
431287,0.030464637216754405,-1.8455863279163804,1.207255664911879,0
431291,0.07108415350576028,-1.829472800793469,1.246868085755703,0
431295,0.044396124208438234,-1.8549858854047454,1.2378042267490654,0
431299,0.05245288776989395,-1.8524681467917905,1.1980239566643778,0
431303,0.06050965133134966,-1.8512932021057449,1.1416266117341878,0
431307,0.08233005264362554,-1.8094987411306935,1.1045319295033187,0
431311,0.10633249408712901,-1.7950637064164185,1.082207980468452,0
431314,0.14879835202563516,-1.7527656977187762,1.077172503242542,0
431318,0.18337529564354924,-1.7428625925078203,1.0921110856794078,0
431322,0.21392385748073547,-1.6799191271839475,1.0775082017242694,0
431326,0.2501792935072862,-1.6315785458152132,1.0669336995498588,0
431330,0.28475623712520026,-1.5976729991607537,1.1414587624933241,0
431334,0.35458152132448306,-1.5936446173800258,1.1867780575265126,0
431338,0.37489127946898604,-1.5491645685511557,1.2070878156710154,0
431342,0.3518959334706645,-1.5604104676890211,1.2109483482108796,0
431346,0.3587777523460746,-1.5563820859082933,1.2376363775082018,0
431350,0.3409857328145266,-1.4890745403219654,1.280437933928435,0
431353,0.32453650720988786,-1.4865568017090105,1.280437933928435,0
431357,0.32537575341420616,-1.4895780880445564,1.2703669794766155,0
431361,0.3082551308461127,-1.5196231021591515,1.2816128786144807,0
431365,0.30103761348897534,-1.5543678950179294,1.3128328374151217,0
431369,0.29029526207370104,-1.5597390707255665,1.328442816815442,0
431373,0.2820706492713817,-1.5615854123750668,1.3440527962157625,0
431377,0.2743495841916533,-1.572327763790341,1.3559700923170823,0
431381,0.24464026855878537,-1.581223773556115,1.3646982528419929,0
431385,0.21828793774319066,-1.6168078126192111,1.3678873884184024,0
431389,0.20133516441596092,-1.619325551232166,1.3338139925230792,0
431393,0.20788128480964368,-1.6215075913633936,1.2895017929350727,0
431396,0.20620279240100708,-1.6374532692454413,1.2220263981078812,0
431400,0.20267795834287022,-1.6352712291142137,1.1542153047989623,0
431404,0.22500190737773706,-1.638124666208896,1.0496452277409019,0
431408,0.25118638895246814,-1.617814908064393,1.004997329671168,0
431412,0.2766994735637446,-1.6065690089265277,0.9789806973373006,0
431416,0.31094071869993134,-1.5667887388418402,0.9002594033722437,0
431420,0.3236972610055695,-1.5558785381857023,0.8915312428473334,0
431424,0.3381322957198443,-1.5056916151674677,0.8856565194171053,0
431428,0.32789349202716106,-1.5221408407721064,0.9539711604486152,0
431432,0.3156404974441138,-1.5246585793850613,1.0189288166628518,0
431436,0.2820706492713817,-1.5563820859082933,1.110910200656138,0
431439,0.23624780651560234,-1.5667887388418402,1.12568093385214,0
431443,0.1946211947814145,-1.6233539330128939,1.150354772259098,0
431447,0.16071564812695505,-1.6413138017853055,1.1589150835431448,0
431451,0.1204318303196765,-1.6896543831540398,1.185603112840467,0
431455,0.10163271534294652,-1.7373235675593193,1.1981918059052414,0
431459,0.050102998397802696,-1.7901960784313724,1.2002059967956054,0
431463,0.02928969253070878,-1.8153734645609216,1.1862745098039216,0
431467,-0.020897230487525748,-1.785999847409781,1.1703288319218739,0
431471,-0.03936064698252842,-1.781467917906462,1.142465857938506,0
431475,-0.034828717479209584,-1.7797894254978255,1.1357518883039597,0
431479,-0.03717860685130083,-1.7838178072785533,1.146997787441825,0
431482,-0.04792095826657511,-1.7717326619363698,1.161264972915236,0
431486,-0.04691386282139315,-1.772571908140688,1.2065842679484244,0
431490,-0.035332265201800564,-1.7690470740825512,1.228068970778973,0
431494,-0.035332265201800564,-1.7655222400244144,1.2091020065613793,0
431498,0.004783703364614328,-1.8348439765011062,1.1753643091477837,0
431502,0.009987029831387807,-1.8669031815060655,1.1243381399252308,0
431506,0.0185473411154345,-1.8694209201190204,1.0872434576943617,0
431510,0.04590676737621118,-1.882009613183795,1.0768368047608148,0
431514,0.07410543984130617,-1.8370260166323338,1.0664301518272679,0
431518,0.1165712977798123,-1.7917067215991453,1.0597161821927215,0
431521,0.1503089951934081,-1.7366521705958646,1.0761654077973601,0
431525,0.18471808957045852,-1.728595407034409,1.1146028839551385,0
431529,0.22298771648737314,-1.6916685740444037,1.1166170748455024,0
431533,0.2792172121766995,-1.6169756618600748,1.1511940184634164,0
431537,0.2931486991683833,-1.5760204470893415,1.183588921950103,0
431541,0.2998626688029297,-1.5335545891508353,1.201884489204242,0
431545,0.320004577706569,-1.5189517051956969,1.2138017853055618,0
431549,0.3257114518959335,-1.5068665598535134,1.2357900358587015,0
431553,0.337796597238117,-1.4791714351110092,1.250896467536431,0
431557,0.3386358434424353,-1.4805142290379185,1.2477073319600214,0
431561,0.34921034561684594,-1.5439612420843822,1.251400015259022,0
431564,0.3161440451667048,-1.5196231021591515,1.2542534523537041,0
431568,0.3099336232547494,-1.5119020370794232,1.2693598840314335,0
431572,0.31345845731288624,-1.5209658960860608,1.3051117723353933,0
431576,0.2800564583810178,-1.540100709544518,1.2962157625696191,0
431580,0.27116044861524374,-1.5538643472953384,1.2846341649500266,0
431584,0.28358129243915464,-1.5620889600976577,1.3066224155031663,0
431588,0.2775387197680629,-1.5599069199664302,1.3353246356908521,0
431592,0.3015411612115663,-1.5568856336308843,1.4006179903868161,0
431596,0.2936522468909743,-1.534729533836881,1.4563439383535515,0
431600,0.3277256427862974,-1.5199588006408788,1.4251239795529107,0
431604,0.3149691004806592,-1.5130769817654688,1.3428778515297168,0
431607,0.28643472953383686,-1.5221408407721064,1.266674296177615,0
431611,0.2666285191119249,-1.5464789806973371,1.161264972915236,0
431615,0.27233539330128936,-1.561921110856794,1.1107423514152743,0
431619,0.2693141069657435,-1.5953231097886624,1.0503166247043565,0
431623,0.2526970321202411,-1.6040512703135728,0.9903944457160295,0
431627,0.2516899366750591,-1.5902876325627526,0.9576638437476157,0
431631,0.24883649958037687,-1.590119783321889,0.9358434424353399,0
431635,0.2508506904707408,-1.5839093614099335,0.9301365682459753,0
431639,0.2419546807049668,-1.6116044861524375,0.9702525368123903,0
431643,0.22449835965514608,-1.6352712291142137,0.9937514305333027,0
431646,0.19898527504386967,-1.6673304341191728,1.032692454413672,0
431650,0.20049591821164262,-1.679247730220493,1.0630731670099947,0
431654,0.19143205920500495,-1.6894865339131762,1.12568093385214,0
431658,0.15769436179140917,-1.6821011673151751,1.160257877470054,0
431662,0.13688105592431524,-1.6982146944380865,1.1936598764019226,0
431666,0.10868238345922025,-1.7311131456473638,1.1839246204318303,0
431670,0.07259479667353322,-1.765186541542687,1.1809033340962845,0
431674,0.05614557106889448,-1.7953994048981459,1.182581826504921,0
431678,0.030632486457618065,-1.8111772335393301,1.1793926909285115,0
431682,-0.024589913786526283,-1.7804608224612801,1.1605935759517814,0
431686,-0.05614557106889448,-1.7858319981689172,1.1634470130464636,0
431689,-0.051110093842984664,-1.769214923323415,1.1886243991760128,0
431693,-0.05497062638284886,-1.769214923323415,1.232433051041428,0
431697,-0.03751430533302815,-1.790867475394827,1.2512321660181582,0
431701,-0.043053330281528954,-1.7495765621423667,1.2153124284733348,0
431705,0.004783703364614328,-1.8301441977569237,1.167139696345464,0
431709,0.016700999465934233,-1.8613641565575645,1.1092317082475014,0
431713,0.05077439536125734,-1.8489433127336536,1.0793545433737697,0
431717,0.07981231403067063,-1.8086594949263752,1.0768368047608148,0
431721,0.11304646372167544,-1.7994277866788737,1.0711299305714503,0
431725,0.14661631189440757,-1.7734111543450064,1.0627374685282673,0
431729,0.16642252231631952,-1.7045929655909056,1.0813687342641336,0
431732,0.19965667200732432,-1.6854581521324483,1.1293736171511406,0
431736,0.22365911345082778,-1.664309147783627,1.1824139772640574,0
431740,0.24430457007705805,-1.618318455786984,1.1839246204318303,0
431744,0.2649500267032883,-1.6057297627222094,1.2218585488670175,0
431748,0.2741817349507896,-1.6013656824597542,1.210780498970016,0
431752,0.2825741969939727,-1.5775310902571145,1.2225299458304721,0
431756,0.2866025787747005,-1.5531929503318838,1.2465323872739758,0
431760,0.2709925993743801,-1.5604104676890211,1.2441824979018845,0
431764,0.26646066987106126,-1.5815594720378423,1.2406576638437476,0
431768,0.26780346379797054,-1.5753490501258869,1.2497215228503853,0
431772,0.2577325093461509,-1.5424505989166093,1.2544213015945678,0
431775,0.24128328374151217,-1.5610818646524758,1.2774166475928892,0
431779,0.24514381628137635,-1.5706492713817044,1.2806057831692987,0
431783,0.26562142366674296,-1.5823987182421606,1.3109864957656214,0
431787,0.2832455939574273,-1.5600747692072938,1.3970931563286793,0
431791,0.31261921110856794,-1.5350652323186083,1.4410696574349584,0
431795,0.3523994811932555,-1.5409399557488364,1.404646372167544,0
431799,0.3448462653543908,-1.5548714427405204,1.3688944838635844,0
431803,0.33208972304875256,-1.4934386205844206,1.3653696498054475,0
431807,0.32453650720988786,-1.4925993743801023,1.30679026474403,0
431811,0.32957198443579766,-1.475814450293736,1.2344472419317922,0
431814,0.357602807660029,-1.509048599984741,1.1406195162890058,0
431818,0.3733806363012131,-1.5130769817654688,1.045113298237583,0
431822,0.3626382848859388,-1.5360723277637902,0.9660563057907988,0
431826,0.3587777523460746,-1.5547035934996567,0.9017700465400168,0
431830,0.3322575722896162,-1.5119020370794232,0.857625696192874,0
431834,0.3065766384374761,-1.5402685587853817,0.839330128938735,0
431838,0.28106355382619974,-1.5609140154116121,0.8567864499885557,0
431842,0.2567254139009689,-1.5729991607537956,0.9165407797360189,0
431846,0.2109025711451896,-1.619325551232166,0.9935835812924391,0
431850,0.21476310368505377,-1.6159685664148928,1.0805294880598153,0
431854,0.14812695506218052,-1.655916685740444,1.150858319981689,0
431857,0.13906309605554285,-1.6864652475776303,1.2064164187075608,0
431861,0.1259708552681773,-1.6891508354314488,1.218165865568017,0
431865,0.09105821316853589,-1.740512703135729,1.2237048905165178,0
431869,0.060006103608758674,-1.790363927672236,1.1792248416876479,0
431873,0.03751430533302815,-1.8009384298466466,1.1703288319218739,0
431877,0.008308537422751202,-1.8684138246738384,1.1308842603189135,0
431881,-0.034996566720073244,-1.8123521782253758,1.1112458991378653,0
431885,-0.051277943083848324,-1.7863355458915082,1.080193789578088,0
431889,-0.07528038452735179,-1.7886854352635995,1.109399557488365,0
431893,-0.06638437476157778,-1.7970778973067825,1.1694895857175553,0
431897,-0.03684290836957351,-1.7972457465476461,1.2440146486610208,0
431900,-0.044228274967574574,-1.7693827725642786,1.2754024567025253,0
431904,-0.02693980315861753,-1.7470588235294118,1.265667200732433,0
431908,-0.019386587319752804,-1.7381628137636376,1.2045700770580605,0
431912,0.01905088883802548,-1.8108415350576028,1.136591134508278,0
431916,0.04674601358052949,-1.8308155947203784,1.0869077592126344,0
431920,0.06873426413366902,-1.8234302281223773,1.0315175097276263,0
431924,0.09340810254062715,-1.822087434195468,1.0118791485465781,0
431928,0.12529945830472267,-1.7762645914396886,1.0313496604867627,0
431932,0.15450522621499962,-1.7408484016174564,1.0800259403372243,0
431936,0.19613183794918745,-1.7173495078965437,1.1496833752956435,0
431939,0.22819104295414663,-1.67270160982681,1.208766308079652,0
431943,0.2691462577248798,-1.6406424048218509,1.2443503471427482,0
431947,0.30221255817502096,-1.6052262149996184,1.2388113221942474,0
431951,0.3361181048294804,-1.532715342946517,1.208766308079652,0
431955,0.3638132295719844,-1.5221408407721064,1.1923170824750133,0
431959,0.3725413900968948,-1.514419775692378,1.1842603189135577,0
431963,0.3878156710154879,-1.514923323414969,1.1743572137026017,0
431967,0.37740901808194094,-1.5132448310063324,1.2045700770580605,0
431971,0.36616311894407566,-1.5278477149614709,1.2354543373769742,0
431975,0.355588616769665,-1.5375829709315632,1.241496910048066,0
431979,0.33628595407034406,-1.4978027008468757,1.271541924162661,0
431982,0.3174868390936141,-1.51542687113756,1.2769130998702982,0
431986,0.3067444876783398,-1.5288548104066528,1.2910124361028457,0
431990,0.2871061264972915,-1.521805142290379,1.3079652094300755,0
431994,0.2953307392996109,-1.5040131227588311,1.3257572289616235,0
431998,0.28559548332951856,-1.5278477149614709,1.328946364538033,0
432002,0.2612573434042878,-1.5688029297322041,1.3697337300679027,0
432006,0.2577325093461509,-1.5412756542305637,1.3866865033951323,0
432010,0.2496757457846952,-1.5458075837338825,1.4150530251010909,0
432014,0.25538261997405964,-1.5501716639963379,1.4014572365911344,0
432018,0.25118638895246814,-1.5528572518501564,1.3259250782024872,0
432022,0.23658350499732966,-1.5926375219348439,1.2477073319600214,0
432025,0.23205157549401081,-1.604890516517891,1.1636148622873272,0
432029,0.21660944533455403,-1.6337605859464408,1.086068513008316,0
432033,0.21912718394750896,-1.6490348668650339,1.0221179522392614,0
432037,0.21610589761196305,-1.661791409170672,1.0021438925764858,0
432041,0.21241321431296253,-1.6580987258716715,0.9944228274967574,0
432045,0.21409170672159913,-1.6401388570992599,0.9712596322575723,0
432049,0.199320973525597,-1.6580987258716715,0.9826733806363012,0
432053,0.19747463187609673,-1.669176775768673,0.9897230487525749,0
432057,0.19579613946746013,-1.6636377508201723,1.0036545357442588,0
432061,0.19713893339436941,-1.660280766002899,1.0130540932326237,0
432065,0.18068970778973067,-1.6913328755626764,1.05551995117113,0
432068,0.16105134660868237,-1.6718623636224916,1.0917753871976805,0
432072,0.15568017090104525,-1.6708552681773097,1.1396124208438239,0
432076,0.13570611123826962,-1.716678110933089,1.1567330434119172,0
432080,0.11304646372167544,-1.7458838788433662,1.1725108720531014,0
432084,0.08535133897917144,-1.7515907530327306,1.1869459067673762,0
432088,0.06655222400244144,-1.7797894254978255,1.1824139772640574,0
432092,0.06437018387121385,-1.781467917906462,1.1928206301976043,0
432096,0.06353093766689555,-1.7905317769130997,1.1884565499351492,0
432100,0.04792095826657511,-1.8200732433051041,1.1960097657740139,0
432104,0.05245288776989395,-1.839879453727016,1.1928206301976043,0
432107,0.044060425726710914,-1.8564965285725183,1.1896314946211948,0
432111,0.06420233463035019,-1.8180590524147402,1.1941634241245136,0
432115,0.06789501792935072,-1.8133592736705577,1.2356221866178378,0
432119,0.08585488670176242,-1.7720683604180971,1.2225299458304721,0
432123,0.09894712748912794,-1.7833142595559623,1.2178301670862897,0
432127,0.11522850385290302,-1.7537727931639582,1.2129625391012435,0
432131,0.16323338673990997,-1.716174563210498,1.1931563286793316,0
432135,0.18572518501564048,-1.7061036087586785,1.1679789425497824,0
432139,0.2150988021667811,-1.7054322117952239,1.173182269016556,0
432143,0.23876554512855724,-1.6483634699015792,1.158747234302281,0
432147,0.2461509117265583,-1.617814908064393,1.1510261692225527,0
432150,0.2592431525139238,-1.6278858625162127,1.1532082093537803,0
432154,0.26108949416342414,-1.6194934004730297,1.162775616083009,0
432158,0.2713282978561074,-1.6142900740062562,1.1803997863736935,0
432162,0.25991454947737846,-1.6233539330128939,1.1773785000381476,0
432166,0.2461509117265583,-1.5963302052338444,1.1867780575265126,0
432170,0.2461509117265583,-1.5788738841840237,1.2079270618753337,0
432174,0.24077973601892116,-1.57870603494316,1.2211871519035629,0
432178,0.24782940413519491,-1.5904554818036163,1.2074235141527427,0
432182,0.22198062104219118,-1.618318455786984,1.2381399252307927,0
432186,0.20301365682459754,-1.6329213397421225,1.2007095445181963,0
432190,0.18690012970168612,-1.6616235599298084,1.2277332722972456,0
432193,0.18706797894254978,-1.6685053788052184,1.234111543450065,0
432197,0.18404669260700388,-1.693011367971313,1.2428397039749752,0
432201,0.19176775768673227,-1.6750514991989012,1.2253833829251544,0
432205,0.21224536507209887,-1.6644769970244906,1.2206836041809719,0
432209,0.20435645075150682,-1.6715266651407643,1.158747234302281,0
432213,0.23121232928969251,-1.6673304341191728,1.1384374761577782,0
432217,0.24464026855878537,-1.6389639124132143,1.1206454566262303,0
432221,0.2679713130388342,-1.6121080338750284,1.096475165941863,0
432225,0.2909666590371557,-1.5864271000228884,1.05551995117113,0
432229,0.2921416037232013,-1.5682993820096132,1.040581368734264,0
432232,0.30842298008697644,-1.5599069199664302,1.0558556496528573,0
432236,0.318997482261387,-1.533722438391699,1.0642481116960403,0
432240,0.33796444647898066,-1.505523765926604,1.0917753871976805,0
432244,0.3122835126268406,-1.5313725490196077,1.1092317082475014,0
432248,0.30103761348897534,-1.5651102464332036,1.1238345922026398,0
432252,0.28811322194247346,-1.5488288700694284,1.1481727321278705,0
432256,0.27653162432288086,-1.5500038147554742,1.1706645304036012,0
432260,0.26075379568169677,-1.591126878767071,1.1867780575265126,0
432264,0.23708705271992064,-1.6075761043717096,1.1961776150148775,0
432268,0.2197985809109636,-1.6243610284580758,1.1896314946211948,0
432272,0.20133516441596092,-1.6263752193484398,1.190974288548104,0
432275,0.18857862211032272,-1.6540703440909437,1.1966811627374685,0
432279,0.18673228046082246,-1.6797512779430839,1.195002670328832,0
432283,0.16474402990768292,-1.6763942931258107,1.2069199664301518,0
432287,0.15484092469672694,-1.6779049362935836,1.1986953536278324,0
432291,0.14846265354390784,-1.6928435187304494,1.175700007629511,0
432295,0.14325932707713435,-1.711810482948043,1.1584115358205538,0
432299,0.1293278400854505,-1.7403448538948654,1.158747234302281,0
432303,0.11069657434958419,-1.7522621499961852,1.1352483405813687,0
432307,0.1165712977798123,-1.7388342107270922,1.1743572137026017,0
432311,0.12580300602731365,-1.7287632562752726,1.194499122606241,0
432315,0.1268101014724956,-1.7168459601739527,1.2074235141527427,0
432318,0.12882429236285953,-1.6956969558251316,1.1991989013504234,0
432322,0.12194247348744945,-1.702410925459678,1.1921492332341497,0
432326,0.12076752880140383,-1.7111390859845883,1.1966811627374685,0
432330,0.13855954833295187,-1.7233920805676355,1.1881208514534218,0
432334,0.14795910582131686,-1.7227206836041808,1.2228656443121995,0
432338,0.15987640192263675,-1.6963683527885862,1.2277332722972456,0
432342,0.17800411993591211,-1.716174563210498,1.2144731822690165,0
432346,0.18606088349736782,-1.7111390859845883,1.1965133134966048,0
432350,0.19210345616845959,-1.6913328755626764,1.1837567711909667,0
432354,0.20553139543755244,-1.677233539330129,1.1812390325780118,0
432358,0.21308461127641717,-1.6497062638284885,1.1829175249866484,0
432361,0.22516975661860072,-1.6418173495078965,1.1716716258487831,0
432365,0.21140611886778057,-1.6377889677271686,1.1891279468986038,0
432369,0.23624780651560234,-1.6080796520943006,1.1740215152208744,0
432373,0.24380102235446707,-1.6085831998168916,1.1903028915846494,0
432377,0.24480811779964903,-1.5961623559929807,1.193492027161059,0
432381,0.2577325093461509,-1.5672922865644312,1.186106660563058,0
432385,0.2667963683527886,-1.586594949263752,1.191477836270695,0
432389,0.23960479133287554,-1.595490959029526,1.2007095445181963,0
432393,0.24682230869001295,-1.5729991607537956,1.217158770122835,0
432397,0.24782940413519491,-1.5835736629282062,1.2237048905165178,0
432400,0.24212252994583047,-1.5958266575112534,1.198359655146105,0
432404,0.25068284122987716,-1.592133974212253,1.1965133134966048,0
432408,0.24212252994583047,-1.6020370794232088,1.1986953536278324,0
432412,0.2605859464408331,-1.6151293202105745,1.2220263981078812,0
432416,0.2758602273594262,-1.5968337529564354,1.224544136720836,0
432420,0.2662928206301976,-1.5943160143434805,1.208766308079652,0
432424,0.26528572518501564,-1.597001602197299,1.2257190814068817,0
432428,0.28190280003051804,-1.5701457236591134,1.2096055542839703,0
432432,0.27535667963683524,-1.5741741054398413,1.211787594415198,0
432436,0.2840848401617456,-1.5451361867704279,1.2190051117723353,0
432440,0.30842298008697644,-1.5427862973983366,1.210276951247425,0
432443,0.32134737163347826,-1.515930418860151,1.1903028915846494,0
432447,0.31094071869993134,-1.517944609750515,1.1819104295414664,0
432451,0.31882963302052336,-1.507537956816968,1.1894636453803311,0
432455,0.3139620050354772,-1.507034409094377,1.1837567711909667,0
432459,0.32537575341420616,-1.4989776455329213,1.181574731059739,0
432463,0.3265506981002518,-1.4957885099565118,1.1721751735713741,0
432467,0.3404821850919356,-1.4744716563668268,1.1632791638056,0
432471,0.3398107881284809,-1.4711146715495536,1.1651255054551002,0
432475,0.3894941634241245,-1.5107270923933775,1.1610971236743723,0
432479,0.3510566872663462,-1.531204699778744,1.1584115358205538,0
432483,0.3490424963759823,-1.5387579156176088,1.1610971236743723,0
432486,0.3465247577630274,-1.572831311512932,1.1560616464484625,0
432490,0.3443427176317998,-1.5889448386358433,1.1480048828870069,0
432494,0.3621347371633478,-1.566453040360113,1.1574044403753718,0
432498,0.3456855115587091,-1.5741741054398413,1.1609292744335087,0
432502,0.328900587472343,-1.5249942778667887,1.153376058594644,0
432506,0.3149691004806592,-1.5246585793850613,1.1421301594567788,0
432510,0.32101167315175094,-1.515930418860151,1.1520332646677347,0
432514,0.31765468833447774,-1.5204623483634698,1.1659647516594185,0
432518,0.32839703974975204,-1.5078736552986953,1.1496833752956435,0
432522,0.32587930113679714,-1.500656137941558,1.159250782024872,0
432525,0.31597619592584114,-1.5026703288319219,1.1760357061112383,0
432529,0.32504005493247884,-1.5033417257953765,1.169657434958419,0
432533,0.33997863736934464,-1.4774929427023726,1.1654612039368275,0
432537,0.357099259937438,-1.5038452735179675,1.1807354848554208,0
432541,0.37992675669489584,-1.4850461585412373,1.1837567711909667,0
432545,0.3822766460669871,-1.4964599069199664,1.1656290531776912,0
432549,0.3737163347829404,-1.4959563591973755,1.190470740825513,0
432553,0.3854657816433966,-1.4863889524681468,1.1953383688105592,0
432557,0.37774471656366826,-1.4904173342488747,1.1948348210879682,0
432561,0.35944914930952926,-1.50854505226215,1.1822461280231937,0
432565,0.35743495841916534,-1.5407721065079727,1.155390249485008,0
432568,0.32017242694743264,-1.5197909514000152,1.1743572137026017,0
432572,0.3290684367132067,-1.5066987106126497,1.1396124208438239,0
432576,0.3398107881284809,-1.4848783093003737,1.1540474555580986,0
432580,0.3324254215304799,-1.4727931639581902,1.1392767223620965,0
432584,0.3465247577630274,-1.5389257648584724,1.1229953459983215,0
432588,0.36532387273975736,-1.5528572518501564,1.1186312657358664,0
432592,0.39066910811017014,-1.5241550316624703,1.0907682917524986,0
432596,0.42507820248722056,-1.4805142290379185,1.0823758297093156,0
432600,0.4395132372014954,-1.4563439383535515,1.070794232089723,0
432604,0.4702296482795453,-1.4362020294499123,1.0187609674219882,0
432608,0.47492942702372776,-1.4298237582970932,0.9791485465781643,0
432611,0.47039749752040894,-1.4022964827954527,0.957495994506752,0
432615,0.4648584725719081,-1.4085069047074081,0.9442359044785229,0
432619,0.4705653467612726,-1.3910505836575875,0.914023041123064,0
432623,0.4667048142214084,-1.3907148851758602,0.90512703135729,0
432627,0.4618371862363622,-1.3846723125047684,0.9093232623788815,0
432631,0.4576409552147707,-1.397764553292134,0.921911955443656,0
432635,0.46334782940413516,-1.4093461509117264,0.9625314717326618,0
432639,0.48214694438086514,-1.4007858396276798,1.0145647364003967,0
432643,0.4653620202944991,-1.401121538109407,1.0313496604867627,0
432647,0.4660334172579537,-1.4004501411459525,1.0790188448920424,0
432651,0.4628442816815442,-1.4058213168535896,1.1035248340581367,0
432654,0.468383306630045,-1.3876935988403143,1.1303807125963226,0
432658,0.4609979400320439,-1.3729228656443122,1.1594186312657357,0
432662,0.4626764324406805,-1.39575036240177,1.1505226214999618,0
432666,0.4568017090104524,-1.414045929655909,1.1446478980697337,0
432670,0.4418631265735866,-1.4385519188220035,1.1349126420996414,0
432674,0.42809948882276644,-1.4283131151293202,1.138101777676051,0
432678,0.3955367360952163,-1.4608758678568703,1.1466620889600976,0
432682,0.3592813000686656,-1.5023346303501945,1.1475013351644159,0
432686,0.3263828488593881,-1.5003204394598306,1.1275272755016403,0
432690,0.29348439765011064,-1.5194552529182879,1.1243381399252308,0
432693,0.265117875944152,-1.5594033722438392,1.103860532539864,0
432697,0.24044403753719384,-1.5815594720378423,1.1278629739833677,0
432701,0.22684824902723735,-1.61445792324712,1.1233310444800488,0
432705,0.2090562294956893,-1.6270466163118944,1.126688029297322,0
432709,0.2397726405737392,-1.6189898527504387,1.1248416876478218,0
432713,0.25622186617837794,-1.5803845273517967,1.1407873655298695,0
432717,0.2825741969939727,-1.5676279850461585,1.1453192950331883,0
432721,0.3067444876783398,-1.5612497138933394,1.1562294956893262,0
432725,0.32185091935606924,-1.5260013733119706,1.1651255054551002,0
432729,0.3352788586251621,-1.4994811932555123,1.1716716258487831,0
432733,0.35777065690089266,-1.5221408407721064,1.182581826504921,0
432736,0.384290836957351,-1.5038452735179675,1.1864423590447852,0
432740,0.3874799725337606,-1.5196231021591515,1.190470740825513,0
432744,0.4062790875104906,-1.4890745403219654,1.183588921950103,0
432748,0.40560769054703594,-1.4910887312123293,1.1822461280231937,0
432752,0.4066147859922179,-1.476317998016327,1.1931563286793316,0
432756,0.40980392156862744,-1.4779964904249636,1.2195086594949263,0
432760,0.40074006256198974,-1.4805142290379185,1.2141374837872891,0
432764,0.3789196612497139,-1.498641947051194,1.2114518959334706,0
432768,0.3693522545204852,-1.5107270923933775,1.2220263981078812,0
432772,0.365995269703212,-1.5254978255893796,1.2132982375829708,0
432776,0.34786755168993666,-1.5548714427405204,1.182581826504921,0
432779,0.3589456015869383,-1.543121995880064,1.1483405813687342,0
432783,0.3710307469291218,-1.5364080262455175,1.0924467841611352,0
432787,0.38815136949721524,-1.5538643472953384,1.1026855878538184,0
432791,0.41097886625467306,-1.5124055848020141,1.1122529945830473,0
432795,0.44169527733272296,-1.4776607919432363,1.1146028839551385,0
432799,0.4818112458991378,-1.418913557640955,1.1567330434119172,0
432803,0.5100099183642328,-1.348752574959945,1.1810711833371481,0
432807,0.5256198977645533,-1.3428778515297168,1.1199740596627756,0
432811,0.5507972838941023,-1.329953459983215,1.0373922331578544,0
432815,0.5930952925917449,-1.2975585564965286,0.9809948882276646,0
432818,0.5836957351033798,-1.2871519035629815,0.9964370183871214,0
432822,0.6125658045319294,-1.2977264057373923,1.0098649576562142,0
432826,0.6071946288242923,-1.298397802700847,1.0038223849851224,0
432830,0.6070267795834287,-1.3014190890363928,0.9586709391927977,0
432834,0.5939345387960632,-1.2690241855497062,0.960013733119707,0
432838,0.6105516136415655,-1.2705348287174791,0.9351720454718853,0
432842,0.5729533836881056,-1.2891660944533454,0.9057984283207446,0
432846,0.5774853131914244,-1.2985656519417106,0.9776379034103914,0
432850,0.5758068207827878,-1.2876554512855725,1.0615625238422217,0
432854,0.5590218966964218,-1.3178683146410315,1.1095674067292287,0
432858,0.549454489967193,-1.3158541237506676,1.1260166323338674,0
432861,0.5427405203326466,-1.331464103150988,1.1359197375448233,0
432865,0.551468680857557,-1.315182726787213,1.1480048828870069,0
432869,0.5491187914854657,-1.305783169298848,1.1579079880979628,0
432873,0.5450904097047379,-1.291851682307164,1.1661326009002821,0
432877,0.5566720073243305,-1.2881589990081634,1.185603112840467,0
432881,0.5276340886549172,-1.32055390249485,1.1694895857175553,0
432885,0.4759365224689097,-1.3665445944914931,1.1535439078355076,0
432889,0.39654383154039824,-1.420927748531319,1.1308842603189135,0
432893,0.31010147249561304,-1.4672541390096894,1.138605325398642,0
432897,0.2261768520637827,-1.5563820859082933,1.1312199588006409,0
432901,0.1536659800106813,-1.626207370107576,1.1234988937209125,0
432904,0.07813382162203403,-1.7104676890211337,1.1631113145647363,0
432908,0.03919279774166476,-1.7705577172503242,1.1629434653238726,0
432912,0.023079270618753336,-1.8271229114213778,1.174692912184329,0
432916,0.00780498970016022,-1.857167925535973,1.2050736247806515,0
432920,0.014183260852979324,-1.886877241168841,1.2282368200198366,0
432924,0.011329823758297093,-1.9053406576638436,1.2273975738155183,0
432928,0.02643625543602655,-1.8811703669794766,1.2455252918287938,0
432932,0.025597009231708247,-1.8677424277103838,1.2613031204699778,0
432936,0.040871290150301366,-1.847768368047608,1.2574425879301137,0
432940,0.050942244602121003,-1.8370260166323338,1.2876554512855725,0
432944,0.06890211337453268,-1.8180590524147402,1.3000762951094835,0
432947,0.07897306782635233,-1.7965743495841915,1.2957122148470281,0
432951,0.09038681620508125,-1.793385214007782,1.323575188830396,0
432955,0.11690699626153964,-1.7668650339513237,1.3786297398336766,0
432959,0.12127107652399481,-1.7458838788433662,1.396253910124361,0
432963,0.08988326848249027,-1.7619974059662775,1.396757457846952,0
432967,0.14846265354390784,-1.7331273365377278,1.3453955901426717,0
432971,0.1660868238345922,-1.68461890592813,1.2895017929350727,0
432975,0.1605477988860914,-1.6586022735942625,1.225047684443427,0
432979,0.17280079346913862,-1.700900282291905,1.1683146410315097,0
432983,0.1827038986800946,-1.7223849851224535,1.1600900282291904,0
432986,0.199320973525597,-1.6946898603799496,1.145487144274052,0
432990,0.2461509117265583,-1.6357747768368047,1.1417944609750514,0
432994,0.2948271915770199,-1.574845502403296,1.1015106431677728,0
432998,0.3361181048294804,-1.5239871824216067,1.0488059815365836,0
433002,0.3676737621118486,-1.5308690012970168,1.014396887159533,0
433006,0.3685130083161669,-1.5362401770046539,1.0008010986495766,0
433010,0.39738307774471654,-1.4999847409781033,1.0098649576562142,0
433014,0.4410238803692683,-1.492767223620966,1.0790188448920424,0
433018,0.4893644617380026,-1.436369878690776,1.2482108796826124,0
433022,0.4910429541466392,-1.401625085831998,1.2767452506294346,0
433026,0.4618371862363622,-1.3791332875562676,1.2357900358587015,0
433029,0.40930037384603646,-1.4133745326924543,1.2477073319600214,0
433033,0.4195391775387198,-1.4289845120927749,1.2247119859616997,0
433037,0.37824826428625924,-1.461043717097734,1.256771190966659,0
433041,0.365995269703212,-1.50166323338674,1.2581139848935683,0
433045,0.34669260700389104,-1.5523537041275655,1.2519035629816129,0
433049,0.2891203173876554,-1.5291905088883802,1.2446860456244755,0
433053,0.20183871213855192,-1.5874341954680704,1.248378728923476,0
433057,0.15383382925154496,-1.6406424048218509,1.2104448004882886,0
433061,0.08568703746089876,-1.679247730220493,1.1476691844052795,0
433065,0.027443350881208514,-1.7787823300526435,1.088586251621271,0
433069,-0.049263752193484396,-1.7640115968566414,1.0585412375066758,0
433072,-0.03818570229648279,-1.7712291142137788,1.0115434500648508,0
433076,-0.09324025329976349,-1.7920424200808727,0.9982833600366217,0
433080,-0.09189745937285419,-1.7999313344014647,0.9707560845349813,0
433084,-0.06084534981307698,-1.8084916456855116,0.9447394522011139,0
433088,0.004783703364614328,-1.8652246890974287,0.9647135118638895,0
433092,0.058159761959258406,-1.8430685893034255,1.015403982604715,0
433096,0.12026398107881284,-1.793888761730373,1.0748226138704509,0
433100,0.15299458304722666,-1.7442053864347296,1.1433051041428244,0
433104,0.21325246051728083,-1.6784084840161746,1.178217746242466,0
433108,0.2510185397116045,-1.621843289845121,1.2237048905165178,0
433111,0.2876096742198825,-1.5889448386358433,1.2438467994201572,0
433115,0.3255436026550698,-1.5526894026092928,1.2821164263370717,0
433119,0.3144655527580682,-1.5444647898069732,1.2802700846875714,0
433123,0.3042267490653849,-1.544129091325246,1.259792477302205,0
433127,0.2746852826733806,-1.565949492637522,1.2455252918287938,0
433131,0.2699855039291981,-1.579713130388342,1.2418326085297933,0
433135,0.2654535744258793,-1.5877698939497977,1.2524071107042039,0
433139,0.27451743343251694,-1.590119783321889,1.2438467994201572,0
433143,0.23775844968337528,-1.6085831998168916,1.2349507896543832,0
433147,0.2424582284275578,-1.6060654612039367,1.1694895857175553,0
433151,0.2436331731136034,-1.5938124666208895,1.152872510872053,0
433154,0.24866865033951321,-1.6006942854962996,1.142465857938506,0
433158,0.2584039063096055,-1.6171435111009385,1.1391088731212329,0
433162,0.30170901045243,-1.6010299839780269,1.121820401312276,0
433166,0.30691233691920344,-1.5793774319066147,1.1243381399252308,0
433170,0.338300144960708,-1.5045166704814221,1.1132600900282292,0
433174,0.35172808422980084,-1.5276798657206072,1.1246738384069581,0
433178,0.35693141069657436,-1.530701152056153,1.1404516670481422,0
433182,0.34618905928130006,-1.5594033722438392,1.1540474555580986,0
433186,0.33880369268329896,-1.4998168917372396,1.1458228427557793,0
433190,0.31799038681620506,-1.5041809719996948,1.1589150835431448,0
433194,0.30842298008697644,-1.5186160067139696,1.1663004501411458,0
433197,0.2859311818112459,-1.5283512626840619,1.1486762798504615,0
433201,0.2751888303959716,-1.5518501564049745,1.1669718471046004,0
433205,0.26612497138933394,-1.5857557030594338,1.1689860379949644,0
433209,0.2594110017547875,-1.6164721141374838,1.1916456855115587,0
433213,0.2612573434042878,-1.6184863050278477,1.215144579232471,0
433217,0.24346532387273975,-1.600022888532845,1.209269855802243,0
433221,0.2427939269092851,-1.5887769893949797,1.1783855954833296,0
433225,0.22214847028305484,-1.6189898527504387,1.1634470130464636,0
433229,0.21660944533455403,-1.6414816510261692,1.1525368123903257,0
433233,0.22332341496910046,-1.6392996108949416,1.174189364461738,0
433237,0.23037308308537421,-1.6299000534065766,1.1896314946211948,0
433240,0.23305867093919277,-1.6280537117570764,1.1921492332341497,0
433244,0.2258411535820554,-1.652391851682307,1.190974288548104,0
433248,0.23456931410696574,-1.6354390783550774,1.201884489204242,0
433252,0.24262607766842145,-1.6226825360494392,1.1897993438620584,0
433256,0.22970168612191957,-1.6265430685893034,1.2208514534218355,0
433260,0.2189593347066453,-1.6436636911573967,1.2238727397573814,0
433264,0.21140611886778057,-1.6364461738002594,1.1985275043869688,0
433268,0.19831387808041503,-1.643495841916533,1.1805676356145571,0
433272,0.20083161669336994,-1.655916685740444,1.1864423590447852,0
433276,0.18690012970168612,-1.6730373083085373,1.2127946898603799,0
433279,0.1801861600671397,-1.6948577096208133,1.2139696345464255,0
433283,0.18119325551232165,-1.6956969558251316,1.1918135347524224,0
433287,0.17917906462195773,-1.7042572671091782,1.1849317158770123,0
433291,0.20032806897077896,-1.6868009460593576,1.173685816739147,0
433295,0.22030212863355458,-1.6886472877088579,1.1674753948271914,0
433299,0.24514381628137635,-1.6399710078583962,1.1228274967574579,0
433303,0.25538261997405964,-1.6072404058899823,1.0828793774319065,0
433307,0.2763637750820172,-1.5820630197604333,1.0874113069352254,0
433311,0.3062409399557488,-1.5780346379797054,1.065423056382086,0
433315,0.3559243152513924,-1.5711528191042954,1.0699549858854047,0
433319,0.37438773174639506,-1.5276798657206072,1.0795223926146333,0
433322,0.41097886625467306,-1.5145876249332417,1.0859006637674524,0
433326,0.4012436102845807,-1.4924315251392386,1.1224917982757305,0
433330,0.3921797512779431,-1.5142519264515144,1.1565651941710535,0
433334,0.37824826428625924,-1.5110627908751049,1.203395132372015,0
433338,0.3696879530022125,-1.5033417257953765,1.2295796139467459,0
433342,0.3381322957198443,-1.466918440527962,1.2411612115663386,0
433346,0.3166475928892958,-1.4776607919432363,1.234111543450065,0
433350,0.291302357518883,-1.5040131227588311,1.2297474631876095,0
433354,0.26394293125810636,-1.557053482871748,1.216151674677653,0
433358,0.24732585641260393,-1.5775310902571145,1.2141374837872891,0
433362,0.227519645990692,-1.6055619134813457,1.1908064393072404,0
433365,0.22449835965514608,-1.6257038223849851,1.167139696345464,0
433369,0.22735179674982833,-1.6310749980926222,1.1577401388570991,0
433373,0.2416189822232395,-1.5988479438467993,1.1545510032806896,0
433377,0.25487907225146866,-1.5714885175860227,1.1933241779201953,0
433381,0.2649500267032883,-1.5810559243152513,1.1990310521095597,0
433385,0.2901274128328374,-1.590119783321889,1.1936598764019226,0
433389,0.28861676966506444,-1.5547035934996567,1.1963454642557412,0
433393,0.301205462729839,-1.5552071412222477,1.241496910048066,0
433397,0.30875867856870376,-1.5285191119249255,1.2074235141527427,0
433401,0.3206759746700236,-1.507537956816968,1.218669413290608,0
433404,0.3015411612115663,-1.5360723277637902,1.2159838254367894,0
433408,0.30103761348897534,-1.5588998245212482,1.2228656443121995,0
433412,0.30556954299229416,-1.5409399557488364,1.2309224078736551,0
433416,0.2981841763942931,-1.5276798657206072,1.2611352712291142,0
433420,0.290798809796292,-1.5372472724498358,1.2574425879301137,0
433424,0.2803921568627451,-1.5459754329747462,1.2492179751277943,0
433428,0.2691462577248798,-1.5753490501258869,1.2094377050431067,0
433432,0.2577325093461509,-1.5437933928435186,1.1728465705348288,0
433436,0.25320057984283206,-1.562424658579385,1.1446478980697337,0
433440,0.24799725337605857,-1.5818951705195696,1.1057068741893643,0
433444,0.23507286182955672,-1.606401159685664,1.0785152971694514,0
433447,0.2283588921950103,-1.6283894102388037,1.0637445639734493,0
433451,0.2295338368810559,-1.6248645761806668,1.060891126878767,0
433455,0.2558861676966506,-1.59750514991989,1.0741512169069962,0
433459,0.2605859464408331,-1.617814908064393,1.0916075379568169,0
433463,0.26562142366674296,-1.5958266575112534,1.0869077592126344,0
433467,0.2743495841916533,-1.589112687876707,1.096978713664454,0
433471,0.2787136644541085,-1.5714885175860227,1.1097352559700924,0
433475,0.282406347753109,-1.5641031509880217,1.121316853589685,0
433479,0.2778744182497902,-1.5528572518501564,1.1401159685664148,0
433483,0.2704890516517891,-1.5729991607537956,1.1547188525215533,0
433487,0.2642786297398337,-1.5834058136873426,1.1426337071793697,0
433490,0.2526970321202411,-1.5936446173800258,1.1577401388570991,0
433494,0.25907530327306016,-1.6045548180361637,1.1704966811627375,0
433498,0.24984359502555886,-1.5996871900511176,1.1871137560082399,0
433502,0.23356221866178378,-1.6023727779049362,1.1819104295414664,0
433506,0.22936598764019225,-1.6094224460212099,1.191477836270695,0
433510,0.21912718394750896,-1.6334248874647135,1.1986953536278324,0
433514,0.22181277180132752,-1.634599832150759,1.2178301670862897,0
433518,0.24312962539101243,-1.6243610284580758,1.2200122072175172,0
433522,0.2112382696269169,-1.62822156099794,1.2159838254367894,0
433526,0.21274891279468985,-1.6273823147936217,1.2037308308537422,0
433530,0.2095597772182803,-1.6404745555809872,1.1874494544899672,0
433533,0.2295338368810559,-1.6324177920195315,1.173685816739147,0
433537,0.23826199740596626,-1.6199969481956207,1.162272068360418,0
433541,0.24346532387273975,-1.6080796520943006,1.1520332646677347,0
433545,0.24883649958037687,-1.5924696726939802,1.1621042191195543,0
433549,0.25823605706874186,-1.6146257724879836,1.1563973449301899,0
433553,0.2683070115205615,-1.5823987182421606,1.159754329747463,0
433557,0.27653162432288086,-1.5709849698634317,1.152872510872053,0
433561,0.27199969481956204,-1.5854200045777065,1.1689860379949644,0
433565,0.27686732280460824,-1.5862592507820248,1.1738536659800107,0
433569,0.2684748607614252,-1.5711528191042954,1.1807354848554208,0
433572,0.25202563515678644,-1.5617532616159304,1.2104448004882886,0
433576,0.2683070115205615,-1.5595712214847028,1.2038986800946059,0
433580,0.272503242542153,-1.5635996032654307,1.2038986800946059,0
433584,0.2667963683527886,-1.5783703364614328,1.183085374227512,0
433588,0.27367818722819864,-1.5647745479514763,1.1619363698786906,0
433592,0.24715800717174027,-1.587098496986343,1.1422980086976424,0
433596,0.26075379568169677,-1.6105973907072555,1.1159456778820478,0
433600,0.24464026855878537,-1.6097581445029372,1.0961394674601357,0
433604,0.23675135423819332,-1.6211718928816663,1.0788509956511787,0
433608,0.2397726405737392,-1.6196612497138934,1.0753261615930418,0
433612,0.23356221866178378,-1.6092545967803462,1.0907682917524986,0
433615,0.2530327306019684,-1.5928053711757075,1.1041962310215914,0
433619,0.2624322880903334,-1.5928053711757075,1.121316853589685,0
433623,0.27032120241092544,-1.5909590295262073,1.1214847028305486,0
433627,0.28358129243915464,-1.5803845273517967,1.127191577019913,0
433631,0.29230945296406496,-1.5588998245212482,1.1466620889600976,0
433635,0.29885557335774776,-1.5387579156176088,1.1768749523155566,0
433639,0.2970092317082475,-1.535736629282063,1.1740215152208744,0
433643,0.27032120241092544,-1.5592355230029755,1.1852674143587396,0
433647,0.28559548332951856,-1.55806057831693,1.1661326009002821,0
433651,0.2891203173876554,-1.5315403982604714,1.1780498970016022,0
433655,0.2815671015487907,-1.5397650110627907,1.1872816052491035,0
433658,0.27032120241092544,-1.563431754024567,1.1936598764019226,0
433662,0.2718318455786984,-1.570817120622568,1.1976882581826505,0
433666,0.2577325093461509,-1.5456397344930188,1.2074235141527427,0
433670,0.24631876096742197,-1.5615854123750668,1.2138017853055618,0
433674,0.2159380483710994,-1.6090867475394826,1.2233691920347904,0
433678,0.21493095292591743,-1.6522240024414434,1.2304188601510642,0
433682,0.19697108415350575,-1.6666590371557182,1.2126268406195162,0
433686,0.18404669260700388,-1.6943541618982223,1.1928206301976043,0
433690,0.16927595941100174,-1.677233539330129,1.1827496757457847,0
433694,0.16961165789272906,-1.6579308766308078,1.1960097657740139,0
433697,0.18706797894254978,-1.6738765545128556,1.1918135347524224,0
433701,0.17783627069504843,-1.6982146944380865,1.189967193102922,0
433705,0.181025406271458,-1.6864652475776303,1.1832532234683757,0
433709,0.18371099412527656,-1.696032654306859,1.1832532234683757,0
433713,0.19193560692759593,-1.6710231174181733,1.198359655146105,0
433717,0.24380102235446707,-1.6320820935378042,1.2045700770580605,0
433721,0.2577325093461509,-1.5735027084763866,1.217158770122835,0
433725,0.2990234225986114,-1.5459754329747462,1.1958419165331502,0
433729,0.32269016556038754,-1.5260013733119706,1.1765392538338293,0
433733,0.3485389486533913,-1.5456397344930188,1.1730144197756924,0
433737,0.3733806363012131,-1.52734416723888,1.1740215152208744,0
433740,0.36532387273975736,-1.542114900434882,1.1961776150148775,0
433744,0.3646524757763027,-1.5300297550926985,1.207255664911879,0
433748,0.3364538033112077,-1.5004882887006943,1.174692912184329,0
433752,0.3451819638361181,-1.5520180056458381,1.1783855954833296,0
433756,0.2755245288776989,-1.566453040360113,1.1710002288853285,0
433760,0.2355764095521477,-1.5771953917753871,1.177714198519875,0
433764,0.20872053101396199,-1.5981765468833447,1.1713359273670558,0
433768,0.1915999084458686,-1.6446707866025787,1.155390249485008,0
433772,0.17481498435950255,-1.6899900816357671,1.1649576562142365,0
433776,0.1550087739375906,-1.6832761120012207,1.1500190737773708,0
433780,0.13772030212863354,-1.7099641412985427,1.1377660791943236,0
433783,0.12362096589608605,-1.7317845426108185,1.1407873655298695,0
433787,0.12093537804226749,-1.7438696879530022,1.1478370336461432,0
433791,0.12026398107881284,-1.7437018387121386,1.1600900282291904,0
433795,0.1204318303196765,-1.7363164721141373,1.1810711833371481,0
433799,0.1311741817349508,-1.743533989471275,1.2049057755397878,0
433803,0.1486305027847715,-1.7299382009613182,1.2109483482108796,0
433807,0.18001831082627603,-1.7279240100709543,1.2129625391012435,0
433811,0.19747463187609673,-1.7015716792553597,1.2220263981078812,0
433815,0.23272297245746545,-1.6572594796673532,1.2248798352025634,0
433819,0.2634393835355154,-1.6446707866025787,1.2168230716411077,0
433823,0.27233539330128936,-1.6132829785610743,1.2062485694666971,0
433826,0.2763637750820172,-1.5859235523002975,1.1807354848554208,0
433830,0.28643472953383686,-1.564438849469749,1.1844281681544213,0
433834,0.2751888303959716,-1.5630960555428397,1.1896314946211948,0
433838,0.26948195620660714,-1.5834058136873426,1.183085374227512,0
433842,0.2812314030670634,-1.5706492713817044,1.2054093232623788,0
433846,0.2530327306019684,-1.5729991607537956,1.2322652018005644,0
433850,0.24547951476310367,-1.5647745479514763,1.2487144274052033,0
433854,0.23188372625314715,-1.5961623559929807,1.2559319447623407,0
433858,0.2109025711451896,-1.6220111390859846,1.2393148699168384,0
433862,0.17028305485618372,-1.6248645761806668,1.1956740672922865,0
433865,0.12865644312199587,-1.6451743343251697,1.1547188525215533,0
433869,0.11254291599908445,-1.6842832074464027,1.1258487830930037,0
433873,0.12345311665522239,-1.6913328755626764,1.0958037689784084,0
433877,0.13721675440604256,-1.727084763866636,1.1011749446860455,0
433881,0.16256198977645533,-1.718188754100862,1.0800259403372243,0
433885,0.17464713511863889,-1.7391699092088198,1.0543450064850843,0
433889,0.2073777370870527,-1.6918364232852674,1.0676050965133135,0
433893,0.2513542381933318,-1.639131761654078,1.089089799343862,0
433897,0.2773708705271992,-1.6017013809414815,1.098489356832227,0
433901,0.2970092317082475,-1.5701457236591134,1.1263523308155947,0
433905,0.29768062867170214,-1.5461432822156098,1.1537117570763713,0
433908,0.2876096742198825,-1.5552071412222477,1.1824139772640574,0
433912,0.25739681086442356,-1.5518501564049745,1.2223620965896085,0
433916,0.23020523384451055,-1.5808880750743877,1.2559319447623407,0
433920,0.18941786831464102,-1.636614023041123,1.2522392614633402,0
433924,0.1494697489890898,-1.6562523842221712,1.2748989089799343,0
433928,0.10666819256885633,-1.7012359807736324,1.2816128786144807,0
433932,0.09021896696421759,-1.757297627222095,1.2737239642938887,0
433936,0.05463492790112154,-1.8049668116273747,1.267177843900206,0
433940,0.032646677347981996,-1.8376974135957884,1.2703669794766155,0
433944,8.392462043183032e-05,-1.902655069810025,1.25727473868925,0
433948,0.013008316166933698,-1.8991302357518882,1.258785381857023,0
433951,0.06655222400244144,-1.8558251316090637,1.2747310597390706,0
433955,0.10666819256885633,-1.8009384298466466,1.272549019607843,0
433959,0.13889524681467919,-1.7584725719081407,1.2710383764400701,0
433963,0.16507972838941024,-1.7047608148317692,1.2853055619134812,0
433967,0.20251010910200656,-1.6730373083085373,1.3007476920729382,0
433971,0.22903028915846493,-1.6562523842221712,1.274059662775616,0
433975,0.2411154345006485,-1.622346837567712,1.3012512397955291,0
433979,0.23943694209201188,-1.6099259937438009,1.283962767986572,0
433983,0.21929503318837262,-1.6299000534065766,1.2356221866178378,0
433987,0.19797817959868771,-1.6339284351873045,1.2304188601510642,0
433990,0.17380788891432059,-1.6742122529945829,1.2364614328221561,0
433994,0.14812695506218052,-1.6842832074464027,1.2262226291294727,0
433998,0.1093537804226749,-1.7185244525825893,1.2216906996261538,0
434002,0.0999542229343099,-1.7596475165941863,1.2032272831311512,0
434006,0.06336308842603189,-1.791371023117418,1.1976882581826505,0
434010,0.049263752193484396,-1.8303120469977874,1.1852674143587396,0
434014,0.035835812924391544,-1.8400473029678797,1.1787212939650569,0
434018,0.009651331349660487,-1.8773098344396124,1.1708323796444648,0
434022,-0.041374837872892346,-1.8470969710841534,1.1480048828870069,0
434026,-0.04590676737621118,-1.7923781185626,1.1908064393072404,0
434030,-0.025932707713435567,-1.7772716868848706,1.282452124818799,0
434033,0.0398641947051194,-1.7995956359197374,1.3349889372091248,0
434037,0.07897306782635233,-1.7807965209430074,1.3516060120546272,0
434041,0.10498970016021973,-1.781467917906462,1.337338826581216,0
434045,0.12093537804226749,-1.7717326619363698,1.2816128786144807,0
434049,0.13469901579308766,-1.7604867627985046,1.226054779888609,0
434053,0.12127107652399481,-1.743030441748684,1.2134660868238345,0
434057,0.10230411230640116,-1.775593194476234,1.2371328297856108,0
434061,0.05396353093766689,-1.8160448615243763,1.239986266880293,0
434065,0.030968184939345385,-1.8365224689097428,1.2272297245746546,0
434069,-0.02341496910048066,-1.789860379949645,1.2035629816128786,0
434073,-0.050102998397802696,-1.7764324406805523,1.17519645990692,0
434076,-0.042549782558937974,-1.790363927672236,1.1310521095597772,0
434080,-0.05446707866025788,-1.7744182497901884,1.1431372549019607,0
434084,-0.08602273594262608,-1.7754253452353703,1.1320592050049592,0
434088,-0.09928282597085526,-1.8098344396124209,1.1275272755016403,0
434092,-0.12026398107881284,-1.8434042877851529,1.1171206225680934,0
434096,-0.12311741817349507,-1.8749599450675212,1.1305485618371862,0
434100,-0.13268482490272374,-1.8835202563515678,1.14448004882887,0
434104,-0.11925688563363088,-1.887884336614023,1.167139696345464,0
434108,-0.11673914702067598,-1.8940947585259784,1.2047379262989242,0
434112,-0.12009613183794918,-1.8890592813000686,1.2233691920347904,0
434116,-0.10985732814526589,-1.8816739147020676,1.2524071107042039,0
434119,-0.10498970016021973,-1.8526359960326542,1.2967193102922103,0
434123,-0.06940566109712368,-1.8370260166323338,1.293362325474937,0
434127,-0.07108415350576028,-1.8293049515526054,1.2752346074616616,0
434131,-0.0683985656519417,-1.8266193636987869,1.2693598840314335,0
434135,-0.07544823376821545,-1.8089951934081026,1.288830395971618,0
434139,-0.09441519798580911,-1.8138628213931487,1.2886625467307544,0
434143,-0.13184557869840544,-1.8269550621805142,1.2769130998702982,0
434147,-0.16961165789272906,-1.89829098954757,1.271541924162661,0
434151,-0.20502784771496146,-1.915075913633936,1.2406576638437476,0
434155,-0.2317158770122835,-1.94277103837644,1.2490501258869307,0
434158,-0.26310368505378806,-1.983726253147173,1.2012130922407873,0
434162,-0.2842526894026093,-2.033745326924544,1.1481727321278705,0
434166,-0.311108567940795,-2.0664759288929577,1.1246738384069581,0
434170,-0.35004959182116424,-2.0458304722667275,1.1216525520714122,0
434174,-0.3779125658045319,-2.0753719386587317,1.0961394674601357,0
434178,-0.3883192187380789,-2.0694972152285036,1.0827115281910429,0
434182,-0.37270923933775846,-2.073189898527504,1.098489356832227,0
434186,-0.33175402456702524,-2.107934691386282,1.1401159685664148,0
434190,-0.27720302128633556,-2.0743648432135497,1.2232013427939268,0
434194,-0.20603494316014342,-2.018471046005951,1.2571068894483863,0
434198,-0.12529945830472267,-1.960563057907988,1.3098115510795758,0
434201,-0.09693293659876402,-1.8737850003814756,1.3532845044632638,0
434205,-0.043556878004119934,-1.8051346608682384,1.3012512397955291,0
434209,-0.02375066758220798,-1.774082551308461,1.2347829404135195,0
434213,-0.027275501640344854,-1.7579690241855497,1.1407873655298695,0
434217,-0.040703440909437706,-1.7804608224612801,1.0827115281910429,0
434221,-0.10230411230640116,-1.7953994048981459,1.0521629663538568,0
434225,-0.15937285420004577,-1.8610284580758372,1.014900434882124,0
434229,-0.18572518501564048,-1.8902342259861142,1.0192645151445792,0
434233,-0.20200656137941558,-1.9327000839246204,1.0058365758754864,0
434237,-0.22365911345082778,-1.9488136110475318,0.9957656214236666,0
434241,-0.26075379568169677,-1.9644235904478522,0.9851911192492561,0
434244,-0.29197375448233764,-2.026359960326543,0.9910658426794842,0
434248,-0.31094071869993134,-2.0661402304112304,0.9779736018921187,0
434252,-0.30875867856870376,-2.09316395819028,0.9717631799801633,0
434256,-0.35860990310521096,-2.070336461432822,0.9840161745632104,0
434260,-0.3814373998626688,-2.082589456015869,1.0120469977874418,0
434264,-0.3879835202563516,-2.079232471198596,1.060891126878767,0
434268,-0.3693522545204852,-2.090814068818189,1.0837186236362248,0
434272,-0.3634775310902571,-2.0783932249942776,1.177714198519875,0
434276,-0.31849393453879604,-2.0780575265125503,1.2450217441062028,0
434280,-0.2624322880903334,-2.046669718471046,1.2985656519417106,0
434283,-0.22349126420996412,-1.9979934386205844,1.2644922560463874,0
434287,-0.17112230106050202,-1.9912794689860378,1.1609292744335087,0
434291,-0.16894026092927442,-1.9879224841687646,1.0125505455100328,0
434295,-0.19143205920500495,-1.9582131685358968,0.9271152819104295,0
434299,-0.2283588921950103,-1.9637521934843976,0.8869993133440146,0
434303,-0.2662928206301976,-1.9974898908979934,0.8893492027161058,0
434307,-0.30875867856870376,-2.0532158388647286,0.904119935912108,0
434311,-0.33880369268329896,-2.0998779278248265,0.9276188296330204,0
434315,-0.3698558022430762,-2.1042420080872817,0.930304417486839,0
434319,-0.4082932784008545,-2.107934691386282,0.9200656137941557,0
434323,-0.4368276493476768,-2.1373083085374227,0.8963988708323796,0
434326,-0.4640192263675898,-2.177256427862974,0.8817959868772411,0
434330,-0.5101777676050965,-2.247585259784848,0.913015945677882,0
434334,-0.5100099183642328,-2.2798123140306705,0.9632028686961165,0
434338,-0.5434119172961013,-2.2683985656519416,1.0053330281528954,0
434342,-0.5435797665369649,-2.2752803845273517,1.1189669642175937,0
434346,-0.4987640192263676,-2.270244907301442,1.275570305943389,0
434350,-0.41483939879453724,-2.205790798809796,1.3608377203021287,0
434354,-0.35424582284275574,-2.133112077515831,1.3469062333104447,0
434358,-0.31966887922484166,-2.104074158846418,1.2237048905165178,0
434362,-0.3048981460288395,-2.0829251544975964,1.0568627450980392,0
434366,-0.3181582360570687,-2.0940032043945984,0.9099946593423361,0
434369,-0.3099336232547494,-2.101220721751736,0.8084458686198215,0
434373,-0.2887846189059281,-2.082085908293278,0.7893110551613641,0
434377,-0.2857633325703822,-2.084100099183642,0.8141527428091859,0
434381,-0.2620965896086061,-2.0572442206454564,0.8064316777294576,0
434385,-0.28811322194247346,-2.071679255359731,0.7807507438773175,0
434389,-0.2965056839856565,-2.0919890135042345,0.7565804531929503,0
434393,-0.2859311818112459,-2.086114290074006,0.7471808957045853,0
434397,-0.2899595635919737,-2.106088349736782,0.775547417410544,0
434401,-0.3344396124208438,-2.11884489204242,0.8059281300068665,0
434405,-0.3688487067978942,-2.1067597467002366,0.8690394445716029,0
434409,-0.42759594110017546,-2.1507362478065155,0.9452429999237049,0
434412,-0.4544518196383612,-2.1754100862134735,0.9910658426794842,0
434416,-0.48785381857022964,-2.2064621957732506,1.0091935606927596,0
434420,-0.5325017166399634,-2.2266041046768903,0.9912336919203478,0
434424,-0.5507972838941023,-2.252452887769894,0.9727702754253452,0
434428,-0.5677500572213321,-2.278637369344625,0.9751201647974365,0
434432,-0.569764248111696,-2.289379720759899,1.0009689478904402,0
434436,-0.5434119172961013,-2.2752803845273517,1.0449454489967194,0
434440,-0.5004425116350042,-2.262859540703441,1.0731441214618143,0
434444,-0.49792477302204924,-2.2640344853894865,1.0657587548638132,0
434448,-0.4764400701915007,-2.2338216220340277,1.016914625772488,0
434451,-0.43397421225299454,-2.1858167391470205,0.957495994506752,0
434455,-0.403089951934081,-2.13764400701915,0.8906919966430151,0
434459,-0.39738307774471654,-2.138147554741741,0.8218738078889143,0
434463,-0.3899977111467155,-2.121866178377966,0.7648050659952697,0
434467,-0.38361943999389636,-2.1299229419394217,0.7431525139238575,0
434471,-0.3868085755703059,-2.0938353551537348,0.7632944228274967,0
434475,-0.38764782177462426,-2.0822537575341418,0.7977035172045471,0
434479,-0.41400015259021894,-2.1171663996337835,0.8374837872892347,0
434483,-0.4552910658426795,-2.160807202258335,0.8653467612726023,0
434487,-0.49977111467154955,-2.1955519951171127,0.8859922178988326,0
434491,-0.5450904097047379,-2.2502708476386664,0.8933775844968337,0
434494,-0.5883955138475624,-2.2838406958113984,0.8828030823224231,0
434498,-0.6275043869687953,-2.3372167544060423,0.8750820172426947,0
434502,-0.6773556115053024,-2.3887464713511863,0.8544365606164644,0
434506,-0.7298924238956283,-2.4208056763561454,0.8436942092011902,0
434510,-0.7705119401846341,-2.4617608911268785,0.8799496452277409,0
434514,-0.7980392156862745,-2.46595712214847,0.9356755931944762,0
434518,-0.8148241397726406,-2.497680628671702,1.0113756008239871,0
434522,-0.7936751354238193,-2.4797207598992905,1.0966430151827267,0
434526,-0.7596017395284962,-2.461928740367742,1.154383154039826,0
434530,-0.6869230182345312,-2.4626001373311968,1.1803997863736935,0
434534,-0.6489890897993439,-2.4124132143129624,1.135080491340505,0
434537,-0.5949416342412451,-2.376661326009003,1.0373922331578544,0
434541,-0.5835278858625161,-2.345944914930953,0.8987487602044708,0
434545,-0.5669108110170138,-2.3095216296635384,0.8060959792477301,0
434549,-0.5684214541847867,-2.3085145342183564,0.7283817807278553,0
434553,-0.5607003891050584,-2.2861905851834896,0.6666132600900282,0
434557,-0.541565575646601,-2.2873655298695352,0.618272678721294,0
434561,-0.5283054856183719,-2.266216525520714,0.6031662470435645,0
434565,-0.5380407415884642,-2.2595025558861677,0.614747844663157,0
434569,-0.5450904097047379,-2.282497901884489,0.6407644769970244,0
434573,-0.4902037079423209,-2.2532921339742122,0.6659418631265736,0
434576,-0.5741283283741512,-2.282497901884489,0.7421454184786754,0
434580,-0.6105516136415655,-2.3115358205539023,0.8206988632028687,0
434584,-0.6100480659189745,-2.3261387045090407,0.8433585107194629,0
434588,-0.6246509498741131,-2.3352025635156783,0.9299687190051117,0
434592,-0.6491569390402075,-2.3580300602731366,1.0008010986495766,0
434596,-0.6530174715800717,-2.3712901503013657,1.006507972838941,0
434600,-0.6377431906614786,-2.3857251850156405,0.9657206073090715,0
434604,-0.642946517128252,-2.4030136568245974,0.9329900053406577,0
434608,-0.6301899748226139,-2.38891432059205,0.8767605096513313,0
434612,-0.6061875333791104,-2.358701457236591,0.8119707026779583,0
434616,-0.5919203479056993,-2.3511482413977265,0.7396276798657205,0
434619,-0.578156710154879,-2.329495689326314,0.6687953002212558,0
434623,-0.5800030518043793,-2.3367132066834513,0.6268329900053407,0
434627,-0.560364690623331,-2.3014648661020827,0.6135728999771114,0
434631,-0.5593575951781491,-2.2759517814908063,0.6014877546349279,0
434635,-0.543076218814374,-2.2724269474326695,0.6176012817578393,0
434639,-0.543076218814374,-2.274105439841306,0.6645990691996643,0
434643,-0.5607003891050584,-2.2719233997100785,0.692462043183032,0
434647,-0.6043411917296101,-2.2902189669642175,0.7334172579537651,0
434651,-0.644457160296025,-2.3712901503013657,0.7611123826962691,0
434655,-0.6865873197528038,-2.4302052338445104,0.8064316777294576,0
434659,-0.728549629968719,-2.427016098268101,0.8008926527809567,0
434662,-0.7738689250019073,-2.417448691538872,0.7721904325932707,0
434666,-0.8134813458457313,-2.4829098954757,0.763126573586633,0
434670,-0.8613183794918745,-2.489456015869383,0.7737010757610436,0
434674,-0.8680323491264209,-2.5112764171816586,0.7762188143739986,0
434678,-0.9371862363622492,-2.57371633478294,0.7919966430151827,0
434682,-0.949103532463569,-2.5990615701533533,0.819523918516823,0
434686,-0.9638742656595711,-2.62138551918822,0.904623483634699,0
434690,-0.942221713588159,-2.625749599450675,0.9452429999237049,0
434694,-0.9146944380865186,-2.5824444953078505,1.0137254901960784,0
434698,-0.8593041886015106,-2.5868085755703056,1.0676050965133135,0
434701,-0.8134813458457313,-2.5532387273975736,1.0498130769817655,0
434705,-0.7856183718623636,-2.4850919356069276,0.9826733806363012,0
434709,-0.7681620508125429,-2.457564660105287,0.8784390020599679,0
434713,-0.7344243533989471,-2.4291981383993284,0.7789044022278172,0
434717,-0.7236820019836728,-2.4290302891584648,0.6911192492561227,0
434721,-0.7231784542610818,-2.422484168764782,0.6204547188525216,0
434725,-0.689944304570077,-2.387403677424277,0.5306553749904631,0
434729,-0.6854123750667582,-2.434401464866102,0.5231021591515984,0
434733,-0.663256275272755,-2.434233615625238,0.5056458381017777,0
434737,-0.6667811093308919,-2.418623636224918,0.5068207827878233,0
434741,-0.6682917524986648,-2.4233234149691003,0.4922178988326848,0
434744,-0.690951400015259,-2.3776684214541848,0.5581826504921035,0
434748,-0.6892729076066224,-2.3585336079957275,0.5694285496299687,0
434752,-0.700854505226215,-2.3724650949874113,0.598970016021973,0
434756,-0.7199893186846723,-2.373136491950866,0.6080338750286106,0
434760,-0.7530556191348134,-2.411573968108644,0.6264972915236133,0
434764,-0.7802471961547265,-2.4261768520637825,0.5789959563591973,0
434768,-0.7916609445334554,-2.452025635156786,0.6014877546349279,0
434772,-0.7871290150301365,-2.4469901579308764,0.6489890897993439,0
434776,-0.7909895475700007,-2.4498435950255586,0.6886015106431678,0
434780,-0.7681620508125429,-2.4473258564126037,0.7094148165102616,0
434784,-0.7601052872510872,-2.4473258564126037,0.7500343327992676,0
434787,-0.7455024032959487,-2.425841153582055,0.7510414282444495,0
434791,-0.7151216906996262,-2.3984817273212786,0.7424811169604028,0
434795,-0.6901121538109407,-2.374143587396048,0.7156252384222171,0
434799,-0.6755092698558022,-2.4142595559624627,0.6852445258258946,0
434803,-0.6741664759288929,-2.426009002822919,0.6466392004272525,0
434807,-0.6833981841763943,-2.445143816281376,0.663759822995346,0
434811,-0.6850766765850309,-2.447661554894331,0.7302281223773556,0
434815,-0.6741664759288929,-2.435408560311284,0.7648050659952697,0
434819,-0.6860837720302129,-2.4563897154192413,0.7429846646829937,0
434823,-0.7018616006713969,-2.4015030136568245,0.6703059433890287,0
434827,-0.7033722438391699,-2.3976424811169603,0.6125658045319294,0
434830,-0.7018616006713969,-2.380018310826276,0.5402227817196917,0
434834,-0.6961547264820325,-2.3719615472648203,0.49121080338750284,0
434838,-0.6946440833142595,-2.3623941405355917,0.4667048142214084,0
434842,-0.6949797817959869,-2.3654154268711376,0.44253452353704126,0
434846,-0.7037079423208972,-2.3575265125505456,0.4116502632181277,0
434850,-0.7147859922178988,-2.3791790646219577,0.4138323033493553,0
434854,-0.7157930876630808,-2.3818646524757763,0.33846799420157164,0
434858,-0.7218356603341726,-2.40083161669337,0.3198367284657053,0
434862,-0.7204928664072633,-2.400663767452506,0.3164797436484321,0
434866,-0.7104219119554436,-2.3887464713511863,0.3169832913710231,0
434869,-0.7149538414587625,-2.3915999084458686,0.32587930113679714,0
434873,-0.6763485160601205,-2.430373083085374,0.3688487067978942,0
434877,-0.6615777828641184,-2.417952239261463,0.4146715495536736,0
434881,-0.6494926375219349,-2.4058670939192797,0.4784542610818646,0
434885,-0.6666132600900282,-2.410063324940871,0.6080338750286106,0
434889,-0.718646524757763,-2.40955977721828,0.6763485160601205,0
434893,-0.7950179293507286,-2.4305409323262377,0.7278782330052643,0
434897,-0.8710536354619669,-2.474013885709926,0.7384527351796749,0
434901,-0.9254367895017929,-2.53427176317998,0.7451667048142214,0
434905,-0.9673990997177081,-2.5864728770885783,0.7293888761730373,0
434909,-0.9992904554818036,-2.6123216601815824,0.7095826657511253,0
434912,-1.0343709468223086,-2.608628976882582,0.642946517128252,0
434916,-1.0585412375066758,-2.639177538719768,0.5773174639505607,0
434920,-1.105874723430228,-2.693560692759594,0.5071564812695506,0
434924,-1.1127565423056383,-2.7153810940718697,0.4747615777828641,0
434928,-1.1461585412375066,-2.740558480201419,0.46737621118486306,0
434932,-1.1713359273670558,-2.7454261081864653,0.45495536736095216,0
434936,-1.1656290531776912,-2.738712138551919,0.4803006027313649,0
434940,-1.1891279468986038,-2.786045624475471,0.49540703440909434,0
434944,-1.1792248416876479,-2.7784924086366063,0.5083314259555962,0
434948,-1.185603112840467,-2.7996414129854275,0.533173113603418,0
434952,-1.1862745098039216,-2.7996414129854275,0.5439154650186923,0
434955,-1.1783855954833296,-2.7877241168841076,0.5519722285801479,0
434959,-1.1542153047989623,-2.7892347600518805,0.5506294346532387,0
434963,-1.1357518883039597,-2.7684214541847867,0.5758068207827878,0
434967,-1.0942931258106354,-2.7368657969024186,0.6041733424887464,0
434971,-1.003990234225986,-2.7064850843060957,0.6442893110551613,0
434975,-0.9658884565499352,-2.6719081406881817,0.682055390249485,0
434979,-0.923422598611429,-2.634142061493858,0.6946440833142595,0
434983,-0.8950560769054703,-2.598725871671626,0.6864194705119402,0
434987,-0.8535973144121461,-2.5844586861982144,0.670138094148165,0
434991,-0.8212024109254596,-2.5339360646982527,0.6466392004272525,0
434995,-0.7799114976729992,-2.48794537270161,0.5704356450751507,0
434998,-0.7700083924620431,-2.4840848401617457,0.4564660105287251,0
435002,-0.7310673685816739,-2.429869535362783,0.4138323033493553,0
435006,-0.6745021744106202,-2.446150911726558,0.4395132372014954,0
435010,-0.644457160296025,-2.4458152132448308,0.5029602502479591,0
435014,-0.5633859769588769,-2.366254673075456,0.5833600366216525,0
435018,-0.5457618066681925,-2.325467307545586,0.5872205691615168,0
435022,-0.5479438467994201,-2.2922331578545814,0.526291294728008,0
435026,-0.5549935149156939,-2.306164644846265,0.4437094682230869,0
435030,-0.5407263294422827,-2.2935759517814907,0.3648203250171664,0
435034,-0.5726176852063782,-2.299786373693446,0.29885557335774776,0
435037,-0.5784924086366063,-2.3204318303196763,0.25991454947737846,0
435041,-0.5655680170901045,-2.305157549401083,0.2496757457846952,0
435045,-0.5897383077744717,-2.3291599908445866,0.2679713130388342,0
435049,-0.5605325398641947,-2.3083466849774927,0.3745555809872587,0
435053,-0.6082017242694743,-2.321606775005722,0.5378728923476005,0
435057,-0.6568780041199359,-2.352323186083772,0.5600289921416037,0
435061,-0.7466773479819944,-2.3793469138628214,0.5855420767528802,0
435065,-0.8158312352178225,-2.470656900892653,0.5021210040436408,0
435069,-0.8772640573739223,-2.514633401998932,0.4640192263675898,0
435073,-0.9296330205233844,-2.56498817425803,0.4161821927214465,0
435077,-0.9954299229419393,-2.6202105745021744,0.3962081330586709,0
435080,-1.047127489127947,-2.6463950560769054,0.37908751049057754,0
435084,-1.1020141908903638,-2.687182421606775,0.3485389486533913,0
435088,-1.143472953383688,-2.733173113603418,0.33175402456702524,0
435092,-1.199870298313878,-2.790409704737926,0.3493781948577096,0
435096,-1.2114518959334706,-2.7759746700236514,0.404097047379263,0
435100,-1.2070878156710154,-2.7887312123292896,0.4113145647364004,0
435104,-1.223537041275654,-2.795445181963836,0.3987258716716258,0
435108,-1.2136339360646982,-2.807866025787747,0.37086289768825814,0
435112,-1.201380941481651,-2.8263294422827494,0.3737163347829404,0
435116,-1.1862745098039216,-2.819111924925612,0.3722056916151675,0
435120,-1.1525368123903257,-2.7956130312046996,0.33796444647898066,0
435123,-1.1349126420996414,-2.7576791027695124,0.3438391699092088,0
435127,-1.1233310444800488,-2.725284199282826,0.33007553215838864,0
435131,-1.0783474479285877,-2.6912108033875026,0.3762340733958953,0
435135,-1.030174715800717,-2.7148775463492787,0.4364919508659495,0
435139,-0.9789806973373006,-2.677615014877546,0.4913786526283665,0
435143,-0.9182192721446555,-2.644213015945678,0.5264591439688716,0
435147,-0.8885099565117875,-2.601075761043717,0.5654001678492409,0
435151,-0.837819485770962,-2.5769054703593497,0.5847028305485618,0
435155,-0.7946822308690012,-2.5339360646982527,0.598970016021973,0
435159,-0.7543984130617227,-2.492309452964065,0.6090409704737926,0
435162,-0.7246890974288548,-2.4592431525139236,0.5660715648126955,0
435166,-0.6934691386282139,-2.397810330357824,0.4739223315785458,0
435170,-0.6875944151979858,-2.3442664225223164,0.41097886625467306,0
435174,-0.6431143663691157,-2.3902571145189593,0.36666666666666664,0
435178,-0.642946517128252,-2.412077515831235,0.3797589074540322,0
435182,-0.6352254520485237,-2.391935606927596,0.3814373998626688,0
435186,-0.6343862058442054,-2.3872358281834134,0.37086289768825814,0
435190,-0.6212939650568399,-2.376157778286412,0.3617990386816205,0
435194,-0.6397573815518425,-2.3880750743877317,0.33930724040588994,0
435198,-0.6597314412146181,-2.406202792401007,0.29885557335774776,0
435202,-0.682558937972076,-2.4369192034790568,0.2787136644541085,0
435205,-0.6980010681315327,-2.4152666514076446,0.2766994735637446,0
435209,-0.711764705882353,-2.3882429236285954,0.24782940413519491,0
435213,-0.7334172579537651,-2.3847180895704585,0.28861676966506444,0
435217,-0.7246890974288548,-2.4154345006485083,0.3404821850919356,0
435221,-0.7606088349736781,-2.443297474631876,0.35995269703212024,0
435225,-0.7872968642710002,-2.458571755550469,0.3859693293659876,0
435229,-0.8512474250400549,-2.524872205691615,0.39436179140917066,0
435233,-0.8970702677958342,-2.5453498130769816,0.3755626764324407,0
435237,-0.9509498741130693,-2.563981078812848,0.3307469291218433,0
435241,-0.994590676737621,-2.6153429465171283,0.2978484779125658,0
435245,-1.0310139620050354,-2.7076600289921413,0.290798809796292,0
435248,-1.0595483329518578,-2.682650492103456,0.290798809796292,0
435252,-1.0926146334019988,-2.69154650186923,0.34031433585107196,0
435256,-1.1241702906843671,-2.695407034409094,0.32957198443579766,0
435260,-1.150858319981689,-2.7314946211947815,0.3324254215304799,0
435264,-1.1651255054551002,-2.7538185702296483,0.3671702143892576,0
435268,-1.1599221789883267,-2.796955825131609,0.39822232394903484,0
435272,-1.153879606317235,-2.788059815365835,0.4319600213626306,0
435276,-1.1328984512092775,-2.757846952010376,0.4527733272297246,0
435280,-1.1011749446860455,-2.7215915159838255,0.46821545738918136,0
435284,-1.0934538796063171,-2.711184863050278,0.487182421606775,0
435288,-1.0640802624551766,-2.684161135271229,0.46737621118486306,0
435291,-1.0383993286030364,-2.64706645304036,0.42507820248722056,0
435295,-1.0016403448538949,-2.669893949797818,0.39939726863508046,0
435299,-0.9781414511329823,-2.668215457389181,0.3621347371633478,0
435303,-0.9605172808422979,-2.65210193026627,0.34753185320820934,0
435307,-0.9435645075150683,-2.6507591363393606,0.3344396124208438,0
435311,-0.9204013122758831,-2.621889066910811,0.3315861753261616,0
435315,-0.9034485389486534,-2.5852979324025327,0.30556954299229416,0
435319,-0.9341649500267033,-2.61953917753872,0.3164797436484321,0
435323,-0.9093232623788815,-2.5893263141832605,0.33964293888761726,0
435327,-0.8878385595483329,-2.5711985961699853,0.35777065690089266,0
435330,-0.8816281376363775,-2.549210345616846,0.3983901731898985,0
435334,-0.865011062790875,-2.5099336232547493,0.4435416189822232,0
435338,-0.8500724803540093,-2.5315861753261615,0.44891279468986034,0
435342,-0.8535973144121461,-2.5597848477912564,0.5029602502479591,0
435346,-0.8702143892576486,-2.5242008087281604,0.5017853055619135,0
435350,-0.88632791638056,-2.5290684367132066,0.4918822003509575,0
435354,-0.8811245899137865,-2.513962005035477,0.45126268406195164,0
435358,-0.8781033035782406,-2.539810788128481,0.4249103532463569,0
435362,-0.8906919966430151,-2.570359349965667,0.38815136949721524,0
435366,-0.88632791638056,-2.5539101243610283,0.384290836957351,0
435370,-0.8841458762493324,-2.5597848477912564,0.3638132295719844,0
435373,-0.8828030823224231,-2.554581521324483,0.36952010376134886,0
435377,-0.8739070725566491,-2.551560234988937,0.33427176317998014,0
435381,-0.8958953231097886,-2.5701915007248033,0.29147020675974666,0
435385,-0.9170443274586099,-2.588990615701533,0.25286488136110474,0
435389,-0.9096589608606088,-2.5809338521400775,0.21845578698405432,0
435393,-0.894216830701152,-2.589494163424124,0.19495689326314183,0
435397,-0.8901884489204241,-2.5916762035553518,0.1793469138628214,0
435401,-0.9032806897077897,-2.5661631189440754,0.1486305027847715,0
435405,-0.905630579079881,-2.5690165560387577,0.17766842145418477,0
435409,-0.9012664988174258,-2.591172655832761,0.18421454184786754,0
435413,-0.8979095140001525,-2.5859693293659873,0.199320973525597,0
435416,-0.9094911116197452,-2.58059815365835,0.21660944533455403,0
435420,-0.9363469901579309,-2.6093003738460365,0.2125810635538262,0
435424,-0.9345006485084306,-2.642534523537041,0.21862363622491798,0
435428,-0.949103532463569,-2.6250782024872206,0.20704203860532538,0
435432,-0.9598458838788433,-2.6403524834058136,0.24044403753719384,0
435436,-0.977805752651255,-2.6390096894789044,0.2783779659723812,0
435440,-0.994590676737621,-2.644716563668269,0.32671854734111544,0
435444,-1.0206073090714884,-2.668383306630045,0.39486533913176164,0
435448,-1.0328603036545356,-2.6280994888227664,0.4692225528343633,0
435452,-1.0347066453040359,-2.618028534370947,0.48818951705195696,0
435455,-1.042595559624628,-2.6136644541084917,0.4875181200885023,0
435459,-1.0409170672159913,-2.625917448691539,0.4838254367895018,0
435463,-1.0273212787060348,-2.677279316395819,0.496078431372549,0
435467,-1.0179217212176699,-2.6891966124971387,0.5079957274738689,0
435471,-0.9920729381246661,-2.672243839169909,0.5356908522163729,0
435475,-0.9606851300831616,-2.651094834821088,0.525787747005417,0
435479,-0.9319829098954756,-2.6286030365453574,0.4900358587014572,0
435483,-0.9052948805981537,-2.5839551384756234,0.4198748760204471,0
435487,-0.8972381170366979,-2.569855802243076,0.32789349202716106,0
435491,-0.8690394445716029,-2.5379644464789806,0.23842984664682992,0
435495,-0.8337911039902342,-2.533768215457389,0.15148393987945372,0
435498,-0.8107957579919127,-2.548203250171664,0.07628747997253375,0
435502,-0.800724803540093,-2.5231937132829785,0.013847562371252002,0
435506,-0.7831006332494087,-2.4924773022049287,-0.058159761959258406,0
435510,-0.7911573968108644,-2.480560006103609,-0.11892118715190356,0
435514,-0.7817578393224994,-2.4664606698710614,-0.17179369802395666,0
435518,-0.8193560692759594,-2.477035172045472,-0.19814602883955137,0
435522,-0.8371480888075074,-2.5300755321583885,-0.18975356679636834,0
435526,-0.8720607309071489,-2.539810788128481,-0.19227130540932325,0
435530,-0.8953917753871976,-2.581773098344396,-0.13755245288776988,0
435534,-0.9239261463340199,-2.582108796826123,-0.03247882810711833,0
435538,-0.9450751506828412,-2.6489127946898603,0.11287861448081178,0
435541,-0.9855268177309834,-2.681139848935683,0.16810101472495612,0
435545,-1.013389791714351,-2.6903715571831843,0.23607995727473868,0
435549,-1.0365529869535361,-2.669222552834363,0.2649500267032883,0
435553,-1.0503166247043565,-2.653109025711452,0.283413443198291,0
435557,-1.0501487754634928,-2.6502555886167696,0.2807278553444724,0
435561,-1.0879148546578163,-2.6690547035934995,0.2859311818112459,0
435565,-1.087075608453498,-2.6823147936217286,0.26478217746242466,0
435569,-1.097482261387045,-2.700946059357595,0.24464026855878537,0
435573,-1.0929503318837261,-2.710681315327687,0.24514381628137635,0
435577,-1.1115815976195926,-2.7434119172961013,0.2261768520637827,0
435581,-1.118295567254139,-2.722766460669871,0.24212252994583047,0
435584,-1.1632791638056,-2.740054932478828,0.22634470130464637,0
435588,-1.167643244068055,-2.7566720073243305,0.2642786297398337,0
435592,-1.1716716258487831,-2.7566720073243305,0.27199969481956204,0
435596,-1.1639505607690546,-2.76674296177615,0.27854581521324484,0
435600,-1.1678110933089187,-2.7680857557030594,0.27401388570992596,0
435604,-1.153376058594644,-2.7833600366216524,0.2558861676966506,0
435608,-1.1486762798504615,-2.781681544213016,0.24850080109864955,0
435612,-1.103860532539864,-2.7412298771648738,0.23507286182955672,0
435616,-1.0620660715648127,-2.7153810940718697,0.20704203860532538,0
435620,-1.0533379110399024,-2.6724116884107727,0.1835431448844129,0
435623,-0.9767986572060731,-2.6833218890669106,0.18589303425650416,0
435627,-0.9227512016479743,-2.6484092469672693,0.17867551689936675,0
435631,-0.9005951018539711,-2.6148393987945373,0.17565423056382085,0
435635,-0.8611505302510108,-2.556595712214847,0.1959639887083238,0
435639,-0.8290913252460517,-2.5409857328145264,0.18220035095750362,0
435643,-0.8059281300068665,-2.5117799649042496,0.14191653315022507,0
435647,-0.8013962005035477,-2.506073090714885,0.11858548867017624,0
435651,-0.7703440909437704,-2.492309452964065,0.11892118715190356,0
435655,-0.7543984130617227,-2.4766994735637446,0.11271076523994812,0
435659,-0.7742046234836346,-2.4508506904707406,0.11170366979476615,0
435663,-0.77353322652018,-2.4307087815671014,0.12496375982299535,0
435666,-0.7953536278324559,-2.4557183184557867,0.14963759822995346,0
435670,-0.8099565117875944,-2.4871061264972916,0.16894026092927442,0
435674,-0.8346303501945525,-2.5112764171816586,0.17481498435950255,0
435678,-0.8661860074769206,-2.5124513618677042,0.16155489433127335,0
435682,-0.894216830701152,-2.5621347371633476,0.1843823910887312,0
435686,-0.9225833524071106,-2.5847943846799417,0.19781033035782405,0
435690,-0.9247653925383382,-2.588654917219806,0.20267795834287022,0
435694,-0.9334935530632487,-2.610643167772946,0.2278553444724193,0
435698,-0.9487678339818417,-2.608125429159991,0.2389333943694209,0
435702,-0.9606851300831616,-2.630281528953994,0.2424582284275578,0
435706,-0.9835126268406195,-2.6551232166018157,0.30775158312352174,0
435709,-0.9920729381246661,-2.661333638513771,0.3460212100404364,0
435713,-0.9935835812924391,-2.6719081406881817,0.3544136720836194,0
435717,-0.9944228274967574,-2.66083009079118,0.3617990386816205,0
435721,-1.0157396810864423,-2.6804684519722284,0.3507209887846189,0
435725,-1.0256427862973982,-2.7202487220569163,0.3149691004806592,0
435729,-1.039574273289082,-2.6641870756084534,0.2691462577248798,0
435733,-1.034203097581445,-2.627428091859312,0.21879148546578164,0
435737,-1.056527046616312,-2.6552910658426794,0.16625467307545586,0
435741,-1.040077821011673,-2.6477378500038147,0.10280766002899214,0
435745,-1.0491416800183109,-2.6573052567330433,0.07544823376821545,0
435748,-1.0278248264286258,-2.7064850843060957,0.06386663614862287,0
435752,-1.017418173495079,-2.715213244831006,0.06722362096589608,0
435756,-1.0081864652475776,-2.7163881895170516,0.06823071641107804,0
435760,-0.9972762645914397,-2.6962462806134124,0.04238193331807431,0
435764,-0.977302204928664,-2.7006103608758676,-0.025093461509117263,0
435768,-0.9747844663157091,-2.6922178988326846,-0.025932707713435567,0
435772,-0.9895551995117112,-2.6700617990386815,0.035164415960936904,0
435776,-0.9974441138323034,-2.6823147936217286,0.10163271534294652,0
435780,-1.0157396810864423,-2.6960784313725488,0.14879835202563516,0
435784,-1.0204394598306248,-2.729648279545281,0.16323338673990997,0
435788,-1.030678263523308,-2.7459296559090562,0.16977950713359272,0
435791,-1.0352101930266269,-2.685168230716411,0.17280079346913862,0
435795,-1.0501487754634928,-2.662005035477226,0.17548638132295719,0
435799,-1.0553521019302663,-2.6779507133592735,0.13973449301899749,0
435803,-1.0597161821927215,-2.669222552834363,0.10314335851071946,0
435807,-1.0561913481345846,-2.6630121309224077,0.08233005264362554,0
435811,-1.0681086442359045,-2.68651102464332,0.08535133897917144,0
435815,-1.0632410162508583,-2.7071564812695503,0.06218814373998626,0
435819,-1.0491416800183109,-2.6797970550087737,0.040535591668574046,0
435823,-1.0214465552758067,-2.7001068131532766,0.035835812924391544,0
435827,-0.9944228274967574,-2.6819790951400013,0.03365377279316396,0
435831,-0.9917372396429388,-2.6651941710536353,0.028786144808117798,0
435834,-0.9759594110017548,-2.6756008239871822,0.04036774242771038,0
435838,-0.9633707179369801,-2.658480201419089,0.03130388342107271,0
435842,-0.9569924467841611,-2.62826733806363,0.02945754177157244,0
435846,-0.933829251544976,-2.6428702220187685,0.020057984283207445,0
435850,-0.9235904478522926,-2.6398489356832227,0.0240863660639353,0
435854,-0.9096589608606088,-2.6074540321965363,0.0343251697566186,0
435858,-0.9052948805981537,-2.5758983749141677,0.041039139391165026,0
435862,-0.8913633936064698,-2.6077897306782636,0.050942244602121003,0
435866,-0.9068055237659266,-2.598222323949035,0.05916685740444037,0
435870,-0.913015945677882,-2.6069504844739453,0.08736552986953536,0
435874,-0.9094911116197452,-2.5930189974822615,0.10263981078812848,0
435877,-0.9024414435034714,-2.5607919432364383,0.09894712748912794,0
435881,-0.9054627298390173,-2.5628061341268022,0.08803692683299,0
435885,-0.914023041123064,-2.572709239337758,0.1021362630655375,0
435889,-0.9271152819104295,-2.595201037613489,0.10901808194094759,0
435893,-0.9247653925383382,-2.5958724345769437,0.13805600061036086,0
435897,-0.9247653925383382,-2.60258640421149,0.1456092164492256,0
435901,-0.9366826886396582,-2.61953917753872,0.20418860151064316,0
435905,-0.94272526131075,-2.632799267566949,0.3048981460288395,0
435909,-0.9480964370183871,-2.6084611276417182,0.4054398413061723,0
435913,-0.9489356832227054,-2.601747158007172,0.4709010452429999,0
435916,-0.9690775921263447,-2.6227283131151293,0.5377050431067368,0
435920,-0.9845197222858014,-2.650591287098497,0.5588540474555581,0
435924,-1.0112077515831235,-2.6660334172579536,0.5586861982146945,0
435928,-0.9967727168688487,-2.667879758907454,0.5084992751964599,0
435932,-1.0046616311894407,-2.6562981612878613,0.4618371862363622,0
435936,-0.9786449988555733,-2.662340733958953,0.36079194323643854,0
435940,-0.9598458838788433,-2.649080643930724,0.22332341496910046,0
435944,-0.9454108491645685,-2.6049362935835814,0.11187151903562981,0
435948,-0.931311512932021,-2.6176928358892195,0.06319523918516823,0
435952,-0.9029449912260624,-2.5780804150453953,0.0022659647516594184,0
435956,-0.876928358892195,-2.5582742046234834,-0.06353093766689555,0
435959,-0.8804531929503319,-2.5661631189440754,-0.14040588998245213,0
435963,-0.8646753643091477,-2.5611276417181656,-0.23289082169832911,0
435967,-0.857122148470283,-2.5852979324025327,-0.33964293888761726,0
435971,-0.8443656061646448,-2.5799267566948956,-0.4077897306782635,0
435975,-0.8190203707942321,-2.547028305485618,-0.42423895628290226,0
435979,-0.7966964217593652,-2.524872205691615,-0.3651560234988937,0
435983,-0.8082780193789578,-2.535782406347753,-0.254207675288014,0
435987,-0.8465476462958724,-2.556595712214847,-0.13587396047913328,0
435991,-0.8712214847028306,-2.546692607003891,-0.050102998397802696,0
435995,-0.9074769207293812,-2.580262455176623,0.015190356298161288,0
435999,-0.9553139543755245,-2.616014343480583,0.041039139391165026,0
436002,-0.9910658426794842,-2.63514915693904,0.06134889753566796,0
436006,-1.0259784847791256,-2.674761577782864,0.10012207217517356,0
436010,-1.0588769359884032,-2.6709010452429998,0.11506065461203936,0
436014,-1.0754940108339055,-2.6685511558709085,0.15467307545586328,0
436018,-1.0848935683222705,-2.6977569237811854,0.12026398107881284,0
436022,-1.0936217288471808,-2.7056458381017774,0.12697795071335927,0
436026,-1.0889219501029983,-2.712695506218051,0.12714579995422293,0
436030,-1.1030212863355457,-2.7215915159838255,0.10314335851071946,0
436034,-1.1011749446860455,-2.7074921797512777,0.08820477607385366,0
436038,-1.0919432364385442,-2.699435416189822,0.09189745937285419,0
436041,-1.0996643015182725,-2.721927214465553,0.05043869687953002,0
436045,-1.0912718394750895,-2.7071564812695503,0.0833371480888075,0
436049,-1.0788509956511787,-2.6990997177080946,0.11522850385290302,0
436053,-1.0731441214618143,-2.7031280994888225,0.13755245288776988,0
436057,-1.0528343633173114,-2.6641870756084534,0.1600442511635004,0
436061,-1.0392385748073547,-2.666369115739681,0.1694438086518654,0
436065,-1.0746547646295872,-2.662844281681544,0.19697108415350575,0
436069,-1.0808651865415426,-2.67778286411841,0.1907606622415503,0
436073,-1.0751583123521782,-2.662340733958953,0.17615777828641183,0
436077,-1.0630731670099947,-2.678286411841001,0.1328526741435874,0
436081,-1.0333638513771266,-2.6448844129091325,0.10482185091935607,0
436084,-0.9932478828107117,-2.6645227740901807,0.09340810254062715,0
436088,-0.9586709391927977,-2.6547875181200884,0.09055466544594491,0
436092,-0.93080796520943,-2.631288624399176,0.08400854505226214,0
436096,-0.9014343480582895,-2.630785076676585,0.08518348973830778,0
436100,-0.8915312428473334,-2.613496604867628,0.09005111772335393,0
436104,-0.8834744792858777,-2.593186846723125,0.11422140840772106,0
436108,-0.8680323491264209,-2.5552529182879375,0.11438925764858472,0
436112,-0.8641718165865567,-2.539642938887617,0.11623559929808498,0
436116,-0.8559472037842374,-2.567338063630121,0.11808194094758526,0
436120,-0.8524223697261005,-2.580262455176623,0.12378881513694971,0
436124,-0.8614862287327382,-2.545685511558709,0.1336919203479057,0
436127,-0.8819638361181048,-2.557938506141756,0.1417486839093614,0
436131,-0.8928740367742427,-2.5711985961699853,0.12479591058213169,0
436135,-0.914023041123064,-2.5651560234988935,0.1362096589608606,0
436139,-0.9475928892957961,-2.5868085755703056,0.13486686503395132,0
436143,-0.9652170595864805,-2.6311207751583123,0.13419546807049668,0
436147,-0.9719310292210269,-2.65898374914168,0.14577706569008925,0
436151,-0.9538033112077515,-2.639681086442359,0.1775005722133211,0
436155,-0.9615243762874799,-2.619371328297856,0.18320744640268558,0
436159,-0.9462500953688868,-2.5993972686350806,0.16642252231631952,0
436163,-0.9232547493705653,-2.6141680018310827,0.1477912565804532,0
436167,-0.9385290302891585,-2.634813458457313,0.09206530861371785,0
436170,-0.9296330205233844,-2.6227283131151293,0.07108415350576028,0
436174,-0.9188906691081101,-2.607118333714809,0.01351186388952468,0
436178,-0.9153658350499733,-2.6000686655985352,-0.019386587319752804,0
436182,-0.8895170519569695,-2.596711680781262,-0.06772716868848706,0
436186,-0.8871671625848783,-2.5765697718776224,-0.03398947127489128,0
436190,-0.8767605096513313,-2.5686808575570304,-0.041878385595483326,0
436194,-0.8675288014038299,-2.5440070191500723,0.035500114442664224,0
436198,-0.9039520866712444,-2.542664225223163,0.05245288776989395,0
436202,-0.9083161669336995,-2.5641489280537115,0.12395666437781337,0
436206,-0.9386968795300221,-2.6093003738460365,0.15819790951400015,0
436209,-0.9638742656595711,-2.6420309758144502,0.18421454184786754,0
436213,-1.0192645151445792,-2.6833218890669106,0.1660868238345922,0
436217,-1.0650873579003586,-2.6839932860303652,0.1503089951934081,0
436221,-1.1057068741893643,-2.7210879682612346,0.11841763942931258,0
436225,-1.109903105210956,-2.740558480201419,0.08182650492103456,0
436229,-1.1278629739833677,-2.7497901884489204,0.06269169146257725,0
436233,-1.117288471808957,-2.7069886320286867,0.0722590981918059,0
436237,-1.102349889372091,-2.723270008392462,0.06437018387121385,0
436241,-1.079690241855497,-2.686175326161593,0.06101319905394064,0
436245,-1.0518272678721294,-2.68651102464332,0.07175555046921492,0
436248,-1.0404135194934003,-2.6695582513160905,0.10347905699244678,0
436252,-1.0387350270847637,-2.651934081025406,0.12798504615854123,0
436256,-1.034203097581445,-2.6247425040054932,0.17985046158541237,0
436260,-1.0352101930266269,-2.6316243228809033,0.15450522621499962,0
436264,-1.0194323643854428,-2.681139848935683,0.14208438239108873,0
436268,-1.0189288166628518,-2.714709697108415,0.15786221103227283,0
436272,-1.01288624399176,-2.7054779888609137,0.14460212100404363,0
436276,-0.9887159533073929,-2.6685511558709085,0.14879835202563516,0
436280,-0.9836804760814831,-2.670229648279545,0.13302052338445106,0
436284,-0.9526283665217059,-2.651430533302815,0.1187533379110399,0
436288,-0.9818341344319829,-2.6640192263675897,0.10012207217517356,0
436292,-0.9492713817044327,-2.6403524834058136,0.08702983138780804,0
436295,-0.9353398947127489,-2.636659800106813,0.08115510795757992,0
436299,-0.9546425574120698,-2.6380025940337224,0.06688792248416876,0
436303,-0.94960708018616,-2.6212176699473564,0.05580987258716716,0
436307,-0.9286259250782024,-2.6331349660486763,0.07595178149080643,0
436311,-0.932822156099794,-2.628770885786221,0.08803692683299,0
436315,-0.9157015335317006,-2.6200427252613108,0.11355001144426642,0
436319,-0.8972381170366979,-2.587647821774624,0.1353704127565423,0
436323,-0.8982452124818798,-2.6039291981383994,0.1392309452964065,0
436327,-0.8876707103074692,-2.577241168841077,0.16507972838941024,0
436331,-0.8782711528191043,-2.550553139543755,0.19260700389105057,0
436334,-0.8713893339436942,-2.54115358205539,0.19260700389105057,0
